,Probability Buy,Probability Hold,Probability Sell,Prediction,Dates
0,0.25046634674072266,0.5860779881477356,0.16345568001270294,1,2024-07-21 14:00:00+00:00
1,0.22531737387180328,0.6214489340782166,0.1532335877418518,1,2024-07-21 15:00:00+00:00
2,0.4326653778553009,0.3480360209941864,0.2192985862493515,0,2024-07-21 16:00:00+00:00
3,0.4168270528316498,0.3147188127040863,0.26845407485961914,0,2024-07-21 17:00:00+00:00
4,0.4091651141643524,0.27518993616104126,0.3156450390815735,0,2024-07-21 18:00:00+00:00
5,0.36703982949256897,0.30016282200813293,0.33279725909233093,0,2024-07-21 19:00:00+00:00
6,0.3616407513618469,0.27538710832595825,0.3629721701145172,2,2024-07-21 20:00:00+00:00
7,0.4020719528198242,0.25164878368377686,0.34627923369407654,0,2024-07-21 21:00:00+00:00
8,0.39725568890571594,0.24330057203769684,0.359443724155426,0,2024-07-21 22:00:00+00:00
9,0.38744258880615234,0.2558091878890991,0.35674819350242615,0,2024-07-21 23:00:00+00:00
10,0.3647365868091583,0.2781400680541992,0.35712331533432007,0,2024-07-22 00:00:00+00:00
11,0.3107382655143738,0.37667369842529297,0.312588095664978,1,2024-07-22 01:00:00+00:00
12,0.31643056869506836,0.3401700556278229,0.34339940547943115,2,2024-07-22 02:00:00+00:00
13,0.2413424700498581,0.4738723337650299,0.2847852408885956,1,2024-07-22 03:00:00+00:00
14,0.21913640201091766,0.519920825958252,0.2609427273273468,1,2024-07-22 04:00:00+00:00
15,0.20211131870746613,0.5494915246963501,0.24839714169502258,1,2024-07-22 05:00:00+00:00
16,0.28941524028778076,0.36884233355522156,0.34174248576164246,1,2024-07-22 06:00:00+00:00
17,0.19516783952713013,0.5566256046295166,0.24820655584335327,1,2024-07-22 07:00:00+00:00
18,0.19853562116622925,0.5376375317573547,0.2638269066810608,1,2024-07-22 08:00:00+00:00
19,0.17371676862239838,0.5892590284347534,0.23702414333820343,1,2024-07-22 09:00:00+00:00
20,0.1752724051475525,0.584696888923645,0.24003064632415771,1,2024-07-22 10:00:00+00:00
21,0.18572112917900085,0.5732039213180542,0.24107497930526733,1,2024-07-22 11:00:00+00:00
22,0.2170562744140625,0.5023806095123291,0.28056302666664124,1,2024-07-22 12:00:00+00:00
23,0.1984286606311798,0.5404618978500366,0.26110944151878357,1,2024-07-22 13:00:00+00:00
24,0.2983979284763336,0.3019503653049469,0.39965176582336426,2,2024-07-22 14:00:00+00:00
25,0.21268005669116974,0.4646605849266052,0.32265931367874146,1,2024-07-22 15:00:00+00:00
26,0.2138131707906723,0.46873390674591064,0.3174530267715454,1,2024-07-22 16:00:00+00:00
27,0.25292468070983887,0.40923550724983215,0.3378397524356842,1,2024-07-22 17:00:00+00:00
28,0.2088650017976761,0.5149663090705872,0.2761687636375427,1,2024-07-22 18:00:00+00:00
29,0.21803244948387146,0.48853832483291626,0.29342925548553467,1,2024-07-22 19:00:00+00:00
30,0.16360291838645935,0.5975217819213867,0.23887531459331512,1,2024-07-22 20:00:00+00:00
31,0.2354937046766281,0.48720669746398926,0.2772996723651886,1,2024-07-22 21:00:00+00:00
32,0.2198733240365982,0.5234447121620178,0.256681889295578,1,2024-07-22 22:00:00+00:00
33,0.14417539536952972,0.6670557856559753,0.18876880407333374,1,2024-07-22 23:00:00+00:00
34,0.15185847878456116,0.6552665829658508,0.19287490844726562,1,2024-07-23 00:00:00+00:00
35,0.2094460129737854,0.5228716135025024,0.2676823139190674,1,2024-07-23 01:00:00+00:00
36,0.2908151149749756,0.3755940794944763,0.3335907757282257,1,2024-07-23 02:00:00+00:00
37,0.12568816542625427,0.7259921431541443,0.14831966161727905,1,2024-07-23 03:00:00+00:00
38,0.2383151352405548,0.5285824537277222,0.23310241103172302,1,2024-07-23 04:00:00+00:00
39,0.15293747186660767,0.6745672821998596,0.17249524593353271,1,2024-07-23 05:00:00+00:00
40,0.12164914608001709,0.7311607599258423,0.14719009399414062,1,2024-07-23 06:00:00+00:00
41,0.1282670944929123,0.6794045567512512,0.19232825934886932,1,2024-07-23 07:00:00+00:00
42,0.12987472116947174,0.705289900302887,0.1648353487253189,1,2024-07-23 08:00:00+00:00
43,0.1479036957025528,0.6685080528259277,0.18358823657035828,1,2024-07-23 09:00:00+00:00
44,0.17437046766281128,0.6084595322608948,0.21716997027397156,1,2024-07-23 10:00:00+00:00
45,0.13768669962882996,0.7058231234550476,0.15649008750915527,1,2024-07-23 11:00:00+00:00
46,0.14164811372756958,0.7110061049461365,0.14734579622745514,1,2024-07-23 12:00:00+00:00
47,0.17536374926567078,0.6381508111953735,0.18648548424243927,1,2024-07-23 13:00:00+00:00
48,0.17481662333011627,0.6600296497344971,0.16515369713306427,1,2024-07-23 14:00:00+00:00
49,0.2294469177722931,0.5417364239692688,0.22881664335727692,1,2024-07-23 16:00:00+00:00
50,0.18744555115699768,0.6171115040779114,0.19544285535812378,1,2024-07-23 17:00:00+00:00
51,0.37672996520996094,0.26323941349983215,0.3600306808948517,0,2024-07-23 18:00:00+00:00
52,0.24331246316432953,0.545690655708313,0.21099700033664703,1,2024-07-23 19:00:00+00:00
53,0.20186646282672882,0.6041532158851624,0.19398030638694763,1,2024-07-23 20:00:00+00:00
54,0.18208026885986328,0.6542951464653015,0.1636246144771576,1,2024-07-23 21:00:00+00:00
55,0.17085376381874084,0.6669426560401917,0.1622035950422287,1,2024-07-23 22:00:00+00:00
56,0.1642581671476364,0.6775357723236084,0.1582060158252716,1,2024-07-23 23:00:00+00:00
57,0.17681236565113068,0.6509765982627869,0.17221097648143768,1,2024-07-24 00:00:00+00:00
58,0.1548539251089096,0.6959408521652222,0.14920520782470703,1,2024-07-24 01:00:00+00:00
59,0.22000597417354584,0.6105855703353882,0.16940847039222717,1,2024-07-24 02:00:00+00:00
60,0.2327873706817627,0.5348004102706909,0.232412189245224,1,2024-07-24 03:00:00+00:00
61,0.23246590793132782,0.5528433918952942,0.21469061076641083,1,2024-07-24 04:00:00+00:00
62,0.23170670866966248,0.5417908430099487,0.22650237381458282,1,2024-07-24 05:00:00+00:00
63,0.2261352837085724,0.5376496315002441,0.23621508479118347,1,2024-07-24 06:00:00+00:00
64,0.22111165523529053,0.5316320657730103,0.24725624918937683,1,2024-07-24 07:00:00+00:00
65,0.19876541197299957,0.5665341019630432,0.23470045626163483,1,2024-07-24 08:00:00+00:00
66,0.21249014139175415,0.5935240983963013,0.1939857304096222,1,2024-07-24 09:00:00+00:00
67,0.27571138739585876,0.5241830348968506,0.20010562241077423,1,2024-07-24 10:00:00+00:00
68,0.29727426171302795,0.48087412118911743,0.22185173630714417,1,2024-07-24 11:00:00+00:00
69,0.2759735882282257,0.5553749799728394,0.16865140199661255,1,2024-07-24 12:00:00+00:00
70,0.27123042941093445,0.5451027154922485,0.18366679549217224,1,2024-07-24 13:00:00+00:00
71,0.2746582329273224,0.515653669834137,0.20968806743621826,1,2024-07-24 14:00:00+00:00
72,0.2775980532169342,0.5241881608963013,0.19821381568908691,1,2024-07-24 15:00:00+00:00
73,0.2720125615596771,0.4888789653778076,0.23910841345787048,1,2024-07-24 16:00:00+00:00
74,0.2631194591522217,0.45691612362861633,0.2799644470214844,1,2024-07-24 17:00:00+00:00
75,0.2547299563884735,0.5051621198654175,0.24010790884494781,1,2024-07-24 18:00:00+00:00
76,0.22336816787719727,0.5573035478591919,0.21932823956012726,1,2024-07-24 19:00:00+00:00
77,0.26761355996131897,0.41876524686813354,0.3136212229728699,1,2024-07-24 20:00:00+00:00
78,0.24904602766036987,0.47174108028411865,0.27921295166015625,1,2024-07-24 21:00:00+00:00
79,0.219526469707489,0.5558608174324036,0.2246127426624298,1,2024-07-24 22:00:00+00:00
80,0.26811715960502625,0.42560672760009766,0.3062761425971985,1,2024-07-24 23:00:00+00:00
81,0.24507299065589905,0.45821693539619446,0.29671016335487366,1,2024-07-25 00:00:00+00:00
82,0.23993249237537384,0.4583633542060852,0.301704078912735,1,2024-07-25 01:00:00+00:00
83,0.25951606035232544,0.43240201473236084,0.3080819547176361,1,2024-07-25 02:00:00+00:00
84,0.27517449855804443,0.3309418559074402,0.393883615732193,2,2024-07-25 03:00:00+00:00
85,0.2628239691257477,0.37161359190940857,0.3655624985694885,1,2024-07-25 04:00:00+00:00
86,0.2661902904510498,0.4201805889606476,0.3136290907859802,1,2024-07-25 05:00:00+00:00
87,0.2723750174045563,0.3879023492336273,0.3397226333618164,1,2024-07-25 06:00:00+00:00
88,0.2394772619009018,0.46269917488098145,0.2978236973285675,1,2024-07-25 07:00:00+00:00
89,0.24151872098445892,0.47788089513778687,0.28060051798820496,1,2024-07-25 08:00:00+00:00
90,0.2579039931297302,0.46324166655540466,0.2788543105125427,1,2024-07-25 09:00:00+00:00
91,0.2729944884777069,0.4945226311683655,0.2324829250574112,1,2024-07-25 10:00:00+00:00
92,0.2450351119041443,0.5429267883300781,0.2120380997657776,1,2024-07-25 11:00:00+00:00
93,0.23582030832767487,0.5831952691078186,0.1809844970703125,1,2024-07-25 12:00:00+00:00
94,0.20956434309482574,0.61504727602005,0.175388365983963,1,2024-07-25 13:00:00+00:00
95,0.30711084604263306,0.4685288667678833,0.224360391497612,1,2024-07-25 14:00:00+00:00
96,0.3474070727825165,0.4171437919139862,0.2354491651058197,1,2024-07-25 15:00:00+00:00
97,0.32610833644866943,0.4338904023170471,0.24000127613544464,1,2024-07-25 16:00:00+00:00
98,0.3330637812614441,0.40291520953178406,0.26402097940444946,1,2024-07-25 17:00:00+00:00
99,0.436338871717453,0.3352380394935608,0.22842301428318024,0,2024-07-25 18:00:00+00:00
100,0.3978787064552307,0.3713121712207794,0.23080898821353912,0,2024-07-25 19:00:00+00:00
101,0.44634583592414856,0.2903282940387726,0.26332584023475647,0,2024-07-25 20:00:00+00:00
102,0.43161606788635254,0.3082927167415619,0.2600911855697632,0,2024-07-25 21:00:00+00:00
103,0.38690656423568726,0.37278252840042114,0.2403108775615692,0,2024-07-25 22:00:00+00:00
104,0.26175710558891296,0.5067529082298279,0.23148991167545319,1,2024-07-25 23:00:00+00:00
105,0.30426424741744995,0.46961289644241333,0.22612285614013672,1,2024-07-26 00:00:00+00:00
106,0.24172066152095795,0.5775029063224792,0.18077650666236877,1,2024-07-26 01:00:00+00:00
107,0.25111469626426697,0.5744975805282593,0.17438773810863495,1,2024-07-26 02:00:00+00:00
108,0.2631780207157135,0.5815132260322571,0.15530870854854584,1,2024-07-26 03:00:00+00:00
109,0.3040507435798645,0.5528866648674011,0.14306260645389557,1,2024-07-26 04:00:00+00:00
110,0.30325230956077576,0.5553643703460693,0.1413833647966385,1,2024-07-26 05:00:00+00:00
111,0.28792616724967957,0.5947729349136353,0.11730090528726578,1,2024-07-26 06:00:00+00:00
112,0.2960488498210907,0.5902240872383118,0.1137271448969841,1,2024-07-26 07:00:00+00:00
113,0.29157301783561707,0.5930610299110413,0.11536600440740585,1,2024-07-26 08:00:00+00:00
114,0.30106186866760254,0.5680721998214722,0.13086596131324768,1,2024-07-26 09:00:00+00:00
115,0.2818223536014557,0.606033444404602,0.11214420944452286,1,2024-07-26 10:00:00+00:00
116,0.3032241761684418,0.5581316351890564,0.13864412903785706,1,2024-07-26 11:00:00+00:00
117,0.2766341269016266,0.5797132253646851,0.14365257322788239,1,2024-07-26 12:00:00+00:00
118,0.2479303926229477,0.6308150887489319,0.12125450372695923,1,2024-07-26 13:00:00+00:00
119,0.2452937215566635,0.6274563074111938,0.12724998593330383,1,2024-07-26 14:00:00+00:00
120,0.31091782450675964,0.511224091053009,0.17785802483558655,1,2024-07-26 15:00:00+00:00
121,0.30840960144996643,0.4870550036430359,0.2045353800058365,1,2024-07-26 16:00:00+00:00
122,0.3103768825531006,0.5060876607894897,0.18353554606437683,1,2024-07-26 17:00:00+00:00
123,0.30339425802230835,0.5397235751152039,0.156882181763649,1,2024-07-26 18:00:00+00:00
124,0.3010689914226532,0.5448299050331116,0.15410113334655762,1,2024-07-26 19:00:00+00:00
125,0.23817923665046692,0.6255810260772705,0.13623975217342377,1,2024-07-26 20:00:00+00:00
126,0.2540096640586853,0.5938283205032349,0.15216203033924103,1,2024-07-26 21:00:00+00:00
127,0.258983314037323,0.6066787242889404,0.13433802127838135,1,2024-07-26 22:00:00+00:00
128,0.261913925409317,0.6157149076461792,0.12237124145030975,1,2024-07-26 23:00:00+00:00
129,0.2082255780696869,0.7039491534233093,0.08782519400119781,1,2024-07-27 00:00:00+00:00
130,0.23515383899211884,0.6735641956329346,0.09128190577030182,1,2024-07-27 01:00:00+00:00
131,0.21723821759223938,0.6875168085098267,0.09524492174386978,1,2024-07-27 02:00:00+00:00
132,0.20670969784259796,0.6932065486907959,0.10008371621370316,1,2024-07-27 03:00:00+00:00
133,0.27431681752204895,0.6080029606819153,0.11768024414777756,1,2024-07-27 04:00:00+00:00
134,0.20929574966430664,0.6767803430557251,0.11392394453287125,1,2024-07-27 05:00:00+00:00
135,0.1993475705385208,0.6875603795051575,0.11309206485748291,1,2024-07-27 06:00:00+00:00
136,0.18427351117134094,0.681578516960144,0.1341480165719986,1,2024-07-27 07:00:00+00:00
137,0.23417986929416656,0.6230817437171936,0.14273832738399506,1,2024-07-27 08:00:00+00:00
138,0.22480957210063934,0.6363279223442078,0.1388624757528305,1,2024-07-27 09:00:00+00:00
139,0.22620344161987305,0.6096197962760925,0.16417670249938965,1,2024-07-27 10:00:00+00:00
140,0.20260407030582428,0.6786472797393799,0.11874860525131226,1,2024-07-27 11:00:00+00:00
141,0.1790452003479004,0.7097163200378418,0.11123844981193542,1,2024-07-27 12:00:00+00:00
142,0.20097334682941437,0.6871500611305237,0.11187662929296494,1,2024-07-27 13:00:00+00:00
143,0.2830362617969513,0.5922712683677673,0.12469245493412018,1,2024-07-27 14:00:00+00:00
144,0.36989015340805054,0.4625375270843506,0.16757231950759888,1,2024-07-27 15:00:00+00:00
145,0.3356441855430603,0.5254331827163696,0.13892267644405365,1,2024-07-27 16:00:00+00:00
146,0.2562609314918518,0.5442560911178589,0.1994830220937729,1,2024-07-27 17:00:00+00:00
147,0.20552557706832886,0.5678812861442566,0.22659312188625336,1,2024-07-27 18:00:00+00:00
148,0.20027464628219604,0.5399417281150818,0.25978365540504456,1,2024-07-27 19:00:00+00:00
149,0.17797969281673431,0.5811462998390198,0.2408740073442459,1,2024-07-27 20:00:00+00:00
150,0.21901816129684448,0.4776953458786011,0.3032865822315216,1,2024-07-27 21:00:00+00:00
151,0.23498807847499847,0.40697500109672546,0.3580368459224701,1,2024-07-27 22:00:00+00:00
152,0.2081875056028366,0.5372598767280579,0.25455260276794434,1,2024-07-27 23:00:00+00:00
153,0.16236335039138794,0.6315382122993469,0.20609846711158752,1,2024-07-28 00:00:00+00:00
154,0.14943523705005646,0.6310721039772034,0.21949271857738495,1,2024-07-28 01:00:00+00:00
155,0.2102845460176468,0.5083915591239929,0.28132393956184387,1,2024-07-28 02:00:00+00:00
156,0.1477334201335907,0.6518962979316711,0.20037026703357697,1,2024-07-28 03:00:00+00:00
157,0.12087059020996094,0.7056854367256165,0.1734439879655838,1,2024-07-28 04:00:00+00:00
158,0.14831067621707916,0.6239839792251587,0.22770529985427856,1,2024-07-28 05:00:00+00:00
159,0.13952018320560455,0.6210152506828308,0.23946452140808105,1,2024-07-28 06:00:00+00:00
160,0.15854118764400482,0.611325740814209,0.23013311624526978,1,2024-07-28 07:00:00+00:00
161,0.12326465547084808,0.7017167806625366,0.17501860857009888,1,2024-07-28 08:00:00+00:00
162,0.13699018955230713,0.6859282851219177,0.17708151042461395,1,2024-07-28 09:00:00+00:00
163,0.13494746387004852,0.6860142350196838,0.17903821170330048,1,2024-07-28 10:00:00+00:00
164,0.14926661550998688,0.6547890901565552,0.19594427943229675,1,2024-07-28 11:00:00+00:00
165,0.13770607113838196,0.6854265332221985,0.1768673062324524,1,2024-07-28 12:00:00+00:00
166,0.14087991416454315,0.6788151860237122,0.18030494451522827,1,2024-07-28 13:00:00+00:00
167,0.16081224381923676,0.6175039410591125,0.22168372571468353,1,2024-07-28 14:00:00+00:00
168,0.09976443648338318,0.7690946459770203,0.13114088773727417,1,2024-07-28 15:00:00+00:00
169,0.13705335557460785,0.69301837682724,0.16992823779582977,1,2024-07-28 16:00:00+00:00
170,0.18577292561531067,0.5844879150390625,0.22973918914794922,1,2024-07-28 17:00:00+00:00
171,0.1821366846561432,0.5731875896453857,0.24467571079730988,1,2024-07-28 18:00:00+00:00
172,0.15996478497982025,0.629421591758728,0.21061363816261292,1,2024-07-28 19:00:00+00:00
173,0.15987713634967804,0.6529024839401245,0.18722036480903625,1,2024-07-28 20:00:00+00:00
174,0.17177130281925201,0.6291152834892273,0.19911345839500427,1,2024-07-28 21:00:00+00:00
175,0.15314972400665283,0.6606743335723877,0.18617595732212067,1,2024-07-28 22:00:00+00:00
176,0.13926962018013,0.6805993318557739,0.18013109266757965,1,2024-07-28 23:00:00+00:00
177,0.1391109824180603,0.6695071458816528,0.19138182699680328,1,2024-07-29 00:00:00+00:00
178,0.13867901265621185,0.6990148425102234,0.1623060703277588,1,2024-07-29 01:00:00+00:00
179,0.24602040648460388,0.5138307809829712,0.2401488721370697,1,2024-07-29 02:00:00+00:00
180,0.20025372505187988,0.6325077414512634,0.16723857820034027,1,2024-07-29 03:00:00+00:00
181,0.24307480454444885,0.6452094912528992,0.11171574890613556,1,2024-07-29 04:00:00+00:00
182,0.2877914607524872,0.5954906344413757,0.11671783030033112,1,2024-07-29 05:00:00+00:00
183,0.2590043842792511,0.6533468961715698,0.08764876425266266,1,2024-07-29 06:00:00+00:00
184,0.2899901270866394,0.616445004940033,0.09356486797332764,1,2024-07-29 07:00:00+00:00
185,0.3124617338180542,0.5712036490440369,0.11633467674255371,1,2024-07-29 08:00:00+00:00
186,0.26885420083999634,0.6284233331680298,0.10272244364023209,1,2024-07-29 09:00:00+00:00
187,0.245265930891037,0.6550366282463074,0.09969740360975266,1,2024-07-29 10:00:00+00:00
188,0.21390773355960846,0.7031247615814209,0.08296745270490646,1,2024-07-29 11:00:00+00:00
189,0.20618917047977448,0.6965426802635193,0.09726814925670624,1,2024-07-29 12:00:00+00:00
190,0.17303279042243958,0.7370224595069885,0.08994472026824951,1,2024-07-29 13:00:00+00:00
191,0.1838499903678894,0.7187625765800476,0.0973873883485794,1,2024-07-29 14:00:00+00:00
192,0.20895561575889587,0.6271344423294067,0.1639099270105362,1,2024-07-29 15:00:00+00:00
193,0.22940842807292938,0.47791504859924316,0.2926763892173767,1,2024-07-29 16:00:00+00:00
194,0.23045653104782104,0.45208442211151123,0.3174588680267334,1,2024-07-29 17:00:00+00:00
195,0.23138867318630219,0.4235861003398895,0.3450251817703247,1,2024-07-29 18:00:00+00:00
196,0.24247480928897858,0.40479812026023865,0.3527270555496216,1,2024-07-29 19:00:00+00:00
197,0.23388449847698212,0.44779008626937866,0.3183254897594452,1,2024-07-29 20:00:00+00:00
198,0.1912737935781479,0.5442689061164856,0.2644572854042053,1,2024-07-29 21:00:00+00:00
199,0.21420949697494507,0.48793408274650574,0.29785630106925964,1,2024-07-29 22:00:00+00:00
200,0.23483966290950775,0.4287276566028595,0.33643266558647156,1,2024-07-29 23:00:00+00:00
201,0.2027927190065384,0.4956282079219818,0.30157914757728577,1,2024-07-30 00:00:00+00:00
202,0.19890233874320984,0.48860055208206177,0.312497079372406,1,2024-07-30 01:00:00+00:00
203,0.24294140934944153,0.4063015282154083,0.3507571518421173,1,2024-07-30 02:00:00+00:00
204,0.16760991513729095,0.5596127510070801,0.27277737855911255,1,2024-07-30 03:00:00+00:00
205,0.11013345420360565,0.6897173523902893,0.20014916360378265,1,2024-07-30 04:00:00+00:00
206,0.11778136342763901,0.6913446187973022,0.19087404012680054,1,2024-07-30 05:00:00+00:00
207,0.10818997025489807,0.7318537831306458,0.1599562019109726,1,2024-07-30 06:00:00+00:00
208,0.0934741348028183,0.7506858706474304,0.1558399647474289,1,2024-07-30 07:00:00+00:00
209,0.07718482613563538,0.8030112981796265,0.11980389803647995,1,2024-07-30 08:00:00+00:00
210,0.07897774130105972,0.8052034378051758,0.1158188059926033,1,2024-07-30 09:00:00+00:00
211,0.09596483409404755,0.7504510283470154,0.15358424186706543,1,2024-07-30 10:00:00+00:00
212,0.07350713759660721,0.8048194646835327,0.12167325615882874,1,2024-07-30 11:00:00+00:00
213,0.08159597218036652,0.7812498807907104,0.13715413212776184,1,2024-07-30 12:00:00+00:00
214,0.0799405500292778,0.7899332046508789,0.1301262229681015,1,2024-07-30 13:00:00+00:00
215,0.1090003103017807,0.7092421650886536,0.18175750970840454,1,2024-07-30 14:00:00+00:00
216,0.169793501496315,0.5453025698661804,0.2849038243293762,1,2024-07-30 15:00:00+00:00
217,0.250537246465683,0.3603432774543762,0.3891194462776184,2,2024-07-30 17:00:00+00:00
218,0.20998355746269226,0.47331881523132324,0.3166976869106293,1,2024-07-30 18:00:00+00:00
219,0.22353887557983398,0.4148961901664734,0.361564964056015,1,2024-07-30 19:00:00+00:00
220,0.23768992722034454,0.41979753971099854,0.34251248836517334,1,2024-07-30 20:00:00+00:00
221,0.2161041796207428,0.4317513108253479,0.3521444797515869,1,2024-07-30 21:00:00+00:00
222,0.2579849362373352,0.3988633155822754,0.34315186738967896,1,2024-07-30 22:00:00+00:00
223,0.23356947302818298,0.4196312129497528,0.34679922461509705,1,2024-07-30 23:00:00+00:00
224,0.17296548187732697,0.5276204347610474,0.29941409826278687,1,2024-07-31 00:00:00+00:00
225,0.168514683842659,0.538884162902832,0.2926011085510254,1,2024-07-31 01:00:00+00:00
226,0.19961580634117126,0.5043873190879822,0.29599687457084656,1,2024-07-31 02:00:00+00:00
227,0.2068193554878235,0.5031998753547668,0.2899807393550873,1,2024-07-31 03:00:00+00:00
228,0.14212188124656677,0.6284375786781311,0.2294405698776245,1,2024-07-31 05:00:00+00:00
229,0.22197093069553375,0.40875956416130066,0.369269460439682,1,2024-07-31 06:00:00+00:00
230,0.18070214986801147,0.5341836810112,0.2851141095161438,1,2024-07-31 07:00:00+00:00
231,0.1572396457195282,0.6230944395065308,0.21966587007045746,1,2024-07-31 08:00:00+00:00
232,0.17376621067523956,0.547298014163971,0.2789357900619507,1,2024-07-31 09:00:00+00:00
233,0.21497415006160736,0.4338814914226532,0.3511444330215454,1,2024-07-31 13:00:00+00:00
234,0.1598026156425476,0.6262770295143127,0.2139204740524292,1,2024-07-31 18:00:00+00:00
235,0.20849597454071045,0.6311248540878296,0.1603790670633316,1,2024-07-31 19:00:00+00:00
236,0.2475711703300476,0.5967894196510315,0.15563933551311493,1,2024-07-31 21:00:00+00:00
237,0.23337137699127197,0.32039082050323486,0.44623783230781555,2,2024-07-31 22:00:00+00:00
238,0.2460964173078537,0.3608938455581665,0.3930097222328186,2,2024-07-31 23:00:00+00:00
239,0.19809627532958984,0.49714040756225586,0.3047632873058319,1,2024-08-01 00:00:00+00:00
240,0.19284068048000336,0.4852408766746521,0.3219184875488281,1,2024-08-01 01:00:00+00:00
241,0.19834023714065552,0.5143439173698425,0.2873157262802124,1,2024-08-01 03:00:00+00:00
242,0.20721054077148438,0.42848682403564453,0.3643026649951935,1,2024-08-01 04:00:00+00:00
243,0.16788682341575623,0.5075480937957764,0.324565052986145,1,2024-08-01 05:00:00+00:00
244,0.2179638147354126,0.36706337332725525,0.41497278213500977,2,2024-08-01 07:00:00+00:00
245,0.17005980014801025,0.5153830051422119,0.31455716490745544,1,2024-08-01 08:00:00+00:00
246,0.16213324666023254,0.5599222183227539,0.27794456481933594,1,2024-08-01 09:00:00+00:00
247,0.168423593044281,0.5724766850471497,0.2590997517108917,1,2024-08-01 10:00:00+00:00
248,0.16422677040100098,0.5759444832801819,0.25982874631881714,1,2024-08-01 11:00:00+00:00
249,0.17888334393501282,0.5526220202445984,0.2684946060180664,1,2024-08-01 12:00:00+00:00
250,0.16509300470352173,0.5950242280960083,0.23988278210163116,1,2024-08-01 14:00:00+00:00
251,0.13568107783794403,0.6738565564155579,0.1904623657464981,1,2024-08-01 16:00:00+00:00
252,0.2398742437362671,0.35028699040412903,0.4098386764526367,2,2024-08-01 18:00:00+00:00
253,0.22032225131988525,0.38830962777137756,0.3913681209087372,2,2024-08-01 19:00:00+00:00
254,0.2732425630092621,0.3102913498878479,0.4164661467075348,2,2024-08-01 20:00:00+00:00
255,0.22708727419376373,0.43991339206695557,0.3329993486404419,1,2024-08-01 21:00:00+00:00
256,0.24671508371829987,0.5619776248931885,0.19130729138851166,1,2024-08-01 22:00:00+00:00
257,0.22784338891506195,0.608858585357666,0.1632981151342392,1,2024-08-01 23:00:00+00:00
258,0.22455473244190216,0.6494348049163818,0.12601050734519958,1,2024-08-02 00:00:00+00:00
259,0.1979813128709793,0.714465856552124,0.08755288273096085,1,2024-08-02 01:00:00+00:00
260,0.22502963244915009,0.6261776089668274,0.1487927883863449,1,2024-08-02 03:00:00+00:00
261,0.20345550775527954,0.6378652453422546,0.15867921710014343,1,2024-08-02 04:00:00+00:00
262,0.23008863627910614,0.615744948387146,0.15416644513607025,1,2024-08-02 05:00:00+00:00
263,0.232538104057312,0.6333406567573547,0.1341213434934616,1,2024-08-02 07:00:00+00:00
264,0.2161051630973816,0.5345700979232788,0.24932487308979034,1,2024-08-02 08:00:00+00:00
265,0.18425799906253815,0.6202132701873779,0.19552867114543915,1,2024-08-02 09:00:00+00:00
266,0.19165556132793427,0.638486385345459,0.16985802352428436,1,2024-08-02 10:00:00+00:00
267,0.19870425760746002,0.6186360716819763,0.18265973031520844,1,2024-08-02 11:00:00+00:00
268,0.18200711905956268,0.6460925936698914,0.17190033197402954,1,2024-08-02 12:00:00+00:00
269,0.17367206513881683,0.646112322807312,0.18021559715270996,1,2024-08-02 15:00:00+00:00
270,0.23468346893787384,0.32070192694664,0.44461455941200256,2,2024-08-02 16:00:00+00:00
271,0.24898779392242432,0.34445858001708984,0.40655356645584106,2,2024-08-02 17:00:00+00:00
272,0.2404792755842209,0.3688232898712158,0.3906974494457245,2,2024-08-02 18:00:00+00:00
273,0.23642486333847046,0.3864608407020569,0.37711432576179504,1,2024-08-02 19:00:00+00:00
274,0.23193122446537018,0.39414069056510925,0.3739280700683594,1,2024-08-02 20:00:00+00:00
275,0.22933971881866455,0.38513636589050293,0.3855239748954773,2,2024-08-02 21:00:00+00:00
276,0.21791082620620728,0.40099582076072693,0.381093293428421,1,2024-08-02 22:00:00+00:00
277,0.23925866186618805,0.3849010467529297,0.37584030628204346,1,2024-08-02 23:00:00+00:00
278,0.1654975563287735,0.5267787575721741,0.30772367119789124,1,2024-08-03 00:00:00+00:00
279,0.17813387513160706,0.5240976810455322,0.29776841402053833,1,2024-08-03 01:00:00+00:00
280,0.22320030629634857,0.45829859375953674,0.3185010552406311,1,2024-08-03 02:00:00+00:00
281,0.2587943971157074,0.3997698128223419,0.34143584966659546,1,2024-08-03 03:00:00+00:00
282,0.150117889046669,0.5672922730445862,0.2825898826122284,1,2024-08-03 04:00:00+00:00
283,0.16802920401096344,0.5617666244506836,0.27020421624183655,1,2024-08-03 05:00:00+00:00
284,0.14137330651283264,0.6350874304771423,0.2235392928123474,1,2024-08-03 06:00:00+00:00
285,0.14464737474918365,0.6527157425880432,0.20263689756393433,1,2024-08-03 07:00:00+00:00
286,0.14114810526371002,0.6744168996810913,0.18443496525287628,1,2024-08-03 08:00:00+00:00
287,0.11972148716449738,0.7196389436721802,0.16063962876796722,1,2024-08-03 09:00:00+00:00
288,0.11301112920045853,0.7085897922515869,0.17839907109737396,1,2024-08-03 10:00:00+00:00
289,0.11028871685266495,0.7320683002471924,0.15764297544956207,1,2024-08-03 11:00:00+00:00
290,0.14393393695354462,0.6926782131195068,0.16338784992694855,1,2024-08-03 12:00:00+00:00
291,0.1235651969909668,0.7518807053565979,0.12455416470766068,1,2024-08-03 13:00:00+00:00
292,0.13694605231285095,0.7295531630516052,0.1335008293390274,1,2024-08-03 14:00:00+00:00
293,0.08081746101379395,0.8317182660102844,0.08746425807476044,1,2024-08-03 15:00:00+00:00
294,0.20939962565898895,0.6724684834480286,0.11813190579414368,1,2024-08-03 16:00:00+00:00
295,0.2105465978384018,0.4034940004348755,0.38595935702323914,1,2024-08-03 17:00:00+00:00
296,0.2537091076374054,0.2945902347564697,0.4517006278038025,2,2024-08-03 18:00:00+00:00
297,0.2890540361404419,0.2812943160533905,0.4296517074108124,2,2024-08-03 19:00:00+00:00
298,0.26793545484542847,0.3132579028606415,0.41880664229393005,2,2024-08-03 20:00:00+00:00
299,0.24206380546092987,0.3591814637184143,0.3987547755241394,2,2024-08-03 21:00:00+00:00
300,0.23208382725715637,0.38852885365486145,0.37938740849494934,1,2024-08-03 22:00:00+00:00
301,0.23011347651481628,0.4135989248752594,0.3562875986099243,1,2024-08-03 23:00:00+00:00
302,0.1974872350692749,0.49686145782470703,0.30565133690834045,1,2024-08-04 00:00:00+00:00
303,0.1890750676393509,0.5270535349845886,0.2838713824748993,1,2024-08-04 01:00:00+00:00
304,0.2160898596048355,0.49636098742485046,0.2875491678714752,1,2024-08-04 02:00:00+00:00
305,0.1692655235528946,0.592022180557251,0.23871220648288727,1,2024-08-04 03:00:00+00:00
306,0.19979676604270935,0.5811099410057068,0.21909326314926147,1,2024-08-04 04:00:00+00:00
307,0.15004700422286987,0.661790668964386,0.18816238641738892,1,2024-08-04 05:00:00+00:00
308,0.13666650652885437,0.6858717203140259,0.17746181786060333,1,2024-08-04 06:00:00+00:00
309,0.13549087941646576,0.700924813747406,0.16358430683612823,1,2024-08-04 07:00:00+00:00
310,0.1306408941745758,0.7162596583366394,0.15309949219226837,1,2024-08-04 08:00:00+00:00
311,0.14563408493995667,0.6537009477615356,0.2006649672985077,1,2024-08-04 09:00:00+00:00
312,0.18043124675750732,0.5839325189590454,0.2356361597776413,1,2024-08-04 10:00:00+00:00
313,0.14621727168560028,0.6526201367378235,0.20116257667541504,1,2024-08-04 11:00:00+00:00
314,0.12811830639839172,0.6881488561630249,0.18373286724090576,1,2024-08-04 12:00:00+00:00
315,0.10208794474601746,0.7456161379814148,0.1522958129644394,1,2024-08-04 13:00:00+00:00
316,0.11889041215181351,0.7109701633453369,0.17013944685459137,1,2024-08-04 14:00:00+00:00
317,0.10681817680597305,0.7269415855407715,0.16624018549919128,1,2024-08-04 15:00:00+00:00
318,0.3564845025539398,0.2705494165420532,0.3729659914970398,2,2024-08-04 16:00:00+00:00
319,0.3708411455154419,0.24458809196949005,0.3845706582069397,2,2024-08-04 17:00:00+00:00
320,0.3826684355735779,0.24214601516723633,0.375185489654541,0,2024-08-04 18:00:00+00:00
321,0.4296792447566986,0.22779890894889832,0.3425218164920807,0,2024-08-04 19:00:00+00:00
322,0.29585132002830505,0.34954434633255005,0.3546043336391449,2,2024-08-04 20:00:00+00:00
323,0.27498361468315125,0.40301740169525146,0.3219990134239197,1,2024-08-04 21:00:00+00:00
324,0.27000105381011963,0.454523503780365,0.275475412607193,1,2024-08-04 22:00:00+00:00
325,0.23068545758724213,0.49494612216949463,0.27436843514442444,1,2024-08-04 23:00:00+00:00
326,0.23644527792930603,0.47676679491996765,0.2867879271507263,1,2024-08-05 00:00:00+00:00
327,0.23100370168685913,0.4555237591266632,0.31347253918647766,1,2024-08-05 01:00:00+00:00
328,0.38906610012054443,0.25944846868515015,0.3514854311943054,0,2024-08-05 02:00:00+00:00
329,0.5256358981132507,0.1507544219493866,0.3236095607280731,0,2024-08-05 03:00:00+00:00
330,0.5116958022117615,0.1968177706003189,0.29148632287979126,0,2024-08-05 04:00:00+00:00
331,0.492040753364563,0.23279275000095367,0.275166392326355,0,2024-08-05 05:00:00+00:00
332,0.47353610396385193,0.2538837790489197,0.2725800573825836,0,2024-08-05 06:00:00+00:00
333,0.49423253536224365,0.2404443770647049,0.26532307267189026,0,2024-08-05 07:00:00+00:00
334,0.5497031807899475,0.16236712038516998,0.2879297137260437,0,2024-08-05 08:00:00+00:00
335,0.4564566910266876,0.2683120369911194,0.27523136138916016,0,2024-08-05 09:00:00+00:00
336,0.46060895919799805,0.29482585191726685,0.24456515908241272,0,2024-08-05 10:00:00+00:00
337,0.43624749779701233,0.3262209892272949,0.23753152787685394,0,2024-08-05 11:00:00+00:00
338,0.47323712706565857,0.2781068980693817,0.2486559897661209,0,2024-08-05 12:00:00+00:00
339,0.47594165802001953,0.25308510661125183,0.27097320556640625,0,2024-08-05 13:00:00+00:00
340,0.5092605352401733,0.23471486568450928,0.256024569272995,0,2024-08-05 14:00:00+00:00
341,0.37723079323768616,0.36470869183540344,0.2580605745315552,0,2024-08-05 15:00:00+00:00
342,0.31879913806915283,0.43216022849082947,0.2490406334400177,1,2024-08-05 16:00:00+00:00
343,0.32336902618408203,0.47529080510139465,0.2013401836156845,1,2024-08-05 17:00:00+00:00
344,0.32543981075286865,0.4714825749397278,0.20307771861553192,1,2024-08-05 18:00:00+00:00
345,0.31901416182518005,0.5248194336891174,0.15616638958454132,1,2024-08-05 19:00:00+00:00
346,0.30496740341186523,0.5239226818084717,0.17110981047153473,1,2024-08-05 20:00:00+00:00
347,0.3074612617492676,0.4799603819847107,0.21257829666137695,1,2024-08-05 21:00:00+00:00
348,0.30381885170936584,0.4984263777732849,0.19775474071502686,1,2024-08-05 22:00:00+00:00
349,0.2912365794181824,0.5350985527038574,0.1736649125814438,1,2024-08-05 23:00:00+00:00
350,0.26086297631263733,0.6170923709869385,0.1220446452498436,1,2024-08-06 00:00:00+00:00
351,0.24709758162498474,0.6420760154724121,0.1108262911438942,1,2024-08-06 01:00:00+00:00
352,0.3561829626560211,0.47428131103515625,0.16953569650650024,1,2024-08-06 02:00:00+00:00
353,0.35609185695648193,0.5061254501342773,0.13778266310691833,1,2024-08-06 03:00:00+00:00
354,0.31090080738067627,0.5802744626998901,0.10882467776536942,1,2024-08-06 04:00:00+00:00
355,0.28843605518341064,0.6165920495986938,0.09497197717428207,1,2024-08-06 05:00:00+00:00
356,0.31336748600006104,0.5589548349380493,0.12767763435840607,1,2024-08-06 06:00:00+00:00
357,0.29419639706611633,0.6034200191497803,0.10238353163003922,1,2024-08-06 07:00:00+00:00
358,0.29698827862739563,0.590185284614563,0.1128263995051384,1,2024-08-06 08:00:00+00:00
359,0.3062947988510132,0.5794974565505981,0.11420765519142151,1,2024-08-06 09:00:00+00:00
360,0.30380767583847046,0.5336307287216187,0.16256162524223328,1,2024-08-06 10:00:00+00:00
361,0.27843013405799866,0.5867245197296143,0.13484546542167664,1,2024-08-06 11:00:00+00:00
362,0.26974600553512573,0.45390865206718445,0.2763453722000122,1,2024-08-06 12:00:00+00:00
363,0.26941388845443726,0.5954383015632629,0.135147824883461,1,2024-08-06 13:00:00+00:00
364,0.24744181334972382,0.5931724905967712,0.15938566625118256,1,2024-08-06 14:00:00+00:00
365,0.2910207509994507,0.5197464227676392,0.1892326921224594,1,2024-08-06 15:00:00+00:00
366,0.33471134305000305,0.3697691261768341,0.29551953077316284,1,2024-08-06 16:00:00+00:00
367,0.32343557476997375,0.49781671166419983,0.1787477284669876,1,2024-08-06 17:00:00+00:00
368,0.321327805519104,0.5148501396179199,0.1638220101594925,1,2024-08-06 18:00:00+00:00
369,0.2902418076992035,0.5488767027854919,0.16088144481182098,1,2024-08-06 19:00:00+00:00
370,0.27844369411468506,0.5466859936714172,0.17487023770809174,1,2024-08-06 20:00:00+00:00
371,0.2712068557739258,0.3127671778202057,0.41602587699890137,2,2024-08-06 21:00:00+00:00
372,0.30025556683540344,0.48035451769828796,0.219389870762825,1,2024-08-06 22:00:00+00:00
373,0.2636749744415283,0.6036085486412048,0.13271641731262207,1,2024-08-06 23:00:00+00:00
374,0.27074098587036133,0.5637054443359375,0.16555362939834595,1,2024-08-07 00:00:00+00:00
375,0.24393203854560852,0.6108500361442566,0.14521794021129608,1,2024-08-07 01:00:00+00:00
376,0.24717822670936584,0.5380716919898987,0.21475008130073547,1,2024-08-07 02:00:00+00:00
377,0.28159457445144653,0.5139299035072327,0.2044755220413208,1,2024-08-07 03:00:00+00:00
378,0.26912978291511536,0.4982473850250244,0.23262277245521545,1,2024-08-07 04:00:00+00:00
379,0.24897544085979462,0.6176252365112305,0.1333993673324585,1,2024-08-07 05:00:00+00:00
380,0.28467857837677,0.5832535624504089,0.13206778466701508,1,2024-08-07 06:00:00+00:00
381,0.26025280356407166,0.6009782552719116,0.1387689709663391,1,2024-08-07 07:00:00+00:00
382,0.23846012353897095,0.610596776008606,0.15094304084777832,1,2024-08-07 08:00:00+00:00
383,0.23871275782585144,0.5963585376739502,0.16492876410484314,1,2024-08-07 09:00:00+00:00
384,0.24730750918388367,0.6013767719268799,0.15131576359272003,1,2024-08-07 10:00:00+00:00
385,0.25470903515815735,0.5910435914993286,0.15424729883670807,1,2024-08-07 11:00:00+00:00
386,0.24118797481060028,0.599799633026123,0.1590123027563095,1,2024-08-07 12:00:00+00:00
387,0.2190568894147873,0.6017178893089294,0.17922523617744446,1,2024-08-07 13:00:00+00:00
388,0.23068377375602722,0.6014388799667358,0.16787731647491455,1,2024-08-07 14:00:00+00:00
389,0.23071026802062988,0.5013037323951721,0.267985999584198,1,2024-08-07 15:00:00+00:00
390,0.23842711746692657,0.3987090289592743,0.36286377906799316,1,2024-08-07 16:00:00+00:00
391,0.24495278298854828,0.4416329562664032,0.31341424584388733,1,2024-08-07 17:00:00+00:00
392,0.2501634955406189,0.471068799495697,0.2787676453590393,1,2024-08-07 18:00:00+00:00
393,0.24632993340492249,0.47469615936279297,0.27897393703460693,1,2024-08-07 19:00:00+00:00
394,0.27347418665885925,0.4428236782550812,0.28370222449302673,1,2024-08-07 20:00:00+00:00
395,0.25600698590278625,0.46838074922561646,0.27561232447624207,1,2024-08-07 21:00:00+00:00
396,0.2671982944011688,0.4481435716152191,0.2846580743789673,1,2024-08-07 22:00:00+00:00
397,0.24179260432720184,0.5010964274406433,0.25711095333099365,1,2024-08-07 23:00:00+00:00
398,0.2287895381450653,0.5284591913223267,0.24275119602680206,1,2024-08-08 00:00:00+00:00
399,0.22725218534469604,0.5434858202934265,0.22926203906536102,1,2024-08-08 01:00:00+00:00
400,0.2592719495296478,0.4823719263076782,0.25835609436035156,1,2024-08-08 02:00:00+00:00
401,0.25792646408081055,0.45863503217697144,0.2834385633468628,1,2024-08-08 03:00:00+00:00
402,0.25265660881996155,0.5333523750305176,0.21399103105068207,1,2024-08-08 04:00:00+00:00
403,0.2049914002418518,0.6319649815559387,0.16304364800453186,1,2024-08-08 05:00:00+00:00
404,0.20320236682891846,0.6368467807769775,0.15995079278945923,1,2024-08-08 06:00:00+00:00
405,0.2049102932214737,0.6356795430183411,0.15941013395786285,1,2024-08-08 07:00:00+00:00
406,0.21207267045974731,0.6260276436805725,0.16189971566200256,1,2024-08-08 08:00:00+00:00
407,0.2176811248064041,0.5919457077980042,0.19037321209907532,1,2024-08-08 09:00:00+00:00
408,0.21065425872802734,0.6132327914237976,0.17611293494701385,1,2024-08-08 10:00:00+00:00
409,0.22828394174575806,0.550920307636261,0.22079572081565857,1,2024-08-08 11:00:00+00:00
410,0.2170335054397583,0.5930739641189575,0.18989259004592896,1,2024-08-08 12:00:00+00:00
411,0.21662203967571259,0.6012163758277893,0.18216165900230408,1,2024-08-08 13:00:00+00:00
412,0.2827809154987335,0.4701196551322937,0.24709941446781158,1,2024-08-08 14:00:00+00:00
413,0.26332128047943115,0.45327669382095337,0.2834019660949707,1,2024-08-08 15:00:00+00:00
414,0.38047969341278076,0.44367220997810364,0.1758481115102768,1,2024-08-08 16:00:00+00:00
415,0.36928918957710266,0.3743492066860199,0.25636160373687744,1,2024-08-08 17:00:00+00:00
416,0.35475844144821167,0.3718690574169159,0.27337247133255005,1,2024-08-08 18:00:00+00:00
417,0.3252424895763397,0.48461416363716125,0.19014333188533783,1,2024-08-08 19:00:00+00:00
418,0.27804839611053467,0.5462333559989929,0.1757182627916336,1,2024-08-08 20:00:00+00:00
419,0.27207404375076294,0.5820109844207764,0.14591500163078308,1,2024-08-08 21:00:00+00:00
420,0.27136823534965515,0.5669212341308594,0.1617104411125183,1,2024-08-08 22:00:00+00:00
421,0.28932473063468933,0.5089506506919861,0.20172463357448578,1,2024-08-08 23:00:00+00:00
422,0.31301990151405334,0.4331206977367401,0.25385943055152893,1,2024-08-09 00:00:00+00:00
423,0.2902449071407318,0.46790581941604614,0.24184930324554443,1,2024-08-09 01:00:00+00:00
424,0.26709747314453125,0.5207968354225159,0.2121056318283081,1,2024-08-09 02:00:00+00:00
425,0.28326231241226196,0.5361302495002747,0.18060748279094696,1,2024-08-09 03:00:00+00:00
426,0.26716378331184387,0.5552111864089966,0.17762508988380432,1,2024-08-09 04:00:00+00:00
427,0.2584296464920044,0.5615687370300293,0.18000157177448273,1,2024-08-09 05:00:00+00:00
428,0.2554645240306854,0.4303590655326843,0.3141763508319855,1,2024-08-09 06:00:00+00:00
429,0.23443391919136047,0.5007423758506775,0.26482364535331726,1,2024-08-09 07:00:00+00:00
430,0.235586479306221,0.5045086741447449,0.25990480184555054,1,2024-08-09 08:00:00+00:00
431,0.24528831243515015,0.4823688864707947,0.27234286069869995,1,2024-08-09 09:00:00+00:00
432,0.24251492321491241,0.49279922246932983,0.264685720205307,1,2024-08-09 10:00:00+00:00
433,0.2356991171836853,0.4889216721057892,0.2753792405128479,1,2024-08-09 11:00:00+00:00
434,0.23558124899864197,0.48374712467193604,0.2806715965270996,1,2024-08-09 12:00:00+00:00
435,0.2632673978805542,0.37416717410087585,0.3625653386116028,1,2024-08-09 13:00:00+00:00
436,0.2589922249317169,0.40757083892822266,0.33343705534935,1,2024-08-09 14:00:00+00:00
437,0.26133280992507935,0.3927184045314789,0.3459487557411194,1,2024-08-09 15:00:00+00:00
438,0.274353563785553,0.30438247323036194,0.4212639033794403,2,2024-08-09 16:00:00+00:00
439,0.2887628972530365,0.359098345041275,0.3521386981010437,1,2024-08-09 17:00:00+00:00
440,0.2635512948036194,0.4391963481903076,0.29725244641304016,1,2024-08-09 18:00:00+00:00
441,0.26661816239356995,0.44893309473991394,0.2844487130641937,1,2024-08-09 19:00:00+00:00
442,0.20963631570339203,0.5523111820220947,0.23805256187915802,1,2024-08-09 20:00:00+00:00
443,0.20681901276111603,0.553520679473877,0.23966029286384583,1,2024-08-09 21:00:00+00:00
444,0.2110874503850937,0.5495836734771729,0.23932889103889465,1,2024-08-09 22:00:00+00:00
445,0.23148834705352783,0.5153594017028809,0.2531522512435913,1,2024-08-09 23:00:00+00:00
446,0.18331025540828705,0.6534473896026611,0.1632424294948578,1,2024-08-10 00:00:00+00:00
447,0.1689426749944687,0.6955426335334778,0.13551464676856995,1,2024-08-10 01:00:00+00:00
448,0.18438425660133362,0.6453526020050049,0.17026326060295105,1,2024-08-10 02:00:00+00:00
449,0.18871445953845978,0.6505672335624695,0.16071835160255432,1,2024-08-10 03:00:00+00:00
450,0.1759207397699356,0.6834527254104614,0.14062651991844177,1,2024-08-10 04:00:00+00:00
451,0.18658486008644104,0.6537428498268127,0.1596723347902298,1,2024-08-10 05:00:00+00:00
452,0.1876334547996521,0.6048091053962708,0.20755741000175476,1,2024-08-10 06:00:00+00:00
453,0.18102063238620758,0.6306487321853638,0.18833065032958984,1,2024-08-10 07:00:00+00:00
454,0.18769510090351105,0.6532511711120605,0.15905363857746124,1,2024-08-10 08:00:00+00:00
455,0.19965079426765442,0.6516722440719604,0.14867694675922394,1,2024-08-10 09:00:00+00:00
456,0.18371516466140747,0.6667234301567078,0.14956144988536835,1,2024-08-10 10:00:00+00:00
457,0.2078401893377304,0.6813962459564209,0.1107635498046875,1,2024-08-10 11:00:00+00:00
458,0.2711014151573181,0.506742000579834,0.22215649485588074,1,2024-08-10 12:00:00+00:00
459,0.3127215802669525,0.36941760778427124,0.31786084175109863,1,2024-08-10 13:00:00+00:00
460,0.251114159822464,0.5857266783714294,0.16315917670726776,1,2024-08-10 14:00:00+00:00
461,0.19830629229545593,0.6007408499717712,0.20095281302928925,1,2024-08-10 15:00:00+00:00
462,0.2080811858177185,0.62435382604599,0.16756494343280792,1,2024-08-10 16:00:00+00:00
463,0.23237144947052002,0.6343079209327698,0.1333206743001938,1,2024-08-10 17:00:00+00:00
464,0.23880356550216675,0.6177180409431458,0.14347843825817108,1,2024-08-10 18:00:00+00:00
465,0.2299988865852356,0.653446614742279,0.11655448377132416,1,2024-08-10 19:00:00+00:00
466,0.20589984953403473,0.6584607362747192,0.1356395035982132,1,2024-08-10 20:00:00+00:00
467,0.19414614140987396,0.6646491289138794,0.14120475947856903,1,2024-08-10 21:00:00+00:00
468,0.1971995085477829,0.6811614632606506,0.12163897603750229,1,2024-08-10 22:00:00+00:00
469,0.20666413009166718,0.6672371625900269,0.1260986477136612,1,2024-08-10 23:00:00+00:00
470,0.18933650851249695,0.6341409683227539,0.17652249336242676,1,2024-08-11 00:00:00+00:00
471,0.18533912301063538,0.6108590364456177,0.20380188524723053,1,2024-08-11 01:00:00+00:00
472,0.2041042447090149,0.6202385425567627,0.175657257437706,1,2024-08-11 02:00:00+00:00
473,0.20631107687950134,0.6262921690940857,0.167396679520607,1,2024-08-11 03:00:00+00:00
474,0.20013152062892914,0.6437913179397583,0.15607717633247375,1,2024-08-11 04:00:00+00:00
475,0.3564563989639282,0.5391591191291809,0.10438445210456848,1,2024-08-11 05:00:00+00:00
476,0.28443777561187744,0.6319969296455383,0.08356528729200363,1,2024-08-11 06:00:00+00:00
477,0.24606560170650482,0.6631290316581726,0.09080540388822556,1,2024-08-11 07:00:00+00:00
478,0.2982756793498993,0.6188888549804688,0.08283547312021255,1,2024-08-11 08:00:00+00:00
479,0.27602195739746094,0.6277221441268921,0.09625595808029175,1,2024-08-11 09:00:00+00:00
480,0.2819683253765106,0.6216011047363281,0.09643062949180603,1,2024-08-11 10:00:00+00:00
481,0.27016234397888184,0.6151416301727295,0.11469598859548569,1,2024-08-11 11:00:00+00:00
482,0.23552483320236206,0.6493201851844788,0.11515501141548157,1,2024-08-11 12:00:00+00:00
483,0.20369918644428253,0.5904396176338196,0.20586122572422028,1,2024-08-11 13:00:00+00:00
484,0.19729293882846832,0.5655220150947571,0.23718510568141937,1,2024-08-11 14:00:00+00:00
485,0.20973940193653107,0.5207276940345764,0.2695329189300537,1,2024-08-11 15:00:00+00:00
486,0.22468748688697815,0.49518293142318726,0.2801295220851898,1,2024-08-11 16:00:00+00:00
487,0.2229142189025879,0.5102121829986572,0.2668735384941101,1,2024-08-11 17:00:00+00:00
488,0.22785712778568268,0.5119987726211548,0.26014408469200134,1,2024-08-11 18:00:00+00:00
489,0.19718463718891144,0.5682812333106995,0.2345341145992279,1,2024-08-11 19:00:00+00:00
490,0.1997450590133667,0.5604775547981262,0.2397773265838623,1,2024-08-11 20:00:00+00:00
491,0.26608309149742126,0.4443988800048828,0.2895180583000183,1,2024-08-11 21:00:00+00:00
492,0.29869237542152405,0.4167134463787079,0.2845941483974457,1,2024-08-11 22:00:00+00:00
493,0.2666482627391815,0.4733310639858246,0.2600207030773163,1,2024-08-11 23:00:00+00:00
494,0.2745942771434784,0.46524670720100403,0.26015907526016235,1,2024-08-12 00:00:00+00:00
495,0.259468674659729,0.5032684803009033,0.23726283013820648,1,2024-08-12 01:00:00+00:00
496,0.27848392724990845,0.4440617263317108,0.2774543762207031,1,2024-08-12 02:00:00+00:00
497,0.22159595787525177,0.5364387631416321,0.24196527898311615,1,2024-08-12 03:00:00+00:00
498,0.1856348216533661,0.6087272763252258,0.20563790202140808,1,2024-08-12 04:00:00+00:00
499,0.16780033707618713,0.6623114943504333,0.16988809406757355,1,2024-08-12 05:00:00+00:00
500,0.14698442816734314,0.707663893699646,0.14535166323184967,1,2024-08-12 06:00:00+00:00
501,0.17983923852443695,0.6347420811653137,0.18541868031024933,1,2024-08-12 07:00:00+00:00
502,0.19998614490032196,0.612289547920227,0.18772439658641815,1,2024-08-12 08:00:00+00:00
503,0.20726795494556427,0.5680962204933167,0.2246357500553131,1,2024-08-12 09:00:00+00:00
504,0.17538444697856903,0.6507695913314819,0.17384599149227142,1,2024-08-12 10:00:00+00:00
505,0.17242464423179626,0.6663041710853577,0.16127127408981323,1,2024-08-12 11:00:00+00:00
506,0.18659497797489166,0.655288815498352,0.15811629593372345,1,2024-08-12 12:00:00+00:00
507,0.24270355701446533,0.6115620136260986,0.14573439955711365,1,2024-08-12 13:00:00+00:00
508,0.2645856440067291,0.5454561710357666,0.18995824456214905,1,2024-08-12 14:00:00+00:00
509,0.22577685117721558,0.48273634910583496,0.29148682951927185,1,2024-08-12 15:00:00+00:00
510,0.2614118456840515,0.4195188581943512,0.3190692663192749,1,2024-08-12 16:00:00+00:00
511,0.2513001561164856,0.42017626762390137,0.32852354645729065,1,2024-08-12 17:00:00+00:00
512,0.24537818133831024,0.4457368552684784,0.30888497829437256,1,2024-08-12 18:00:00+00:00
513,0.2342882603406906,0.4553755521774292,0.3103361427783966,1,2024-08-12 19:00:00+00:00
514,0.22549645602703094,0.47203120589256287,0.30247241258621216,1,2024-08-12 20:00:00+00:00
515,0.2431151121854782,0.443560928106308,0.3133239448070526,1,2024-08-12 21:00:00+00:00
516,0.24776729941368103,0.4528433382511139,0.2993893325328827,1,2024-08-12 22:00:00+00:00
517,0.23598097264766693,0.46646034717559814,0.2975587546825409,1,2024-08-12 23:00:00+00:00
518,0.2296871840953827,0.510858952999115,0.2594539523124695,1,2024-08-13 00:00:00+00:00
519,0.2552933096885681,0.4859776496887207,0.2587289810180664,1,2024-08-13 01:00:00+00:00
520,0.24808478355407715,0.46698662638664246,0.2849286198616028,1,2024-08-13 02:00:00+00:00
521,0.24186238646507263,0.536469042301178,0.22166864573955536,1,2024-08-13 03:00:00+00:00
522,0.23554596304893494,0.4986092448234558,0.26584479212760925,1,2024-08-13 04:00:00+00:00
523,0.21840237081050873,0.49051424860954285,0.291083425283432,1,2024-08-13 05:00:00+00:00
524,0.1989477127790451,0.5992485880851746,0.20180374383926392,1,2024-08-13 06:00:00+00:00
525,0.19906242191791534,0.6018389463424683,0.1990986317396164,1,2024-08-13 07:00:00+00:00
526,0.20964056253433228,0.5730652213096619,0.21729417145252228,1,2024-08-13 08:00:00+00:00
527,0.1994655728340149,0.5524734854698181,0.24806095659732819,1,2024-08-13 09:00:00+00:00
528,0.18178421258926392,0.5906953811645508,0.22752034664154053,1,2024-08-13 10:00:00+00:00
529,0.189217671751976,0.5417866110801697,0.26899585127830505,1,2024-08-13 11:00:00+00:00
530,0.20022164285182953,0.5225814580917358,0.2771969437599182,1,2024-08-13 12:00:00+00:00
531,0.17939560115337372,0.6002856492996216,0.2203187346458435,1,2024-08-13 13:00:00+00:00
532,0.18886874616146088,0.5829770565032959,0.22815430164337158,1,2024-08-13 14:00:00+00:00
533,0.2005424201488495,0.6320337653160095,0.1674237698316574,1,2024-08-13 15:00:00+00:00
534,0.18209321796894073,0.628176748752594,0.18973007798194885,1,2024-08-13 16:00:00+00:00
535,0.18122684955596924,0.6419786810874939,0.17679446935653687,1,2024-08-13 17:00:00+00:00
536,0.3209936022758484,0.5504796504974365,0.12852665781974792,1,2024-08-13 18:00:00+00:00
537,0.30408498644828796,0.5521228909492493,0.14379212260246277,1,2024-08-13 19:00:00+00:00
538,0.2514210641384125,0.6135388016700745,0.1350400447845459,1,2024-08-13 20:00:00+00:00
539,0.26988494396209717,0.548942506313324,0.1811724752187729,1,2024-08-13 21:00:00+00:00
540,0.22744108736515045,0.6257010102272034,0.14685794711112976,1,2024-08-13 22:00:00+00:00
541,0.27307596802711487,0.5754398703575134,0.1514841765165329,1,2024-08-13 23:00:00+00:00
542,0.23319163918495178,0.6257256269454956,0.1410827338695526,1,2024-08-14 00:00:00+00:00
543,0.21255916357040405,0.658485472202301,0.1289553940296173,1,2024-08-14 01:00:00+00:00
544,0.24181963503360748,0.5919290781021118,0.1662513017654419,1,2024-08-14 02:00:00+00:00
545,0.20661361515522003,0.6087781190872192,0.1846083104610443,1,2024-08-14 03:00:00+00:00
546,0.21374687552452087,0.6460457444190979,0.14020738005638123,1,2024-08-14 04:00:00+00:00
547,0.2322816103696823,0.6185897588729858,0.14912855625152588,1,2024-08-14 05:00:00+00:00
548,0.22411255538463593,0.6232869625091553,0.1526004821062088,1,2024-08-14 06:00:00+00:00
549,0.215035542845726,0.6290637254714966,0.1559007167816162,1,2024-08-14 07:00:00+00:00
550,0.213750422000885,0.6451179385185242,0.14113165438175201,1,2024-08-14 08:00:00+00:00
551,0.23401235044002533,0.599197506904602,0.16679011285305023,1,2024-08-14 09:00:00+00:00
552,0.22691884636878967,0.6272263526916504,0.14585480093955994,1,2024-08-14 10:00:00+00:00
553,0.20363344252109528,0.6924877166748047,0.10387880355119705,1,2024-08-14 11:00:00+00:00
554,0.26186105608940125,0.6176475286483765,0.12049143016338348,1,2024-08-14 12:00:00+00:00
555,0.2737836241722107,0.58461594581604,0.14160029590129852,1,2024-08-14 13:00:00+00:00
556,0.339362233877182,0.4540958106517792,0.20654204487800598,1,2024-08-14 14:00:00+00:00
557,0.25307992100715637,0.4318156838417053,0.3151043653488159,1,2024-08-14 15:00:00+00:00
558,0.253076434135437,0.434415340423584,0.3125082552433014,1,2024-08-14 16:00:00+00:00
559,0.24406543374061584,0.4829138517379761,0.2730207145214081,1,2024-08-14 17:00:00+00:00
560,0.2532646358013153,0.4625181555747986,0.2842171788215637,1,2024-08-14 18:00:00+00:00
561,0.24533013999462128,0.48889511823654175,0.2657746970653534,1,2024-08-14 19:00:00+00:00
562,0.24375291168689728,0.4788983166217804,0.2773488163948059,1,2024-08-14 20:00:00+00:00
563,0.23680777847766876,0.49643075466156006,0.26676157116889954,1,2024-08-14 21:00:00+00:00
564,0.23245784640312195,0.5024813413619995,0.2650608420372009,1,2024-08-14 22:00:00+00:00
565,0.2493930608034134,0.49157992005348206,0.25902700424194336,1,2024-08-14 23:00:00+00:00
566,0.24496102333068848,0.49170204997062683,0.2633369565010071,1,2024-08-15 00:00:00+00:00
567,0.23403748869895935,0.5160996913909912,0.24986277520656586,1,2024-08-15 01:00:00+00:00
568,0.23381944000720978,0.517932116985321,0.24824847280979156,1,2024-08-15 02:00:00+00:00
569,0.22991418838500977,0.5033637881278992,0.26672202348709106,1,2024-08-15 03:00:00+00:00
570,0.2328861951828003,0.5180429816246033,0.24907077848911285,1,2024-08-15 04:00:00+00:00
571,0.21111880242824554,0.563335120677948,0.2255460023880005,1,2024-08-15 05:00:00+00:00
572,0.2152821570634842,0.5571054220199585,0.22761249542236328,1,2024-08-15 06:00:00+00:00
573,0.21018826961517334,0.5688050389289856,0.22100673615932465,1,2024-08-15 07:00:00+00:00
574,0.23011034727096558,0.5433794260025024,0.2265101820230484,1,2024-08-15 08:00:00+00:00
575,0.22974079847335815,0.5271629095077515,0.24309639632701874,1,2024-08-15 09:00:00+00:00
576,0.20993785560131073,0.5837531685829163,0.20630894601345062,1,2024-08-15 10:00:00+00:00
577,0.23856431245803833,0.5043644309043884,0.25707128643989563,1,2024-08-15 11:00:00+00:00
578,0.2021646499633789,0.6230672597885132,0.17476803064346313,1,2024-08-15 12:00:00+00:00
579,0.1890074610710144,0.6496803760528564,0.1613120585680008,1,2024-08-15 13:00:00+00:00
580,0.23792573809623718,0.5341610908508301,0.22791320085525513,1,2024-08-15 14:00:00+00:00
581,0.20885203778743744,0.6427722573280334,0.14837567508220673,1,2024-08-15 15:00:00+00:00
582,0.22719398140907288,0.5254892706871033,0.24731671810150146,1,2024-08-15 16:00:00+00:00
583,0.21398921310901642,0.5760466456413269,0.2099640965461731,1,2024-08-15 17:00:00+00:00
584,0.23010891675949097,0.5237112045288086,0.24617989361286163,1,2024-08-15 18:00:00+00:00
585,0.21494199335575104,0.4895762801170349,0.29548180103302,1,2024-08-15 19:00:00+00:00
586,0.23919370770454407,0.4281879663467407,0.33261826634407043,1,2024-08-15 20:00:00+00:00
587,0.24543598294258118,0.46978968381881714,0.2847742736339569,1,2024-08-15 21:00:00+00:00
588,0.2602729797363281,0.46664005517959595,0.2730869948863983,1,2024-08-15 22:00:00+00:00
589,0.2737724483013153,0.44225725531578064,0.28397029638290405,1,2024-08-15 23:00:00+00:00
590,0.2561892867088318,0.4851842224597931,0.25862643122673035,1,2024-08-16 00:00:00+00:00
591,0.2118646800518036,0.575897216796875,0.21223802864551544,1,2024-08-16 01:00:00+00:00
592,0.22894778847694397,0.556088924407959,0.21496328711509705,1,2024-08-16 02:00:00+00:00
593,0.22421795129776,0.5503247380256653,0.2254573106765747,1,2024-08-16 03:00:00+00:00
594,0.21317864954471588,0.5854058861732483,0.20141544938087463,1,2024-08-16 04:00:00+00:00
595,0.1973489373922348,0.6254467964172363,0.17720428109169006,1,2024-08-16 05:00:00+00:00
596,0.17147953808307648,0.7082310914993286,0.12028937041759491,1,2024-08-16 06:00:00+00:00
597,0.17502406239509583,0.7130681872367859,0.11190769821405411,1,2024-08-16 07:00:00+00:00
598,0.17059814929962158,0.7393657565116882,0.09003621339797974,1,2024-08-16 08:00:00+00:00
599,0.15720592439174652,0.7483243346214294,0.09446966648101807,1,2024-08-16 09:00:00+00:00
600,0.16105735301971436,0.7297303080558777,0.10921236872673035,1,2024-08-16 10:00:00+00:00
601,0.15946170687675476,0.7355213761329651,0.10501687228679657,1,2024-08-16 11:00:00+00:00
602,0.1685226410627365,0.712421178817749,0.11905627697706223,1,2024-08-16 12:00:00+00:00
603,0.17711542546749115,0.6874163150787354,0.1354682296514511,1,2024-08-16 13:00:00+00:00
604,0.2364431917667389,0.5603491067886353,0.20320773124694824,1,2024-08-16 14:00:00+00:00
605,0.225680410861969,0.5837494134902954,0.19057020545005798,1,2024-08-16 15:00:00+00:00
606,0.24612975120544434,0.5463525056838989,0.2075178325176239,1,2024-08-16 16:00:00+00:00
607,0.24587935209274292,0.5546151995658875,0.19950543344020844,1,2024-08-16 17:00:00+00:00
608,0.2033170759677887,0.6317902207374573,0.16489268839359283,1,2024-08-16 18:00:00+00:00
609,0.2178361713886261,0.6516775488853455,0.13048629462718964,1,2024-08-16 19:00:00+00:00
610,0.22041316330432892,0.6787229776382446,0.10086376219987869,1,2024-08-16 20:00:00+00:00
611,0.22303254902362823,0.6663534045219421,0.11061407625675201,1,2024-08-16 21:00:00+00:00
612,0.2423664778470993,0.6466034650802612,0.11103007942438126,1,2024-08-16 22:00:00+00:00
613,0.20886367559432983,0.6987661719322205,0.0923701599240303,1,2024-08-16 23:00:00+00:00
614,0.18304334580898285,0.7375711798667908,0.0793854296207428,1,2024-08-17 00:00:00+00:00
615,0.155475914478302,0.777570903301239,0.06695321202278137,1,2024-08-17 01:00:00+00:00
616,0.19565697014331818,0.6993396878242493,0.10500328987836838,1,2024-08-17 02:00:00+00:00
617,0.1605185568332672,0.7757464647293091,0.06373492628335953,1,2024-08-17 03:00:00+00:00
618,0.1553882360458374,0.7782754898071289,0.06633634120225906,1,2024-08-17 04:00:00+00:00
619,0.15340344607830048,0.7839173674583435,0.06267915666103363,1,2024-08-17 05:00:00+00:00
620,0.14995133876800537,0.7916765809059143,0.05837208777666092,1,2024-08-17 06:00:00+00:00
621,0.16652902960777283,0.7726549506187439,0.0608159638941288,1,2024-08-17 07:00:00+00:00
622,0.17071229219436646,0.7584565281867981,0.07083114236593246,1,2024-08-17 08:00:00+00:00
623,0.16766409575939178,0.7677607536315918,0.06457509845495224,1,2024-08-17 09:00:00+00:00
624,0.1594099998474121,0.7667644023895264,0.07382562756538391,1,2024-08-17 10:00:00+00:00
625,0.15961596369743347,0.7748426795005798,0.06554131954908371,1,2024-08-17 11:00:00+00:00
626,0.15426690876483917,0.7692229747772217,0.07651016861200333,1,2024-08-17 12:00:00+00:00
627,0.15913918614387512,0.7720818519592285,0.06877896934747696,1,2024-08-17 13:00:00+00:00
628,0.16782432794570923,0.7703437805175781,0.06183183938264847,1,2024-08-17 14:00:00+00:00
629,0.17147593200206757,0.7529902458190918,0.07553388923406601,1,2024-08-17 15:00:00+00:00
630,0.17411448061466217,0.7701513767242432,0.05573413893580437,1,2024-08-17 16:00:00+00:00
631,0.1641760617494583,0.7798134684562683,0.05601046234369278,1,2024-08-17 17:00:00+00:00
632,0.18065930902957916,0.7654690742492676,0.05387173220515251,1,2024-08-17 18:00:00+00:00
633,0.17057636380195618,0.7804144620895386,0.049009114503860474,1,2024-08-17 19:00:00+00:00
634,0.15566712617874146,0.7809956669807434,0.0633372813463211,1,2024-08-17 20:00:00+00:00
635,0.15890885889530182,0.7898516058921814,0.05123954638838768,1,2024-08-17 21:00:00+00:00
636,0.1540985405445099,0.7781965732574463,0.06770483404397964,1,2024-08-17 22:00:00+00:00
637,0.15618908405303955,0.7946594953536987,0.04915132001042366,1,2024-08-17 23:00:00+00:00
638,0.15359343588352203,0.7901346683502197,0.05627187341451645,1,2024-08-18 00:00:00+00:00
639,0.19801627099514008,0.7633634805679321,0.03862033411860466,1,2024-08-18 01:00:00+00:00
640,0.26223376393318176,0.6693220138549805,0.06844424456357956,1,2024-08-18 02:00:00+00:00
641,0.15123100578784943,0.788835883140564,0.05993308126926422,1,2024-08-18 03:00:00+00:00
642,0.2116277515888214,0.7419658899307251,0.046406324952840805,1,2024-08-18 04:00:00+00:00
643,0.16389751434326172,0.7641265392303467,0.07197601348161697,1,2024-08-18 05:00:00+00:00
644,0.14908641576766968,0.7997316718101501,0.05118197202682495,1,2024-08-18 06:00:00+00:00
645,0.17349518835544586,0.7769740223884583,0.04953084886074066,1,2024-08-18 07:00:00+00:00
646,0.16475847363471985,0.7857052683830261,0.04953627660870552,1,2024-08-18 08:00:00+00:00
647,0.16193681955337524,0.7762098908424377,0.06185329332947731,1,2024-08-18 09:00:00+00:00
648,0.1561424881219864,0.7872902154922485,0.05656743794679642,1,2024-08-18 10:00:00+00:00
649,0.19634872674942017,0.7420005798339844,0.06165067106485367,1,2024-08-18 11:00:00+00:00
650,0.24258607625961304,0.6964866518974304,0.06092720106244087,1,2024-08-18 12:00:00+00:00
651,0.20652978122234344,0.7420575022697449,0.051412660628557205,1,2024-08-18 13:00:00+00:00
652,0.23842132091522217,0.6985682249069214,0.06301039457321167,1,2024-08-18 14:00:00+00:00
653,0.2491922378540039,0.6803277730941772,0.07048006355762482,1,2024-08-18 15:00:00+00:00
654,0.2261475771665573,0.7066547870635986,0.06719762831926346,1,2024-08-18 16:00:00+00:00
655,0.21718794107437134,0.7218618988990784,0.06095016747713089,1,2024-08-18 17:00:00+00:00
656,0.21244525909423828,0.7142060399055481,0.07334882766008377,1,2024-08-18 18:00:00+00:00
657,0.1769457310438156,0.7528829574584961,0.0701713040471077,1,2024-08-18 19:00:00+00:00
658,0.1882297247648239,0.7524544596672058,0.0593157634139061,1,2024-08-18 20:00:00+00:00
659,0.20919977128505707,0.7283703088760376,0.062429968267679214,1,2024-08-18 21:00:00+00:00
660,0.2260979861021042,0.7037097811698914,0.07019233703613281,1,2024-08-18 22:00:00+00:00
661,0.19570127129554749,0.7150729298591614,0.08922574669122696,1,2024-08-18 23:00:00+00:00
662,0.1691889762878418,0.7627536058425903,0.0680573359131813,1,2024-08-19 00:00:00+00:00
663,0.15907995402812958,0.7198277711868286,0.12109237909317017,1,2024-08-19 01:00:00+00:00
664,0.19132225215435028,0.5872310996055603,0.221446692943573,1,2024-08-19 02:00:00+00:00
665,0.16633737087249756,0.7211703062057495,0.11249233037233353,1,2024-08-19 03:00:00+00:00
666,0.1424839049577713,0.7584194540977478,0.09909666329622269,1,2024-08-19 04:00:00+00:00
667,0.1479421705007553,0.7680281400680542,0.0840296670794487,1,2024-08-19 05:00:00+00:00
668,0.1618034690618515,0.7047517895698547,0.13344472646713257,1,2024-08-19 06:00:00+00:00
669,0.17942436039447784,0.6099500060081482,0.21062567830085754,1,2024-08-19 07:00:00+00:00
670,0.16788128018379211,0.6689644455909729,0.1631542146205902,1,2024-08-19 08:00:00+00:00
671,0.17727290093898773,0.6340387463569641,0.18868830800056458,1,2024-08-19 09:00:00+00:00
672,0.16749624907970428,0.6973322033882141,0.135171577334404,1,2024-08-19 10:00:00+00:00
673,0.19443796575069427,0.5828657150268555,0.22269627451896667,1,2024-08-19 11:00:00+00:00
674,0.18168343603610992,0.6272613406181335,0.1910552978515625,1,2024-08-19 12:00:00+00:00
675,0.17316731810569763,0.6569483280181885,0.16988436877727509,1,2024-08-19 13:00:00+00:00
676,0.19295603036880493,0.6125142574310303,0.194529727101326,1,2024-08-19 14:00:00+00:00
677,0.20423945784568787,0.600132405757904,0.1956281065940857,1,2024-08-19 15:00:00+00:00
678,0.1970946043729782,0.6114171743392944,0.19148829579353333,1,2024-08-19 16:00:00+00:00
679,0.1803690642118454,0.6532580852508545,0.16637279093265533,1,2024-08-19 17:00:00+00:00
680,0.1744682639837265,0.6655163168907166,0.16001538932323456,1,2024-08-19 18:00:00+00:00
681,0.18196628987789154,0.652084469795227,0.1659492403268814,1,2024-08-19 19:00:00+00:00
682,0.14801421761512756,0.7311707735061646,0.12081505358219147,1,2024-08-19 20:00:00+00:00
683,0.1353949010372162,0.7573279738426208,0.10727712512016296,1,2024-08-19 21:00:00+00:00
684,0.13072232902050018,0.7794904112815857,0.08978724479675293,1,2024-08-19 22:00:00+00:00
685,0.12713658809661865,0.7930945754051208,0.07976885139942169,1,2024-08-19 23:00:00+00:00
686,0.1988186240196228,0.7260808944702148,0.07510054856538773,1,2024-08-20 00:00:00+00:00
687,0.2132519781589508,0.7331968545913696,0.05355117470026016,1,2024-08-20 01:00:00+00:00
688,0.29593533277511597,0.6255039572715759,0.07856068760156631,1,2024-08-20 02:00:00+00:00
689,0.3114974796772003,0.602112889289856,0.08638957887887955,1,2024-08-20 03:00:00+00:00
690,0.23698468506336212,0.6953182816505432,0.0676969364285469,1,2024-08-20 04:00:00+00:00
691,0.2413093000650406,0.6922336220741272,0.06645704060792923,1,2024-08-20 05:00:00+00:00
692,0.22975508868694305,0.7071980834007263,0.06304675340652466,1,2024-08-20 06:00:00+00:00
693,0.24465002119541168,0.6626545190811157,0.092695452272892,1,2024-08-20 07:00:00+00:00
694,0.2173655927181244,0.7164269089698792,0.06620755791664124,1,2024-08-20 08:00:00+00:00
695,0.22648872435092926,0.6923307776451111,0.08118049800395966,1,2024-08-20 09:00:00+00:00
696,0.21661612391471863,0.7055505514144897,0.07783333212137222,1,2024-08-20 10:00:00+00:00
697,0.20793825387954712,0.7089712023735046,0.08309061080217361,1,2024-08-20 11:00:00+00:00
698,0.22276413440704346,0.6763752698898315,0.10086055845022202,1,2024-08-20 12:00:00+00:00
699,0.2131909728050232,0.6999524831771851,0.08685650676488876,1,2024-08-20 13:00:00+00:00
700,0.2236129343509674,0.66744464635849,0.1089424267411232,1,2024-08-20 14:00:00+00:00
701,0.20994821190834045,0.6604400277137756,0.1296117603778839,1,2024-08-20 15:00:00+00:00
702,0.24336783587932587,0.5975301265716553,0.15910209715366364,1,2024-08-20 16:00:00+00:00
703,0.2544613182544708,0.5960031151771545,0.14953549206256866,1,2024-08-20 17:00:00+00:00
704,0.20928609371185303,0.6897208094596863,0.1009930744767189,1,2024-08-20 18:00:00+00:00
705,0.2902918756008148,0.5794033408164978,0.130304753780365,1,2024-08-20 19:00:00+00:00
706,0.27707794308662415,0.6051093339920044,0.11781271547079086,1,2024-08-20 20:00:00+00:00
707,0.33336201310157776,0.4776217043399811,0.18901623785495758,1,2024-08-20 21:00:00+00:00
708,0.3134992718696594,0.5063781142234802,0.18012256920337677,1,2024-08-20 22:00:00+00:00
709,0.2782279849052429,0.5755729079246521,0.14619898796081543,1,2024-08-20 23:00:00+00:00
710,0.2370760440826416,0.6473447680473328,0.11557919532060623,1,2024-08-21 00:00:00+00:00
711,0.20168611407279968,0.6888697743415833,0.10944412648677826,1,2024-08-21 01:00:00+00:00
712,0.2159489244222641,0.6590182781219482,0.12503279745578766,1,2024-08-21 02:00:00+00:00
713,0.2178901582956314,0.657753050327301,0.12435682862997055,1,2024-08-21 03:00:00+00:00
714,0.24072577059268951,0.6468927264213562,0.11238153278827667,1,2024-08-21 04:00:00+00:00
715,0.31365132331848145,0.5710633397102356,0.11528535932302475,1,2024-08-21 05:00:00+00:00
716,0.30232563614845276,0.5850221514701843,0.11265230178833008,1,2024-08-21 06:00:00+00:00
717,0.25392016768455505,0.6327617168426514,0.11331815272569656,1,2024-08-21 07:00:00+00:00
718,0.2919189929962158,0.5802977681159973,0.12778323888778687,1,2024-08-21 08:00:00+00:00
719,0.23782585561275482,0.6407949924468994,0.12137913703918457,1,2024-08-21 09:00:00+00:00
720,0.2236911952495575,0.6224520206451416,0.1538568139076233,1,2024-08-21 10:00:00+00:00
721,0.1882288157939911,0.6966413855552673,0.11512986570596695,1,2024-08-21 11:00:00+00:00
722,0.18533313274383545,0.6993557214736938,0.11531117558479309,1,2024-08-21 12:00:00+00:00
723,0.19112294912338257,0.6789132356643677,0.12996380031108856,1,2024-08-21 13:00:00+00:00
724,0.2098257839679718,0.6432637572288513,0.14691045880317688,1,2024-08-21 14:00:00+00:00
725,0.2635529339313507,0.541826605796814,0.19462057948112488,1,2024-08-21 15:00:00+00:00
726,0.25988414883613586,0.5011634826660156,0.23895233869552612,1,2024-08-21 16:00:00+00:00
727,0.22821903228759766,0.6107655763626099,0.16101549565792084,1,2024-08-21 17:00:00+00:00
728,0.24517975747585297,0.5882250666618347,0.16659526526927948,1,2024-08-21 18:00:00+00:00
729,0.26620247960090637,0.5363864302635193,0.1974109709262848,1,2024-08-21 19:00:00+00:00
730,0.26351097226142883,0.5333989262580872,0.20309004187583923,1,2024-08-21 20:00:00+00:00
731,0.3024855852127075,0.4526170790195465,0.24489730596542358,1,2024-08-21 21:00:00+00:00
732,0.30533748865127563,0.4398566484451294,0.2548058331012726,1,2024-08-21 22:00:00+00:00
733,0.24466870725154877,0.587559700012207,0.16777154803276062,1,2024-08-21 23:00:00+00:00
734,0.19939008355140686,0.6859380602836609,0.11467193812131882,1,2024-08-22 00:00:00+00:00
735,0.19145256280899048,0.707801342010498,0.10074613988399506,1,2024-08-22 01:00:00+00:00
736,0.21943798661231995,0.6374155282974243,0.14314645528793335,1,2024-08-22 02:00:00+00:00
737,0.19093391299247742,0.6753140687942505,0.1337520182132721,1,2024-08-22 03:00:00+00:00
738,0.18484340608119965,0.6334291100502014,0.1817275583744049,1,2024-08-22 04:00:00+00:00
739,0.14153729379177094,0.7092761397361755,0.14918653666973114,1,2024-08-22 05:00:00+00:00
740,0.2073596566915512,0.5219139456748962,0.27072644233703613,1,2024-08-22 06:00:00+00:00
741,0.18869028985500336,0.5628272294998169,0.24848245084285736,1,2024-08-22 07:00:00+00:00
742,0.14367608726024628,0.7027987241744995,0.15352529287338257,1,2024-08-22 08:00:00+00:00
743,0.14442332088947296,0.6999353766441345,0.1556413322687149,1,2024-08-22 09:00:00+00:00
744,0.14758366346359253,0.7351860404014587,0.11723025143146515,1,2024-08-22 10:00:00+00:00
745,0.15876899659633636,0.7281926274299622,0.11303821951150894,1,2024-08-22 11:00:00+00:00
746,0.18458504974842072,0.7071302533149719,0.10828466713428497,1,2024-08-22 12:00:00+00:00
747,0.18182137608528137,0.7255213856697083,0.09265729039907455,1,2024-08-22 13:00:00+00:00
748,0.22884128987789154,0.6545093059539795,0.11664930731058121,1,2024-08-22 14:00:00+00:00
749,0.42154979705810547,0.3763437271118164,0.20210643112659454,0,2024-08-22 15:00:00+00:00
750,0.3980023264884949,0.4243517518043518,0.17764581739902496,1,2024-08-22 16:00:00+00:00
751,0.29369500279426575,0.5634922981262207,0.14281271398067474,1,2024-08-22 17:00:00+00:00
752,0.2387334257364273,0.6068906784057617,0.15437592566013336,1,2024-08-22 18:00:00+00:00
753,0.20084506273269653,0.6561229825019836,0.1430319845676422,1,2024-08-22 19:00:00+00:00
754,0.2188309282064438,0.6553902626037598,0.12577877938747406,1,2024-08-22 20:00:00+00:00
755,0.19173595309257507,0.6957122683525085,0.11255177110433578,1,2024-08-22 21:00:00+00:00
756,0.2088492512702942,0.6874663829803467,0.10368432849645615,1,2024-08-22 22:00:00+00:00
757,0.19434821605682373,0.6997748613357544,0.10587696731090546,1,2024-08-22 23:00:00+00:00
758,0.18073506653308868,0.739266037940979,0.07999884337186813,1,2024-08-23 00:00:00+00:00
759,0.21744613349437714,0.6888598203659058,0.09369397163391113,1,2024-08-23 01:00:00+00:00
760,0.319685161113739,0.5343464016914368,0.14596840739250183,1,2024-08-23 02:00:00+00:00
761,0.33270731568336487,0.5352159142494202,0.13207675516605377,1,2024-08-23 03:00:00+00:00
762,0.3045561611652374,0.5481424331665039,0.14730143547058105,1,2024-08-23 04:00:00+00:00
763,0.2787536680698395,0.6049522757530212,0.11629398912191391,1,2024-08-23 05:00:00+00:00
764,0.2514064908027649,0.5816200971603394,0.16697345674037933,1,2024-08-23 06:00:00+00:00
765,0.22973521053791046,0.5840272307395935,0.18623757362365723,1,2024-08-23 07:00:00+00:00
766,0.19533102214336395,0.6827828884124756,0.12188608199357986,1,2024-08-23 08:00:00+00:00
767,0.19590704143047333,0.6851399540901184,0.1189529299736023,1,2024-08-23 09:00:00+00:00
768,0.22450239956378937,0.6366608738899231,0.13883671164512634,1,2024-08-23 10:00:00+00:00
769,0.20491145551204681,0.6702138185501099,0.12487467378377914,1,2024-08-23 11:00:00+00:00
770,0.20131726562976837,0.6859458684921265,0.11273691058158875,1,2024-08-23 12:00:00+00:00
771,0.20572052896022797,0.655135452747345,0.1391439586877823,1,2024-08-23 13:00:00+00:00
772,0.21329490840435028,0.6574894189834595,0.12921570241451263,1,2024-08-23 14:00:00+00:00
773,0.19721215963363647,0.6537674069404602,0.1490204930305481,1,2024-08-23 15:00:00+00:00
774,0.23747219145298004,0.4692070186138153,0.29332077503204346,1,2024-08-23 16:00:00+00:00
775,0.19768089056015015,0.6277092695236206,0.17460985481739044,1,2024-08-23 17:00:00+00:00
776,0.1961427927017212,0.6494346261024475,0.15442267060279846,1,2024-08-23 18:00:00+00:00
777,0.21853893995285034,0.623358428478241,0.1581025868654251,1,2024-08-23 19:00:00+00:00
778,0.22909267246723175,0.5952009558677673,0.1757064312696457,1,2024-08-23 20:00:00+00:00
779,0.2615588903427124,0.4934619665145874,0.2449790984392166,1,2024-08-23 21:00:00+00:00
780,0.23519374430179596,0.5497860312461853,0.2150202989578247,1,2024-08-23 22:00:00+00:00
781,0.2570745348930359,0.5048705339431763,0.23805491626262665,1,2024-08-23 23:00:00+00:00
782,0.20438265800476074,0.6514747738838196,0.1441425234079361,1,2024-08-24 00:00:00+00:00
783,0.17213799059391022,0.7015731334686279,0.12628893554210663,1,2024-08-24 01:00:00+00:00
784,0.16099031269550323,0.7088426947593689,0.13016705214977264,1,2024-08-24 02:00:00+00:00
785,0.1302485167980194,0.7144948244094849,0.15525661408901215,1,2024-08-24 03:00:00+00:00
786,0.13184811174869537,0.7324579954147339,0.13569386303424835,1,2024-08-24 04:00:00+00:00
787,0.11141631752252579,0.7557927966117859,0.13279087841510773,1,2024-08-24 05:00:00+00:00
788,0.10951939225196838,0.7738932967185974,0.11658729612827301,1,2024-08-24 06:00:00+00:00
789,0.13963808119297028,0.7705172300338745,0.08984467387199402,1,2024-08-24 07:00:00+00:00
790,0.1421022266149521,0.7596806287765503,0.09821706265211105,1,2024-08-24 08:00:00+00:00
791,0.17642955482006073,0.7353076338768005,0.08826277405023575,1,2024-08-24 09:00:00+00:00
792,0.17479188740253448,0.7277800440788269,0.09742811322212219,1,2024-08-24 10:00:00+00:00
793,0.25034409761428833,0.6374841928482056,0.11217156797647476,1,2024-08-24 11:00:00+00:00
794,0.27603524923324585,0.5937957763671875,0.13016897439956665,1,2024-08-24 12:00:00+00:00
795,0.37501388788223267,0.4924050271511078,0.13258109986782074,1,2024-08-24 13:00:00+00:00
796,0.32666194438934326,0.5251437425613403,0.1481943577528,1,2024-08-24 14:00:00+00:00
797,0.2587587237358093,0.6090224385261536,0.13221889734268188,1,2024-08-24 15:00:00+00:00
798,0.2820550501346588,0.6049609184265137,0.11298397183418274,1,2024-08-24 16:00:00+00:00
799,0.35011959075927734,0.5100081562995911,0.13987217843532562,1,2024-08-24 17:00:00+00:00
800,0.32716622948646545,0.49056652188301086,0.18226726353168488,1,2024-08-24 18:00:00+00:00
801,0.26397451758384705,0.5767509341239929,0.1592746078968048,1,2024-08-24 19:00:00+00:00
802,0.25115951895713806,0.6127321720123291,0.13610829412937164,1,2024-08-24 20:00:00+00:00
803,0.21751171350479126,0.6387307047843933,0.14375756680965424,1,2024-08-24 21:00:00+00:00
804,0.2060094177722931,0.6494906544685364,0.14449992775917053,1,2024-08-24 22:00:00+00:00
805,0.20691217482089996,0.5730933547019958,0.2199944704771042,1,2024-08-24 23:00:00+00:00
806,0.19941692054271698,0.6111466884613037,0.18943631649017334,1,2024-08-25 00:00:00+00:00
807,0.17354395985603333,0.7123979330062866,0.11405809223651886,1,2024-08-25 01:00:00+00:00
808,0.1904362589120865,0.630868673324585,0.17869502305984497,1,2024-08-25 02:00:00+00:00
809,0.20075511932373047,0.6077278256416321,0.19151709973812103,1,2024-08-25 03:00:00+00:00
810,0.17736880481243134,0.7015910744667053,0.12104012817144394,1,2024-08-25 04:00:00+00:00
811,0.19270868599414825,0.6719673275947571,0.1353238970041275,1,2024-08-25 05:00:00+00:00
812,0.17722433805465698,0.7155729532241821,0.10720264166593552,1,2024-08-25 06:00:00+00:00
813,0.16183602809906006,0.7391247153282166,0.09903925657272339,1,2024-08-25 07:00:00+00:00
814,0.16423846781253815,0.6769487857818604,0.1588127166032791,1,2024-08-25 08:00:00+00:00
815,0.17976051568984985,0.603137731552124,0.21710167825222015,1,2024-08-25 09:00:00+00:00
816,0.17649298906326294,0.6241415739059448,0.19936533272266388,1,2024-08-25 10:00:00+00:00
817,0.16454960405826569,0.6753401756286621,0.16011027991771698,1,2024-08-25 11:00:00+00:00
818,0.1664898693561554,0.6860464215278625,0.1474636048078537,1,2024-08-25 12:00:00+00:00
819,0.18461079895496368,0.6632431149482727,0.152146115899086,1,2024-08-25 13:00:00+00:00
820,0.18002934753894806,0.6734834909439087,0.14648719131946564,1,2024-08-25 14:00:00+00:00
821,0.18309885263442993,0.6539158225059509,0.16298532485961914,1,2024-08-25 15:00:00+00:00
822,0.16117864847183228,0.7036412954330444,0.1351800411939621,1,2024-08-25 16:00:00+00:00
823,0.16298320889472961,0.6939682960510254,0.14304843544960022,1,2024-08-25 17:00:00+00:00
824,0.17751219868659973,0.6639060974121094,0.15858174860477448,1,2024-08-25 18:00:00+00:00
825,0.18210621178150177,0.6610506176948547,0.1568431258201599,1,2024-08-25 19:00:00+00:00
826,0.1551159769296646,0.722823441028595,0.12206058949232101,1,2024-08-25 20:00:00+00:00
827,0.14160776138305664,0.752434253692627,0.105957992374897,1,2024-08-25 21:00:00+00:00
828,0.1462947428226471,0.7443335652351379,0.10937166213989258,1,2024-08-25 22:00:00+00:00
829,0.2567199170589447,0.6495009064674377,0.09377914667129517,1,2024-08-25 23:00:00+00:00
830,0.20627635717391968,0.7124714851379395,0.08125215023756027,1,2024-08-26 00:00:00+00:00
831,0.1586092710494995,0.72466641664505,0.11672438681125641,1,2024-08-26 01:00:00+00:00
832,0.18860672414302826,0.6546366810798645,0.15675657987594604,1,2024-08-26 02:00:00+00:00
833,0.18318919837474823,0.6463698148727417,0.17044098675251007,1,2024-08-26 03:00:00+00:00
834,0.16567645967006683,0.7142054438591003,0.12011801451444626,1,2024-08-26 04:00:00+00:00
835,0.14746204018592834,0.7632638216018677,0.0892740786075592,1,2024-08-26 05:00:00+00:00
836,0.13791124522686005,0.7856284976005554,0.07646022737026215,1,2024-08-26 06:00:00+00:00
837,0.1433868557214737,0.7901744842529297,0.06643866747617722,1,2024-08-26 07:00:00+00:00
838,0.16281859576702118,0.7487688064575195,0.0884125828742981,1,2024-08-26 08:00:00+00:00
839,0.18350790441036224,0.7262650728225708,0.09022702276706696,1,2024-08-26 09:00:00+00:00
840,0.18598933517932892,0.7207266688346863,0.09328395128250122,1,2024-08-26 10:00:00+00:00
841,0.19353628158569336,0.7170637249946594,0.08940006047487259,1,2024-08-26 11:00:00+00:00
842,0.178541898727417,0.7359170317649841,0.08554112911224365,1,2024-08-26 12:00:00+00:00
843,0.17346306145191193,0.7383342981338501,0.08820267021656036,1,2024-08-26 13:00:00+00:00
844,0.19544772803783417,0.5742379426956177,0.23031429946422577,1,2024-08-26 14:00:00+00:00
845,0.20421698689460754,0.5888001918792725,0.20698285102844238,1,2024-08-26 15:00:00+00:00
846,0.22338764369487762,0.5670984387397766,0.20951387286186218,1,2024-08-26 16:00:00+00:00
847,0.2139548808336258,0.5935375094413757,0.19250760972499847,1,2024-08-26 17:00:00+00:00
848,0.2072557806968689,0.6215264201164246,0.17121784389019012,1,2024-08-26 18:00:00+00:00
849,0.22473743557929993,0.5619866251945496,0.21327602863311768,1,2024-08-26 19:00:00+00:00
850,0.2217099815607071,0.5754693746566772,0.20282068848609924,1,2024-08-26 20:00:00+00:00
851,0.21802936494350433,0.5781491994857788,0.20382142066955566,1,2024-08-26 21:00:00+00:00
852,0.2083120197057724,0.620873749256134,0.17081418633460999,1,2024-08-26 22:00:00+00:00
853,0.18428872525691986,0.6475900411605835,0.16812124848365784,1,2024-08-26 23:00:00+00:00
854,0.13496077060699463,0.731211245059967,0.1338280588388443,1,2024-08-27 00:00:00+00:00
855,0.13806785643100739,0.724425196647644,0.13750693202018738,1,2024-08-27 01:00:00+00:00
856,0.21479932963848114,0.6033481955528259,0.18185248970985413,1,2024-08-27 02:00:00+00:00
857,0.22691768407821655,0.5611277222633362,0.21195459365844727,1,2024-08-27 03:00:00+00:00
858,0.19028200209140778,0.671325147151947,0.13839279115200043,1,2024-08-27 04:00:00+00:00
859,0.15670901536941528,0.7473962306976318,0.0958947092294693,1,2024-08-27 05:00:00+00:00
860,0.1453334391117096,0.7719061374664307,0.08276042342185974,1,2024-08-27 06:00:00+00:00
861,0.14817839860916138,0.785454273223877,0.06636732071638107,1,2024-08-27 07:00:00+00:00
862,0.16335955262184143,0.7418329119682312,0.09480756521224976,1,2024-08-27 08:00:00+00:00
863,0.14730754494667053,0.7867797613143921,0.06591269373893738,1,2024-08-27 09:00:00+00:00
864,0.17506924271583557,0.7145704030990601,0.11036036908626556,1,2024-08-27 10:00:00+00:00
865,0.1806820183992386,0.6609673500061035,0.15835057199001312,1,2024-08-27 11:00:00+00:00
866,0.17184969782829285,0.6382095217704773,0.18994084000587463,1,2024-08-27 12:00:00+00:00
867,0.20203784108161926,0.6210788488388062,0.1768832504749298,1,2024-08-27 13:00:00+00:00
868,0.21840262413024902,0.6059964299201965,0.17560085654258728,1,2024-08-27 14:00:00+00:00
869,0.2765648365020752,0.4775077700614929,0.24592739343643188,1,2024-08-27 15:00:00+00:00
870,0.26963841915130615,0.4817536473274231,0.24860790371894836,1,2024-08-27 16:00:00+00:00
871,0.2220669537782669,0.5767555832862854,0.2011774182319641,1,2024-08-27 17:00:00+00:00
872,0.2421119511127472,0.5601858496665955,0.19770215451717377,1,2024-08-27 18:00:00+00:00
873,0.22156037390232086,0.6280977725982666,0.15034189820289612,1,2024-08-27 19:00:00+00:00
874,0.1957627236843109,0.698945939540863,0.10529124736785889,1,2024-08-27 20:00:00+00:00
875,0.21441355347633362,0.6596993207931519,0.12588715553283691,1,2024-08-27 21:00:00+00:00
876,0.23087391257286072,0.5962426066398621,0.17288346588611603,1,2024-08-27 22:00:00+00:00
877,0.276204913854599,0.4550526440143585,0.2687424123287201,1,2024-08-27 23:00:00+00:00
878,0.31227439641952515,0.4141390025615692,0.27358654141426086,1,2024-08-28 00:00:00+00:00
879,0.25102677941322327,0.5580931901931763,0.19088006019592285,1,2024-08-28 01:00:00+00:00
880,0.2989433705806732,0.5319601893424988,0.1690964698791504,1,2024-08-28 02:00:00+00:00
881,0.27852243185043335,0.5648871064186096,0.15659049153327942,1,2024-08-28 03:00:00+00:00
882,0.30029940605163574,0.537482738494873,0.1622178554534912,1,2024-08-28 04:00:00+00:00
883,0.2569695711135864,0.607455849647522,0.13557450473308563,1,2024-08-28 05:00:00+00:00
884,0.2512868046760559,0.6150153279304504,0.13369785249233246,1,2024-08-28 06:00:00+00:00
885,0.22328180074691772,0.6636261343955994,0.11309205740690231,1,2024-08-28 07:00:00+00:00
886,0.18767589330673218,0.7109398245811462,0.10138431191444397,1,2024-08-28 08:00:00+00:00
887,0.2714138329029083,0.6030175089836121,0.12556865811347961,1,2024-08-28 09:00:00+00:00
888,0.2853723466396332,0.5830307006835938,0.1315969079732895,1,2024-08-28 10:00:00+00:00
889,0.21820692718029022,0.7005264163017273,0.08126670867204666,1,2024-08-28 11:00:00+00:00
890,0.2275269627571106,0.6831474900245667,0.08932549506425858,1,2024-08-28 12:00:00+00:00
891,0.17968350648880005,0.7561142444610596,0.06420231610536575,1,2024-08-28 13:00:00+00:00
892,0.17861834168434143,0.7543390393257141,0.06704261898994446,1,2024-08-28 14:00:00+00:00
893,0.22403033077716827,0.6683927178382874,0.10757695138454437,1,2024-08-28 15:00:00+00:00
894,0.23586423695087433,0.6398630142211914,0.12427271902561188,1,2024-08-28 16:00:00+00:00
895,0.23720787465572357,0.6362347602844238,0.1265573352575302,1,2024-08-28 17:00:00+00:00
896,0.26440081000328064,0.539597749710083,0.19600142538547516,1,2024-08-28 18:00:00+00:00
897,0.2607257664203644,0.5910895466804504,0.14818473160266876,1,2024-08-28 19:00:00+00:00
898,0.1968282163143158,0.711513340473175,0.09165836125612259,1,2024-08-28 20:00:00+00:00
899,0.22454196214675903,0.6604897975921631,0.1149682030081749,1,2024-08-28 21:00:00+00:00
900,0.24140143394470215,0.61564701795578,0.1429516077041626,1,2024-08-28 22:00:00+00:00
901,0.23405185341835022,0.6487413644790649,0.11720691621303558,1,2024-08-28 23:00:00+00:00
902,0.24836863577365875,0.6155726909637451,0.13605870306491852,1,2024-08-29 00:00:00+00:00
903,0.2199050635099411,0.6858698725700378,0.09422507882118225,1,2024-08-29 01:00:00+00:00
904,0.22789566218852997,0.6882074475288391,0.08389697223901749,1,2024-08-29 02:00:00+00:00
905,0.23407721519470215,0.6604507565498352,0.10547199845314026,1,2024-08-29 03:00:00+00:00
906,0.2165335714817047,0.7085644602775574,0.07490205019712448,1,2024-08-29 04:00:00+00:00
907,0.20187722146511078,0.7212405800819397,0.07688230276107788,1,2024-08-29 05:00:00+00:00
908,0.19718262553215027,0.7348385453224182,0.0679788887500763,1,2024-08-29 06:00:00+00:00
909,0.20462150871753693,0.7312308549880981,0.06414759159088135,1,2024-08-29 07:00:00+00:00
910,0.20299027860164642,0.7253812551498413,0.07162841409444809,1,2024-08-29 08:00:00+00:00
911,0.18813440203666687,0.760689377784729,0.051176223903894424,1,2024-08-29 09:00:00+00:00
912,0.18138812482357025,0.7597963809967041,0.05881543457508087,1,2024-08-29 10:00:00+00:00
913,0.1655472218990326,0.7502846121788025,0.0841682031750679,1,2024-08-29 11:00:00+00:00
914,0.19096964597702026,0.7090275883674622,0.1000027284026146,1,2024-08-29 12:00:00+00:00
915,0.1905551552772522,0.7014055252075195,0.10803937911987305,1,2024-08-29 13:00:00+00:00
916,0.17320910096168518,0.74598628282547,0.08080457150936127,1,2024-08-29 14:00:00+00:00
917,0.2411496788263321,0.6874831914901733,0.07136712223291397,1,2024-08-29 15:00:00+00:00
918,0.25477108359336853,0.6429672241210938,0.10226170718669891,1,2024-08-29 16:00:00+00:00
919,0.276619017124176,0.63298499584198,0.090395987033844,1,2024-08-29 17:00:00+00:00
920,0.24652615189552307,0.6569902896881104,0.09648358076810837,1,2024-08-29 18:00:00+00:00
921,0.21821193397045135,0.7092850804328918,0.07250296324491501,1,2024-08-29 19:00:00+00:00
922,0.23772995173931122,0.49080631136894226,0.2714637815952301,1,2024-08-29 20:00:00+00:00
923,0.24411067366600037,0.5394591093063354,0.21643011271953583,1,2024-08-29 21:00:00+00:00
924,0.2287449836730957,0.6090702414512634,0.1621846705675125,1,2024-08-29 22:00:00+00:00
925,0.20264045894145966,0.6566656231880188,0.14069390296936035,1,2024-08-29 23:00:00+00:00
926,0.20532795786857605,0.6067930459976196,0.18787898123264313,1,2024-08-30 00:00:00+00:00
927,0.20398463308811188,0.6375089883804321,0.15850640833377838,1,2024-08-30 01:00:00+00:00
928,0.21468381583690643,0.6490805149078369,0.13623560965061188,1,2024-08-30 02:00:00+00:00
929,0.1816648542881012,0.6970071196556091,0.12132792919874191,1,2024-08-30 03:00:00+00:00
930,0.17630551755428314,0.6900215744972229,0.13367292284965515,1,2024-08-30 04:00:00+00:00
931,0.15668118000030518,0.7205947637557983,0.12272404879331589,1,2024-08-30 05:00:00+00:00
932,0.15464341640472412,0.7442864179611206,0.10107019543647766,1,2024-08-30 06:00:00+00:00
933,0.14681467413902283,0.7207670211791992,0.13241827487945557,1,2024-08-30 07:00:00+00:00
934,0.13497185707092285,0.7770243287086487,0.08800376951694489,1,2024-08-30 08:00:00+00:00
935,0.1424490511417389,0.7621514201164246,0.09539952874183655,1,2024-08-30 09:00:00+00:00
936,0.1332257241010666,0.8064172267913818,0.06035706028342247,1,2024-08-30 10:00:00+00:00
937,0.13066436350345612,0.8083189129829407,0.06101677194237709,1,2024-08-30 11:00:00+00:00
938,0.14806270599365234,0.7793375849723816,0.07259981334209442,1,2024-08-30 12:00:00+00:00
939,0.14006443321704865,0.7650748491287231,0.09486078470945358,1,2024-08-30 13:00:00+00:00
940,0.13971006870269775,0.7617735862731934,0.09851639717817307,1,2024-08-30 14:00:00+00:00
941,0.13280801475048065,0.7258852124214172,0.14130671322345734,1,2024-08-30 15:00:00+00:00
942,0.20586957037448883,0.5569193363189697,0.23721113801002502,1,2024-08-30 16:00:00+00:00
943,0.24807533621788025,0.5038840770721436,0.2480406016111374,1,2024-08-30 17:00:00+00:00
944,0.18347525596618652,0.575182318687439,0.24134229123592377,1,2024-08-30 18:00:00+00:00
945,0.14739735424518585,0.6502715945243835,0.20233093202114105,1,2024-08-30 19:00:00+00:00
946,0.19814199209213257,0.6932187676429749,0.10863921791315079,1,2024-08-30 20:00:00+00:00
947,0.16992010176181793,0.7177008390426636,0.1123790442943573,1,2024-08-30 21:00:00+00:00
948,0.1525488644838333,0.7809094190597534,0.06654176861047745,1,2024-08-30 22:00:00+00:00
949,0.15526758134365082,0.7760066390037537,0.06872586160898209,1,2024-08-30 23:00:00+00:00
950,0.1506572663784027,0.8008875250816345,0.04845519736409187,1,2024-08-31 00:00:00+00:00
951,0.14754228293895721,0.8095822334289551,0.04287540167570114,1,2024-08-31 01:00:00+00:00
952,0.15458139777183533,0.7882299423217773,0.05718865245580673,1,2024-08-31 02:00:00+00:00
953,0.12696748971939087,0.8160595297813416,0.056973014026880264,1,2024-08-31 03:00:00+00:00
954,0.11327694356441498,0.8353546857833862,0.05136843025684357,1,2024-08-31 04:00:00+00:00
955,0.1310293823480606,0.8136112093925476,0.05535938963294029,1,2024-08-31 05:00:00+00:00
956,0.11517488211393356,0.8431723713874817,0.04165279492735863,1,2024-08-31 06:00:00+00:00
957,0.12147487699985504,0.818196177482605,0.06032905355095863,1,2024-08-31 07:00:00+00:00
958,0.1089911088347435,0.8207471370697021,0.0702618658542633,1,2024-08-31 08:00:00+00:00
959,0.09969419986009598,0.812449038028717,0.08785677701234818,1,2024-08-31 09:00:00+00:00
960,0.09974132478237152,0.7551884055137634,0.145070418715477,1,2024-08-31 10:00:00+00:00
961,0.10963395237922668,0.7460957765579224,0.1442701816558838,1,2024-08-31 11:00:00+00:00
962,0.11206965893507004,0.8030908107757568,0.08483949303627014,1,2024-08-31 12:00:00+00:00
963,0.10003932565450668,0.8334535956382751,0.06650698930025101,1,2024-08-31 13:00:00+00:00
964,0.10389119386672974,0.8267406821250916,0.06936821341514587,1,2024-08-31 14:00:00+00:00
965,0.10891362279653549,0.7794333696365356,0.11165302246809006,1,2024-08-31 15:00:00+00:00
966,0.16307920217514038,0.7475679516792297,0.08935272693634033,1,2024-08-31 16:00:00+00:00
967,0.17133180797100067,0.7393065690994263,0.08936157822608948,1,2024-08-31 17:00:00+00:00
968,0.16314925253391266,0.6475912928581238,0.18925949931144714,1,2024-08-31 18:00:00+00:00
969,0.13131281733512878,0.5640071630477905,0.3046800494194031,1,2024-08-31 19:00:00+00:00
970,0.10014612227678299,0.6844417452812195,0.2154121845960617,1,2024-08-31 20:00:00+00:00
971,0.11793578416109085,0.6992972493171692,0.18276697397232056,1,2024-08-31 21:00:00+00:00
972,0.10909716039896011,0.7190359234809875,0.17186690866947174,1,2024-08-31 22:00:00+00:00
973,0.11181288957595825,0.7531216740608215,0.1350654810667038,1,2024-08-31 23:00:00+00:00
974,0.09436115622520447,0.7598150968551636,0.14582385122776031,1,2024-09-01 00:00:00+00:00
975,0.075596384704113,0.8300673365592957,0.09433631598949432,1,2024-09-01 01:00:00+00:00
976,0.09818428754806519,0.7581016421318054,0.1437140703201294,1,2024-09-01 02:00:00+00:00
977,0.07770559191703796,0.700708270072937,0.2215861827135086,1,2024-09-01 03:00:00+00:00
978,0.08421240001916885,0.6644693613052368,0.2513182461261749,1,2024-09-01 04:00:00+00:00
979,0.06289848685264587,0.755723774433136,0.18137787282466888,1,2024-09-01 05:00:00+00:00
980,0.048428069800138474,0.8028280138969421,0.1487439125776291,1,2024-09-01 06:00:00+00:00
981,0.06090015172958374,0.7249231934547424,0.21417661011219025,1,2024-09-01 07:00:00+00:00
982,0.056302379816770554,0.7647446393966675,0.17895296216011047,1,2024-09-01 08:00:00+00:00
983,0.0722045749425888,0.7687865495681763,0.15900874137878418,1,2024-09-01 09:00:00+00:00
984,0.0747256726026535,0.7309731841087341,0.19430114328861237,1,2024-09-01 10:00:00+00:00
985,0.10803768038749695,0.7422319054603577,0.1497303694486618,1,2024-09-01 11:00:00+00:00
986,0.07268663495779037,0.7769052982330322,0.15040814876556396,1,2024-09-01 12:00:00+00:00
987,0.07868438959121704,0.806311309337616,0.11500422656536102,1,2024-09-01 13:00:00+00:00
988,0.08177895843982697,0.7692477107048035,0.14897334575653076,1,2024-09-01 14:00:00+00:00
989,0.09897928684949875,0.7169505953788757,0.18407011032104492,1,2024-09-01 15:00:00+00:00
990,0.10503003746271133,0.6647554636001587,0.230214461684227,1,2024-09-01 16:00:00+00:00
991,0.085837222635746,0.8007660508155823,0.11339680105447769,1,2024-09-01 17:00:00+00:00
992,0.09732559323310852,0.7536135911941528,0.14906080067157745,1,2024-09-01 18:00:00+00:00
993,0.10798089951276779,0.6164815425872803,0.2755375802516937,1,2024-09-01 19:00:00+00:00
994,0.117641381919384,0.7026661038398743,0.1796925812959671,1,2024-09-01 20:00:00+00:00
995,0.10133511573076248,0.7427457571029663,0.1559191197156906,1,2024-09-01 21:00:00+00:00
996,0.09466113895177841,0.7654284834861755,0.13991045951843262,1,2024-09-01 22:00:00+00:00
997,0.08148917555809021,0.741916835308075,0.17659400403499603,1,2024-09-01 23:00:00+00:00
998,0.09245045483112335,0.5554800033569336,0.35206952691078186,1,2024-09-02 00:00:00+00:00
999,0.08032151311635971,0.667309582233429,0.25236886739730835,1,2024-09-02 01:00:00+00:00
1000,0.09681650996208191,0.6780482530593872,0.22513523697853088,1,2024-09-02 02:00:00+00:00
1001,0.10285194963216782,0.7271628975868225,0.16998526453971863,1,2024-09-02 03:00:00+00:00
1002,0.08999306708574295,0.7719225287437439,0.13808444142341614,1,2024-09-02 04:00:00+00:00
1003,0.08413615822792053,0.807519793510437,0.10834410041570663,1,2024-09-02 05:00:00+00:00
1004,0.08962021768093109,0.7449119687080383,0.16546781361103058,1,2024-09-02 06:00:00+00:00
1005,0.12132210284471512,0.7728533148765564,0.1058245524764061,1,2024-09-02 07:00:00+00:00
1006,0.10079070180654526,0.7888750433921814,0.11033439636230469,1,2024-09-02 08:00:00+00:00
1007,0.0969967320561409,0.7473820447921753,0.1556212455034256,1,2024-09-02 09:00:00+00:00
1008,0.11045496165752411,0.7873399257659912,0.10220500826835632,1,2024-09-02 10:00:00+00:00
1009,0.08986552804708481,0.8466700911521912,0.06346450746059418,1,2024-09-02 11:00:00+00:00
1010,0.10359980911016464,0.8389976620674133,0.05740255117416382,1,2024-09-02 12:00:00+00:00
1011,0.08286085724830627,0.8636613488197327,0.05347776785492897,1,2024-09-02 13:00:00+00:00
1012,0.09196244925260544,0.8405243158340454,0.06751316785812378,1,2024-09-02 14:00:00+00:00
1013,0.0868765115737915,0.828171968460083,0.08495151251554489,1,2024-09-02 15:00:00+00:00
1014,0.11153824627399445,0.8145275115966797,0.0739341676235199,1,2024-09-02 16:00:00+00:00
1015,0.08493932336568832,0.8444820642471313,0.07057863473892212,1,2024-09-02 17:00:00+00:00
1016,0.09923423826694489,0.8065218925476074,0.09424381703138351,1,2024-09-02 18:00:00+00:00
1017,0.12105388939380646,0.8045841455459595,0.07436192780733109,1,2024-09-02 19:00:00+00:00
1018,0.11465370655059814,0.796057403087616,0.08928882330656052,1,2024-09-02 20:00:00+00:00
1019,0.08615288138389587,0.855064868927002,0.058782290667295456,1,2024-09-02 21:00:00+00:00
1020,0.14787793159484863,0.7768298983573914,0.07529208809137344,1,2024-09-02 22:00:00+00:00
1021,0.1420261263847351,0.7927979230880737,0.0651758462190628,1,2024-09-02 23:00:00+00:00
1022,0.15920956432819366,0.7977051138877869,0.04308532923460007,1,2024-09-03 00:00:00+00:00
1023,0.13979901373386383,0.8133444786071777,0.04685650393366814,1,2024-09-03 01:00:00+00:00
1024,0.14879778027534485,0.7963294982910156,0.054872699081897736,1,2024-09-03 02:00:00+00:00
1025,0.1403052806854248,0.810514509677887,0.04918020963668823,1,2024-09-03 03:00:00+00:00
1026,0.15578225255012512,0.7778139710426331,0.06640374660491943,1,2024-09-03 04:00:00+00:00
1027,0.12542831897735596,0.8262563347816467,0.04831530898809433,1,2024-09-03 05:00:00+00:00
1028,0.13087409734725952,0.8160655498504639,0.05306035280227661,1,2024-09-03 06:00:00+00:00
1029,0.10679730772972107,0.843793511390686,0.04940909147262573,1,2024-09-03 07:00:00+00:00
1030,0.1181359738111496,0.799856960773468,0.08200707286596298,1,2024-09-03 08:00:00+00:00
1031,0.14960569143295288,0.7871174812316895,0.06327680498361588,1,2024-09-03 09:00:00+00:00
1032,0.11426043510437012,0.7624111175537109,0.12332849949598312,1,2024-09-03 10:00:00+00:00
1033,0.08132345229387283,0.8231486082077026,0.09552787244319916,1,2024-09-03 11:00:00+00:00
1034,0.08453915268182755,0.835489809513092,0.07997111976146698,1,2024-09-03 12:00:00+00:00
1035,0.09099341928958893,0.835932195186615,0.07307443767786026,1,2024-09-03 13:00:00+00:00
1036,0.10889718681573868,0.7939294576644897,0.09717334061861038,1,2024-09-03 14:00:00+00:00
1037,0.10967091470956802,0.5438367128372192,0.3464924693107605,1,2024-09-03 15:00:00+00:00
1038,0.08584403991699219,0.5593007206916809,0.3548552989959717,1,2024-09-03 16:00:00+00:00
1039,0.07398537546396255,0.6121394038200378,0.3138751983642578,1,2024-09-03 17:00:00+00:00
1040,0.08367379009723663,0.5905132293701172,0.325812965631485,1,2024-09-03 18:00:00+00:00
1041,0.0958341509103775,0.6147091388702393,0.28945666551589966,1,2024-09-03 19:00:00+00:00
1042,0.10189878195524216,0.6181108951568604,0.27999019622802734,1,2024-09-03 20:00:00+00:00
1043,0.1390010267496109,0.6410565972328186,0.2199423462152481,1,2024-09-03 21:00:00+00:00
1044,0.10337543487548828,0.6885566711425781,0.20806781947612762,1,2024-09-03 22:00:00+00:00
1045,0.08656516671180725,0.7344550490379333,0.17897973954677582,1,2024-09-03 23:00:00+00:00
1046,0.06891273707151413,0.7858220338821411,0.14526522159576416,1,2024-09-04 00:00:00+00:00
1047,0.08320137858390808,0.7391858100891113,0.17761284112930298,1,2024-09-04 01:00:00+00:00
1048,0.09072007238864899,0.723303496837616,0.18597638607025146,1,2024-09-04 02:00:00+00:00
1049,0.16935276985168457,0.5671802759170532,0.2634669542312622,1,2024-09-04 03:00:00+00:00
1050,0.07361386716365814,0.7822570204734802,0.14412921667099,1,2024-09-04 04:00:00+00:00
1051,0.09451383352279663,0.7391558885574341,0.16633030772209167,1,2024-09-04 05:00:00+00:00
1052,0.08418094366788864,0.7886351346969604,0.12718398869037628,1,2024-09-04 06:00:00+00:00
1053,0.0740566998720169,0.78309166431427,0.14285162091255188,1,2024-09-04 07:00:00+00:00
1054,0.1086423397064209,0.7302305102348328,0.16112707555294037,1,2024-09-04 08:00:00+00:00
1055,0.11796966195106506,0.7467342615127563,0.13529609143733978,1,2024-09-04 09:00:00+00:00
1056,0.1170724555850029,0.7738345265388489,0.10909304767847061,1,2024-09-04 10:00:00+00:00
1057,0.1158946081995964,0.7589011788368225,0.12520430982112885,1,2024-09-04 11:00:00+00:00
1058,0.09878190606832504,0.7550010085105896,0.14621715247631073,1,2024-09-04 12:00:00+00:00
1059,0.1042427346110344,0.7605379819869995,0.13521930575370789,1,2024-09-04 13:00:00+00:00
1060,0.10044555366039276,0.7710049748420715,0.12854954600334167,1,2024-09-04 14:00:00+00:00
1061,0.12272553890943527,0.7480544447898865,0.12922000885009766,1,2024-09-04 15:00:00+00:00
1062,0.26273369789123535,0.6105553507804871,0.12671099603176117,1,2024-09-04 16:00:00+00:00
1063,0.22493022680282593,0.6893296837806702,0.08574014902114868,1,2024-09-04 17:00:00+00:00
1064,0.24212127923965454,0.6695430278778076,0.088335782289505,1,2024-09-04 18:00:00+00:00
1065,0.172731414437294,0.7549029588699341,0.0723656713962555,1,2024-09-04 19:00:00+00:00
1066,0.1395125687122345,0.7845250964164734,0.07596234977245331,1,2024-09-04 20:00:00+00:00
1067,0.12995687127113342,0.7972005605697632,0.07284259796142578,1,2024-09-04 21:00:00+00:00
1068,0.1488124281167984,0.7774227857589722,0.07376477867364883,1,2024-09-04 22:00:00+00:00
1069,0.13910864293575287,0.8080866932868958,0.05280469357967377,1,2024-09-04 23:00:00+00:00
1070,0.14493966102600098,0.8039547801017761,0.051105644553899765,1,2024-09-05 00:00:00+00:00
1071,0.1362999975681305,0.8101474642753601,0.05355249345302582,1,2024-09-05 01:00:00+00:00
1072,0.16659381985664368,0.7617464661598206,0.07165981084108353,1,2024-09-05 02:00:00+00:00
1073,0.1850767880678177,0.7568876147270203,0.05803554505109787,1,2024-09-05 03:00:00+00:00
1074,0.15376517176628113,0.7847617864608765,0.0614730641245842,1,2024-09-05 04:00:00+00:00
1075,0.1384456604719162,0.7598301768302917,0.10172417759895325,1,2024-09-05 05:00:00+00:00
1076,0.13665799796581268,0.7888127565383911,0.07452923059463501,1,2024-09-05 06:00:00+00:00
1077,0.157722607254982,0.7666323184967041,0.07564505934715271,1,2024-09-05 07:00:00+00:00
1078,0.1558326929807663,0.7260255813598633,0.11814168095588684,1,2024-09-05 08:00:00+00:00
1079,0.130295529961586,0.7672338485717773,0.10247062146663666,1,2024-09-05 09:00:00+00:00
1080,0.10749749839305878,0.7955175638198853,0.09698499739170074,1,2024-09-05 10:00:00+00:00
1081,0.13259145617485046,0.7047281861305237,0.16268040239810944,1,2024-09-05 11:00:00+00:00
1082,0.14153748750686646,0.7386797070503235,0.11978274583816528,1,2024-09-05 12:00:00+00:00
1083,0.14467297494411469,0.7366687059402466,0.11865827441215515,1,2024-09-05 13:00:00+00:00
1084,0.16903868317604065,0.6571215987205505,0.17383970320224762,1,2024-09-05 14:00:00+00:00
1085,0.16606242954730988,0.7307340502738953,0.10320349037647247,1,2024-09-05 15:00:00+00:00
1086,0.1230640858411789,0.5434402823448181,0.3334956169128418,1,2024-09-05 16:00:00+00:00
1087,0.10116846114397049,0.608457624912262,0.290373831987381,1,2024-09-05 17:00:00+00:00
1088,0.08713338524103165,0.6879682540893555,0.22489839792251587,1,2024-09-05 18:00:00+00:00
1089,0.11734814941883087,0.7333921194076538,0.1492597758769989,1,2024-09-05 19:00:00+00:00
1090,0.11260507255792618,0.7057465314865112,0.18164843320846558,1,2024-09-05 20:00:00+00:00
1091,0.09250256419181824,0.6483477354049683,0.2591496706008911,1,2024-09-05 21:00:00+00:00
1092,0.09193849563598633,0.674769937992096,0.2332916408777237,1,2024-09-05 22:00:00+00:00
1093,0.08796979486942291,0.7009289264678955,0.21110115945339203,1,2024-09-05 23:00:00+00:00
1094,0.07928203791379929,0.7660955190658569,0.15462243556976318,1,2024-09-06 00:00:00+00:00
1095,0.07477030158042908,0.7723252177238464,0.15290455520153046,1,2024-09-06 01:00:00+00:00
1096,0.09307929873466492,0.7155377268791199,0.19138295948505402,1,2024-09-06 02:00:00+00:00
1097,0.08842989057302475,0.7823872566223145,0.1291828155517578,1,2024-09-06 03:00:00+00:00
1098,0.09822282195091248,0.825133740901947,0.07664348185062408,1,2024-09-06 04:00:00+00:00
1099,0.106631800532341,0.807819128036499,0.08554902672767639,1,2024-09-06 05:00:00+00:00
1100,0.08397848159074783,0.8274518251419067,0.08856967091560364,1,2024-09-06 06:00:00+00:00
1101,0.0884593278169632,0.8129910826683044,0.09854962676763535,1,2024-09-06 07:00:00+00:00
1102,0.14751236140727997,0.7771022915840149,0.07538540661334991,1,2024-09-06 08:00:00+00:00
1103,0.12289188802242279,0.718788206577301,0.15831990540027618,1,2024-09-06 09:00:00+00:00
1104,0.10846874862909317,0.7841049432754517,0.1074262484908104,1,2024-09-06 10:00:00+00:00
1105,0.10696514695882797,0.727218747138977,0.16581609845161438,1,2024-09-06 11:00:00+00:00
1106,0.10387851297855377,0.7984451651573181,0.09767630696296692,1,2024-09-06 12:00:00+00:00
1107,0.09926522523164749,0.805061936378479,0.09567290544509888,1,2024-09-06 13:00:00+00:00
1108,0.1865513026714325,0.7263240814208984,0.08712458610534668,1,2024-09-06 14:00:00+00:00
1109,0.15068060159683228,0.6916738748550415,0.1576455533504486,1,2024-09-06 15:00:00+00:00
1110,0.1417432278394699,0.5870524048805237,0.2712043821811676,1,2024-09-06 16:00:00+00:00
1111,0.1404346227645874,0.5663365125656128,0.2932288646697998,1,2024-09-06 17:00:00+00:00
1112,0.12228766828775406,0.5032421946525574,0.3744700849056244,1,2024-09-06 18:00:00+00:00
1113,0.1196986511349678,0.5641611218452454,0.3161401152610779,1,2024-09-06 19:00:00+00:00
1114,0.09752155095338821,0.5950537323951721,0.3074246942996979,1,2024-09-06 20:00:00+00:00
1115,0.1558891385793686,0.5012190341949463,0.3428918123245239,1,2024-09-06 21:00:00+00:00
1116,0.14890331029891968,0.47430479526519775,0.3767918348312378,1,2024-09-06 22:00:00+00:00
1117,0.062300216406583786,0.7957203984260559,0.1419794261455536,1,2024-09-06 23:00:00+00:00
1118,0.04169978201389313,0.8956981897354126,0.06260199844837189,1,2024-09-07 00:00:00+00:00
1119,0.13046400249004364,0.7491844892501831,0.12035147845745087,1,2024-09-07 01:00:00+00:00
1120,0.15727266669273376,0.6584469079971313,0.18428051471710205,1,2024-09-07 02:00:00+00:00
1121,0.13439622521400452,0.7017739415168762,0.16382996737957,1,2024-09-07 03:00:00+00:00
1122,0.10843260586261749,0.7731042504310608,0.11846304684877396,1,2024-09-07 04:00:00+00:00
1123,0.10658189654350281,0.8004787564277649,0.09293937683105469,1,2024-09-07 05:00:00+00:00
1124,0.10442755371332169,0.8216378092765808,0.07393467426300049,1,2024-09-07 06:00:00+00:00
1125,0.13003934919834137,0.7955706119537354,0.07439017295837402,1,2024-09-07 07:00:00+00:00
1126,0.11793815344572067,0.811342179775238,0.07071966677904129,1,2024-09-07 08:00:00+00:00
1127,0.15868866443634033,0.7650424838066101,0.0762687623500824,1,2024-09-07 09:00:00+00:00
1128,0.13107357919216156,0.8180024027824402,0.05092403292655945,1,2024-09-07 10:00:00+00:00
1129,0.1208278238773346,0.81641685962677,0.06275533884763718,1,2024-09-07 11:00:00+00:00
1130,0.10069572925567627,0.8465718626976013,0.05273241549730301,1,2024-09-07 12:00:00+00:00
1131,0.10857456922531128,0.8448834419250488,0.04654194787144661,1,2024-09-07 13:00:00+00:00
1132,0.11517275124788284,0.8182519674301147,0.06657534092664719,1,2024-09-07 14:00:00+00:00
1133,0.15804867446422577,0.7510063648223877,0.09094499051570892,1,2024-09-07 15:00:00+00:00
1134,0.18760035932064056,0.7396475076675415,0.07275216281414032,1,2024-09-07 16:00:00+00:00
1135,0.20289607346057892,0.7121350169181824,0.08496895432472229,1,2024-09-07 17:00:00+00:00
1136,0.20506146550178528,0.7219995260238647,0.0729389563202858,1,2024-09-07 18:00:00+00:00
1137,0.18555130064487457,0.738441526889801,0.07600711286067963,1,2024-09-07 19:00:00+00:00
1138,0.1848391592502594,0.7606787085533142,0.054482147097587585,1,2024-09-07 20:00:00+00:00
1139,0.18071570992469788,0.7676975131034851,0.05158679932355881,1,2024-09-07 21:00:00+00:00
1140,0.17260639369487762,0.7670766115188599,0.060316964983940125,1,2024-09-07 22:00:00+00:00
1141,0.1791640669107437,0.730215847492218,0.09062009304761887,1,2024-09-07 23:00:00+00:00
1142,0.139339879155159,0.8093927502632141,0.0512673519551754,1,2024-09-08 00:00:00+00:00
1143,0.1373172104358673,0.8228853344917297,0.03979748487472534,1,2024-09-08 01:00:00+00:00
1144,0.18073886632919312,0.7627449035644531,0.056516148149967194,1,2024-09-08 02:00:00+00:00
1145,0.16960154473781586,0.7863051295280457,0.04409331455826759,1,2024-09-08 03:00:00+00:00
1146,0.22577086091041565,0.7318323254585266,0.04239682853221893,1,2024-09-08 04:00:00+00:00
1147,0.22219185531139374,0.7397363185882568,0.03807177022099495,1,2024-09-08 05:00:00+00:00
1148,0.2342783659696579,0.7178610563278198,0.04786057397723198,1,2024-09-08 06:00:00+00:00
1149,0.23774167895317078,0.7102433443069458,0.05201491713523865,1,2024-09-08 07:00:00+00:00
1150,0.20909498631954193,0.7409406900405884,0.04996436834335327,1,2024-09-08 08:00:00+00:00
1151,0.2996176779270172,0.5881892442703247,0.11219317466020584,1,2024-09-08 09:00:00+00:00
1152,0.22092846035957336,0.7242311239242554,0.05484037101268768,1,2024-09-08 10:00:00+00:00
1153,0.1689009964466095,0.776894211769104,0.054204802960157394,1,2024-09-08 11:00:00+00:00
1154,0.15688356757164001,0.7919295430183411,0.05118689686059952,1,2024-09-08 12:00:00+00:00
1155,0.20118790864944458,0.7192989587783813,0.07951316982507706,1,2024-09-08 13:00:00+00:00
1156,0.19760334491729736,0.7164952158927917,0.0859014242887497,1,2024-09-08 14:00:00+00:00
1157,0.18467490375041962,0.7399994730949402,0.0753256231546402,1,2024-09-08 15:00:00+00:00
1158,0.15386541187763214,0.7725331783294678,0.07360142469406128,1,2024-09-08 16:00:00+00:00
1159,0.16347944736480713,0.7273410558700562,0.10917943716049194,1,2024-09-08 17:00:00+00:00
1160,0.18370510637760162,0.7079496383666992,0.10834521800279617,1,2024-09-08 18:00:00+00:00
1161,0.20033006370067596,0.7166364789009094,0.08303339034318924,1,2024-09-08 19:00:00+00:00
1162,0.1715385913848877,0.7611554265022278,0.06730614602565765,1,2024-09-08 20:00:00+00:00
1163,0.1882927268743515,0.718319833278656,0.09338748455047607,1,2024-09-08 21:00:00+00:00
1164,0.17284151911735535,0.7599125504493713,0.06724593043327332,1,2024-09-08 22:00:00+00:00
1165,0.20926980674266815,0.7097880840301514,0.08094215393066406,1,2024-09-08 23:00:00+00:00
1166,0.22464807331562042,0.6424963474273682,0.13285551965236664,1,2024-09-09 00:00:00+00:00
1167,0.15803001821041107,0.7897822856903076,0.052187658846378326,1,2024-09-09 01:00:00+00:00
1168,0.20821250975131989,0.7156037092208862,0.0761837586760521,1,2024-09-09 03:00:00+00:00
1169,0.21543684601783752,0.7060858011245728,0.07847732305526733,1,2024-09-09 04:00:00+00:00
1170,0.2087894231081009,0.7009490728378296,0.09026142954826355,1,2024-09-09 05:00:00+00:00
1171,0.17188426852226257,0.7385762333869934,0.08953943103551865,1,2024-09-09 06:00:00+00:00
1172,0.1348423808813095,0.7855796217918396,0.07957795262336731,1,2024-09-09 07:00:00+00:00
1173,0.15203993022441864,0.7776281237602234,0.07033194601535797,1,2024-09-09 08:00:00+00:00
1174,0.15100589394569397,0.7762050032615662,0.07278911024332047,1,2024-09-09 09:00:00+00:00
1175,0.2497648149728775,0.6480138897895813,0.10222125053405762,1,2024-09-09 10:00:00+00:00
1176,0.18539312481880188,0.7075964212417603,0.10701045393943787,1,2024-09-09 11:00:00+00:00
1177,0.162366583943367,0.751734733581543,0.08589872717857361,1,2024-09-09 12:00:00+00:00
1178,0.13283513486385345,0.7815285325050354,0.0856364369392395,1,2024-09-09 13:00:00+00:00
1179,0.19621507823467255,0.675112247467041,0.12867268919944763,1,2024-09-09 14:00:00+00:00
1180,0.17215606570243835,0.7247719168663025,0.10307198017835617,1,2024-09-09 15:00:00+00:00
1181,0.16955336928367615,0.6817853450775146,0.148661270737648,1,2024-09-09 16:00:00+00:00
1182,0.17645631730556488,0.7084706425666809,0.1150730773806572,1,2024-09-09 17:00:00+00:00
1183,0.25626814365386963,0.5992512106895447,0.14448069036006927,1,2024-09-09 18:00:00+00:00
1184,0.21122261881828308,0.6593584418296814,0.12941892445087433,1,2024-09-09 19:00:00+00:00
1185,0.18454508483409882,0.7029779553413391,0.1124769076704979,1,2024-09-09 20:00:00+00:00
1186,0.20114672183990479,0.6872115135192871,0.11164171248674393,1,2024-09-09 21:00:00+00:00
1187,0.18336530029773712,0.6993416547775269,0.11729308217763901,1,2024-09-09 22:00:00+00:00
1188,0.17559915781021118,0.6973147988319397,0.12708592414855957,1,2024-09-09 23:00:00+00:00
1189,0.12749835848808289,0.7971237301826477,0.0753779411315918,1,2024-09-10 00:00:00+00:00
1190,0.10115303099155426,0.8241945505142212,0.07465238869190216,1,2024-09-10 01:00:00+00:00
1191,0.12414832413196564,0.7499761581420898,0.12587547302246094,1,2024-09-10 02:00:00+00:00
1192,0.13515593111515045,0.7031263113021851,0.1617177277803421,1,2024-09-10 03:00:00+00:00
1193,0.08525212854146957,0.8098421096801758,0.10490572452545166,1,2024-09-10 04:00:00+00:00
1194,0.07959837466478348,0.8025088906288147,0.11789272725582123,1,2024-09-10 05:00:00+00:00
1195,0.11053522676229477,0.7617486715316772,0.12771600484848022,1,2024-09-10 06:00:00+00:00
1196,0.12367318570613861,0.7654033303260803,0.1109234169125557,1,2024-09-10 07:00:00+00:00
1197,0.08993636816740036,0.757606565952301,0.1524571180343628,1,2024-09-10 08:00:00+00:00
1198,0.10168612003326416,0.7758015990257263,0.12251228094100952,1,2024-09-10 09:00:00+00:00
1199,0.06671454757452011,0.798896312713623,0.13438920676708221,1,2024-09-10 10:00:00+00:00
1200,0.08601795881986618,0.8057259917259216,0.108256034553051,1,2024-09-10 11:00:00+00:00
1201,0.08409524708986282,0.8463858366012573,0.06951890885829926,1,2024-09-10 12:00:00+00:00
1202,0.11623847484588623,0.819076657295227,0.0646849200129509,1,2024-09-10 13:00:00+00:00
1203,0.1110895499587059,0.7824872732162476,0.10642313957214355,1,2024-09-10 14:00:00+00:00
1204,0.11622922867536545,0.7436836361885071,0.14008726179599762,1,2024-09-10 15:00:00+00:00
1205,0.15585818886756897,0.7285258173942566,0.11561589688062668,1,2024-09-10 16:00:00+00:00
1206,0.12755127251148224,0.6730058193206787,0.19944284856319427,1,2024-09-10 17:00:00+00:00
1207,0.08366746455430984,0.8146411180496216,0.10169143974781036,1,2024-09-10 18:00:00+00:00
1208,0.09944478422403336,0.7987414598464966,0.10181382298469543,1,2024-09-10 19:00:00+00:00
1209,0.17466144263744354,0.7253987193107605,0.09993977844715118,1,2024-09-10 20:00:00+00:00
1210,0.15717600286006927,0.7618483304977417,0.08097554743289948,1,2024-09-10 21:00:00+00:00
1211,0.1712692379951477,0.7396054267883301,0.08912529796361923,1,2024-09-10 22:00:00+00:00
1212,0.14773482084274292,0.7639280557632446,0.08833717554807663,1,2024-09-10 23:00:00+00:00
1213,0.15594805777072906,0.7758578062057495,0.06819414347410202,1,2024-09-11 00:00:00+00:00
1214,0.11668486148118973,0.8328248858451843,0.05049028620123863,1,2024-09-11 01:00:00+00:00
1215,0.17947766184806824,0.7364097833633423,0.08411256968975067,1,2024-09-11 02:00:00+00:00
1216,0.14030256867408752,0.7132028937339783,0.14649459719657898,1,2024-09-11 03:00:00+00:00
1217,0.12061875313520432,0.7621544003486633,0.11722681671380997,1,2024-09-11 04:00:00+00:00
1218,0.11733333021402359,0.7488823533058167,0.13378429412841797,1,2024-09-11 05:00:00+00:00
1219,0.0925392359495163,0.692126452922821,0.21533434092998505,1,2024-09-11 06:00:00+00:00
1220,0.07308797538280487,0.7166354656219482,0.21027661859989166,1,2024-09-11 07:00:00+00:00
1221,0.09380859136581421,0.6916491985321045,0.2145421802997589,1,2024-09-11 08:00:00+00:00
1222,0.11496546864509583,0.666042685508728,0.21899177134037018,1,2024-09-11 09:00:00+00:00
1223,0.1086091622710228,0.6339222192764282,0.257468581199646,1,2024-09-11 10:00:00+00:00
1224,0.10152299702167511,0.6863157749176025,0.21216121315956116,1,2024-09-11 11:00:00+00:00
1225,0.07737990468740463,0.7391069531440735,0.18351314961910248,1,2024-09-11 12:00:00+00:00
1226,0.08067191392183304,0.7798864245414734,0.13944165408611298,1,2024-09-11 13:00:00+00:00
1227,0.10502196103334427,0.6963227987289429,0.1986551582813263,1,2024-09-11 14:00:00+00:00
1228,0.10531595349311829,0.6051511764526367,0.28953292965888977,1,2024-09-11 15:00:00+00:00
1229,0.09298531711101532,0.6633598804473877,0.24365487694740295,1,2024-09-11 16:00:00+00:00
1230,0.1166040301322937,0.6588010191917419,0.22459489107131958,1,2024-09-11 17:00:00+00:00
1231,0.11392460018396378,0.7114000916481018,0.17467531561851501,1,2024-09-11 18:00:00+00:00
1232,0.09610829502344131,0.7599950432777405,0.14389662444591522,1,2024-09-11 19:00:00+00:00
1233,0.0738581195473671,0.7872337102890015,0.13890810310840607,1,2024-09-11 20:00:00+00:00
1234,0.0649232342839241,0.8040406703948975,0.13103610277175903,1,2024-09-11 21:00:00+00:00
1235,0.060823749750852585,0.8326153755187988,0.1065608412027359,1,2024-09-11 22:00:00+00:00
1236,0.05772377923130989,0.8435040712356567,0.09877223521471024,1,2024-09-11 23:00:00+00:00
1237,0.04149193316698074,0.8802885413169861,0.07821951061487198,1,2024-09-12 00:00:00+00:00
1238,0.04085218533873558,0.8747810125350952,0.08436689525842667,1,2024-09-12 01:00:00+00:00
1239,0.07076229155063629,0.8085524439811707,0.12068524956703186,1,2024-09-12 02:00:00+00:00
1240,0.0659094825387001,0.8791686296463013,0.054921843111515045,1,2024-09-12 03:00:00+00:00
1241,0.1156051754951477,0.7781763672828674,0.10621841996908188,1,2024-09-12 04:00:00+00:00
1242,0.07227401435375214,0.8765308260917664,0.051195189356803894,1,2024-09-12 05:00:00+00:00
1243,0.07820120453834534,0.8632144927978516,0.05858432874083519,1,2024-09-12 06:00:00+00:00
1244,0.09275481849908829,0.8294437527656555,0.07780133932828903,1,2024-09-12 07:00:00+00:00
1245,0.08282652497291565,0.844375491142273,0.07279790937900543,1,2024-09-12 08:00:00+00:00
1246,0.0626051053404808,0.8799722790718079,0.057422541081905365,1,2024-09-12 09:00:00+00:00
1247,0.09167082607746124,0.85301274061203,0.05531638488173485,1,2024-09-12 10:00:00+00:00
1248,0.09383702278137207,0.8257441520690918,0.08041872829198837,1,2024-09-12 11:00:00+00:00
1249,0.08963418751955032,0.8487074375152588,0.06165839359164238,1,2024-09-12 12:00:00+00:00
1250,0.0719624012708664,0.8705973625183105,0.05744016915559769,1,2024-09-12 13:00:00+00:00
1251,0.10805487632751465,0.8006622195243835,0.09128288179636002,1,2024-09-12 14:00:00+00:00
1252,0.16620655357837677,0.7315417528152466,0.10225167870521545,1,2024-09-12 15:00:00+00:00
1253,0.17179130017757416,0.7131991386413574,0.115009605884552,1,2024-09-12 16:00:00+00:00
1254,0.1344081610441208,0.719652533531189,0.14593926072120667,1,2024-09-12 17:00:00+00:00
1255,0.13849405944347382,0.8054125905036926,0.056093376129865646,1,2024-09-12 18:00:00+00:00
1256,0.13740363717079163,0.8063836693763733,0.05621270462870598,1,2024-09-12 19:00:00+00:00
1257,0.161293163895607,0.7680615782737732,0.070645272731781,1,2024-09-12 20:00:00+00:00
1258,0.1603071242570877,0.7822626233100891,0.05743018537759781,1,2024-09-12 21:00:00+00:00
1259,0.1482529640197754,0.7826327085494995,0.0691143348813057,1,2024-09-12 22:00:00+00:00
1260,0.1576428860425949,0.7303910255432129,0.11196614801883698,1,2024-09-12 23:00:00+00:00
1261,0.18153530359268188,0.7620773911476135,0.0563872791826725,1,2024-09-13 00:00:00+00:00
1262,0.1996603161096573,0.7475466728210449,0.05279305577278137,1,2024-09-13 01:00:00+00:00
1263,0.17065317928791046,0.7645460963249207,0.06480065733194351,1,2024-09-13 02:00:00+00:00
1264,0.17109256982803345,0.7498327493667603,0.07907461374998093,1,2024-09-13 03:00:00+00:00
1265,0.10602103173732758,0.8249912858009338,0.06898766756057739,1,2024-09-13 04:00:00+00:00
1266,0.10057681798934937,0.7899577021598816,0.10946549475193024,1,2024-09-13 05:00:00+00:00
1267,0.10570985078811646,0.8043553829193115,0.08993472158908844,1,2024-09-13 06:00:00+00:00
1268,0.1381276249885559,0.7977319359779358,0.06414046883583069,1,2024-09-13 07:00:00+00:00
1269,0.12609384953975677,0.7755380272865295,0.09836816787719727,1,2024-09-13 08:00:00+00:00
1270,0.13863441348075867,0.7948153018951416,0.06655023992061615,1,2024-09-13 09:00:00+00:00
1271,0.12210407853126526,0.7560474276542664,0.12184847146272659,1,2024-09-13 10:00:00+00:00
1272,0.14067739248275757,0.7610510587692261,0.09827155619859695,1,2024-09-13 11:00:00+00:00
1273,0.2031736522912979,0.7281472682952881,0.06867912411689758,1,2024-09-13 12:00:00+00:00
1274,0.1539057195186615,0.7501101493835449,0.09598405659198761,1,2024-09-13 13:00:00+00:00
1275,0.16650693118572235,0.6916233897209167,0.1418696492910385,1,2024-09-13 14:00:00+00:00
1276,0.20870435237884521,0.7062613368034363,0.08503429591655731,1,2024-09-13 15:00:00+00:00
1277,0.2637171745300293,0.6373392939567566,0.09894351661205292,1,2024-09-13 16:00:00+00:00
1278,0.33034390211105347,0.5785861015319824,0.0910700112581253,1,2024-09-13 17:00:00+00:00
1279,0.260145902633667,0.6430256962776184,0.09682835638523102,1,2024-09-13 18:00:00+00:00
1280,0.22919538617134094,0.6839960813522339,0.08680852502584457,1,2024-09-13 19:00:00+00:00
1281,0.21053533256053925,0.7181806564331055,0.07128404825925827,1,2024-09-13 20:00:00+00:00
1282,0.25178614258766174,0.6535403728485107,0.09467347711324692,1,2024-09-13 21:00:00+00:00
1283,0.23774412274360657,0.689099133014679,0.07315677404403687,1,2024-09-13 22:00:00+00:00
1284,0.33135777711868286,0.5678530335426331,0.10078926384449005,1,2024-09-13 23:00:00+00:00
1285,0.2611336410045624,0.6639112830162048,0.07495509088039398,1,2024-09-14 00:00:00+00:00
1286,0.2257731407880783,0.6900249719619751,0.08420183509588242,1,2024-09-14 01:00:00+00:00
1287,0.2652275264263153,0.6334280371665955,0.10134444385766983,1,2024-09-14 02:00:00+00:00
1288,0.21028293669223785,0.7208361029624939,0.06888096034526825,1,2024-09-14 03:00:00+00:00
1289,0.18333935737609863,0.7602889537811279,0.056371740996837616,1,2024-09-14 04:00:00+00:00
1290,0.22010473906993866,0.7135271430015564,0.06636801362037659,1,2024-09-14 05:00:00+00:00
1291,0.2094283401966095,0.7227964401245117,0.06777521967887878,1,2024-09-14 06:00:00+00:00
1292,0.19394755363464355,0.7341236472129822,0.07192879170179367,1,2024-09-14 07:00:00+00:00
1293,0.181189626455307,0.7570662498474121,0.061744190752506256,1,2024-09-14 08:00:00+00:00
1294,0.16893793642520905,0.7735520005226135,0.05751009285449982,1,2024-09-14 09:00:00+00:00
1295,0.17623919248580933,0.7533791661262512,0.07038167119026184,1,2024-09-14 10:00:00+00:00
1296,0.1624436378479004,0.779771625995636,0.05778476968407631,1,2024-09-14 11:00:00+00:00
1297,0.15920691192150116,0.7708624601364136,0.06993062794208527,1,2024-09-14 12:00:00+00:00
1298,0.1441470980644226,0.7901856899261475,0.06566725671291351,1,2024-09-14 13:00:00+00:00
1299,0.14240817725658417,0.7962738871574402,0.06131790205836296,1,2024-09-14 14:00:00+00:00
1300,0.23022066056728363,0.6691176891326904,0.10066165030002594,1,2024-09-14 15:00:00+00:00
1301,0.30820274353027344,0.6170817613601685,0.0747155100107193,1,2024-09-14 16:00:00+00:00
1302,0.35906195640563965,0.5440611839294434,0.09687685966491699,1,2024-09-14 17:00:00+00:00
1303,0.2972441017627716,0.6281615495681763,0.0745944231748581,1,2024-09-14 18:00:00+00:00
1304,0.31708091497421265,0.5768764615058899,0.10604260861873627,1,2024-09-14 19:00:00+00:00
1305,0.24061277508735657,0.6628193259239197,0.09656789898872375,1,2024-09-14 20:00:00+00:00
1306,0.15657417476177216,0.7878589034080505,0.05556695908308029,1,2024-09-14 21:00:00+00:00
1307,0.24376662075519562,0.6192026138305664,0.1370307356119156,1,2024-09-14 22:00:00+00:00
1308,0.1516258269548416,0.7910318970680237,0.0573422834277153,1,2024-09-14 23:00:00+00:00
1309,0.1226401999592781,0.8212343454360962,0.056125324219465256,1,2024-09-15 00:00:00+00:00
1310,0.21727609634399414,0.6519162654876709,0.13080771267414093,1,2024-09-15 01:00:00+00:00
1311,0.17730697989463806,0.7435307502746582,0.07916223257780075,1,2024-09-15 02:00:00+00:00
1312,0.1680886596441269,0.7277568578720093,0.10415453463792801,1,2024-09-15 03:00:00+00:00
1313,0.10892149806022644,0.8360880017280579,0.054990530014038086,1,2024-09-15 04:00:00+00:00
1314,0.09572067856788635,0.843173086643219,0.06110628694295883,1,2024-09-15 05:00:00+00:00
1315,0.10208354890346527,0.7976751327514648,0.10024140775203705,1,2024-09-15 06:00:00+00:00
1316,0.10695593059062958,0.8066412210464478,0.08640281111001968,1,2024-09-15 07:00:00+00:00
1317,0.10081826895475388,0.8261570334434509,0.07302466034889221,1,2024-09-15 08:00:00+00:00
1318,0.11541111767292023,0.794331967830658,0.09025687724351883,1,2024-09-15 09:00:00+00:00
1319,0.10636918246746063,0.7943540811538696,0.09927678853273392,1,2024-09-15 10:00:00+00:00
1320,0.14610546827316284,0.687531054019928,0.16636337339878082,1,2024-09-15 11:00:00+00:00
1321,0.10510222613811493,0.7882460355758667,0.10665176063776016,1,2024-09-15 12:00:00+00:00
1322,0.10443518310785294,0.7879603505134583,0.10760439187288284,1,2024-09-15 13:00:00+00:00
1323,0.14930909872055054,0.7135886549949646,0.1371021866798401,1,2024-09-15 14:00:00+00:00
1324,0.15624627470970154,0.6971563696861267,0.14659731090068817,1,2024-09-15 15:00:00+00:00
1325,0.08491441607475281,0.8083846569061279,0.1067008227109909,1,2024-09-15 16:00:00+00:00
1326,0.11929887533187866,0.7516902089118958,0.12901094555854797,1,2024-09-15 17:00:00+00:00
1327,0.06727862358093262,0.8531159162521362,0.0796056017279625,1,2024-09-15 18:00:00+00:00
1328,0.046215008944272995,0.8944005370140076,0.059384483844041824,1,2024-09-15 19:00:00+00:00
1329,0.057697147130966187,0.870057225227356,0.07224559038877487,1,2024-09-15 20:00:00+00:00
1330,0.06414570659399033,0.8594374656677246,0.07641687989234924,1,2024-09-15 21:00:00+00:00
1331,0.05782410129904747,0.8767579793930054,0.06541799008846283,1,2024-09-15 22:00:00+00:00
1332,0.08412785828113556,0.8280957937240601,0.0877763032913208,1,2024-09-15 23:00:00+00:00
1333,0.056111134588718414,0.8810862898826599,0.06280272454023361,1,2024-09-16 00:00:00+00:00
1334,0.07190254330635071,0.8632181286811829,0.06487928330898285,1,2024-09-16 01:00:00+00:00
1335,0.06518776714801788,0.8716253638267517,0.06318686157464981,1,2024-09-16 02:00:00+00:00
1336,0.050473082810640335,0.8979892134666443,0.05153760686516762,1,2024-09-16 03:00:00+00:00
1337,0.05090687796473503,0.8997684717178345,0.04932459443807602,1,2024-09-16 04:00:00+00:00
1338,0.054728660732507706,0.8828620910644531,0.06240927800536156,1,2024-09-16 05:00:00+00:00
1339,0.052713435143232346,0.8851426839828491,0.06214383989572525,1,2024-09-16 06:00:00+00:00
1340,0.07071474194526672,0.8431017994880676,0.08618346601724625,1,2024-09-16 07:00:00+00:00
1341,0.20601007342338562,0.6179085969924927,0.1760813593864441,1,2024-09-16 08:00:00+00:00
1342,0.198144793510437,0.5868602991104126,0.2149948924779892,1,2024-09-16 09:00:00+00:00
1343,0.17150455713272095,0.6762752532958984,0.1522202044725418,1,2024-09-16 10:00:00+00:00
1344,0.1386145055294037,0.7337005734443665,0.12768493592739105,1,2024-09-16 11:00:00+00:00
1345,0.16364066302776337,0.6910626888275146,0.14529672265052795,1,2024-09-16 12:00:00+00:00
1346,0.11793504655361176,0.7818809151649475,0.10018406808376312,1,2024-09-16 13:00:00+00:00
1347,0.11678749322891235,0.7590292096138,0.1241832748055458,1,2024-09-16 14:00:00+00:00
1348,0.17755809426307678,0.6526525616645813,0.1697894185781479,1,2024-09-16 15:00:00+00:00
1349,0.16271530091762543,0.677909791469574,0.15937481820583344,1,2024-09-16 16:00:00+00:00
1350,0.16640891134738922,0.6752061247825623,0.1583849936723709,1,2024-09-16 17:00:00+00:00
1351,0.13235615193843842,0.7125293612480164,0.15511451661586761,1,2024-09-16 18:00:00+00:00
1352,0.22191208600997925,0.5515754222869873,0.22651247680187225,1,2024-09-16 19:00:00+00:00
1353,0.15520787239074707,0.6618695259094238,0.1829225867986679,1,2024-09-16 20:00:00+00:00
1354,0.15814906358718872,0.698156476020813,0.14369457960128784,1,2024-09-16 21:00:00+00:00
1355,0.15019670128822327,0.7063196897506714,0.14348360896110535,1,2024-09-16 22:00:00+00:00
1356,0.1830141544342041,0.7147334814071655,0.10225235670804977,1,2024-09-16 23:00:00+00:00
1357,0.11123993992805481,0.7947065830230713,0.09405345469713211,1,2024-09-17 00:00:00+00:00
1358,0.21251636743545532,0.692287266254425,0.09519634395837784,1,2024-09-17 01:00:00+00:00
1359,0.1753581315279007,0.6722367405891418,0.15240520238876343,1,2024-09-17 02:00:00+00:00
1360,0.1767960786819458,0.7180907130241394,0.10511322319507599,1,2024-09-17 03:00:00+00:00
1361,0.18626046180725098,0.7388168573379517,0.07492267340421677,1,2024-09-17 04:00:00+00:00
1362,0.17270348966121674,0.7661269903182983,0.0611695758998394,1,2024-09-17 05:00:00+00:00
1363,0.18562208116054535,0.7599614858627319,0.05441634729504585,1,2024-09-17 06:00:00+00:00
1364,0.21803194284439087,0.723347008228302,0.05862109363079071,1,2024-09-17 07:00:00+00:00
1365,0.18514865636825562,0.7572943568229675,0.05755699798464775,1,2024-09-17 08:00:00+00:00
1366,0.17491057515144348,0.7660601735115051,0.05902925133705139,1,2024-09-17 09:00:00+00:00
1367,0.16812239587306976,0.7661478519439697,0.06572972238063812,1,2024-09-17 10:00:00+00:00
1368,0.1990748792886734,0.7453595399856567,0.05556557700037956,1,2024-09-17 11:00:00+00:00
1369,0.21099305152893066,0.7340163588523865,0.05499066039919853,1,2024-09-17 12:00:00+00:00
1370,0.2061404585838318,0.7229259610176086,0.07093358784914017,1,2024-09-17 13:00:00+00:00
1371,0.20649433135986328,0.732624351978302,0.060881324112415314,1,2024-09-17 14:00:00+00:00
1372,0.22271618247032166,0.6800780892372131,0.09720566868782043,1,2024-09-17 15:00:00+00:00
1373,0.31767737865448,0.5633081197738647,0.1190144345164299,1,2024-09-17 16:00:00+00:00
1374,0.3208029568195343,0.5811904072761536,0.09800660610198975,1,2024-09-17 17:00:00+00:00
1375,0.28711509704589844,0.5995909571647644,0.11329398304224014,1,2024-09-17 18:00:00+00:00
1376,0.21165600419044495,0.7204110026359558,0.06793300062417984,1,2024-09-17 19:00:00+00:00
1377,0.21930554509162903,0.7020682096481323,0.07862629741430283,1,2024-09-17 20:00:00+00:00
1378,0.23578037321567535,0.6629623174667358,0.10125728696584702,1,2024-09-17 21:00:00+00:00
1379,0.2858823239803314,0.4913797080516815,0.22273790836334229,1,2024-09-17 22:00:00+00:00
1380,0.26924264430999756,0.4723697900772095,0.2583875358104706,1,2024-09-17 23:00:00+00:00
1381,0.2116616815328598,0.6941232681274414,0.09421505779027939,1,2024-09-18 01:00:00+00:00
1382,0.22218358516693115,0.6596425771713257,0.11817388981580734,1,2024-09-18 02:00:00+00:00
1383,0.1909039169549942,0.7126290202140808,0.09646696597337723,1,2024-09-18 03:00:00+00:00
1384,0.17809918522834778,0.7582592368125916,0.06364163756370544,1,2024-09-18 04:00:00+00:00
1385,0.17310483753681183,0.7682114243507385,0.05868374556303024,1,2024-09-18 05:00:00+00:00
1386,0.16121187806129456,0.7407688498497009,0.09801928699016571,1,2024-09-18 06:00:00+00:00
1387,0.15373443067073822,0.7444620728492737,0.1018035039305687,1,2024-09-18 07:00:00+00:00
1388,0.1508379876613617,0.7520294785499573,0.09713240712881088,1,2024-09-18 08:00:00+00:00
1389,0.13767609000205994,0.7716381549835205,0.09068585932254791,1,2024-09-18 09:00:00+00:00
1390,0.13264146447181702,0.7290742993354797,0.13828429579734802,1,2024-09-18 10:00:00+00:00
1391,0.10010061413049698,0.737748920917511,0.16215039789676666,1,2024-09-18 11:00:00+00:00
1392,0.11729004979133606,0.7339581251144409,0.14875179529190063,1,2024-09-18 12:00:00+00:00
1393,0.12214681506156921,0.7301971912384033,0.1476559042930603,1,2024-09-18 13:00:00+00:00
1394,0.12384187430143356,0.7533058524131775,0.12285232543945312,1,2024-09-18 14:00:00+00:00
1395,0.14274203777313232,0.6728364825248718,0.18442153930664062,1,2024-09-18 15:00:00+00:00
1396,0.12071501463651657,0.7690509557723999,0.11023405194282532,1,2024-09-18 16:00:00+00:00
1397,0.10963806509971619,0.8073167204856873,0.08304527401924133,1,2024-09-18 17:00:00+00:00
1398,0.2694157361984253,0.5528688430786133,0.17771539092063904,1,2024-09-18 18:00:00+00:00
1399,0.2368578165769577,0.6018519997596741,0.16129016876220703,1,2024-09-18 19:00:00+00:00
1400,0.26629766821861267,0.48686984181404114,0.24683254957199097,1,2024-09-18 20:00:00+00:00
1401,0.26545777916908264,0.5382316708564758,0.19631056487560272,1,2024-09-18 21:00:00+00:00
1402,0.26274895668029785,0.6173983216285706,0.11985263228416443,1,2024-09-18 22:00:00+00:00
1403,0.2366594672203064,0.6648266911506653,0.0985138788819313,1,2024-09-18 23:00:00+00:00
1404,0.24423947930335999,0.6732333302497864,0.08252718299627304,1,2024-09-19 00:00:00+00:00
1405,0.32928788661956787,0.5798745155334473,0.09083758294582367,1,2024-09-19 01:00:00+00:00
1406,0.4259199798107147,0.4243045151233673,0.14977547526359558,0,2024-09-19 02:00:00+00:00
1407,0.44966259598731995,0.43444839119911194,0.11588898301124573,0,2024-09-19 03:00:00+00:00
1408,0.36728185415267944,0.5460257530212402,0.08669237047433853,1,2024-09-19 04:00:00+00:00
1409,0.30333060026168823,0.6124317049980164,0.0842377096414566,1,2024-09-19 05:00:00+00:00
1410,0.3313524127006531,0.5768060088157654,0.09184159338474274,1,2024-09-19 06:00:00+00:00
1411,0.32703813910484314,0.5580265522003174,0.11493529379367828,1,2024-09-19 07:00:00+00:00
1412,0.2921708822250366,0.6171712875366211,0.09065782278776169,1,2024-09-19 08:00:00+00:00
1413,0.29487839341163635,0.6120930910110474,0.0930284783244133,1,2024-09-19 09:00:00+00:00
1414,0.32766395807266235,0.5542458295822144,0.11809025704860687,1,2024-09-19 10:00:00+00:00
1415,0.30445122718811035,0.5772539377212524,0.11829480528831482,1,2024-09-19 11:00:00+00:00
1416,0.3339967131614685,0.4792962074279785,0.1867070198059082,1,2024-09-19 12:00:00+00:00
1417,0.30611294507980347,0.5258947610855103,0.1679922342300415,1,2024-09-19 13:00:00+00:00
1418,0.327655166387558,0.4661690294742584,0.20617572963237762,1,2024-09-19 14:00:00+00:00
1419,0.2915821075439453,0.5438771843910217,0.16454076766967773,1,2024-09-19 15:00:00+00:00
1420,0.2936638593673706,0.5314865112304688,0.17484962940216064,1,2024-09-19 16:00:00+00:00
1421,0.2548180818557739,0.6025299429893494,0.14265204966068268,1,2024-09-19 17:00:00+00:00
1422,0.2813425064086914,0.5306769013404846,0.18798071146011353,1,2024-09-19 18:00:00+00:00
1423,0.2638415992259979,0.581142783164978,0.15501558780670166,1,2024-09-19 19:00:00+00:00
1424,0.24657513201236725,0.6224333643913269,0.13099150359630585,1,2024-09-19 20:00:00+00:00
1425,0.2292988896369934,0.63153475522995,0.1391664296388626,1,2024-09-19 21:00:00+00:00
1426,0.21111729741096497,0.6747451424598694,0.11413760483264923,1,2024-09-19 22:00:00+00:00
1427,0.1967683583498001,0.6958870887756348,0.10734458267688751,1,2024-09-19 23:00:00+00:00
1428,0.376382052898407,0.43294912576675415,0.19066877663135529,1,2024-09-20 00:00:00+00:00
1429,0.31834176182746887,0.5715944766998291,0.1100638285279274,1,2024-09-20 01:00:00+00:00
1430,0.3280879557132721,0.39074113965034485,0.28117090463638306,1,2024-09-20 02:00:00+00:00
1431,0.3032931685447693,0.5373865962028503,0.1593201607465744,1,2024-09-20 03:00:00+00:00
1432,0.31973791122436523,0.573970377445221,0.10629169642925262,1,2024-09-20 04:00:00+00:00
1433,0.43309950828552246,0.42112818360328674,0.14577235281467438,0,2024-09-20 05:00:00+00:00
1434,0.4157869219779968,0.4179310202598572,0.1662820279598236,1,2024-09-20 06:00:00+00:00
1435,0.35261380672454834,0.4871870279312134,0.1601991504430771,1,2024-09-20 07:00:00+00:00
1436,0.37493863701820374,0.3644966185092926,0.2605647146701813,0,2024-09-20 08:00:00+00:00
1437,0.3617517650127411,0.40956130623817444,0.22868691384792328,1,2024-09-20 09:00:00+00:00
1438,0.34327933192253113,0.45183929800987244,0.20488138496875763,1,2024-09-20 10:00:00+00:00
1439,0.3304068148136139,0.5165637135505676,0.15302947163581848,1,2024-09-20 11:00:00+00:00
1440,0.35712921619415283,0.4395848214626312,0.20328594744205475,1,2024-09-20 12:00:00+00:00
1441,0.3402576148509979,0.34923627972602844,0.31050604581832886,1,2024-09-20 13:00:00+00:00
1442,0.32551807165145874,0.3775597810745239,0.29692211747169495,1,2024-09-20 14:00:00+00:00
1443,0.27390387654304504,0.40134337544441223,0.3247527480125427,1,2024-09-20 15:00:00+00:00
1444,0.27971890568733215,0.408578485250473,0.3117024898529053,1,2024-09-20 16:00:00+00:00
1445,0.21674367785453796,0.5228056907653809,0.2604507505893707,1,2024-09-20 17:00:00+00:00
1446,0.2588164806365967,0.4443645775318146,0.29681888222694397,1,2024-09-20 18:00:00+00:00
1447,0.24404741823673248,0.484640896320343,0.27131175994873047,1,2024-09-20 19:00:00+00:00
1448,0.23770888149738312,0.45822054147720337,0.30407053232192993,1,2024-09-20 20:00:00+00:00
1449,0.20220595598220825,0.580662727355957,0.21713140606880188,1,2024-09-20 21:00:00+00:00
1450,0.23624491691589355,0.5150105357170105,0.24874454736709595,1,2024-09-20 22:00:00+00:00
1451,0.2500705420970917,0.5055192112922668,0.2444101870059967,1,2024-09-20 23:00:00+00:00
1452,0.23729388415813446,0.5618799328804016,0.20082619786262512,1,2024-09-21 00:00:00+00:00
1453,0.23968340456485748,0.5553268194198608,0.20498982071876526,1,2024-09-21 01:00:00+00:00
1454,0.24959474802017212,0.5174056887626648,0.23299960792064667,1,2024-09-21 02:00:00+00:00
1455,0.20647956430912018,0.5519294738769531,0.24159091711044312,1,2024-09-21 03:00:00+00:00
1456,0.12795719504356384,0.7407509684562683,0.13129188120365143,1,2024-09-21 04:00:00+00:00
1457,0.09681257605552673,0.7971550822257996,0.10603241622447968,1,2024-09-21 05:00:00+00:00
1458,0.12147992849349976,0.7443578839302063,0.13416215777397156,1,2024-09-21 06:00:00+00:00
1459,0.06755378097295761,0.8554596900939941,0.07698646932840347,1,2024-09-21 07:00:00+00:00
1460,0.07220977544784546,0.8460235595703125,0.08176666498184204,1,2024-09-21 08:00:00+00:00
1461,0.1261102259159088,0.7552810311317444,0.11860881745815277,1,2024-09-21 09:00:00+00:00
1462,0.12779472768306732,0.7562205195426941,0.11598481237888336,1,2024-09-21 10:00:00+00:00
1463,0.13571375608444214,0.7452426552772522,0.11904359608888626,1,2024-09-21 11:00:00+00:00
1464,0.1376357227563858,0.7363666296005249,0.1259976178407669,1,2024-09-21 12:00:00+00:00
1465,0.1301000863313675,0.759155809879303,0.11074413359165192,1,2024-09-21 13:00:00+00:00
1466,0.18873393535614014,0.6316710114479065,0.17959515750408173,1,2024-09-21 14:00:00+00:00
1467,0.2545967996120453,0.5177689790725708,0.22763417661190033,1,2024-09-21 15:00:00+00:00
1468,0.31480851769447327,0.5103376507759094,0.17485374212265015,1,2024-09-21 16:00:00+00:00
1469,0.2812424600124359,0.5125479698181152,0.20620964467525482,1,2024-09-21 17:00:00+00:00
1470,0.254620224237442,0.6161375641822815,0.1292421519756317,1,2024-09-21 18:00:00+00:00
1471,0.2561139464378357,0.5923078656196594,0.15157818794250488,1,2024-09-21 19:00:00+00:00
1472,0.21499218046665192,0.673804759979248,0.11120302230119705,1,2024-09-21 20:00:00+00:00
1473,0.19479002058506012,0.6853995323181152,0.11981041729450226,1,2024-09-21 21:00:00+00:00
1474,0.18115229904651642,0.7055891156196594,0.1132584884762764,1,2024-09-21 22:00:00+00:00
1475,0.14041949808597565,0.7553786039352417,0.10420188307762146,1,2024-09-21 23:00:00+00:00
1476,0.1914714127779007,0.7187452912330627,0.08978325128555298,1,2024-09-22 00:00:00+00:00
1477,0.21275070309638977,0.6941951513290405,0.09305419027805328,1,2024-09-22 01:00:00+00:00
1478,0.26174646615982056,0.528487503528595,0.20976601541042328,1,2024-09-22 02:00:00+00:00
1479,0.1761108785867691,0.7117560505867004,0.11213307827711105,1,2024-09-22 03:00:00+00:00
1480,0.14629051089286804,0.6986618638038635,0.15504761040210724,1,2024-09-22 04:00:00+00:00
1481,0.132626473903656,0.7767641544342041,0.09060941636562347,1,2024-09-22 05:00:00+00:00
1482,0.1642698347568512,0.7435691356658936,0.0921611562371254,1,2024-09-22 06:00:00+00:00
1483,0.16566042602062225,0.7315943837165833,0.10274521261453629,1,2024-09-22 07:00:00+00:00
1484,0.1549096405506134,0.6901152729988098,0.15497510135173798,1,2024-09-22 08:00:00+00:00
1485,0.16853199899196625,0.7390928864479065,0.09237515926361084,1,2024-09-22 09:00:00+00:00
1486,0.1582893580198288,0.7397188544273376,0.10199175775051117,1,2024-09-22 10:00:00+00:00
1487,0.09004717320203781,0.7883594632148743,0.12159335613250732,1,2024-09-22 11:00:00+00:00
1488,0.1007641851902008,0.7589884996414185,0.14024722576141357,1,2024-09-22 12:00:00+00:00
1489,0.2194843888282776,0.5580694675445557,0.2224462330341339,1,2024-09-22 13:00:00+00:00
1490,0.20605428516864777,0.5950474143028259,0.1988983303308487,1,2024-09-22 14:00:00+00:00
1491,0.1352262794971466,0.7009504437446594,0.16382326185703278,1,2024-09-22 15:00:00+00:00
1492,0.21895582973957062,0.60194993019104,0.17909421026706696,1,2024-09-22 16:00:00+00:00
1493,0.22540928423404694,0.5692667365074158,0.20532402396202087,1,2024-09-22 17:00:00+00:00
1494,0.15516848862171173,0.7011768221855164,0.1436546891927719,1,2024-09-22 18:00:00+00:00
1495,0.24682465195655823,0.5779539346694946,0.17522139847278595,1,2024-09-22 19:00:00+00:00
1496,0.16750945150852203,0.7170454263687134,0.1154450923204422,1,2024-09-22 20:00:00+00:00
1497,0.194036602973938,0.6969385147094727,0.10902488976716995,1,2024-09-22 21:00:00+00:00
1498,0.21491219103336334,0.6685116291046143,0.1165761947631836,1,2024-09-22 22:00:00+00:00
1499,0.12614335119724274,0.7373103499412537,0.136546328663826,1,2024-09-22 23:00:00+00:00
1500,0.24706493318080902,0.6290343999862671,0.12390060722827911,1,2024-09-23 00:00:00+00:00
1501,0.22404251992702484,0.6148579120635986,0.1610996425151825,1,2024-09-23 01:00:00+00:00
1502,0.22471076250076294,0.5507220029830933,0.22456729412078857,1,2024-09-23 02:00:00+00:00
1503,0.2648104429244995,0.6059165596961975,0.12927302718162537,1,2024-09-23 03:00:00+00:00
1504,0.25680267810821533,0.6548500657081604,0.08834731578826904,1,2024-09-23 04:00:00+00:00
1505,0.3165607452392578,0.5657172799110413,0.11772195994853973,1,2024-09-23 05:00:00+00:00
1506,0.2438695877790451,0.6617005467414856,0.09442980587482452,1,2024-09-23 06:00:00+00:00
1507,0.24611356854438782,0.653937041759491,0.0999494418501854,1,2024-09-23 07:00:00+00:00
1508,0.2548903822898865,0.6661967039108276,0.07891282439231873,1,2024-09-23 08:00:00+00:00
1509,0.26553937792778015,0.606151282787323,0.12830938398838043,1,2024-09-23 09:00:00+00:00
1510,0.26939135789871216,0.5624903440475464,0.16811828315258026,1,2024-09-23 10:00:00+00:00
1511,0.2271542251110077,0.6743841767311096,0.09846164286136627,1,2024-09-23 11:00:00+00:00
1512,0.2317758947610855,0.5519288182258606,0.2162952870130539,1,2024-09-23 12:00:00+00:00
1513,0.23752282559871674,0.5538582801818848,0.20861895382404327,1,2024-09-23 13:00:00+00:00
1514,0.2695477306842804,0.5141721367835999,0.21628005802631378,1,2024-09-23 14:00:00+00:00
1515,0.27560749650001526,0.5889846682548523,0.13540783524513245,1,2024-09-23 15:00:00+00:00
1516,0.2991373538970947,0.5482891201972961,0.1525736153125763,1,2024-09-23 16:00:00+00:00
1517,0.27016934752464294,0.6225659251213074,0.10726466774940491,1,2024-09-23 17:00:00+00:00
1518,0.2458345741033554,0.5898784399032593,0.16428706049919128,1,2024-09-23 18:00:00+00:00
1519,0.25189751386642456,0.6179046630859375,0.13019782304763794,1,2024-09-23 19:00:00+00:00
1520,0.26743364334106445,0.5455092191696167,0.18705718219280243,1,2024-09-23 20:00:00+00:00
1521,0.2277536392211914,0.6639600992202759,0.10828627645969391,1,2024-09-23 21:00:00+00:00
1522,0.21513088047504425,0.660897433757782,0.12397165596485138,1,2024-09-23 22:00:00+00:00
1523,0.2267269790172577,0.627445638179779,0.14582736790180206,1,2024-09-23 23:00:00+00:00
1524,0.18809187412261963,0.6952223181724548,0.11668578535318375,1,2024-09-24 00:00:00+00:00
1525,0.14999055862426758,0.7821781635284424,0.06783134490251541,1,2024-09-24 01:00:00+00:00
1526,0.13250292837619781,0.6688330769538879,0.19866393506526947,1,2024-09-24 02:00:00+00:00
1527,0.1582767218351364,0.6539050340652466,0.187818244099617,1,2024-09-24 03:00:00+00:00
1528,0.1777440756559372,0.69068443775177,0.1315714567899704,1,2024-09-24 04:00:00+00:00
1529,0.13556800782680511,0.7482252717018127,0.11620672792196274,1,2024-09-24 05:00:00+00:00
1530,0.10404100269079208,0.7771268486976624,0.11883223056793213,1,2024-09-24 07:00:00+00:00
1531,0.12218648195266724,0.7756902575492859,0.10212327539920807,1,2024-09-24 08:00:00+00:00
1532,0.18174321949481964,0.7286227345466614,0.08963409066200256,1,2024-09-24 09:00:00+00:00
1533,0.2799135148525238,0.6353909373283386,0.08469562977552414,1,2024-09-24 10:00:00+00:00
1534,0.21390306949615479,0.6983777284622192,0.08771924674510956,1,2024-09-24 11:00:00+00:00
1535,0.2251337468624115,0.6936864256858826,0.08117985725402832,1,2024-09-24 12:00:00+00:00
1536,0.2503235936164856,0.669898271560669,0.07977818697690964,1,2024-09-24 13:00:00+00:00
1537,0.2351737916469574,0.6738193035125732,0.09100690484046936,1,2024-09-24 14:00:00+00:00
1538,0.25152984261512756,0.6473826169967651,0.10108758509159088,1,2024-09-24 15:00:00+00:00
1539,0.24417951703071594,0.5287944078445435,0.22702600061893463,1,2024-09-24 16:00:00+00:00
1540,0.19560232758522034,0.6366808414459229,0.1677168607711792,1,2024-09-24 17:00:00+00:00
1541,0.24175429344177246,0.6095386147499084,0.14870713651180267,1,2024-09-24 18:00:00+00:00
1542,0.2526465058326721,0.6334877014160156,0.11386594921350479,1,2024-09-24 19:00:00+00:00
1543,0.2333938032388687,0.6551346182823181,0.11147156357765198,1,2024-09-24 20:00:00+00:00
1544,0.2756800055503845,0.6195454597473145,0.10477449744939804,1,2024-09-24 21:00:00+00:00
1545,0.27494704723358154,0.6149744391441345,0.11007844656705856,1,2024-09-24 22:00:00+00:00
1546,0.2112625241279602,0.7130559086799622,0.07568152248859406,1,2024-09-24 23:00:00+00:00
1547,0.35836753249168396,0.5251359939575195,0.11649641394615173,1,2024-09-25 00:00:00+00:00
1548,0.3362797498703003,0.5612897872924805,0.10243046283721924,1,2024-09-25 01:00:00+00:00
1549,0.30713579058647156,0.5526353120803833,0.14022894203662872,1,2024-09-25 02:00:00+00:00
1550,0.259899377822876,0.6437651515007019,0.09633544832468033,1,2024-09-25 03:00:00+00:00
1551,0.23364152014255524,0.6794688701629639,0.08688956499099731,1,2024-09-25 04:00:00+00:00
1552,0.23188400268554688,0.6837325096130371,0.0843835324048996,1,2024-09-25 05:00:00+00:00
1553,0.21692970395088196,0.6908059120178223,0.0922643169760704,1,2024-09-25 06:00:00+00:00
1554,0.1688803881406784,0.7622759938240051,0.0688435360789299,1,2024-09-25 07:00:00+00:00
1555,0.1999145895242691,0.689510703086853,0.1105746477842331,1,2024-09-25 08:00:00+00:00
1556,0.18953093886375427,0.7229979038238525,0.0874711349606514,1,2024-09-25 09:00:00+00:00
1557,0.21026787161827087,0.6829468607902527,0.10678526759147644,1,2024-09-25 10:00:00+00:00
1558,0.2166651487350464,0.6749884486198425,0.10834629833698273,1,2024-09-25 11:00:00+00:00
1559,0.2407902479171753,0.6388421058654785,0.12036771327257156,1,2024-09-25 12:00:00+00:00
1560,0.22732409834861755,0.6729961633682251,0.09967976808547974,1,2024-09-25 13:00:00+00:00
1561,0.24351206421852112,0.6263412237167358,0.13014674186706543,1,2024-09-25 14:00:00+00:00
1562,0.2710750699043274,0.5884644985198975,0.1404602825641632,1,2024-09-25 15:00:00+00:00
1563,0.2996303141117096,0.5702000260353088,0.1301695853471756,1,2024-09-25 16:00:00+00:00
1564,0.26148658990859985,0.5884069800376892,0.15010644495487213,1,2024-09-25 17:00:00+00:00
1565,0.23052085936069489,0.6293405890464783,0.14013856649398804,1,2024-09-25 18:00:00+00:00
1566,0.1734241545200348,0.6274829506874084,0.19909292459487915,1,2024-09-25 19:00:00+00:00
1567,0.23459956049919128,0.6262856721878052,0.13911472260951996,1,2024-09-25 20:00:00+00:00
1568,0.1974302977323532,0.6580804586410522,0.14448928833007812,1,2024-09-25 21:00:00+00:00
1569,0.21676188707351685,0.6562615633010864,0.12697653472423553,1,2024-09-25 22:00:00+00:00
1570,0.1692022979259491,0.7238616943359375,0.10693597793579102,1,2024-09-25 23:00:00+00:00
1571,0.15660883486270905,0.7032530903816223,0.14013800024986267,1,2024-09-26 00:00:00+00:00
1572,0.13024230301380157,0.716571033000946,0.1531866192817688,1,2024-09-26 04:00:00+00:00
1573,0.18209783732891083,0.7153078317642212,0.10259438306093216,1,2024-09-26 05:00:00+00:00
1574,0.17192493379116058,0.7445734739303589,0.0835016742348671,1,2024-09-26 06:00:00+00:00
1575,0.22375790774822235,0.6907181739807129,0.08552391827106476,1,2024-09-26 07:00:00+00:00
1576,0.2608111798763275,0.6530960202217102,0.08609284460544586,1,2024-09-26 08:00:00+00:00
1577,0.24448537826538086,0.6750155091285706,0.08049912005662918,1,2024-09-26 09:00:00+00:00
1578,0.23605301976203918,0.6712813377380371,0.09266556054353714,1,2024-09-26 10:00:00+00:00
1579,0.2194502055644989,0.7035778164863586,0.07697197794914246,1,2024-09-26 11:00:00+00:00
1580,0.2544010877609253,0.6624159216880798,0.08318288624286652,1,2024-09-26 12:00:00+00:00
1581,0.27726301550865173,0.6167730093002319,0.10596388578414917,1,2024-09-26 13:00:00+00:00
1582,0.3619113266468048,0.48812633752822876,0.14996235072612762,1,2024-09-26 14:00:00+00:00
1583,0.3654544949531555,0.48838767409324646,0.14615792036056519,1,2024-09-26 15:00:00+00:00
1584,0.3643234968185425,0.47600892186164856,0.15966765582561493,1,2024-09-26 16:00:00+00:00
1585,0.42798906564712524,0.41279250383377075,0.15921840071678162,0,2024-09-26 17:00:00+00:00
1586,0.4331480860710144,0.41974878311157227,0.14710313081741333,0,2024-09-26 18:00:00+00:00
1587,0.3702206611633301,0.4905535876750946,0.13922572135925293,1,2024-09-26 19:00:00+00:00
1588,0.3600441515445709,0.514306366443634,0.12564943730831146,1,2024-09-26 20:00:00+00:00
1589,0.3288227617740631,0.5376737117767334,0.1335035115480423,1,2024-09-26 21:00:00+00:00
1590,0.31081312894821167,0.5381996035575867,0.15098729729652405,1,2024-09-26 22:00:00+00:00
1591,0.32562610507011414,0.5468084216117859,0.12756548821926117,1,2024-09-26 23:00:00+00:00
1592,0.307037353515625,0.5807173848152161,0.11224526911973953,1,2024-09-27 00:00:00+00:00
1593,0.31651002168655396,0.5565615892410278,0.1269284039735794,1,2024-09-27 01:00:00+00:00
1594,0.3091593086719513,0.5577099323272705,0.13313090801239014,1,2024-09-27 02:00:00+00:00
1595,0.2954210340976715,0.5737866759300232,0.13079239428043365,1,2024-09-27 03:00:00+00:00
1596,0.273129403591156,0.604091465473175,0.12277927249670029,1,2024-09-27 04:00:00+00:00
1597,0.3142496645450592,0.5557933449745178,0.12995696067810059,1,2024-09-27 05:00:00+00:00
1598,0.3118934631347656,0.5508074164390564,0.1372990608215332,1,2024-09-27 06:00:00+00:00
1599,0.2911120355129242,0.6017712354660034,0.10711663216352463,1,2024-09-27 07:00:00+00:00
1600,0.3206344246864319,0.5413063168525696,0.13805921375751495,1,2024-09-27 08:00:00+00:00
1601,0.2888736128807068,0.5967739820480347,0.11435229331254959,1,2024-09-27 09:00:00+00:00
1602,0.3054293394088745,0.5619478225708008,0.13262276351451874,1,2024-09-27 10:00:00+00:00
1603,0.3491429388523102,0.46261170506477356,0.18824534118175507,1,2024-09-27 11:00:00+00:00
1604,0.2965085804462433,0.5487406849861145,0.1547507494688034,1,2024-09-27 12:00:00+00:00
1605,0.33254945278167725,0.5251173377037048,0.14233316481113434,1,2024-09-27 13:00:00+00:00
1606,0.37002700567245483,0.472769170999527,0.15720383822917938,1,2024-09-27 14:00:00+00:00
1607,0.3885778486728668,0.4086449146270752,0.20277723670005798,1,2024-09-27 15:00:00+00:00
1608,0.4376351237297058,0.3073737621307373,0.25499117374420166,0,2024-09-27 16:00:00+00:00
1609,0.32321763038635254,0.3457341194152832,0.33104825019836426,1,2024-09-27 17:00:00+00:00
1610,0.35093387961387634,0.41056856513023376,0.2384975254535675,1,2024-09-27 18:00:00+00:00
1611,0.33989381790161133,0.4238424599170685,0.236263707280159,1,2024-09-27 19:00:00+00:00
1612,0.27579209208488464,0.5199123024940491,0.2042955756187439,1,2024-09-27 20:00:00+00:00
1613,0.2730593681335449,0.5281460285186768,0.19879452884197235,1,2024-09-27 21:00:00+00:00
1614,0.29016897082328796,0.5051133036613464,0.20471768081188202,1,2024-09-27 22:00:00+00:00
1615,0.26567259430885315,0.5458785891532898,0.18844877183437347,1,2024-09-27 23:00:00+00:00
1616,0.2507951557636261,0.5826771259307861,0.16652771830558777,1,2024-09-28 00:00:00+00:00
1617,0.24297188222408295,0.5994524359703064,0.15757569670677185,1,2024-09-28 01:00:00+00:00
1618,0.2950401306152344,0.5147113800048828,0.19024845957756042,1,2024-09-28 02:00:00+00:00
1619,0.2774062752723694,0.5664805173873901,0.15611320734024048,1,2024-09-28 03:00:00+00:00
1620,0.23245078325271606,0.6223347783088684,0.14521440863609314,1,2024-09-28 04:00:00+00:00
1621,0.20027853548526764,0.64150470495224,0.158216655254364,1,2024-09-28 05:00:00+00:00
1622,0.1700894981622696,0.6890937089920044,0.1408168226480484,1,2024-09-28 06:00:00+00:00
1623,0.15625698864459991,0.6690428853034973,0.17470009624958038,1,2024-09-28 07:00:00+00:00
1624,0.15203969180583954,0.6045061349868774,0.24345415830612183,1,2024-09-28 08:00:00+00:00
1625,0.11483455449342728,0.7102729082107544,0.17489252984523773,1,2024-09-28 09:00:00+00:00
1626,0.10961785912513733,0.7088321447372437,0.1815500408411026,1,2024-09-28 10:00:00+00:00
1627,0.14895208179950714,0.6533427834510803,0.1977052092552185,1,2024-09-28 11:00:00+00:00
1628,0.19050808250904083,0.5940640568733215,0.21542790532112122,1,2024-09-28 12:00:00+00:00
1629,0.13872100412845612,0.7005878686904907,0.16069109737873077,1,2024-09-28 13:00:00+00:00
1630,0.1634279191493988,0.630581796169281,0.20599038898944855,1,2024-09-28 14:00:00+00:00
1631,0.1515943557024002,0.6655160188674927,0.18288972973823547,1,2024-09-28 15:00:00+00:00
1632,0.1831085979938507,0.6177588105201721,0.19913256168365479,1,2024-09-28 16:00:00+00:00
1633,0.1498694270849228,0.687324047088623,0.16280648112297058,1,2024-09-28 17:00:00+00:00
1634,0.11798586696386337,0.738923966884613,0.14309020340442657,1,2024-09-28 18:00:00+00:00
1635,0.12650515139102936,0.7381821870803833,0.13531272113323212,1,2024-09-28 19:00:00+00:00
1636,0.1660974770784378,0.6588848829269409,0.17501762509346008,1,2024-09-28 20:00:00+00:00
1637,0.12705372273921967,0.7392011880874634,0.13374508917331696,1,2024-09-28 21:00:00+00:00
1638,0.11007054895162582,0.7717143893241882,0.11821509897708893,1,2024-09-28 22:00:00+00:00
1639,0.14122353494167328,0.7054554224014282,0.15332108736038208,1,2024-09-28 23:00:00+00:00
1640,0.10457202047109604,0.7819018959999084,0.11352608352899551,1,2024-09-29 00:00:00+00:00
1641,0.0855165645480156,0.8252115249633789,0.08927187323570251,1,2024-09-29 01:00:00+00:00
1642,0.13179448246955872,0.7244196534156799,0.14378584921360016,1,2024-09-29 02:00:00+00:00
1643,0.07680576294660568,0.8203916549682617,0.10280259698629379,1,2024-09-29 03:00:00+00:00
1644,0.07394137233495712,0.8274194598197937,0.09863915294408798,1,2024-09-29 04:00:00+00:00
1645,0.08911360800266266,0.7869811654090881,0.12390514463186264,1,2024-09-29 05:00:00+00:00
1646,0.07770930975675583,0.7935395240783691,0.12875114381313324,1,2024-09-29 06:00:00+00:00
1647,0.08567281812429428,0.7554311752319336,0.1588960886001587,1,2024-09-29 07:00:00+00:00
1648,0.10219695419073105,0.6648633480072021,0.2329397052526474,1,2024-09-29 08:00:00+00:00
1649,0.09274455159902573,0.6891046762466431,0.21815082430839539,1,2024-09-29 09:00:00+00:00
1650,0.11974034458398819,0.6550536155700684,0.22520604729652405,1,2024-09-29 10:00:00+00:00
1651,0.10394015163183212,0.724603533744812,0.17145629227161407,1,2024-09-29 11:00:00+00:00
1652,0.08697924762964249,0.7645567059516907,0.14846405386924744,1,2024-09-29 12:00:00+00:00
1653,0.09895319491624832,0.7529789209365845,0.14806781709194183,1,2024-09-29 13:00:00+00:00
1654,0.1269768923521042,0.6415422558784485,0.23148083686828613,1,2024-09-29 14:00:00+00:00
1655,0.1776859015226364,0.5872442722320557,0.23506979644298553,1,2024-09-29 15:00:00+00:00
1656,0.09902242571115494,0.7533811330795288,0.14759646356105804,1,2024-09-29 16:00:00+00:00
1657,0.1532486528158188,0.667634904384613,0.17911648750305176,1,2024-09-29 17:00:00+00:00
1658,0.1831924170255661,0.6660383343696594,0.15076914429664612,1,2024-09-29 18:00:00+00:00
1659,0.18315216898918152,0.6759944558143616,0.14085328578948975,1,2024-09-29 19:00:00+00:00
1660,0.15842993557453156,0.716273307800293,0.12529681622982025,1,2024-09-29 20:00:00+00:00
1661,0.21895891427993774,0.6770260334014893,0.10401502251625061,1,2024-09-29 21:00:00+00:00
1662,0.20302937924861908,0.6879809498786926,0.10898971557617188,1,2024-09-29 22:00:00+00:00
1663,0.20256759226322174,0.7044047117233276,0.09302768111228943,1,2024-09-29 23:00:00+00:00
1664,0.1672395020723343,0.7432694435119629,0.08949104696512222,1,2024-09-30 00:00:00+00:00
1665,0.15204955637454987,0.7558020353317261,0.09214848279953003,1,2024-09-30 01:00:00+00:00
1666,0.20662684738636017,0.6129554510116577,0.18041777610778809,1,2024-09-30 02:00:00+00:00
1667,0.15803281962871552,0.559653103351593,0.28231412172317505,1,2024-09-30 03:00:00+00:00
1668,0.1463259756565094,0.5794634222984314,0.2742106318473816,1,2024-09-30 04:00:00+00:00
1669,0.16310006380081177,0.6217877864837646,0.21511206030845642,1,2024-09-30 05:00:00+00:00
1670,0.12911227345466614,0.6915876269340515,0.17930011451244354,1,2024-09-30 06:00:00+00:00
1671,0.17462682723999023,0.6719107627868652,0.15346239507198334,1,2024-09-30 07:00:00+00:00
1672,0.18417468667030334,0.6221089959144592,0.1937163770198822,1,2024-09-30 08:00:00+00:00
1673,0.20200394093990326,0.7095470428466797,0.08844899386167526,1,2024-09-30 09:00:00+00:00
1674,0.19911082088947296,0.6895110607147217,0.11137817054986954,1,2024-09-30 10:00:00+00:00
1675,0.18982088565826416,0.5040296912193298,0.3061494827270508,1,2024-09-30 11:00:00+00:00
1676,0.18435239791870117,0.5143861174583435,0.3012614846229553,1,2024-09-30 12:00:00+00:00
1677,0.2096358984708786,0.5368778705596924,0.2534862458705902,1,2024-09-30 13:00:00+00:00
1678,0.20737721025943756,0.6338066458702087,0.1588161438703537,1,2024-09-30 14:00:00+00:00
1679,0.1969035565853119,0.5645979642868042,0.2384985238313675,1,2024-09-30 15:00:00+00:00
1680,0.21052710711956024,0.4986635446548462,0.2908092737197876,1,2024-09-30 16:00:00+00:00
1681,0.17864999175071716,0.5183819532394409,0.3029680848121643,1,2024-09-30 17:00:00+00:00
1682,0.18922723829746246,0.5480899810791016,0.26268285512924194,1,2024-09-30 18:00:00+00:00
1683,0.18095609545707703,0.6150042414665222,0.20403966307640076,1,2024-09-30 19:00:00+00:00
1684,0.19096261262893677,0.584742546081543,0.22429482638835907,1,2024-09-30 20:00:00+00:00
1685,0.15897922217845917,0.616980254650116,0.22404050827026367,1,2024-09-30 21:00:00+00:00
1686,0.1842491626739502,0.6174803376197815,0.19827045500278473,1,2024-09-30 22:00:00+00:00
1687,0.1387956738471985,0.6777109503746033,0.18349336087703705,1,2024-09-30 23:00:00+00:00
1688,0.15034690499305725,0.6089476346969604,0.2407054752111435,1,2024-10-01 00:00:00+00:00
1689,0.17339113354682922,0.5345537066459656,0.2920551598072052,1,2024-10-01 01:00:00+00:00
1690,0.2089833915233612,0.5329418182373047,0.2580748498439789,1,2024-10-01 02:00:00+00:00
1691,0.18056637048721313,0.6652118563652039,0.15422168374061584,1,2024-10-01 03:00:00+00:00
1692,0.1710604727268219,0.7124142050743103,0.11652534455060959,1,2024-10-01 04:00:00+00:00
1693,0.16385245323181152,0.7497864365577698,0.08636105805635452,1,2024-10-01 05:00:00+00:00
1694,0.16547873616218567,0.7648367285728455,0.06968455016613007,1,2024-10-01 06:00:00+00:00
1695,0.12418274581432343,0.8027075529098511,0.07310966402292252,1,2024-10-01 07:00:00+00:00
1696,0.20330572128295898,0.7192814946174622,0.07741270214319229,1,2024-10-01 08:00:00+00:00
1697,0.13778626918792725,0.7893296480178833,0.07288401573896408,1,2024-10-01 09:00:00+00:00
1698,0.1461217850446701,0.7851510047912598,0.06872725486755371,1,2024-10-01 10:00:00+00:00
1699,0.19974054396152496,0.7350869178771973,0.06517243385314941,1,2024-10-01 11:00:00+00:00
1700,0.24739699065685272,0.6823943257331848,0.07020872831344604,1,2024-10-01 12:00:00+00:00
1701,0.1951136440038681,0.7246140241622925,0.08027234673500061,1,2024-10-01 13:00:00+00:00
1702,0.19408322870731354,0.7085840106010437,0.09733280539512634,1,2024-10-01 14:00:00+00:00
1703,0.20232002437114716,0.5059319138526917,0.2917481064796448,1,2024-10-01 15:00:00+00:00
1704,0.16540946066379547,0.4125339090824127,0.4220566153526306,2,2024-10-01 16:00:00+00:00
1705,0.1847742199897766,0.3720407485961914,0.443185031414032,2,2024-10-01 17:00:00+00:00
1706,0.15563368797302246,0.4647793769836426,0.37958696484565735,1,2024-10-01 18:00:00+00:00
1707,0.2297006994485855,0.38376113772392273,0.3865380883216858,2,2024-10-01 19:00:00+00:00
1708,0.1693742275238037,0.4991588890552521,0.3314668536186218,1,2024-10-01 20:00:00+00:00
1709,0.18825002014636993,0.4975893199443817,0.31416067481040955,1,2024-10-01 21:00:00+00:00
1710,0.25458139181137085,0.43683311343193054,0.3085854649543762,1,2024-10-01 22:00:00+00:00
1711,0.17475908994674683,0.541230320930481,0.28401049971580505,1,2024-10-01 23:00:00+00:00
1712,0.1771613508462906,0.5335465669631958,0.28929197788238525,1,2024-10-02 00:00:00+00:00
1713,0.13419215381145477,0.6595479846000671,0.20625975728034973,1,2024-10-02 01:00:00+00:00
1714,0.22632353007793427,0.5060256123542786,0.26765087246894836,1,2024-10-02 02:00:00+00:00
1715,0.18712066113948822,0.5979645848274231,0.2149146944284439,1,2024-10-02 03:00:00+00:00
1716,0.1571791172027588,0.6620110273361206,0.18080981075763702,1,2024-10-02 04:00:00+00:00
1717,0.12909579277038574,0.7060459852218628,0.16485820710659027,1,2024-10-02 05:00:00+00:00
1718,0.10527361929416656,0.7398046255111694,0.1549217849969864,1,2024-10-02 06:00:00+00:00
1719,0.10800711810588837,0.7348716259002686,0.15712128579616547,1,2024-10-02 07:00:00+00:00
1720,0.10625813901424408,0.7591886520385742,0.1345531940460205,1,2024-10-02 08:00:00+00:00
1721,0.11177588999271393,0.7557535767555237,0.13247056305408478,1,2024-10-02 09:00:00+00:00
1722,0.08928683400154114,0.805387556552887,0.10532571375370026,1,2024-10-02 10:00:00+00:00
1723,0.11946721374988556,0.7102121114730835,0.1703208088874817,1,2024-10-02 11:00:00+00:00
1724,0.1057669147849083,0.7465126514434814,0.14772042632102966,1,2024-10-02 12:00:00+00:00
1725,0.12059106677770615,0.7121747732162476,0.1672341227531433,1,2024-10-02 13:00:00+00:00
1726,0.1583060920238495,0.629711389541626,0.21198247373104095,1,2024-10-02 14:00:00+00:00
1727,0.20506519079208374,0.5233564972877502,0.27157825231552124,1,2024-10-02 15:00:00+00:00
1728,0.2142285257577896,0.4790639877319336,0.3067074418067932,1,2024-10-02 16:00:00+00:00
1729,0.2225433737039566,0.6577361226081848,0.119720458984375,1,2024-10-02 17:00:00+00:00
1730,0.23464834690093994,0.5808598399162292,0.18449191749095917,1,2024-10-02 18:00:00+00:00
1731,0.23185303807258606,0.5760924816131592,0.19205455482006073,1,2024-10-02 19:00:00+00:00
1732,0.21265196800231934,0.35565057396888733,0.4316975176334381,2,2024-10-02 20:00:00+00:00
1733,0.21727390587329865,0.3761383891105652,0.40658771991729736,2,2024-10-02 21:00:00+00:00
1734,0.2370837926864624,0.5315396189689636,0.2313765436410904,1,2024-10-02 22:00:00+00:00
1735,0.19084742665290833,0.6064360737800598,0.20271654427051544,1,2024-10-02 23:00:00+00:00
1736,0.19270329177379608,0.6660174131393433,0.14127928018569946,1,2024-10-03 00:00:00+00:00
1737,0.1765666902065277,0.6718104481697083,0.15162283182144165,1,2024-10-03 01:00:00+00:00
1738,0.2195555865764618,0.5902377367019653,0.19020667672157288,1,2024-10-03 02:00:00+00:00
1739,0.19261276721954346,0.6274125576019287,0.17997460067272186,1,2024-10-03 03:00:00+00:00
1740,0.14509055018424988,0.7180781960487366,0.13683119416236877,1,2024-10-03 04:00:00+00:00
1741,0.13477478921413422,0.7522462010383606,0.11297903209924698,1,2024-10-03 05:00:00+00:00
1742,0.141433447599411,0.7353925704956055,0.12317407131195068,1,2024-10-03 06:00:00+00:00
1743,0.14432933926582336,0.7390461564064026,0.11662443727254868,1,2024-10-03 07:00:00+00:00
1744,0.10176101326942444,0.7881064414978027,0.11013250797986984,1,2024-10-03 08:00:00+00:00
1745,0.13474051654338837,0.5732190608978271,0.2920404076576233,1,2024-10-03 09:00:00+00:00
1746,0.16471868753433228,0.43711504340171814,0.3981662392616272,1,2024-10-03 10:00:00+00:00
1747,0.18283160030841827,0.4373493790626526,0.37981903553009033,1,2024-10-03 11:00:00+00:00
1748,0.16474643349647522,0.6718510389328003,0.1634024828672409,1,2024-10-03 12:00:00+00:00
1749,0.15375378727912903,0.5897319316864014,0.2565142512321472,1,2024-10-03 13:00:00+00:00
1750,0.1872202306985855,0.46110838651657104,0.351671427488327,1,2024-10-03 14:00:00+00:00
1751,0.19162684679031372,0.42631226778030396,0.3820609152317047,1,2024-10-03 15:00:00+00:00
1752,0.1953822523355484,0.41512179374694824,0.3894960284233093,1,2024-10-03 16:00:00+00:00
1753,0.21544228494167328,0.4587276577949524,0.3258300721645355,1,2024-10-03 17:00:00+00:00
1754,0.21050617098808289,0.4473692774772644,0.3421245515346527,1,2024-10-03 18:00:00+00:00
1755,0.2026793211698532,0.5276015996932983,0.26971903443336487,1,2024-10-03 19:00:00+00:00
1756,0.18825234472751617,0.6441200971603394,0.16762755811214447,1,2024-10-03 20:00:00+00:00
1757,0.21067684888839722,0.6631680727005005,0.1261550486087799,1,2024-10-03 21:00:00+00:00
1758,0.15020905435085297,0.7142112255096436,0.1355796605348587,1,2024-10-03 22:00:00+00:00
1759,0.16447535157203674,0.7201964259147644,0.11532826721668243,1,2024-10-03 23:00:00+00:00
1760,0.11600084602832794,0.797174334526062,0.08682487159967422,1,2024-10-04 00:00:00+00:00
1761,0.14149785041809082,0.7548413872718811,0.10366079211235046,1,2024-10-04 01:00:00+00:00
1762,0.19968807697296143,0.595288097858429,0.20502381026744843,1,2024-10-04 02:00:00+00:00
1763,0.1679399460554123,0.7460266351699829,0.08603336662054062,1,2024-10-04 03:00:00+00:00
1764,0.14113132655620575,0.7972522974014282,0.06161636859178543,1,2024-10-04 04:00:00+00:00
1765,0.12324412167072296,0.8045093417167664,0.0722465068101883,1,2024-10-04 05:00:00+00:00
1766,0.1310136765241623,0.8027105927467346,0.06627574563026428,1,2024-10-04 06:00:00+00:00
1767,0.16112284362316132,0.7719212174415588,0.06695594638586044,1,2024-10-04 07:00:00+00:00
1768,0.15350578725337982,0.7727881669998169,0.0737060010433197,1,2024-10-04 08:00:00+00:00
1769,0.21625733375549316,0.7251269817352295,0.058615732938051224,1,2024-10-04 09:00:00+00:00
1770,0.25793561339378357,0.682818591594696,0.05924580246210098,1,2024-10-04 10:00:00+00:00
1771,0.21434326469898224,0.7369710803031921,0.04868567734956741,1,2024-10-04 11:00:00+00:00
1772,0.19601918756961823,0.7460641860961914,0.05791651830077171,1,2024-10-04 12:00:00+00:00
1773,0.20697909593582153,0.747519314289093,0.04550163447856903,1,2024-10-04 13:00:00+00:00
1774,0.2878589332103729,0.6347702145576477,0.077370785176754,1,2024-10-04 14:00:00+00:00
1775,0.3003670275211334,0.5719899535179138,0.12764300405979156,1,2024-10-04 15:00:00+00:00
1776,0.25277405977249146,0.6246029734611511,0.12262294441461563,1,2024-10-04 16:00:00+00:00
1777,0.2830357849597931,0.597583532333374,0.11938069015741348,1,2024-10-04 17:00:00+00:00
1778,0.2684115767478943,0.580720841884613,0.1508675515651703,1,2024-10-04 18:00:00+00:00
1779,0.25733330845832825,0.6466655731201172,0.09600111097097397,1,2024-10-04 19:00:00+00:00
1780,0.2551688849925995,0.6485555171966553,0.09627553820610046,1,2024-10-04 20:00:00+00:00
1781,0.2063237577676773,0.7277925610542297,0.06588371843099594,1,2024-10-04 21:00:00+00:00
1782,0.20899412035942078,0.7062959671020508,0.08470988273620605,1,2024-10-04 22:00:00+00:00
1783,0.22265243530273438,0.6850823760032654,0.09226512908935547,1,2024-10-04 23:00:00+00:00
1784,0.15091946721076965,0.7934664487838745,0.05561411380767822,1,2024-10-05 00:00:00+00:00
1785,0.15328513085842133,0.7935437560081482,0.05317101627588272,1,2024-10-05 01:00:00+00:00
1786,0.18974362313747406,0.6975317597389221,0.11272457987070084,1,2024-10-05 02:00:00+00:00
1787,0.15407229959964752,0.7833884954452515,0.06253921240568161,1,2024-10-05 03:00:00+00:00
1788,0.1534893959760666,0.7449852228164673,0.10152534395456314,1,2024-10-05 04:00:00+00:00
1789,0.14258481562137604,0.7713135480880737,0.08610173314809799,1,2024-10-05 05:00:00+00:00
1790,0.14784015715122223,0.7696855068206787,0.08247430622577667,1,2024-10-05 06:00:00+00:00
1791,0.16088928282260895,0.7734214663505554,0.06568919122219086,1,2024-10-05 07:00:00+00:00
1792,0.160446897149086,0.7623745203018188,0.07717853039503098,1,2024-10-05 08:00:00+00:00
1793,0.12773443758487701,0.7858719229698181,0.08639363944530487,1,2024-10-05 09:00:00+00:00
1794,0.12050651013851166,0.7919520735740662,0.08754146844148636,1,2024-10-05 10:00:00+00:00
1795,0.12278520315885544,0.7981137633323669,0.0791010931134224,1,2024-10-05 11:00:00+00:00
1796,0.12161104381084442,0.7491029500961304,0.1292860209941864,1,2024-10-05 12:00:00+00:00
1797,0.10959107428789139,0.756128191947937,0.134280726313591,1,2024-10-05 13:00:00+00:00
1798,0.10955318063497543,0.7634481191635132,0.12699879705905914,1,2024-10-05 14:00:00+00:00
1799,0.11098656058311462,0.6455765962600708,0.24343688786029816,1,2024-10-05 15:00:00+00:00
1800,0.1167406216263771,0.6688859462738037,0.21437346935272217,1,2024-10-05 16:00:00+00:00
1801,0.1018490269780159,0.6824601888656616,0.2156907171010971,1,2024-10-05 17:00:00+00:00
1802,0.06927880644798279,0.7384494543075562,0.1922716647386551,1,2024-10-05 18:00:00+00:00
1803,0.08646072447299957,0.7206531167030334,0.19288605451583862,1,2024-10-05 19:00:00+00:00
1804,0.053954385221004486,0.8079491257667542,0.13809648156166077,1,2024-10-05 20:00:00+00:00
1805,0.06436444073915482,0.7771176695823669,0.1585177779197693,1,2024-10-05 21:00:00+00:00
1806,0.06650190055370331,0.7472724914550781,0.18622556328773499,1,2024-10-05 22:00:00+00:00
1807,0.09391123056411743,0.7113561034202576,0.1947326809167862,1,2024-10-05 23:00:00+00:00
1808,0.090444415807724,0.7766680717468262,0.13288748264312744,1,2024-10-06 00:00:00+00:00
1809,0.07609118521213531,0.828278124332428,0.09563062340021133,1,2024-10-06 01:00:00+00:00
1810,0.10324510186910629,0.717884361743927,0.17887045443058014,1,2024-10-06 02:00:00+00:00
1811,0.11714685708284378,0.7767083644866943,0.10614480078220367,1,2024-10-06 03:00:00+00:00
1812,0.11839435994625092,0.7939877510070801,0.08761787414550781,1,2024-10-06 04:00:00+00:00
1813,0.10874296724796295,0.7798912525177002,0.11136588454246521,1,2024-10-06 05:00:00+00:00
1814,0.10681670159101486,0.8218443393707275,0.0713389590382576,1,2024-10-06 06:00:00+00:00
1815,0.09885571897029877,0.8255889415740967,0.07555529475212097,1,2024-10-06 07:00:00+00:00
1816,0.13079635798931122,0.7859616279602051,0.08324196934700012,1,2024-10-06 08:00:00+00:00
1817,0.20350617170333862,0.7102358937263489,0.08625783026218414,1,2024-10-06 09:00:00+00:00
1818,0.17589005827903748,0.7358070015907288,0.08830300718545914,1,2024-10-06 10:00:00+00:00
1819,0.1472545862197876,0.7867943644523621,0.06595104187726974,1,2024-10-06 11:00:00+00:00
1820,0.14759352803230286,0.7897319197654724,0.06267451494932175,1,2024-10-06 12:00:00+00:00
1821,0.19136486947536469,0.7424231171607971,0.06621190905570984,1,2024-10-06 13:00:00+00:00
1822,0.25261422991752625,0.6647167205810547,0.08266910165548325,1,2024-10-06 14:00:00+00:00
1823,0.3013134300708771,0.5847987532615662,0.11388780921697617,1,2024-10-06 15:00:00+00:00
1824,0.32332682609558105,0.5673630237579346,0.10931016504764557,1,2024-10-06 16:00:00+00:00
1825,0.3239246606826782,0.5531888008117676,0.12288668006658554,1,2024-10-06 17:00:00+00:00
1826,0.29544728994369507,0.5766364932060242,0.12791626155376434,1,2024-10-06 18:00:00+00:00
1827,0.2570776343345642,0.6451459527015686,0.0977763906121254,1,2024-10-06 19:00:00+00:00
1828,0.2870160639286041,0.5550686717033386,0.15791526436805725,1,2024-10-06 20:00:00+00:00
1829,0.2592599093914032,0.6168208718299866,0.12391923367977142,1,2024-10-06 21:00:00+00:00
1830,0.17283135652542114,0.7322505116462708,0.09491810947656631,1,2024-10-06 22:00:00+00:00
1831,0.21372771263122559,0.6742390990257263,0.11203324794769287,1,2024-10-06 23:00:00+00:00
1832,0.1839916855096817,0.731383740901947,0.08462458103895187,1,2024-10-07 00:00:00+00:00
1833,0.1837701052427292,0.7408241629600525,0.07540568709373474,1,2024-10-07 01:00:00+00:00
1834,0.278378963470459,0.5283361673355103,0.19328494369983673,1,2024-10-07 02:00:00+00:00
1835,0.28389227390289307,0.568510115146637,0.14759758114814758,1,2024-10-07 03:00:00+00:00
1836,0.2300722450017929,0.6645270586013794,0.10540064424276352,1,2024-10-07 04:00:00+00:00
1837,0.1871645599603653,0.7184640169143677,0.09437147527933121,1,2024-10-07 05:00:00+00:00
1838,0.18273240327835083,0.7370967864990234,0.08017083257436752,1,2024-10-07 06:00:00+00:00
1839,0.1913919895887375,0.7233998775482178,0.08520819991827011,1,2024-10-07 07:00:00+00:00
1840,0.20699986815452576,0.7033041715621948,0.08969595283269882,1,2024-10-07 08:00:00+00:00
1841,0.18400220572948456,0.7215040326118469,0.09449382871389389,1,2024-10-07 09:00:00+00:00
1842,0.16758541762828827,0.7356710433959961,0.09674355387687683,1,2024-10-07 10:00:00+00:00
1843,0.1834482103586197,0.6856528520584106,0.13089898228645325,1,2024-10-07 11:00:00+00:00
1844,0.1637449562549591,0.7025936841964722,0.13366137444972992,1,2024-10-07 12:00:00+00:00
1845,0.1805405467748642,0.6923714876174927,0.12708798050880432,1,2024-10-07 13:00:00+00:00
1846,0.20193199813365936,0.6390975713729858,0.15897049009799957,1,2024-10-07 14:00:00+00:00
1847,0.24508030712604523,0.5405250787734985,0.21439462900161743,1,2024-10-07 15:00:00+00:00
1848,0.27541109919548035,0.5019800662994385,0.22260871529579163,1,2024-10-07 16:00:00+00:00
1849,0.23131969571113586,0.509723424911499,0.25895681977272034,1,2024-10-07 17:00:00+00:00
1850,0.27984172105789185,0.5372171998023987,0.18294109404087067,1,2024-10-07 18:00:00+00:00
1851,0.23957207798957825,0.5959332585334778,0.1644945591688156,1,2024-10-07 19:00:00+00:00
1852,0.16969679296016693,0.5360285043716431,0.2942746877670288,1,2024-10-07 20:00:00+00:00
1853,0.18831506371498108,0.6383163928985596,0.17336858808994293,1,2024-10-07 21:00:00+00:00
1854,0.14409784972667694,0.631735622882843,0.22416645288467407,1,2024-10-07 22:00:00+00:00
1855,0.16041988134384155,0.7236776351928711,0.11590240150690079,1,2024-10-07 23:00:00+00:00
1856,0.09104802459478378,0.7086151242256165,0.20033685863018036,1,2024-10-08 00:00:00+00:00
1857,0.0942709669470787,0.6713531613349915,0.23437584936618805,1,2024-10-08 01:00:00+00:00
1858,0.1541721373796463,0.6087233424186707,0.23710443079471588,1,2024-10-08 02:00:00+00:00
1859,0.091327004134655,0.7553606629371643,0.1533123403787613,1,2024-10-08 03:00:00+00:00
1860,0.09414707124233246,0.8131780624389648,0.09267494827508926,1,2024-10-08 04:00:00+00:00
1861,0.08515217900276184,0.8244642019271851,0.09038367867469788,1,2024-10-08 05:00:00+00:00
1862,0.11091426759958267,0.7099430561065674,0.17914268374443054,1,2024-10-08 06:00:00+00:00
1863,0.08522892743349075,0.6767671704292297,0.23800386488437653,1,2024-10-08 07:00:00+00:00
1864,0.08546991646289825,0.6970691084861755,0.21746094524860382,1,2024-10-08 08:00:00+00:00
1865,0.0955621749162674,0.6541617512702942,0.250276118516922,1,2024-10-08 09:00:00+00:00
1866,0.10549584031105042,0.6618789434432983,0.23262524604797363,1,2024-10-08 10:00:00+00:00
1867,0.11011175811290741,0.6885736584663391,0.20131458342075348,1,2024-10-08 11:00:00+00:00
1868,0.11962957680225372,0.6795531511306763,0.20081734657287598,1,2024-10-08 12:00:00+00:00
1869,0.11551723629236221,0.7333672046661377,0.15111549198627472,1,2024-10-08 13:00:00+00:00
1870,0.11288672685623169,0.6384634971618652,0.2486497163772583,1,2024-10-08 14:00:00+00:00
1871,0.16886183619499207,0.6276386976242065,0.20349951088428497,1,2024-10-08 15:00:00+00:00
1872,0.156771719455719,0.5431863069534302,0.3000420033931732,1,2024-10-08 16:00:00+00:00
1873,0.14743389189243317,0.5133855938911438,0.33918043971061707,1,2024-10-08 17:00:00+00:00
1874,0.11973655968904495,0.6547747254371643,0.22548869252204895,1,2024-10-08 18:00:00+00:00
1875,0.15411148965358734,0.565220296382904,0.28066831827163696,1,2024-10-08 19:00:00+00:00
1876,0.1774325966835022,0.5169637203216553,0.30560362339019775,1,2024-10-08 20:00:00+00:00
1877,0.13940854370594025,0.598079264163971,0.2625121772289276,1,2024-10-08 21:00:00+00:00
1878,0.15683917701244354,0.6722453236579895,0.17091554403305054,1,2024-10-08 22:00:00+00:00
1879,0.13178153336048126,0.7183215022087097,0.14989693462848663,1,2024-10-08 23:00:00+00:00
1880,0.13623367249965668,0.6717567443847656,0.19200961291790009,1,2024-10-09 00:00:00+00:00
1881,0.1540537178516388,0.6465274095535278,0.199418842792511,1,2024-10-09 01:00:00+00:00
1882,0.177726611495018,0.5523123741149902,0.2699611186981201,1,2024-10-09 02:00:00+00:00
1883,0.1578071415424347,0.6725508570671082,0.16964197158813477,1,2024-10-09 03:00:00+00:00
1884,0.09816859662532806,0.7247465252876282,0.17708486318588257,1,2024-10-09 04:00:00+00:00
1885,0.10048762708902359,0.7212997674942017,0.17821258306503296,1,2024-10-09 05:00:00+00:00
1886,0.12264696508646011,0.6594797968864441,0.2178732305765152,1,2024-10-09 06:00:00+00:00
1887,0.2058144360780716,0.6750143766403198,0.1191711351275444,1,2024-10-09 07:00:00+00:00
1888,0.18157795071601868,0.6922551393508911,0.12616686522960663,1,2024-10-09 08:00:00+00:00
1889,0.17850083112716675,0.6710397601127625,0.15045931935310364,1,2024-10-09 09:00:00+00:00
1890,0.187925785779953,0.6402100920677185,0.17186418175697327,1,2024-10-09 10:00:00+00:00
1891,0.19772520661354065,0.6850660443305969,0.11720866709947586,1,2024-10-09 11:00:00+00:00
1892,0.1545899361371994,0.6636919379234314,0.18171818554401398,1,2024-10-09 12:00:00+00:00
1893,0.1614839732646942,0.6886341571807861,0.14988188445568085,1,2024-10-09 13:00:00+00:00
1894,0.15265674889087677,0.5568485260009766,0.2904947102069855,1,2024-10-09 14:00:00+00:00
1895,0.11279119551181793,0.5811103582382202,0.30609843134880066,1,2024-10-09 15:00:00+00:00
1896,0.12782475352287292,0.5932225584983826,0.2789526581764221,1,2024-10-09 16:00:00+00:00
1897,0.2400835007429123,0.5211590528488159,0.23875737190246582,1,2024-10-09 17:00:00+00:00
1898,0.16400378942489624,0.549195408821106,0.28680071234703064,1,2024-10-09 18:00:00+00:00
1899,0.20960815250873566,0.5400428175926208,0.2503490746021271,1,2024-10-09 19:00:00+00:00
1900,0.25405198335647583,0.46006545424461365,0.28588250279426575,1,2024-10-09 20:00:00+00:00
1901,0.2258772999048233,0.5176222920417786,0.25650033354759216,1,2024-10-09 21:00:00+00:00
1902,0.19163008034229279,0.4661167562007904,0.3422531485557556,1,2024-10-09 22:00:00+00:00
1903,0.17471294105052948,0.5561531782150269,0.26913392543792725,1,2024-10-09 23:00:00+00:00
1904,0.14466655254364014,0.6258203983306885,0.22951306402683258,1,2024-10-10 00:00:00+00:00
1905,0.11482957005500793,0.6890766620635986,0.19609370827674866,1,2024-10-10 01:00:00+00:00
1906,0.1915062665939331,0.5008180737495422,0.3076756000518799,1,2024-10-10 02:00:00+00:00
1907,0.14739763736724854,0.6388115882873535,0.21379077434539795,1,2024-10-10 03:00:00+00:00
1908,0.16095443069934845,0.6581245064735413,0.18092094361782074,1,2024-10-10 04:00:00+00:00
1909,0.13637743890285492,0.7200989723205566,0.14352355897426605,1,2024-10-10 05:00:00+00:00
1910,0.1559055894613266,0.688209056854248,0.1558852642774582,1,2024-10-10 06:00:00+00:00
1911,0.14441588521003723,0.7324428558349609,0.12314125895500183,1,2024-10-10 07:00:00+00:00
1912,0.20909202098846436,0.6792133450508118,0.11169461160898209,1,2024-10-10 08:00:00+00:00
1913,0.17419925332069397,0.6897009015083313,0.13609980046749115,1,2024-10-10 09:00:00+00:00
1914,0.1481660008430481,0.675971508026123,0.17586253583431244,1,2024-10-10 10:00:00+00:00
1915,0.13682468235492706,0.6594383716583252,0.20373687148094177,1,2024-10-10 11:00:00+00:00
1916,0.17300492525100708,0.7064987421035767,0.12049630284309387,1,2024-10-10 12:00:00+00:00
1917,0.22260043025016785,0.6442171335220337,0.13318246603012085,1,2024-10-10 13:00:00+00:00
1918,0.24237827956676483,0.5045753121376038,0.2530463933944702,1,2024-10-10 14:00:00+00:00
1919,0.2177426517009735,0.5302610993385315,0.25199633836746216,1,2024-10-10 15:00:00+00:00
1920,0.19759990274906158,0.5063995718955994,0.29600048065185547,1,2024-10-10 16:00:00+00:00
1921,0.19245901703834534,0.58468097448349,0.22286003828048706,1,2024-10-10 17:00:00+00:00
1922,0.2188076376914978,0.4493589997291565,0.3318333923816681,1,2024-10-10 18:00:00+00:00
1923,0.15611395239830017,0.503882110118866,0.34000393748283386,1,2024-10-10 19:00:00+00:00
1924,0.21548782289028168,0.4123842120170593,0.3721279799938202,1,2024-10-10 20:00:00+00:00
1925,0.1799989938735962,0.5374305248260498,0.28257042169570923,1,2024-10-10 21:00:00+00:00
1926,0.22707107663154602,0.5465641617774963,0.22636474668979645,1,2024-10-10 22:00:00+00:00
1927,0.19946512579917908,0.6577634215354919,0.14277152717113495,1,2024-10-10 23:00:00+00:00
1928,0.16386304795742035,0.7017462849617004,0.13439063727855682,1,2024-10-11 00:00:00+00:00
1929,0.16069425642490387,0.7547556161880493,0.08455010503530502,1,2024-10-11 01:00:00+00:00
1930,0.27170857787132263,0.5488035678863525,0.17948782444000244,1,2024-10-11 02:00:00+00:00
1931,0.3010425567626953,0.5586301684379578,0.14032727479934692,1,2024-10-11 03:00:00+00:00
1932,0.22652758657932281,0.6747490167617798,0.09872349351644516,1,2024-10-11 04:00:00+00:00
1933,0.2175235003232956,0.6850188970565796,0.0974576398730278,1,2024-10-11 05:00:00+00:00
1934,0.19704243540763855,0.7135847806930542,0.08937273919582367,1,2024-10-11 06:00:00+00:00
1935,0.16290903091430664,0.7412897348403931,0.09580119699239731,1,2024-10-11 07:00:00+00:00
1936,0.17929482460021973,0.7231294512748718,0.09757565706968307,1,2024-10-11 08:00:00+00:00
1937,0.20567700266838074,0.7021937370300293,0.09212927520275116,1,2024-10-11 09:00:00+00:00
1938,0.2571180462837219,0.6552274823188782,0.08765445649623871,1,2024-10-11 10:00:00+00:00
1939,0.2760613262653351,0.6338163614273071,0.09012232720851898,1,2024-10-11 11:00:00+00:00
1940,0.25523391366004944,0.6587432622909546,0.08602286130189896,1,2024-10-11 12:00:00+00:00
1941,0.254487007856369,0.6390897631645203,0.10642319917678833,1,2024-10-11 13:00:00+00:00
1942,0.31287482380867004,0.565066933631897,0.12205822765827179,1,2024-10-11 14:00:00+00:00
1943,0.3004736602306366,0.5626763701438904,0.13684993982315063,1,2024-10-11 15:00:00+00:00
1944,0.29085659980773926,0.5360791087150574,0.1730642467737198,1,2024-10-11 16:00:00+00:00
1945,0.3150731921195984,0.5019111633300781,0.18301565945148468,1,2024-10-11 17:00:00+00:00
1946,0.2474953532218933,0.5763389468193054,0.17616575956344604,1,2024-10-11 18:00:00+00:00
1947,0.19470497965812683,0.6341155171394348,0.17117947340011597,1,2024-10-11 19:00:00+00:00
1948,0.2383810579776764,0.44112467765808105,0.32049426436424255,1,2024-10-11 20:00:00+00:00
1949,0.2523035705089569,0.439431756734848,0.30826467275619507,1,2024-10-11 21:00:00+00:00
1950,0.2384413331747055,0.45700082182884216,0.30455783009529114,1,2024-10-11 22:00:00+00:00
1951,0.17485661804676056,0.6959984302520752,0.12914501130580902,1,2024-10-11 23:00:00+00:00
1952,0.19303537905216217,0.6278071999549866,0.17915748059749603,1,2024-10-12 00:00:00+00:00
1953,0.14977142214775085,0.7289732098579407,0.12125534564256668,1,2024-10-12 01:00:00+00:00
1954,0.22041107714176178,0.5467020273208618,0.2328868955373764,1,2024-10-12 02:00:00+00:00
1955,0.280538946390152,0.3873685896396637,0.3320924639701843,1,2024-10-12 03:00:00+00:00
1956,0.27133458852767944,0.47902822494506836,0.24963724613189697,1,2024-10-12 04:00:00+00:00
1957,0.22574064135551453,0.6015264987945557,0.1727328896522522,1,2024-10-12 05:00:00+00:00
1958,0.18522705137729645,0.6806724667549133,0.13410058617591858,1,2024-10-12 06:00:00+00:00
1959,0.2728809416294098,0.42969590425491333,0.2974231243133545,1,2024-10-12 07:00:00+00:00
1960,0.24770356714725494,0.5314888954162598,0.2208075374364853,1,2024-10-12 08:00:00+00:00
1961,0.171668142080307,0.6949182152748108,0.133413627743721,1,2024-10-12 09:00:00+00:00
1962,0.1767573058605194,0.6907416582107544,0.13250111043453217,1,2024-10-12 10:00:00+00:00
1963,0.1855165958404541,0.6862444281578064,0.1282389611005783,1,2024-10-12 11:00:00+00:00
1964,0.1802082359790802,0.6943261623382568,0.12546564638614655,1,2024-10-12 12:00:00+00:00
1965,0.17186415195465088,0.693600058555603,0.13453587889671326,1,2024-10-12 13:00:00+00:00
1966,0.22804665565490723,0.5677218437194824,0.20423148572444916,1,2024-10-12 14:00:00+00:00
1967,0.2720024883747101,0.48087888956069946,0.24711866676807404,1,2024-10-12 15:00:00+00:00
1968,0.2659390866756439,0.48747017979621887,0.2465907484292984,1,2024-10-12 16:00:00+00:00
1969,0.253255695104599,0.5295845866203308,0.21715979278087616,1,2024-10-12 17:00:00+00:00
1970,0.21954329311847687,0.5927667021751404,0.18768994510173798,1,2024-10-12 18:00:00+00:00
1971,0.20750726759433746,0.6331475973129272,0.15934507548809052,1,2024-10-12 19:00:00+00:00
1972,0.23167571425437927,0.560716986656189,0.20760731399059296,1,2024-10-12 20:00:00+00:00
1973,0.18974386155605316,0.6515049338340759,0.1587512195110321,1,2024-10-12 21:00:00+00:00
1974,0.15779516100883484,0.7000510692596436,0.1421537846326828,1,2024-10-12 22:00:00+00:00
1975,0.14519067108631134,0.7175157070159912,0.13729357719421387,1,2024-10-12 23:00:00+00:00
1976,0.11595353484153748,0.7777633666992188,0.10628311336040497,1,2024-10-13 00:00:00+00:00
1977,0.10995654761791229,0.7892181873321533,0.10082530975341797,1,2024-10-13 01:00:00+00:00
1978,0.1618955433368683,0.6494941711425781,0.18861031532287598,1,2024-10-13 02:00:00+00:00
1979,0.10003909468650818,0.7592591047286987,0.14070187509059906,1,2024-10-13 03:00:00+00:00
1980,0.1817670315504074,0.6588534712791443,0.1593795269727707,1,2024-10-13 04:00:00+00:00
1981,0.1390710175037384,0.7282071113586426,0.13272176682949066,1,2024-10-13 05:00:00+00:00
1982,0.1361483782529831,0.7559049725532532,0.1079467386007309,1,2024-10-13 06:00:00+00:00
1983,0.14196626842021942,0.7428601980209351,0.11517345905303955,1,2024-10-13 07:00:00+00:00
1984,0.1358535885810852,0.7555462121963501,0.10860029608011246,1,2024-10-13 08:00:00+00:00
1985,0.1505022943019867,0.7418680191040039,0.10762953758239746,1,2024-10-13 09:00:00+00:00
1986,0.14850792288780212,0.7326098084449768,0.11888224631547928,1,2024-10-13 10:00:00+00:00
1987,0.17876960337162018,0.6982543468475342,0.12297600507736206,1,2024-10-13 11:00:00+00:00
1988,0.17576299607753754,0.6752302050590515,0.14900679886341095,1,2024-10-13 12:00:00+00:00
1989,0.1390618085861206,0.7393550872802734,0.12158310413360596,1,2024-10-13 13:00:00+00:00
1990,0.1560109704732895,0.7029144763946533,0.1410745233297348,1,2024-10-13 14:00:00+00:00
1991,0.09390867501497269,0.7794641256332397,0.12662728130817413,1,2024-10-13 15:00:00+00:00
1992,0.09167304635047913,0.6937029361724854,0.2146240770816803,1,2024-10-13 16:00:00+00:00
1993,0.10407558083534241,0.6685935258865356,0.22733086347579956,1,2024-10-13 17:00:00+00:00
1994,0.10064610093832016,0.7142700552940369,0.1850837916135788,1,2024-10-13 18:00:00+00:00
1995,0.09498520940542221,0.7163991928100586,0.18861563503742218,1,2024-10-13 19:00:00+00:00
1996,0.0865183025598526,0.7340908646583557,0.17939072847366333,1,2024-10-13 20:00:00+00:00
1997,0.10356320440769196,0.7357907295227051,0.16064608097076416,1,2024-10-13 21:00:00+00:00
1998,0.12730664014816284,0.6611644625663757,0.21152883768081665,1,2024-10-13 22:00:00+00:00
1999,0.17488877475261688,0.6718494296073914,0.15326176583766937,1,2024-10-13 23:00:00+00:00
2000,0.1796070784330368,0.6717926263809204,0.1486002653837204,1,2024-10-14 00:00:00+00:00
2001,0.18688230216503143,0.6987130641937256,0.11440462619066238,1,2024-10-14 01:00:00+00:00
2002,0.1882881373167038,0.5813552737236023,0.23035655915737152,1,2024-10-14 02:00:00+00:00
2003,0.21746237576007843,0.6477053761482239,0.13483233749866486,1,2024-10-14 03:00:00+00:00
2004,0.1430417150259018,0.7252414226531982,0.13171695172786713,1,2024-10-14 04:00:00+00:00
2005,0.26885685324668884,0.5699558854103088,0.16118717193603516,1,2024-10-14 05:00:00+00:00
2006,0.22237463295459747,0.6249210834503174,0.15270423889160156,1,2024-10-14 06:00:00+00:00
2007,0.1815938949584961,0.6996529698371887,0.1187531054019928,1,2024-10-14 07:00:00+00:00
2008,0.19432850182056427,0.6842808127403259,0.12139065563678741,1,2024-10-14 08:00:00+00:00
2009,0.19471502304077148,0.6662038564682007,0.13908107578754425,1,2024-10-14 09:00:00+00:00
2010,0.1771543025970459,0.6819567084312439,0.14088907837867737,1,2024-10-14 10:00:00+00:00
2011,0.16775238513946533,0.6778770089149475,0.15437060594558716,1,2024-10-14 11:00:00+00:00
2012,0.19027969241142273,0.6453346610069275,0.16438566148281097,1,2024-10-14 12:00:00+00:00
2013,0.18285076320171356,0.6734369993209839,0.14371220767498016,1,2024-10-14 13:00:00+00:00
2014,0.20199552178382874,0.5585132241249084,0.2394913285970688,1,2024-10-14 14:00:00+00:00
2015,0.22808733582496643,0.5615617036819458,0.21035099029541016,1,2024-10-14 15:00:00+00:00
2016,0.2813049256801605,0.46892496943473816,0.24977008998394012,1,2024-10-14 16:00:00+00:00
2017,0.27885106205940247,0.5122534036636353,0.20889542996883392,1,2024-10-14 17:00:00+00:00
2018,0.24315840005874634,0.4808506369590759,0.2759910821914673,1,2024-10-14 18:00:00+00:00
2019,0.2381131649017334,0.5000292658805847,0.2618575692176819,1,2024-10-14 19:00:00+00:00
2020,0.22353218495845795,0.5641031861305237,0.2123645693063736,1,2024-10-14 20:00:00+00:00
2021,0.19597949087619781,0.6028146743774414,0.20120586454868317,1,2024-10-14 21:00:00+00:00
2022,0.19208787381649017,0.6141285300254822,0.19378353655338287,1,2024-10-14 22:00:00+00:00
2023,0.1883857548236847,0.5472739338874817,0.2643403112888336,1,2024-10-14 23:00:00+00:00
2024,0.23363865911960602,0.5257484316825867,0.2406129091978073,1,2024-10-15 00:00:00+00:00
2025,0.14847491681575775,0.6393337249755859,0.2121913582086563,1,2024-10-15 01:00:00+00:00
2026,0.18378517031669617,0.5204569697380066,0.2957577705383301,1,2024-10-15 02:00:00+00:00
2027,0.12673451006412506,0.6368457674980164,0.2364196926355362,1,2024-10-15 03:00:00+00:00
2028,0.1313270628452301,0.6467109322547913,0.22196198999881744,1,2024-10-15 04:00:00+00:00
2029,0.08179426193237305,0.7428719997406006,0.1753336787223816,1,2024-10-15 05:00:00+00:00
2030,0.10519380122423172,0.6986840963363647,0.19612212479114532,1,2024-10-15 06:00:00+00:00
2031,0.0990387424826622,0.6758801341056824,0.22508108615875244,1,2024-10-15 07:00:00+00:00
2032,0.09105516970157623,0.7344422340393066,0.17450259625911713,1,2024-10-15 08:00:00+00:00
2033,0.09911639243364334,0.7205661535263062,0.1803174763917923,1,2024-10-15 09:00:00+00:00
2034,0.15711043775081635,0.6257782578468323,0.2171112596988678,1,2024-10-15 10:00:00+00:00
2035,0.1622033417224884,0.6057181358337402,0.2320784628391266,1,2024-10-15 11:00:00+00:00
2036,0.19506904482841492,0.6303313970565796,0.17459949851036072,1,2024-10-15 12:00:00+00:00
2037,0.18764185905456543,0.47338417172431946,0.3389739692211151,1,2024-10-15 13:00:00+00:00
2038,0.17114843428134918,0.5757055878639221,0.25314605236053467,1,2024-10-15 14:00:00+00:00
2039,0.27153298258781433,0.5247361063957214,0.20373094081878662,1,2024-10-15 15:00:00+00:00
2040,0.2243874967098236,0.3675752282142639,0.4080372750759125,2,2024-10-15 16:00:00+00:00
2041,0.19373755156993866,0.41748398542404175,0.3887784779071808,1,2024-10-15 17:00:00+00:00
2042,0.19982467591762543,0.47245675325393677,0.32771846652030945,1,2024-10-15 18:00:00+00:00
2043,0.19286181032657623,0.4905105531215668,0.31662750244140625,1,2024-10-15 19:00:00+00:00
2044,0.18995948135852814,0.5184884667396545,0.29155197739601135,1,2024-10-15 20:00:00+00:00
2045,0.1555866301059723,0.5811562538146973,0.2632572054862976,1,2024-10-15 21:00:00+00:00
2046,0.18253403902053833,0.45874083042144775,0.3587252199649811,1,2024-10-15 22:00:00+00:00
2047,0.1747472584247589,0.5432453155517578,0.2820074260234833,1,2024-10-15 23:00:00+00:00
2048,0.12065112590789795,0.6487722396850586,0.23057663440704346,1,2024-10-16 00:00:00+00:00
2049,0.132139652967453,0.6798461079597473,0.18801413476467133,1,2024-10-16 01:00:00+00:00
2050,0.18017548322677612,0.5295590162277222,0.29026541113853455,1,2024-10-16 02:00:00+00:00
2051,0.17591741681098938,0.5757846236228943,0.24829798936843872,1,2024-10-16 03:00:00+00:00
2052,0.15358573198318481,0.622903048992157,0.2235112339258194,1,2024-10-16 04:00:00+00:00
2053,0.1415584683418274,0.6153752207756042,0.24306632578372955,1,2024-10-16 05:00:00+00:00
2054,0.1419607400894165,0.6030912399291992,0.2549479901790619,1,2024-10-16 06:00:00+00:00
2055,0.17512352764606476,0.5930657386779785,0.23181071877479553,1,2024-10-16 07:00:00+00:00
2056,0.15383459627628326,0.5873473882675171,0.25881797075271606,1,2024-10-16 08:00:00+00:00
2057,0.16651739180088043,0.5398715138435364,0.2936112582683563,1,2024-10-16 09:00:00+00:00
2058,0.15596666932106018,0.5679347515106201,0.2760985791683197,1,2024-10-16 10:00:00+00:00
2059,0.16043417155742645,0.6133754849433899,0.22619032859802246,1,2024-10-16 11:00:00+00:00
2060,0.13548140227794647,0.6425191164016724,0.22199946641921997,1,2024-10-16 12:00:00+00:00
2061,0.2433803230524063,0.515847384929657,0.2407722920179367,1,2024-10-16 13:00:00+00:00
2062,0.2176562398672104,0.5432642102241516,0.23907950520515442,1,2024-10-16 14:00:00+00:00
2063,0.1522006243467331,0.5954384803771973,0.2523609399795532,1,2024-10-16 15:00:00+00:00
2064,0.23583810031414032,0.4772038459777832,0.28695806860923767,1,2024-10-16 16:00:00+00:00
2065,0.21250903606414795,0.47982826828956604,0.307662695646286,1,2024-10-16 17:00:00+00:00
2066,0.20919013023376465,0.5209330916404724,0.26987674832344055,1,2024-10-16 18:00:00+00:00
2067,0.1950213760137558,0.5877046585083008,0.21727396547794342,1,2024-10-16 19:00:00+00:00
2068,0.17548958957195282,0.5705626010894775,0.25394782423973083,1,2024-10-16 20:00:00+00:00
2069,0.18523485958576202,0.5733885169029236,0.24137668311595917,1,2024-10-16 21:00:00+00:00
2070,0.27949562668800354,0.5653017163276672,0.15520264208316803,1,2024-10-16 22:00:00+00:00
2071,0.23793072998523712,0.6149925589561462,0.14707662165164948,1,2024-10-16 23:00:00+00:00
2072,0.23276619613170624,0.6840382218360901,0.08319553732872009,1,2024-10-17 00:00:00+00:00
2073,0.20453891158103943,0.6911169290542603,0.10434406995773315,1,2024-10-17 01:00:00+00:00
2074,0.2772500813007355,0.573387086391449,0.14936287701129913,1,2024-10-17 02:00:00+00:00
2075,0.22567537426948547,0.6772289872169495,0.09709560126066208,1,2024-10-17 03:00:00+00:00
2076,0.21555876731872559,0.6717121601104736,0.1127290278673172,1,2024-10-17 04:00:00+00:00
2077,0.21342973411083221,0.6991522312164307,0.08741803467273712,1,2024-10-17 05:00:00+00:00
2078,0.17554830014705658,0.7127107381820679,0.11174092441797256,1,2024-10-17 06:00:00+00:00
2079,0.15501859784126282,0.6900345683097839,0.15494681894779205,1,2024-10-17 07:00:00+00:00
2080,0.1734878122806549,0.653388261795044,0.17312397062778473,1,2024-10-17 08:00:00+00:00
2081,0.18339744210243225,0.6699641346931458,0.1466383934020996,1,2024-10-17 09:00:00+00:00
2082,0.18321143090724945,0.690741777420044,0.1260468065738678,1,2024-10-17 10:00:00+00:00
2083,0.1827263981103897,0.6428567171096802,0.1744168996810913,1,2024-10-17 11:00:00+00:00
2084,0.19788360595703125,0.5443055629730225,0.2578108012676239,1,2024-10-17 12:00:00+00:00
2085,0.14943872392177582,0.5755137801170349,0.27504754066467285,1,2024-10-17 13:00:00+00:00
2086,0.17917832732200623,0.5959548354148865,0.2248668670654297,1,2024-10-17 14:00:00+00:00
2087,0.21909889578819275,0.5458388924598694,0.23506219685077667,1,2024-10-17 15:00:00+00:00
2088,0.25958266854286194,0.4587291181087494,0.28168830275535583,1,2024-10-17 16:00:00+00:00
2089,0.27388155460357666,0.5187640190124512,0.20735448598861694,1,2024-10-17 17:00:00+00:00
2090,0.22581793367862701,0.48405444622039795,0.29012763500213623,1,2024-10-17 18:00:00+00:00
2091,0.19216153025627136,0.4824356734752655,0.3254028260707855,1,2024-10-17 19:00:00+00:00
2092,0.1992664486169815,0.45218661427497864,0.34854695200920105,1,2024-10-17 20:00:00+00:00
2093,0.21478143334388733,0.4786141514778137,0.30660444498062134,1,2024-10-17 21:00:00+00:00
2094,0.18709418177604675,0.5328589081764221,0.28004685044288635,1,2024-10-17 22:00:00+00:00
2095,0.1845272034406662,0.5741618275642395,0.2413109689950943,1,2024-10-17 23:00:00+00:00
2096,0.15082533657550812,0.6644935011863708,0.18468113243579865,1,2024-10-18 00:00:00+00:00
2097,0.1304091513156891,0.7082301378250122,0.1613607108592987,1,2024-10-18 01:00:00+00:00
2098,0.2884058952331543,0.4331226050853729,0.278471440076828,1,2024-10-18 02:00:00+00:00
2099,0.22050510346889496,0.5767025947570801,0.20279228687286377,1,2024-10-18 03:00:00+00:00
2100,0.205066978931427,0.6216943860054016,0.17323869466781616,1,2024-10-18 04:00:00+00:00
2101,0.17916753888130188,0.6266650557518005,0.194167360663414,1,2024-10-18 05:00:00+00:00
2102,0.1847822666168213,0.631899356842041,0.1833183914422989,1,2024-10-18 06:00:00+00:00
2103,0.1952364593744278,0.6685710549354553,0.13619233667850494,1,2024-10-18 07:00:00+00:00
2104,0.2089204043149948,0.6462908387184143,0.1447887271642685,1,2024-10-18 08:00:00+00:00
2105,0.20614801347255707,0.6533247828483582,0.14052724838256836,1,2024-10-18 09:00:00+00:00
2106,0.19178058207035065,0.6714023351669312,0.13681700825691223,1,2024-10-18 10:00:00+00:00
2107,0.16848614811897278,0.6817758083343506,0.14973799884319305,1,2024-10-18 11:00:00+00:00
2108,0.19861193001270294,0.657417356967926,0.14397072792053223,1,2024-10-18 12:00:00+00:00
2109,0.19200201332569122,0.6574284434318542,0.15056949853897095,1,2024-10-18 13:00:00+00:00
2110,0.21087880432605743,0.5614044070243835,0.22771674394607544,1,2024-10-18 14:00:00+00:00
2111,0.2656194269657135,0.5159572958946228,0.21842333674430847,1,2024-10-18 15:00:00+00:00
2112,0.2612278163433075,0.5224390029907227,0.21633313596248627,1,2024-10-18 16:00:00+00:00
2113,0.20880532264709473,0.6104748845100403,0.1807197779417038,1,2024-10-18 17:00:00+00:00
2114,0.24510592222213745,0.5756598114967346,0.1792343109846115,1,2024-10-18 18:00:00+00:00
2115,0.30155566334724426,0.47422507405281067,0.22421927750110626,1,2024-10-18 19:00:00+00:00
2116,0.3033146262168884,0.5412724614143372,0.15541286766529083,1,2024-10-18 20:00:00+00:00
2117,0.24518193304538727,0.6057129502296448,0.14910507202148438,1,2024-10-18 21:00:00+00:00
2118,0.21764011681079865,0.6393238306045532,0.14303603768348694,1,2024-10-18 22:00:00+00:00
2119,0.2185681164264679,0.6478592157363892,0.13357260823249817,1,2024-10-18 23:00:00+00:00
2120,0.204079732298851,0.675173282623291,0.12074693292379379,1,2024-10-19 00:00:00+00:00
2121,0.20687060058116913,0.6848512887954712,0.10827811062335968,1,2024-10-19 01:00:00+00:00
2122,0.2780468165874481,0.5689520239830017,0.15300126373767853,1,2024-10-19 02:00:00+00:00
2123,0.21810315549373627,0.6287007927894592,0.15319599211215973,1,2024-10-19 03:00:00+00:00
2124,0.2140141725540161,0.666212260723114,0.11977353692054749,1,2024-10-19 04:00:00+00:00
2125,0.21197372674942017,0.6759188175201416,0.11210747808218002,1,2024-10-19 05:00:00+00:00
2126,0.18530403077602386,0.7035859823226929,0.11110997200012207,1,2024-10-19 06:00:00+00:00
2127,0.1750318557024002,0.7274714708328247,0.0974966287612915,1,2024-10-19 07:00:00+00:00
2128,0.16408853232860565,0.7335234880447388,0.1023879200220108,1,2024-10-19 08:00:00+00:00
2129,0.144138365983963,0.7442763447761536,0.11158531904220581,1,2024-10-19 09:00:00+00:00
2130,0.14457494020462036,0.7566779851913452,0.098747119307518,1,2024-10-19 10:00:00+00:00
2131,0.14128854870796204,0.7459086775779724,0.11280268430709839,1,2024-10-19 11:00:00+00:00
2132,0.14055125415325165,0.726886510848999,0.13256226480007172,1,2024-10-19 12:00:00+00:00
2133,0.14436934888362885,0.6964081525802612,0.1592225283384323,1,2024-10-19 13:00:00+00:00
2134,0.18095700442790985,0.6687127351760864,0.15033026039600372,1,2024-10-19 14:00:00+00:00
2135,0.19104309380054474,0.613379955291748,0.19557684659957886,1,2024-10-19 15:00:00+00:00
2136,0.2595359683036804,0.5540563464164734,0.1864076554775238,1,2024-10-19 16:00:00+00:00
2137,0.23656511306762695,0.5601800680160522,0.2032548189163208,1,2024-10-19 17:00:00+00:00
2138,0.15844254195690155,0.6479669213294983,0.19359049201011658,1,2024-10-19 18:00:00+00:00
2139,0.13632991909980774,0.6972405314445496,0.1664295643568039,1,2024-10-19 19:00:00+00:00
2140,0.13324624300003052,0.7111197710037231,0.15563388168811798,1,2024-10-19 20:00:00+00:00
2141,0.14502190053462982,0.6776013970375061,0.1773766726255417,1,2024-10-19 21:00:00+00:00
2142,0.14416170120239258,0.7146056890487671,0.14123255014419556,1,2024-10-19 22:00:00+00:00
2143,0.1283835917711258,0.7347121238708496,0.13690431416034698,1,2024-10-19 23:00:00+00:00
2144,0.15859995782375336,0.7173272967338562,0.12407270818948746,1,2024-10-20 00:00:00+00:00
2145,0.12779484689235687,0.7565542459487915,0.11565101891756058,1,2024-10-20 01:00:00+00:00
2146,0.15107859671115875,0.6692996025085449,0.17962175607681274,1,2024-10-20 02:00:00+00:00
2147,0.14565636217594147,0.6703164577484131,0.18402710556983948,1,2024-10-20 03:00:00+00:00
2148,0.10218606889247894,0.758166491985321,0.13964739441871643,1,2024-10-20 04:00:00+00:00
2149,0.0955888032913208,0.7656244039535522,0.13878683745861053,1,2024-10-20 05:00:00+00:00
2150,0.10526902973651886,0.7613741755485535,0.13335679471492767,1,2024-10-20 06:00:00+00:00
2151,0.10028094798326492,0.7596450448036194,0.1400739997625351,1,2024-10-20 07:00:00+00:00
2152,0.15434463322162628,0.6918280124664307,0.15382729470729828,1,2024-10-20 08:00:00+00:00
2153,0.12751851975917816,0.7273014187812805,0.14517998695373535,1,2024-10-20 09:00:00+00:00
2154,0.13392052054405212,0.7218811511993408,0.14419832825660706,1,2024-10-20 10:00:00+00:00
2155,0.15865477919578552,0.7366446256637573,0.10470065474510193,1,2024-10-20 11:00:00+00:00
2156,0.14511755108833313,0.7402921915054321,0.11459019035100937,1,2024-10-20 12:00:00+00:00
2157,0.19418156147003174,0.71254962682724,0.09326883405447006,1,2024-10-20 13:00:00+00:00
2158,0.17506293952465057,0.6031022667884827,0.22183480858802795,1,2024-10-20 14:00:00+00:00
2159,0.22857138514518738,0.6116877794265747,0.15974080562591553,1,2024-10-20 15:00:00+00:00
2160,0.19290274381637573,0.6774063110351562,0.1296909600496292,1,2024-10-20 16:00:00+00:00
2161,0.23279383778572083,0.6159530878067017,0.1512531042098999,1,2024-10-20 17:00:00+00:00
2162,0.24122068285942078,0.5962978601455688,0.16248147189617157,1,2024-10-20 18:00:00+00:00
2163,0.235610693693161,0.6182851195335388,0.1461041420698166,1,2024-10-20 19:00:00+00:00
2164,0.22824886441230774,0.6404191851615906,0.1313318908214569,1,2024-10-20 20:00:00+00:00
2165,0.23927581310272217,0.5857560634613037,0.17496809363365173,1,2024-10-20 21:00:00+00:00
2166,0.23768173158168793,0.6345652937889099,0.12775301933288574,1,2024-10-20 22:00:00+00:00
2167,0.2489214688539505,0.6095139980316162,0.1415645182132721,1,2024-10-20 23:00:00+00:00
2168,0.2934482991695404,0.536601722240448,0.16994987428188324,1,2024-10-21 00:00:00+00:00
2169,0.2626497149467468,0.6041504144668579,0.13319987058639526,1,2024-10-21 01:00:00+00:00
2170,0.34129396080970764,0.492233008146286,0.16647304594516754,1,2024-10-21 02:00:00+00:00
2171,0.307794451713562,0.5282637476921082,0.1639418751001358,1,2024-10-21 03:00:00+00:00
2172,0.2351408749818802,0.6028129458427429,0.16204611957073212,1,2024-10-21 04:00:00+00:00
2173,0.21231645345687866,0.6408029794692993,0.1468806266784668,1,2024-10-21 05:00:00+00:00
2174,0.20102974772453308,0.6737059354782104,0.1252642124891281,1,2024-10-21 06:00:00+00:00
2175,0.1866675764322281,0.7043271064758301,0.10900532454252243,1,2024-10-21 07:00:00+00:00
2176,0.21530288457870483,0.6152074933052063,0.16948959231376648,1,2024-10-21 08:00:00+00:00
2177,0.19795742630958557,0.6394613981246948,0.1625811606645584,1,2024-10-21 09:00:00+00:00
2178,0.1845923215150833,0.6530154347419739,0.1623922437429428,1,2024-10-21 10:00:00+00:00
2179,0.2124033421278,0.5725609660148621,0.21503566205501556,1,2024-10-21 11:00:00+00:00
2180,0.1436581164598465,0.6932716369628906,0.16307012736797333,1,2024-10-21 12:00:00+00:00
2181,0.14842040836811066,0.6542073488235474,0.19737224280834198,1,2024-10-21 13:00:00+00:00
2182,0.18940512835979462,0.5277763605117798,0.28281843662261963,1,2024-10-21 14:00:00+00:00
2183,0.1971333771944046,0.48441842198371887,0.31844812631607056,1,2024-10-21 15:00:00+00:00
2184,0.18890424072742462,0.5319492816925049,0.2791464924812317,1,2024-10-21 16:00:00+00:00
2185,0.18268819153308868,0.5491228699684143,0.26818886399269104,1,2024-10-21 17:00:00+00:00
2186,0.2025710791349411,0.5030193328857422,0.2944096028804779,1,2024-10-21 18:00:00+00:00
2187,0.2277827113866806,0.465384304523468,0.3068329989910126,1,2024-10-21 19:00:00+00:00
2188,0.19371789693832397,0.5456201434135437,0.26066190004348755,1,2024-10-21 20:00:00+00:00
2189,0.22538939118385315,0.4890637695789337,0.28554683923721313,1,2024-10-21 21:00:00+00:00
2190,0.22823700308799744,0.49885809421539307,0.2729048728942871,1,2024-10-21 22:00:00+00:00
2191,0.20493413507938385,0.5511074662208557,0.24395842850208282,1,2024-10-21 23:00:00+00:00
2192,0.1531193107366562,0.6476344466209412,0.19924625754356384,1,2024-10-22 00:00:00+00:00
2193,0.17953744530677795,0.6205921769142151,0.19987034797668457,1,2024-10-22 01:00:00+00:00
2194,0.23192530870437622,0.5364692211151123,0.23160558938980103,1,2024-10-22 02:00:00+00:00
2195,0.17547078430652618,0.5918624997138977,0.2326667755842209,1,2024-10-22 03:00:00+00:00
2196,0.2287244349718094,0.485931396484375,0.28534412384033203,1,2024-10-22 04:00:00+00:00
2197,0.14266535639762878,0.6944196224212646,0.16291502118110657,1,2024-10-22 05:00:00+00:00
2198,0.11606621742248535,0.7422778010368347,0.14165598154067993,1,2024-10-22 06:00:00+00:00
2199,0.1394774615764618,0.7063717842102051,0.15415078401565552,1,2024-10-22 07:00:00+00:00
2200,0.16052700579166412,0.6732608675956726,0.1662120223045349,1,2024-10-22 08:00:00+00:00
2201,0.14168556034564972,0.708790123462677,0.1495242714881897,1,2024-10-22 09:00:00+00:00
2202,0.1681700050830841,0.620164155960083,0.21166588366031647,1,2024-10-22 10:00:00+00:00
2203,0.16773611307144165,0.6128763556480408,0.21938763558864594,1,2024-10-22 11:00:00+00:00
2204,0.1574612855911255,0.656400203704834,0.1861385554075241,1,2024-10-22 12:00:00+00:00
2205,0.18479783833026886,0.6111611723899841,0.20404095947742462,1,2024-10-22 13:00:00+00:00
2206,0.1973404735326767,0.5726604461669922,0.22999916970729828,1,2024-10-22 14:00:00+00:00
2207,0.24548305571079254,0.48588788509368896,0.2686290144920349,1,2024-10-22 15:00:00+00:00
2208,0.2738773822784424,0.5184121131896973,0.207710400223732,1,2024-10-22 16:00:00+00:00
2209,0.2639791965484619,0.506571352481842,0.22944940626621246,1,2024-10-22 17:00:00+00:00
2210,0.19593693315982819,0.5196200013160706,0.28444308042526245,1,2024-10-22 18:00:00+00:00
2211,0.23704440891742706,0.4975273609161377,0.2654282748699188,1,2024-10-22 19:00:00+00:00
2212,0.2225179523229599,0.5107839107513428,0.26669812202453613,1,2024-10-22 20:00:00+00:00
2213,0.24375393986701965,0.4910556972026825,0.26519039273262024,1,2024-10-22 21:00:00+00:00
2214,0.23409505188465118,0.5314328074455261,0.23447217047214508,1,2024-10-22 22:00:00+00:00
2215,0.23731523752212524,0.5156933665275574,0.246991366147995,1,2024-10-22 23:00:00+00:00
2216,0.22384047508239746,0.5527697205543518,0.22338972985744476,1,2024-10-23 00:00:00+00:00
2217,0.18756930530071259,0.6276707649230957,0.1847599595785141,1,2024-10-23 01:00:00+00:00
2218,0.27086806297302246,0.36903756856918335,0.360094279050827,1,2024-10-23 02:00:00+00:00
2219,0.19011804461479187,0.5871835947036743,0.2226983606815338,1,2024-10-23 03:00:00+00:00
2220,0.1830921471118927,0.5822760462760925,0.23463177680969238,1,2024-10-23 04:00:00+00:00
2221,0.1863393634557724,0.5783793926239014,0.23528113961219788,1,2024-10-23 05:00:00+00:00
2222,0.14324615895748138,0.6720111966133118,0.18474258482456207,1,2024-10-23 06:00:00+00:00
2223,0.17492163181304932,0.6248606443405151,0.20021770894527435,1,2024-10-23 07:00:00+00:00
2224,0.17486430704593658,0.6088823676109314,0.21625328063964844,1,2024-10-23 08:00:00+00:00
2225,0.17361994087696075,0.607947826385498,0.21843218803405762,1,2024-10-23 09:00:00+00:00
2226,0.16921816766262054,0.582974374294281,0.2478075474500656,1,2024-10-23 10:00:00+00:00
2227,0.18914581835269928,0.5576333403587341,0.2532208561897278,1,2024-10-23 11:00:00+00:00
2228,0.23359094560146332,0.5440554022789001,0.22235369682312012,1,2024-10-23 12:00:00+00:00
2229,0.21731555461883545,0.582119345664978,0.20056502521038055,1,2024-10-23 13:00:00+00:00
2230,0.26080501079559326,0.5153540372848511,0.22384098172187805,1,2024-10-23 14:00:00+00:00
2231,0.22749251127243042,0.5323697328567505,0.24013768136501312,1,2024-10-23 15:00:00+00:00
2232,0.28001970052719116,0.5118839740753174,0.20809639990329742,1,2024-10-23 16:00:00+00:00
2233,0.31336018443107605,0.4694572985172272,0.21718262135982513,1,2024-10-23 17:00:00+00:00
2234,0.3867936134338379,0.36174312233924866,0.25146323442459106,0,2024-10-23 18:00:00+00:00
2235,0.4047219157218933,0.3965138792991638,0.19876417517662048,0,2024-10-23 19:00:00+00:00
2236,0.37118732929229736,0.366876482963562,0.26193612813949585,0,2024-10-23 20:00:00+00:00
2237,0.34927037358283997,0.37466996908187866,0.27605968713760376,1,2024-10-23 21:00:00+00:00
2238,0.25655636191368103,0.4915810823440552,0.2518625557422638,1,2024-10-23 22:00:00+00:00
2239,0.2500103712081909,0.5188875794410706,0.23110198974609375,1,2024-10-23 23:00:00+00:00
2240,0.22737610340118408,0.5627158880233765,0.20990802347660065,1,2024-10-24 00:00:00+00:00
2241,0.2014761120080948,0.5809452533721924,0.21757863461971283,1,2024-10-24 01:00:00+00:00
2242,0.27030816674232483,0.5143436789512634,0.21534807980060577,1,2024-10-24 02:00:00+00:00
2243,0.2612163722515106,0.5178744792938232,0.22090905904769897,1,2024-10-24 03:00:00+00:00
2244,0.23697108030319214,0.5996385216712952,0.16339044272899628,1,2024-10-24 04:00:00+00:00
2245,0.21441595256328583,0.6115809679031372,0.17400309443473816,1,2024-10-24 05:00:00+00:00
2246,0.21813026070594788,0.6294278502464294,0.15244194865226746,1,2024-10-24 06:00:00+00:00
2247,0.21224872767925262,0.6364079117774963,0.15134339034557343,1,2024-10-24 07:00:00+00:00
2248,0.2399526834487915,0.5792070031166077,0.18084031343460083,1,2024-10-24 08:00:00+00:00
2249,0.2691654562950134,0.5026282072067261,0.2282063215970993,1,2024-10-24 09:00:00+00:00
2250,0.2681986689567566,0.4576449692249298,0.27415627241134644,1,2024-10-24 10:00:00+00:00
2251,0.2333793342113495,0.5364083051681519,0.23021233081817627,1,2024-10-24 11:00:00+00:00
2252,0.21693021059036255,0.596662163734436,0.1864076554775238,1,2024-10-24 12:00:00+00:00
2253,0.21204723417758942,0.625627875328064,0.16232475638389587,1,2024-10-24 13:00:00+00:00
2254,0.27112436294555664,0.5443169474601746,0.18455873429775238,1,2024-10-24 14:00:00+00:00
2255,0.28224074840545654,0.5071403980255127,0.21061880886554718,1,2024-10-24 15:00:00+00:00
2256,0.280609667301178,0.48956385254859924,0.22982646524906158,1,2024-10-24 16:00:00+00:00
2257,0.2937030792236328,0.4647909700870514,0.24150587618350983,1,2024-10-24 17:00:00+00:00
2258,0.2967492341995239,0.4935595393180847,0.20969119668006897,1,2024-10-24 18:00:00+00:00
2259,0.2926519811153412,0.5254033803939819,0.18194454908370972,1,2024-10-24 19:00:00+00:00
2260,0.28994157910346985,0.5296811461448669,0.18037725985050201,1,2024-10-24 20:00:00+00:00
2261,0.2960090637207031,0.5270233750343323,0.17696751654148102,1,2024-10-24 21:00:00+00:00
2262,0.2783188819885254,0.5337947607040405,0.18788637220859528,1,2024-10-24 22:00:00+00:00
2263,0.28010377287864685,0.5561326146125793,0.163763627409935,1,2024-10-24 23:00:00+00:00
2264,0.2567416727542877,0.5591683387756348,0.1840900033712387,1,2024-10-25 00:00:00+00:00
2265,0.24515360593795776,0.566161036491394,0.1886853575706482,1,2024-10-25 01:00:00+00:00
2266,0.19575531780719757,0.5802828073501587,0.2239619493484497,1,2024-10-25 02:00:00+00:00
2267,0.1928754299879074,0.575836181640625,0.2312883883714676,1,2024-10-25 03:00:00+00:00
2268,0.1966504007577896,0.5698812007904053,0.2334684282541275,1,2024-10-25 04:00:00+00:00
2269,0.17507940530776978,0.6140621304512024,0.21085843443870544,1,2024-10-25 05:00:00+00:00
2270,0.18978367745876312,0.5859326720237732,0.2242836207151413,1,2024-10-25 06:00:00+00:00
2271,0.14692679047584534,0.65547776222229,0.197595477104187,1,2024-10-25 07:00:00+00:00
2272,0.1479785144329071,0.6487922072410583,0.20322929322719574,1,2024-10-25 08:00:00+00:00
2273,0.17480430006980896,0.5913839340209961,0.23381178081035614,1,2024-10-25 09:00:00+00:00
2274,0.19470129907131195,0.5842971205711365,0.22100171446800232,1,2024-10-25 10:00:00+00:00
2275,0.23725131154060364,0.5928685665130615,0.16988025605678558,1,2024-10-25 11:00:00+00:00
2276,0.17263169586658478,0.6942480206489563,0.13312040269374847,1,2024-10-25 12:00:00+00:00
2277,0.18805043399333954,0.6538872122764587,0.15806235373020172,1,2024-10-25 13:00:00+00:00
2278,0.17781630158424377,0.6171028017997742,0.20508088171482086,1,2024-10-25 14:00:00+00:00
2279,0.24719320237636566,0.49265870451927185,0.2601481080055237,1,2024-10-25 15:00:00+00:00
2280,0.2699824571609497,0.4647144675254822,0.2653031051158905,1,2024-10-25 16:00:00+00:00
2281,0.2305014580488205,0.47451695799827576,0.29498153924942017,1,2024-10-25 17:00:00+00:00
2282,0.2722427546977997,0.3927183449268341,0.3350389897823334,1,2024-10-25 18:00:00+00:00
2283,0.24461796879768372,0.4887443780899048,0.2666377127170563,1,2024-10-25 19:00:00+00:00
2284,0.313285231590271,0.36005255579948425,0.32666218280792236,1,2024-10-25 20:00:00+00:00
2285,0.30873534083366394,0.4613504409790039,0.22991414368152618,1,2024-10-25 21:00:00+00:00
2286,0.2751995325088501,0.4963432550430298,0.22845718264579773,1,2024-10-25 22:00:00+00:00
2287,0.2100934088230133,0.5546799302101135,0.23522667586803436,1,2024-10-25 23:00:00+00:00
2288,0.24670559167861938,0.5116097927093506,0.2416846603155136,1,2024-10-26 00:00:00+00:00
2289,0.39979225397109985,0.31349071860313416,0.2867170572280884,0,2024-10-26 01:00:00+00:00
2290,0.3087367117404938,0.4167473614215851,0.27451595664024353,1,2024-10-26 02:00:00+00:00
2291,0.226491317152977,0.5448745489120483,0.22863410413265228,1,2024-10-26 03:00:00+00:00
2292,0.24664337933063507,0.5144585371017456,0.23889808356761932,1,2024-10-26 04:00:00+00:00
2293,0.20158033072948456,0.5701281428337097,0.22829146683216095,1,2024-10-26 05:00:00+00:00
2294,0.17708203196525574,0.5962221026420593,0.22669588029384613,1,2024-10-26 06:00:00+00:00
2295,0.17626653611660004,0.6186470985412598,0.20508632063865662,1,2024-10-26 07:00:00+00:00
2296,0.1860925853252411,0.6117151975631714,0.20219220221042633,1,2024-10-26 08:00:00+00:00
2297,0.15900106728076935,0.6564119458198547,0.18458694219589233,1,2024-10-26 09:00:00+00:00
2298,0.15176180005073547,0.6776493787765503,0.17058885097503662,1,2024-10-26 10:00:00+00:00
2299,0.14518092572689056,0.6858334541320801,0.1689854860305786,1,2024-10-26 11:00:00+00:00
2300,0.15014761686325073,0.6769869923591614,0.17286531627178192,1,2024-10-26 12:00:00+00:00
2301,0.1554703265428543,0.6716250777244568,0.17290452122688293,1,2024-10-26 13:00:00+00:00
2302,0.16513065993785858,0.6594750285148621,0.17539428174495697,1,2024-10-26 14:00:00+00:00
2303,0.1754959225654602,0.6300567984580994,0.19444723427295685,1,2024-10-26 15:00:00+00:00
2304,0.215328186750412,0.5680097341537476,0.2166619598865509,1,2024-10-26 16:00:00+00:00
2305,0.22752369940280914,0.5251432061195374,0.24733304977416992,1,2024-10-26 17:00:00+00:00
2306,0.2090405970811844,0.5413517355918884,0.24960769712924957,1,2024-10-26 18:00:00+00:00
2307,0.18726637959480286,0.6403695940971375,0.17236393690109253,1,2024-10-26 19:00:00+00:00
2308,0.18369092047214508,0.64450603723526,0.1718030571937561,1,2024-10-26 20:00:00+00:00
2309,0.20431998372077942,0.626682460308075,0.1689976006746292,1,2024-10-26 21:00:00+00:00
2310,0.25206437706947327,0.5386030077934265,0.20933271944522858,1,2024-10-26 22:00:00+00:00
2311,0.17293144762516022,0.6622283458709717,0.1648402363061905,1,2024-10-26 23:00:00+00:00
2312,0.16928498446941376,0.6927976012229919,0.1379174292087555,1,2024-10-27 00:00:00+00:00
2313,0.15741553902626038,0.7770953178405762,0.06548921018838882,1,2024-10-27 01:00:00+00:00
2314,0.20753641426563263,0.694477379322052,0.09798623621463776,1,2024-10-27 02:00:00+00:00
2315,0.1958937793970108,0.7157112956047058,0.08839493989944458,1,2024-10-27 03:00:00+00:00
2316,0.17554119229316711,0.7283366918563843,0.09612205624580383,1,2024-10-27 04:00:00+00:00
2317,0.22731700539588928,0.659997284412384,0.11268565058708191,1,2024-10-27 05:00:00+00:00
2318,0.18595032393932343,0.7215674519538879,0.09248221665620804,1,2024-10-27 06:00:00+00:00
2319,0.1728316843509674,0.7401109933853149,0.08705732971429825,1,2024-10-27 07:00:00+00:00
2320,0.19066859781742096,0.7000669240951538,0.10926444828510284,1,2024-10-27 08:00:00+00:00
2321,0.16282175481319427,0.7325429320335388,0.10463530570268631,1,2024-10-27 09:00:00+00:00
2322,0.18828463554382324,0.6973587870597839,0.11435657739639282,1,2024-10-27 10:00:00+00:00
2323,0.1510336846113205,0.7229528427124023,0.1260133683681488,1,2024-10-27 11:00:00+00:00
2324,0.14779329299926758,0.7037047743797302,0.1485019475221634,1,2024-10-27 12:00:00+00:00
2325,0.15572687983512878,0.7011059522628784,0.143167182803154,1,2024-10-27 13:00:00+00:00
2326,0.19495666027069092,0.6799941658973694,0.12504905462265015,1,2024-10-27 14:00:00+00:00
2327,0.2495410442352295,0.6321572065353394,0.1183016300201416,1,2024-10-27 15:00:00+00:00
2328,0.248005673289299,0.6461458802223206,0.1058485135436058,1,2024-10-27 16:00:00+00:00
2329,0.2678937613964081,0.637030303478241,0.09507601708173752,1,2024-10-27 17:00:00+00:00
2330,0.2673252820968628,0.6332905292510986,0.09938416630029678,1,2024-10-27 18:00:00+00:00
2331,0.26298055052757263,0.6059298515319824,0.13108955323696136,1,2024-10-27 19:00:00+00:00
2332,0.2550898790359497,0.5910138487815857,0.15389621257781982,1,2024-10-27 20:00:00+00:00
2333,0.27606549859046936,0.5490867495536804,0.1748477965593338,1,2024-10-27 21:00:00+00:00
2334,0.23530063033103943,0.5969824194908142,0.16771702468395233,1,2024-10-27 22:00:00+00:00
2335,0.23571251332759857,0.6303920149803162,0.1338954120874405,1,2024-10-27 23:00:00+00:00
2336,0.24146625399589539,0.6321287751197815,0.1264050304889679,1,2024-10-28 00:00:00+00:00
2337,0.25347259640693665,0.5965186357498169,0.15000875294208527,1,2024-10-28 01:00:00+00:00
2338,0.2528584897518158,0.6098116636276245,0.1373298615217209,1,2024-10-28 02:00:00+00:00
2339,0.1607537418603897,0.725835382938385,0.11341092735528946,1,2024-10-28 03:00:00+00:00
2340,0.1466372162103653,0.7201395630836487,0.13322323560714722,1,2024-10-28 04:00:00+00:00
2341,0.1356307417154312,0.6260873079299927,0.23828190565109253,1,2024-10-28 05:00:00+00:00
2342,0.13001400232315063,0.6667213439941406,0.20326465368270874,1,2024-10-28 06:00:00+00:00
2343,0.13214127719402313,0.6796224117279053,0.18823637068271637,1,2024-10-28 07:00:00+00:00
2344,0.12712183594703674,0.7006581425666809,0.17222003638744354,1,2024-10-28 08:00:00+00:00
2345,0.2170003354549408,0.6461252570152283,0.13687445223331451,1,2024-10-28 09:00:00+00:00
2346,0.3014172613620758,0.4741668701171875,0.22441577911376953,1,2024-10-28 10:00:00+00:00
2347,0.24484124779701233,0.6349745392799377,0.12018422782421112,1,2024-10-28 11:00:00+00:00
2348,0.23551100492477417,0.6525800824165344,0.11190890520811081,1,2024-10-28 12:00:00+00:00
2349,0.22902841866016388,0.6669872403144836,0.10398434847593307,1,2024-10-28 13:00:00+00:00
2350,0.24830012023448944,0.617206871509552,0.13449297845363617,1,2024-10-28 14:00:00+00:00
2351,0.25338852405548096,0.5648185014724731,0.1817929893732071,1,2024-10-28 15:00:00+00:00
2352,0.2593607008457184,0.5221071243286133,0.21853220462799072,1,2024-10-28 16:00:00+00:00
2353,0.19012552499771118,0.553535521030426,0.2563389837741852,1,2024-10-28 17:00:00+00:00
2354,0.19050097465515137,0.5500503778457642,0.25944867730140686,1,2024-10-28 18:00:00+00:00
2355,0.21456262469291687,0.48785361647605896,0.29758375883102417,1,2024-10-28 19:00:00+00:00
2356,0.2223803997039795,0.5252039432525635,0.25241565704345703,1,2024-10-28 20:00:00+00:00
2357,0.25418633222579956,0.5013381838798523,0.24447545409202576,1,2024-10-28 21:00:00+00:00
2358,0.22300133109092712,0.6193507313728333,0.15764790773391724,1,2024-10-28 22:00:00+00:00
2359,0.23542365431785583,0.6073638796806335,0.15721243619918823,1,2024-10-28 23:00:00+00:00
2360,0.2626001536846161,0.5577763915061951,0.17962349951267242,1,2024-10-29 00:00:00+00:00
2361,0.21352456510066986,0.6516045928001404,0.13487079739570618,1,2024-10-29 01:00:00+00:00
2362,0.22342616319656372,0.6382352113723755,0.13833865523338318,1,2024-10-29 02:00:00+00:00
2363,0.22298865020275116,0.6580525040626526,0.11895885318517685,1,2024-10-29 03:00:00+00:00
2364,0.3100782334804535,0.5268700122833252,0.16305167973041534,1,2024-10-29 04:00:00+00:00
2365,0.2391723394393921,0.6094768643379211,0.15135081112384796,1,2024-10-29 05:00:00+00:00
2366,0.17908722162246704,0.7197316884994507,0.10118112713098526,1,2024-10-29 06:00:00+00:00
2367,0.1795525997877121,0.7182214260101318,0.10222594439983368,1,2024-10-29 07:00:00+00:00
2368,0.19371289014816284,0.6835440993309021,0.12274296581745148,1,2024-10-29 08:00:00+00:00
2369,0.17413243651390076,0.7129381895065308,0.11292926967144012,1,2024-10-29 09:00:00+00:00
2370,0.18400922417640686,0.6980516910552979,0.11793916672468185,1,2024-10-29 10:00:00+00:00
2371,0.1691024899482727,0.7153505682945251,0.1155470535159111,1,2024-10-29 11:00:00+00:00
2372,0.18024452030658722,0.7021124958992004,0.11764292418956757,1,2024-10-29 12:00:00+00:00
2373,0.21306805312633514,0.6372131705284119,0.1497187316417694,1,2024-10-29 13:00:00+00:00
2374,0.20890535414218903,0.6076962351799011,0.18339836597442627,1,2024-10-29 14:00:00+00:00
2375,0.2337651252746582,0.5754604339599609,0.19077441096305847,1,2024-10-29 15:00:00+00:00
2376,0.24100227653980255,0.5105178952217102,0.24847982823848724,1,2024-10-29 16:00:00+00:00
2377,0.21581508219242096,0.5975624918937683,0.18662238121032715,1,2024-10-29 17:00:00+00:00
2378,0.2672869563102722,0.4899401366710663,0.2427729219198227,1,2024-10-29 18:00:00+00:00
2379,0.26515910029411316,0.47603341937065125,0.2588074803352356,1,2024-10-29 19:00:00+00:00
2380,0.25698715448379517,0.5324071645736694,0.210605651140213,1,2024-10-29 20:00:00+00:00
2381,0.23775044083595276,0.5202369093894958,0.24201270937919617,1,2024-10-29 21:00:00+00:00
2382,0.2182750105857849,0.557495653629303,0.2242293357849121,1,2024-10-29 22:00:00+00:00
2383,0.19302527606487274,0.6288778185844421,0.17809684574604034,1,2024-10-29 23:00:00+00:00
2384,0.20517779886722565,0.6207637190818787,0.17405855655670166,1,2024-10-30 00:00:00+00:00
2385,0.2460814267396927,0.4970989227294922,0.2568196654319763,1,2024-10-30 01:00:00+00:00
2386,0.23115940392017365,0.44306403398513794,0.3257765769958496,1,2024-10-30 02:00:00+00:00
2387,0.19585618376731873,0.5316880345344543,0.27245575189590454,1,2024-10-30 03:00:00+00:00
2388,0.15253588557243347,0.6160662770271301,0.2313978672027588,1,2024-10-30 04:00:00+00:00
2389,0.1304781436920166,0.6706058979034424,0.1989159733057022,1,2024-10-30 05:00:00+00:00
2390,0.11452162265777588,0.7093055844306946,0.17617274820804596,1,2024-10-30 06:00:00+00:00
2391,0.12171842157840729,0.6882161498069763,0.19006529450416565,1,2024-10-30 07:00:00+00:00
2392,0.1503182351589203,0.6182497143745422,0.23143209517002106,1,2024-10-30 08:00:00+00:00
2393,0.14983925223350525,0.6790754199028015,0.17108535766601562,1,2024-10-30 09:00:00+00:00
2394,0.12723225355148315,0.5743190050125122,0.29844874143600464,1,2024-10-30 10:00:00+00:00
2395,0.15453143417835236,0.5994454026222229,0.24602311849594116,1,2024-10-30 11:00:00+00:00
2396,0.17108464241027832,0.5382218956947327,0.290693461894989,1,2024-10-30 12:00:00+00:00
2397,0.13613153994083405,0.5882342457771301,0.27563416957855225,1,2024-10-30 13:00:00+00:00
2398,0.16482973098754883,0.5412868857383728,0.2938833236694336,1,2024-10-30 14:00:00+00:00
2399,0.1989031583070755,0.4704991281032562,0.33059772849082947,1,2024-10-30 15:00:00+00:00
2400,0.2169806808233261,0.47291985154151917,0.31009942293167114,1,2024-10-30 16:00:00+00:00
2401,0.19436001777648926,0.4538825452327728,0.3517574071884155,1,2024-10-30 17:00:00+00:00
2402,0.14208948612213135,0.608140230178833,0.24977034330368042,1,2024-10-30 18:00:00+00:00
2403,0.14012020826339722,0.6048064231872559,0.2550733983516693,1,2024-10-30 19:00:00+00:00
2404,0.13685327768325806,0.617731511592865,0.24541519582271576,1,2024-10-30 20:00:00+00:00
2405,0.1672685742378235,0.558515727519989,0.2742156684398651,1,2024-10-30 21:00:00+00:00
2406,0.2051999866962433,0.5686313509941101,0.2261686623096466,1,2024-10-30 22:00:00+00:00
2407,0.13525927066802979,0.6514504551887512,0.213290274143219,1,2024-10-30 23:00:00+00:00
2408,0.11885280907154083,0.6811599731445312,0.19998715817928314,1,2024-10-31 00:00:00+00:00
2409,0.10185641795396805,0.7117041349411011,0.18643945455551147,1,2024-10-31 01:00:00+00:00
2410,0.12072437256574631,0.6548139452934265,0.22446158528327942,1,2024-10-31 02:00:00+00:00
2411,0.14417797327041626,0.5891227722167969,0.2666991949081421,1,2024-10-31 03:00:00+00:00
2412,0.11910995095968246,0.6570006012916565,0.22388948500156403,1,2024-10-31 04:00:00+00:00
2413,0.10421191900968552,0.6833117008209229,0.2124764770269394,1,2024-10-31 05:00:00+00:00
2414,0.09809203445911407,0.6926721930503845,0.2092357575893402,1,2024-10-31 06:00:00+00:00
2415,0.10747648775577545,0.6737974286079407,0.2187260389328003,1,2024-10-31 07:00:00+00:00
2416,0.10190171748399734,0.651414692401886,0.24668355286121368,1,2024-10-31 08:00:00+00:00
2417,0.1105503961443901,0.6497116684913635,0.23973789811134338,1,2024-10-31 09:00:00+00:00
2418,0.12662062048912048,0.59418785572052,0.2791915535926819,1,2024-10-31 10:00:00+00:00
2419,0.09571020305156708,0.6835222840309143,0.22076748311519623,1,2024-10-31 11:00:00+00:00
2420,0.12403225153684616,0.6197912096977234,0.2561764717102051,1,2024-10-31 12:00:00+00:00
2421,0.13286744058132172,0.5924883484840393,0.27464422583580017,1,2024-10-31 13:00:00+00:00
2422,0.13876156508922577,0.5669093728065491,0.29432913661003113,1,2024-10-31 14:00:00+00:00
2423,0.1414375603199005,0.4893155097961426,0.3692469596862793,1,2024-10-31 15:00:00+00:00
2424,0.1652558147907257,0.4712941646575928,0.3634500205516815,1,2024-10-31 16:00:00+00:00
2425,0.13782186806201935,0.5249971151351929,0.3371809422969818,1,2024-10-31 17:00:00+00:00
2426,0.13201884925365448,0.5895410180091858,0.27844002842903137,1,2024-10-31 18:00:00+00:00
2427,0.16973145306110382,0.5300658345222473,0.30020275712013245,1,2024-10-31 19:00:00+00:00
2428,0.16350539028644562,0.5687631964683533,0.2677314877510071,1,2024-10-31 20:00:00+00:00
2429,0.13167886435985565,0.6453202962875366,0.22300083935260773,1,2024-10-31 21:00:00+00:00
2430,0.10980742424726486,0.7240288257598877,0.16616374254226685,1,2024-10-31 22:00:00+00:00
2431,0.09225078672170639,0.734243631362915,0.1735055148601532,1,2024-10-31 23:00:00+00:00
2432,0.08173737674951553,0.7572867274284363,0.16097591817378998,1,2024-11-01 00:00:00+00:00
2433,0.07555041462182999,0.7680532336235046,0.15639632940292358,1,2024-11-01 01:00:00+00:00
2434,0.07809305936098099,0.7622268199920654,0.15968012809753418,1,2024-11-01 02:00:00+00:00
2435,0.08574891090393066,0.7327790260314941,0.1814720630645752,1,2024-11-01 03:00:00+00:00
2436,0.09475456178188324,0.7072816491127014,0.19796381890773773,1,2024-11-01 04:00:00+00:00
2437,0.0595024898648262,0.8093721866607666,0.13112527132034302,1,2024-11-01 05:00:00+00:00
2438,0.06074143946170807,0.8234395980834961,0.11581901460886002,1,2024-11-01 06:00:00+00:00
2439,0.0592641606926918,0.8193423748016357,0.1213933452963829,1,2024-11-01 07:00:00+00:00
2440,0.08514734357595444,0.703933835029602,0.2109188437461853,1,2024-11-01 08:00:00+00:00
2441,0.08019616454839706,0.7380872368812561,0.18171657621860504,1,2024-11-01 09:00:00+00:00
2442,0.08767510205507278,0.7426062822341919,0.16971859335899353,1,2024-11-01 10:00:00+00:00
2443,0.10903406888246536,0.738012433052063,0.15295344591140747,1,2024-11-01 11:00:00+00:00
2444,0.0895446389913559,0.804938554763794,0.10551681369543076,1,2024-11-01 12:00:00+00:00
2445,0.11045458167791367,0.7801244258880615,0.10942111164331436,1,2024-11-01 13:00:00+00:00
2446,0.17623493075370789,0.6970305442810059,0.12673449516296387,1,2024-11-01 14:00:00+00:00
2447,0.24858160316944122,0.616019070148468,0.13539934158325195,1,2024-11-01 15:00:00+00:00
2448,0.2807084918022156,0.5740538239479065,0.14523760974407196,1,2024-11-01 16:00:00+00:00
2449,0.16441424190998077,0.5921294093132019,0.2434564083814621,1,2024-11-01 17:00:00+00:00
2450,0.18617890775203705,0.6039745807647705,0.20984652638435364,1,2024-11-01 18:00:00+00:00
2451,0.18335023522377014,0.6393965482711792,0.17725327610969543,1,2024-11-01 19:00:00+00:00
2452,0.17505279183387756,0.6559749245643616,0.16897223889827728,1,2024-11-01 20:00:00+00:00
2453,0.20250189304351807,0.5928573608398438,0.20464076101779938,1,2024-11-01 21:00:00+00:00
2454,0.18684041500091553,0.6238654851913452,0.1892940104007721,1,2024-11-01 22:00:00+00:00
2455,0.17226870357990265,0.5755307078361511,0.2522006928920746,1,2024-11-01 23:00:00+00:00
2456,0.1545529067516327,0.6685153841972351,0.1769317090511322,1,2024-11-02 00:00:00+00:00
2457,0.13957177102565765,0.6132138967514038,0.24721433222293854,1,2024-11-02 01:00:00+00:00
2458,0.1906859427690506,0.6316601037979126,0.17765402793884277,1,2024-11-02 02:00:00+00:00
2459,0.14478576183319092,0.7483603954315186,0.10685377568006516,1,2024-11-02 03:00:00+00:00
2460,0.15108460187911987,0.733428955078125,0.11548636853694916,1,2024-11-02 04:00:00+00:00
2461,0.1407444328069687,0.7378653883934021,0.12139017134904861,1,2024-11-02 05:00:00+00:00
2462,0.1366472989320755,0.7435616254806519,0.11979103833436966,1,2024-11-02 06:00:00+00:00
2463,0.1361040323972702,0.7654139399528503,0.09848202019929886,1,2024-11-02 07:00:00+00:00
2464,0.13643088936805725,0.7876269817352295,0.07594206184148788,1,2024-11-02 08:00:00+00:00
2465,0.14303016662597656,0.7580341100692749,0.0989357978105545,1,2024-11-02 09:00:00+00:00
2466,0.14106817543506622,0.6867091059684753,0.17222265899181366,1,2024-11-02 10:00:00+00:00
2467,0.11656872183084488,0.7133996486663818,0.17003171145915985,1,2024-11-02 11:00:00+00:00
2468,0.11310582607984543,0.6961426734924316,0.19075152277946472,1,2024-11-02 12:00:00+00:00
2469,0.10494283586740494,0.7073507308959961,0.18770647048950195,1,2024-11-02 13:00:00+00:00
2470,0.10278511792421341,0.5888641476631165,0.30835074186325073,1,2024-11-02 14:00:00+00:00
2471,0.0868445634841919,0.704174280166626,0.2089812010526657,1,2024-11-02 15:00:00+00:00
2472,0.0986809954047203,0.6742437481880188,0.2270752489566803,1,2024-11-02 16:00:00+00:00
2473,0.11787313222885132,0.60039883852005,0.28172802925109863,1,2024-11-02 17:00:00+00:00
2474,0.09833476692438126,0.6779700517654419,0.22369514405727386,1,2024-11-02 18:00:00+00:00
2475,0.10050232708454132,0.6473290324211121,0.25216859579086304,1,2024-11-02 19:00:00+00:00
2476,0.09803025424480438,0.6566997170448303,0.24527005851268768,1,2024-11-02 20:00:00+00:00
2477,0.09744078665971756,0.6806500554084778,0.22190918028354645,1,2024-11-02 21:00:00+00:00
2478,0.08861154317855835,0.7340057492256165,0.1773826777935028,1,2024-11-02 22:00:00+00:00
2479,0.08928098529577255,0.7365827560424805,0.174136221408844,1,2024-11-02 23:00:00+00:00
2480,0.07976055145263672,0.74455326795578,0.17568621039390564,1,2024-11-03 00:00:00+00:00
2481,0.07648104429244995,0.7539150714874268,0.1696038842201233,1,2024-11-03 01:00:00+00:00
2482,0.09457238018512726,0.6972419023513794,0.20818571746349335,1,2024-11-03 02:00:00+00:00
2483,0.07262643426656723,0.7423793077468872,0.18499420583248138,1,2024-11-03 03:00:00+00:00
2484,0.16092313826084137,0.5238909125328064,0.31518590450286865,1,2024-11-03 04:00:00+00:00
2485,0.09214300662279129,0.6863111853599548,0.22154580056667328,1,2024-11-03 05:00:00+00:00
2486,0.07130619883537292,0.7742979526519775,0.15439584851264954,1,2024-11-03 06:00:00+00:00
2487,0.05686294659972191,0.80424964427948,0.13888731598854065,1,2024-11-03 07:00:00+00:00
2488,0.0708891749382019,0.7736034989356995,0.1555074155330658,1,2024-11-03 08:00:00+00:00
2489,0.07472210377454758,0.7582978010177612,0.1669800877571106,1,2024-11-03 09:00:00+00:00
2490,0.08382333815097809,0.7326115369796753,0.18356512486934662,1,2024-11-03 10:00:00+00:00
2491,0.08859984576702118,0.6821374297142029,0.22926272451877594,1,2024-11-03 11:00:00+00:00
2492,0.10791117697954178,0.6492219567298889,0.24286693334579468,1,2024-11-03 12:00:00+00:00
2493,0.10871918499469757,0.6412951350212097,0.2499856948852539,1,2024-11-03 13:00:00+00:00
2494,0.13934853672981262,0.5643754601478577,0.2962760329246521,1,2024-11-03 14:00:00+00:00
2495,0.1735399216413498,0.42010635137557983,0.40635377168655396,1,2024-11-03 15:00:00+00:00
2496,0.20160633325576782,0.43270814418792725,0.3656855821609497,1,2024-11-03 16:00:00+00:00
2497,0.18259797990322113,0.45719581842422485,0.36020615696907043,1,2024-11-03 17:00:00+00:00
2498,0.12716829776763916,0.6171157956123352,0.2557159662246704,1,2024-11-03 18:00:00+00:00
2499,0.13750535249710083,0.6350511312484741,0.22744348645210266,1,2024-11-03 19:00:00+00:00
2500,0.13559633493423462,0.6097567081451416,0.2546469569206238,1,2024-11-03 20:00:00+00:00
2501,0.13757853209972382,0.67405766248703,0.18836374580860138,1,2024-11-03 21:00:00+00:00
2502,0.13921160995960236,0.7255001664161682,0.13528819382190704,1,2024-11-03 22:00:00+00:00
2503,0.14791838824748993,0.7330160140991211,0.11906567960977554,1,2024-11-03 23:00:00+00:00
2504,0.1399378776550293,0.7534386515617371,0.10662350058555603,1,2024-11-04 00:00:00+00:00
2505,0.12511788308620453,0.7684757113456726,0.10640639811754227,1,2024-11-04 01:00:00+00:00
2506,0.1518644243478775,0.6884170174598694,0.15971854329109192,1,2024-11-04 02:00:00+00:00
2507,0.17120543122291565,0.7227922677993774,0.10600229352712631,1,2024-11-04 03:00:00+00:00
2508,0.19209156930446625,0.7439848780632019,0.06392364203929901,1,2024-11-04 04:00:00+00:00
2509,0.13987289369106293,0.796478271484375,0.0636487752199173,1,2024-11-04 05:00:00+00:00
2510,0.11598025262355804,0.8262240290641785,0.0577956922352314,1,2024-11-04 06:00:00+00:00
2511,0.1272144764661789,0.7853541970252991,0.08743129670619965,1,2024-11-04 07:00:00+00:00
2512,0.14926928281784058,0.7737571597099304,0.07697360962629318,1,2024-11-04 08:00:00+00:00
2513,0.12173265963792801,0.790590763092041,0.0876765251159668,1,2024-11-04 09:00:00+00:00
2514,0.13770560920238495,0.7208976149559021,0.14139676094055176,1,2024-11-04 10:00:00+00:00
2515,0.15733861923217773,0.7435767650604248,0.09908458590507507,1,2024-11-04 11:00:00+00:00
2516,0.18127161264419556,0.7077234387397766,0.11100491136312485,1,2024-11-04 12:00:00+00:00
2517,0.18242135643959045,0.7206841707229614,0.0968945100903511,1,2024-11-04 13:00:00+00:00
2518,0.19581110775470734,0.7117751836776733,0.09241358190774918,1,2024-11-04 14:00:00+00:00
2519,0.21111828088760376,0.6532253623008728,0.13565628230571747,1,2024-11-04 15:00:00+00:00
2520,0.21944421529769897,0.5979900360107422,0.1825656294822693,1,2024-11-04 16:00:00+00:00
2521,0.19597288966178894,0.550638735294342,0.253388375043869,1,2024-11-04 17:00:00+00:00
2522,0.16862782835960388,0.42966967821121216,0.40170255303382874,1,2024-11-04 18:00:00+00:00
2523,0.17273832857608795,0.4694313108921051,0.35783037543296814,1,2024-11-04 19:00:00+00:00
2524,0.17235882580280304,0.4646334946155548,0.36300772428512573,1,2024-11-04 20:00:00+00:00
2525,0.14544525742530823,0.5258885622024536,0.3286660313606262,1,2024-11-04 21:00:00+00:00
2526,0.16366179287433624,0.4674931764602661,0.3688449561595917,1,2024-11-04 22:00:00+00:00
2527,0.15668292343616486,0.42684614658355713,0.41647088527679443,1,2024-11-04 23:00:00+00:00
2528,0.16625410318374634,0.4973205626010895,0.33642539381980896,1,2024-11-05 00:00:00+00:00
2529,0.144323468208313,0.5632498860359192,0.29242658615112305,1,2024-11-05 01:00:00+00:00
2530,0.15985572338104248,0.5255267024040222,0.3146175444126129,1,2024-11-05 02:00:00+00:00
2531,0.12241507321596146,0.6497655510902405,0.22781935334205627,1,2024-11-05 03:00:00+00:00
2532,0.08221428096294403,0.7374607920646667,0.18032492697238922,1,2024-11-05 04:00:00+00:00
2533,0.10337330400943756,0.7122950553894043,0.18433168530464172,1,2024-11-05 05:00:00+00:00
2534,0.11412578821182251,0.7267051339149475,0.15916907787322998,1,2024-11-05 06:00:00+00:00
2535,0.12295201420783997,0.7671285271644592,0.10991952568292618,1,2024-11-05 07:00:00+00:00
2536,0.10686354339122772,0.7647280097007751,0.1284084916114807,1,2024-11-05 08:00:00+00:00
2537,0.10625574737787247,0.8045836687088013,0.08916052430868149,1,2024-11-05 09:00:00+00:00
2538,0.15090228617191315,0.7538154721260071,0.095282182097435,1,2024-11-05 10:00:00+00:00
2539,0.12452656030654907,0.7787395119667053,0.09673401713371277,1,2024-11-05 11:00:00+00:00
2540,0.11094361543655396,0.7916795015335083,0.09737689048051834,1,2024-11-05 12:00:00+00:00
2541,0.11317982524633408,0.7984151244163513,0.08840498328208923,1,2024-11-05 13:00:00+00:00
2542,0.15723517537117004,0.7288711667060852,0.11389356106519699,1,2024-11-05 14:00:00+00:00
2543,0.19404418766498566,0.6710034012794495,0.13495244085788727,1,2024-11-05 15:00:00+00:00
2544,0.3079685866832733,0.5783982872962952,0.11363313347101212,1,2024-11-05 16:00:00+00:00
2545,0.29488471150398254,0.5316790342330933,0.17343616485595703,1,2024-11-05 17:00:00+00:00
2546,0.30832627415657043,0.5475913286209106,0.14408236742019653,1,2024-11-05 18:00:00+00:00
2547,0.2973001301288605,0.5512155890464783,0.15148435533046722,1,2024-11-05 19:00:00+00:00
2548,0.2741421163082123,0.5910333395004272,0.13482458889484406,1,2024-11-05 20:00:00+00:00
2549,0.2531619369983673,0.5334312319755554,0.21340690553188324,1,2024-11-05 21:00:00+00:00
2550,0.25837504863739014,0.5733557939529419,0.16826918721199036,1,2024-11-05 22:00:00+00:00
2551,0.24154093861579895,0.613260805606842,0.1451982855796814,1,2024-11-05 23:00:00+00:00
2552,0.25786450505256653,0.5902701020240784,0.1518653929233551,1,2024-11-06 00:00:00+00:00
2553,0.23255294561386108,0.6545546650886536,0.11289232969284058,1,2024-11-06 01:00:00+00:00
2554,0.292793333530426,0.4717707633972168,0.2354358732700348,1,2024-11-06 02:00:00+00:00
2555,0.26676997542381287,0.575106143951416,0.15812388062477112,1,2024-11-06 04:00:00+00:00
2556,0.30963507294654846,0.3211742043495178,0.36919069290161133,2,2024-11-06 05:00:00+00:00
2557,0.2772114872932434,0.4440695345401764,0.2787189185619354,1,2024-11-06 06:00:00+00:00
2558,0.25785619020462036,0.4846559166908264,0.2574878931045532,1,2024-11-06 07:00:00+00:00
2559,0.2594567537307739,0.400511771440506,0.34003153443336487,1,2024-11-06 08:00:00+00:00
2560,0.25948402285575867,0.44625210762023926,0.29426389932632446,1,2024-11-06 09:00:00+00:00
2561,0.25451821088790894,0.45888352394104004,0.28659823536872864,1,2024-11-06 10:00:00+00:00
2562,0.23610134422779083,0.5347871780395508,0.229111447930336,1,2024-11-06 11:00:00+00:00
2563,0.21893393993377686,0.5784645080566406,0.20260149240493774,1,2024-11-06 12:00:00+00:00
2564,0.21130038797855377,0.6089908480644226,0.1797088086605072,1,2024-11-06 13:00:00+00:00
2565,0.2184164822101593,0.5692647695541382,0.21231867372989655,1,2024-11-06 14:00:00+00:00
2566,0.2287777215242386,0.5195565223693848,0.25166577100753784,1,2024-11-06 15:00:00+00:00
2567,0.22204655408859253,0.5015133619308472,0.2764401137828827,1,2024-11-06 16:00:00+00:00
2568,0.22309976816177368,0.5420615673065186,0.23483869433403015,1,2024-11-06 17:00:00+00:00
2569,0.2243066132068634,0.5267152786254883,0.2489781230688095,1,2024-11-06 18:00:00+00:00
2570,0.2239331603050232,0.5916867852210999,0.18437999486923218,1,2024-11-06 19:00:00+00:00
2571,0.2279944121837616,0.5465287566184998,0.22547680139541626,1,2024-11-06 20:00:00+00:00
2572,0.199639230966568,0.544700026512146,0.25566068291664124,1,2024-11-06 21:00:00+00:00
2573,0.20600634813308716,0.5365313291549683,0.2574623227119446,1,2024-11-06 22:00:00+00:00
2574,0.20532283186912537,0.5113316774368286,0.28334546089172363,1,2024-11-06 23:00:00+00:00
2575,0.23049548268318176,0.5024764537811279,0.2670280933380127,1,2024-11-07 00:00:00+00:00
2576,0.21888068318367004,0.5709363222122192,0.21018293499946594,1,2024-11-07 01:00:00+00:00
2577,0.26366233825683594,0.45570191740989685,0.2806357145309448,1,2024-11-07 02:00:00+00:00
2578,0.28362444043159485,0.4480065405368805,0.26836904883384705,1,2024-11-07 03:00:00+00:00
2579,0.3048434853553772,0.4930567145347595,0.2020997256040573,1,2024-11-07 04:00:00+00:00
2580,0.2410382628440857,0.5597530007362366,0.19920870661735535,1,2024-11-07 05:00:00+00:00
2581,0.19210869073867798,0.6092689633369446,0.19862237572669983,1,2024-11-07 06:00:00+00:00
2582,0.16577842831611633,0.6431421041488647,0.1910794973373413,1,2024-11-07 07:00:00+00:00
2583,0.170914426445961,0.5988740921020508,0.23021142184734344,1,2024-11-07 08:00:00+00:00
2584,0.14659655094146729,0.6973683834075928,0.15603505074977875,1,2024-11-07 09:00:00+00:00
2585,0.17115144431591034,0.6619428992271423,0.16690567135810852,1,2024-11-07 10:00:00+00:00
2586,0.1639697551727295,0.6347170472145081,0.20131312310695648,1,2024-11-07 11:00:00+00:00
2587,0.15322522819042206,0.6381622552871704,0.20861250162124634,1,2024-11-07 12:00:00+00:00
2588,0.12755434215068817,0.6563581228256226,0.2160874903202057,1,2024-11-07 13:00:00+00:00
2589,0.1628570854663849,0.607855498790741,0.22928744554519653,1,2024-11-07 14:00:00+00:00
2590,0.14178422093391418,0.5995844602584839,0.25863131880760193,1,2024-11-07 15:00:00+00:00
2591,0.1752488762140274,0.5607410669326782,0.2640100419521332,1,2024-11-07 16:00:00+00:00
2592,0.2104976922273636,0.534910261631012,0.25459200143814087,1,2024-11-07 17:00:00+00:00
2593,0.23837648332118988,0.44114920496940613,0.3204743266105652,1,2024-11-07 18:00:00+00:00
2594,0.23018589615821838,0.449059396982193,0.32075461745262146,1,2024-11-07 19:00:00+00:00
2595,0.2303057163953781,0.5065944790840149,0.26309970021247864,1,2024-11-07 20:00:00+00:00
2596,0.22388361394405365,0.48400211334228516,0.29211437702178955,1,2024-11-07 22:00:00+00:00
2597,0.2014324814081192,0.5338642001152039,0.2647033929824829,1,2024-11-07 23:00:00+00:00
2598,0.14689025282859802,0.6040173768997192,0.24909226596355438,1,2024-11-08 00:00:00+00:00
2599,0.1615498661994934,0.5914230942726135,0.24702705442905426,1,2024-11-08 01:00:00+00:00
2600,0.20321452617645264,0.4796110987663269,0.31717443466186523,1,2024-11-08 02:00:00+00:00
2601,0.12829451262950897,0.6739096641540527,0.1977958083152771,1,2024-11-08 03:00:00+00:00
2602,0.06948074698448181,0.793533444404602,0.13698577880859375,1,2024-11-08 04:00:00+00:00
2603,0.06691659986972809,0.8219202756881714,0.11116312444210052,1,2024-11-08 05:00:00+00:00
2604,0.08142133057117462,0.7822969555854797,0.13628172874450684,1,2024-11-08 06:00:00+00:00
2605,0.0840662270784378,0.811505138874054,0.10442861914634705,1,2024-11-08 07:00:00+00:00
2606,0.11116744577884674,0.7491419315338135,0.1396905779838562,1,2024-11-08 08:00:00+00:00
2607,0.1404055505990982,0.7139961123466492,0.14559827744960785,1,2024-11-08 09:00:00+00:00
2608,0.10730713605880737,0.7587578296661377,0.13393497467041016,1,2024-11-08 10:00:00+00:00
2609,0.15430638194084167,0.6973260641098022,0.14836759865283966,1,2024-11-08 11:00:00+00:00
2610,0.20590052008628845,0.6529284715652466,0.14117103815078735,1,2024-11-08 12:00:00+00:00
2611,0.23562955856323242,0.6161749362945557,0.14819557964801788,1,2024-11-08 13:00:00+00:00
2612,0.24435895681381226,0.5790316462516785,0.1766093671321869,1,2024-11-08 14:00:00+00:00
2613,0.2539370357990265,0.6034448742866516,0.1426180601119995,1,2024-11-08 15:00:00+00:00
2614,0.21515128016471863,0.5414726138114929,0.24337603151798248,1,2024-11-08 16:00:00+00:00
2615,0.20865578949451447,0.5385213494300842,0.2528229355812073,1,2024-11-08 17:00:00+00:00
2616,0.12793876230716705,0.6491711139678955,0.22289004921913147,1,2024-11-08 18:00:00+00:00
2617,0.18265944719314575,0.591509222984314,0.22583135962486267,1,2024-11-08 19:00:00+00:00
2618,0.1894487589597702,0.6039407253265381,0.2066105157136917,1,2024-11-08 20:00:00+00:00
2619,0.18188603222370148,0.6252381801605225,0.1928757131099701,1,2024-11-08 21:00:00+00:00
2620,0.18854443728923798,0.616775631904602,0.19467993080615997,1,2024-11-08 22:00:00+00:00
2621,0.17847183346748352,0.6604446172714233,0.16108354926109314,1,2024-11-08 23:00:00+00:00
2622,0.2074786275625229,0.6385362148284912,0.1539851427078247,1,2024-11-09 00:00:00+00:00
2623,0.2154110074043274,0.670036792755127,0.11455227434635162,1,2024-11-09 01:00:00+00:00
2624,0.31520482897758484,0.4429447054862976,0.24185048043727875,1,2024-11-09 02:00:00+00:00
2625,0.2184324562549591,0.6039787530899048,0.17758877575397491,1,2024-11-09 03:00:00+00:00
2626,0.2190881222486496,0.6497033834457397,0.13120849430561066,1,2024-11-09 04:00:00+00:00
2627,0.20689529180526733,0.6411354541778564,0.15196934342384338,1,2024-11-09 05:00:00+00:00
2628,0.23937562108039856,0.6185629963874817,0.14206144213676453,1,2024-11-09 06:00:00+00:00
2629,0.22946034371852875,0.6450273990631104,0.1255122572183609,1,2024-11-09 07:00:00+00:00
2630,0.2760070562362671,0.5566853284835815,0.16730764508247375,1,2024-11-09 08:00:00+00:00
2631,0.21366682648658752,0.6534215211868286,0.13291175663471222,1,2024-11-09 09:00:00+00:00
2632,0.23535798490047455,0.6358656287193298,0.12877634167671204,1,2024-11-09 10:00:00+00:00
2633,0.23962923884391785,0.6216713786125183,0.13869939744472504,1,2024-11-09 11:00:00+00:00
2634,0.22666922211647034,0.6244558691978455,0.14887483417987823,1,2024-11-09 12:00:00+00:00
2635,0.18409107625484467,0.6917194724082947,0.12418949604034424,1,2024-11-09 13:00:00+00:00
2636,0.1647448092699051,0.6588497757911682,0.17640547454357147,1,2024-11-09 14:00:00+00:00
2637,0.1620260328054428,0.6389376521110535,0.19903621077537537,1,2024-11-09 15:00:00+00:00
2638,0.17685085535049438,0.6106974482536316,0.21245171129703522,1,2024-11-09 16:00:00+00:00
2639,0.17015622556209564,0.633998453617096,0.19584527611732483,1,2024-11-09 17:00:00+00:00
2640,0.19516119360923767,0.6018866896629333,0.202952042222023,1,2024-11-09 18:00:00+00:00
2641,0.18541859090328217,0.6038936376571655,0.21068772673606873,1,2024-11-09 19:00:00+00:00
2642,0.159973606467247,0.6735562682151794,0.16647014021873474,1,2024-11-09 20:00:00+00:00
2643,0.17355842888355255,0.6500360369682312,0.17640557885169983,1,2024-11-09 21:00:00+00:00
2644,0.22220197319984436,0.5951715111732483,0.18262648582458496,1,2024-11-09 22:00:00+00:00
2645,0.18646833300590515,0.6519790887832642,0.1615525484085083,1,2024-11-09 23:00:00+00:00
2646,0.24661459028720856,0.6103895306587219,0.1429958939552307,1,2024-11-10 00:00:00+00:00
2647,0.3289850354194641,0.4854961037635803,0.18551887571811676,1,2024-11-10 01:00:00+00:00
2648,0.2284720540046692,0.4682619869709015,0.30326589941978455,1,2024-11-10 02:00:00+00:00
2649,0.25136131048202515,0.6044934988021851,0.14414525032043457,1,2024-11-10 03:00:00+00:00
2650,0.28311941027641296,0.5490807890892029,0.16779975593090057,1,2024-11-10 04:00:00+00:00
2651,0.26800793409347534,0.5902474522590637,0.1417446881532669,1,2024-11-10 05:00:00+00:00
2652,0.3376639783382416,0.4230192303657532,0.2393168807029724,1,2024-11-10 06:00:00+00:00
2653,0.303681343793869,0.45761093497276306,0.23870767652988434,1,2024-11-10 07:00:00+00:00
2654,0.27386805415153503,0.4972110390663147,0.22892089188098907,1,2024-11-10 08:00:00+00:00
2655,0.22467395663261414,0.6216049194335938,0.1537211686372757,1,2024-11-10 09:00:00+00:00
2656,0.23604577779769897,0.5786176323890686,0.18533660471439362,1,2024-11-10 10:00:00+00:00
2657,0.24037352204322815,0.557746410369873,0.20187997817993164,1,2024-11-10 11:00:00+00:00
2658,0.23986315727233887,0.5147757530212402,0.24536103010177612,1,2024-11-10 12:00:00+00:00
2659,0.2316770702600479,0.5574226975440979,0.21090029180049896,1,2024-11-10 13:00:00+00:00
2660,0.20681330561637878,0.4543638825416565,0.33882275223731995,1,2024-11-10 14:00:00+00:00
2661,0.19592203199863434,0.43450433015823364,0.3695736229419708,1,2024-11-10 15:00:00+00:00
2662,0.19634363055229187,0.46416783332824707,0.3394884765148163,1,2024-11-10 16:00:00+00:00
2663,0.20172399282455444,0.5136848092079163,0.2845911979675293,1,2024-11-10 17:00:00+00:00
2664,0.20319703221321106,0.4779226779937744,0.31888020038604736,1,2024-11-10 18:00:00+00:00
2665,0.19969674944877625,0.483566015958786,0.31673726439476013,1,2024-11-10 20:00:00+00:00
2666,0.20249077677726746,0.4413757622241974,0.3561335504055023,1,2024-11-10 21:00:00+00:00
2667,0.1901809275150299,0.4251118004322052,0.38470739126205444,1,2024-11-10 22:00:00+00:00
2668,0.1987513154745102,0.4273332357406616,0.37391534447669983,1,2024-11-10 23:00:00+00:00
2669,0.2020377218723297,0.47575071454048157,0.3222115933895111,1,2024-11-11 00:00:00+00:00
2670,0.17624932527542114,0.5824412703514099,0.24130946397781372,1,2024-11-11 01:00:00+00:00
2671,0.2006911188364029,0.4901648759841919,0.309143990278244,1,2024-11-11 02:00:00+00:00
2672,0.18433231115341187,0.5600417852401733,0.25562596321105957,1,2024-11-11 03:00:00+00:00
2673,0.17530851066112518,0.6112629771232605,0.2134285569190979,1,2024-11-11 04:00:00+00:00
2674,0.15212492644786835,0.6597656011581421,0.18810951709747314,1,2024-11-11 05:00:00+00:00
2675,0.1270478367805481,0.6942799687385559,0.1786721646785736,1,2024-11-11 07:00:00+00:00
2676,0.16764302551746368,0.49586519598960876,0.33649179339408875,1,2024-11-11 08:00:00+00:00
2677,0.1696135401725769,0.5367087125778198,0.2936777174472809,1,2024-11-11 09:00:00+00:00
2678,0.14282014966011047,0.6145294308662415,0.24265053868293762,1,2024-11-11 10:00:00+00:00
2679,0.15028129518032074,0.6139940023422241,0.2357248067855835,1,2024-11-11 11:00:00+00:00
2680,0.17776548862457275,0.5688669681549072,0.2533675730228424,1,2024-11-11 12:00:00+00:00
2681,0.16200685501098633,0.6353636980056763,0.2026294767856598,1,2024-11-11 13:00:00+00:00
2682,0.2190396785736084,0.4791710674762726,0.3017892837524414,1,2024-11-11 14:00:00+00:00
2683,0.18020762503147125,0.5566093325614929,0.2631830871105194,1,2024-11-11 15:00:00+00:00
2684,0.2229027897119522,0.45465078949928284,0.32244640588760376,1,2024-11-11 16:00:00+00:00
2685,0.22769907116889954,0.4019334614276886,0.37036746740341187,1,2024-11-11 18:00:00+00:00
2686,0.2898466885089874,0.31931373476982117,0.39083948731422424,2,2024-11-11 19:00:00+00:00
2687,0.294292151927948,0.36760902404785156,0.33809882402420044,1,2024-11-11 20:00:00+00:00
2688,0.26152217388153076,0.3985120356082916,0.3399658501148224,1,2024-11-11 22:00:00+00:00
2689,0.2588856518268585,0.39564284682273865,0.34547147154808044,1,2024-11-11 23:00:00+00:00
2690,0.2657870650291443,0.38366463780403137,0.3505483865737915,1,2024-11-12 00:00:00+00:00
2691,0.2552333176136017,0.3464321792125702,0.3983345031738281,2,2024-11-12 01:00:00+00:00
2692,0.2650963366031647,0.2977219820022583,0.4371817111968994,2,2024-11-12 02:00:00+00:00
2693,0.2312721312046051,0.4104178845882416,0.3583100736141205,1,2024-11-12 03:00:00+00:00
2694,0.22900745272636414,0.47323161363601685,0.297760933637619,1,2024-11-12 04:00:00+00:00
2695,0.21956418454647064,0.5083727836608887,0.2720629572868347,1,2024-11-12 05:00:00+00:00
2696,0.21422886848449707,0.48909059166908264,0.2966804504394531,1,2024-11-12 06:00:00+00:00
2697,0.19494827091693878,0.49457135796546936,0.31048035621643066,1,2024-11-12 07:00:00+00:00
2698,0.20901060104370117,0.34384745359420776,0.4471420347690582,2,2024-11-12 08:00:00+00:00
2699,0.2491157501935959,0.3539350628852844,0.3969491720199585,2,2024-11-12 09:00:00+00:00
2700,0.24522176384925842,0.35070306062698364,0.4040752053260803,2,2024-11-12 12:00:00+00:00
2701,0.20616745948791504,0.44880211353302,0.34503036737442017,1,2024-11-12 13:00:00+00:00
2702,0.21483996510505676,0.38854435086250305,0.39661574363708496,2,2024-11-12 15:00:00+00:00
2703,0.2202315777540207,0.4122377634048462,0.3675306439399719,1,2024-11-12 16:00:00+00:00
2704,0.21500620245933533,0.40283262729644775,0.38216114044189453,1,2024-11-12 17:00:00+00:00
2705,0.2068185657262802,0.4171910583972931,0.37599027156829834,1,2024-11-12 18:00:00+00:00
2706,0.20590899884700775,0.4408564865589142,0.35323449969291687,1,2024-11-12 19:00:00+00:00
2707,0.2147812396287918,0.44635912775993347,0.3388596475124359,1,2024-11-12 20:00:00+00:00
2708,0.21548421680927277,0.4525364637374878,0.33197930455207825,1,2024-11-12 22:00:00+00:00
2709,0.21676401793956757,0.4467821419239044,0.33645379543304443,1,2024-11-12 23:00:00+00:00
2710,0.219979390501976,0.5058460831642151,0.27417460083961487,1,2024-11-13 00:00:00+00:00
2711,0.19873100519180298,0.49975287914276123,0.30151602625846863,1,2024-11-13 01:00:00+00:00
2712,0.21589408814907074,0.43227311968803406,0.3518328070640564,1,2024-11-13 02:00:00+00:00
2713,0.2070656269788742,0.46953892707824707,0.3233954608440399,1,2024-11-13 03:00:00+00:00
2714,0.20155616104602814,0.46022215485572815,0.3382216691970825,1,2024-11-13 04:00:00+00:00
2715,0.18559829890727997,0.4549403786659241,0.35946136713027954,1,2024-11-13 05:00:00+00:00
2716,0.22193332016468048,0.3747183680534363,0.40334832668304443,2,2024-11-13 06:00:00+00:00
2717,0.20181211829185486,0.4120495021343231,0.38613829016685486,1,2024-11-13 07:00:00+00:00
2718,0.2004610300064087,0.3984183371067047,0.4011206030845642,2,2024-11-13 08:00:00+00:00
2719,0.1974850296974182,0.443569153547287,0.35894593596458435,1,2024-11-13 09:00:00+00:00
2720,0.17922496795654297,0.45284831523895264,0.3679266571998596,1,2024-11-13 10:00:00+00:00
2721,0.19015565514564514,0.45287102460861206,0.356973260641098,1,2024-11-13 11:00:00+00:00
2722,0.19575795531272888,0.48475199937820435,0.31949010491371155,1,2024-11-13 13:00:00+00:00
2723,0.21958373486995697,0.47634389996528625,0.3040724992752075,1,2024-11-13 14:00:00+00:00
2724,0.2576746940612793,0.39529553055763245,0.3470297157764435,1,2024-11-13 16:00:00+00:00
2725,0.2805469036102295,0.3328474760055542,0.3866056501865387,2,2024-11-13 17:00:00+00:00
2726,0.26983392238616943,0.3406333029270172,0.38953283429145813,2,2024-11-13 18:00:00+00:00
2727,0.2686944901943207,0.41398417949676514,0.3173213601112366,1,2024-11-13 19:00:00+00:00
2728,0.27112048864364624,0.39733588695526123,0.33154359459877014,1,2024-11-13 20:00:00+00:00
2729,0.24386650323867798,0.3772701621055603,0.37886330485343933,2,2024-11-13 21:00:00+00:00
2730,0.23150688409805298,0.4486185312271118,0.31987464427948,1,2024-11-13 22:00:00+00:00
2731,0.23632928729057312,0.4247184693813324,0.33895233273506165,1,2024-11-13 23:00:00+00:00
2732,0.2034156173467636,0.5413026809692383,0.2552817463874817,1,2024-11-14 00:00:00+00:00
2733,0.22572216391563416,0.5362629890441895,0.23801495134830475,1,2024-11-14 01:00:00+00:00
2734,0.21734802424907684,0.5147544741630554,0.26789748668670654,1,2024-11-14 02:00:00+00:00
2735,0.2136658877134323,0.5637228488922119,0.22261132299900055,1,2024-11-14 03:00:00+00:00
2736,0.21172019839286804,0.5657426714897156,0.22253726422786713,1,2024-11-14 04:00:00+00:00
2737,0.2442682981491089,0.5397947430610657,0.21593695878982544,1,2024-11-14 05:00:00+00:00
2738,0.24582511186599731,0.549507200717926,0.20466767251491547,1,2024-11-14 06:00:00+00:00
2739,0.23422710597515106,0.5631190538406372,0.20265378057956696,1,2024-11-14 07:00:00+00:00
2740,0.24299339950084686,0.43935292959213257,0.3176535964012146,1,2024-11-14 08:00:00+00:00
2741,0.24801276624202728,0.48350343108177185,0.2684837579727173,1,2024-11-14 09:00:00+00:00
2742,0.22727848589420319,0.5614071488380432,0.2113143801689148,1,2024-11-14 10:00:00+00:00
2743,0.22623609006404877,0.5681018829345703,0.20566204190254211,1,2024-11-14 11:00:00+00:00
2744,0.21242351830005646,0.47286948561668396,0.3147069811820984,1,2024-11-14 12:00:00+00:00
2745,0.21963612735271454,0.43574395775794983,0.3446199595928192,1,2024-11-14 13:00:00+00:00
2746,0.2199128419160843,0.44256913661956787,0.33751797676086426,1,2024-11-14 14:00:00+00:00
2747,0.22332251071929932,0.4360245168209076,0.3406528830528259,1,2024-11-14 15:00:00+00:00
2748,0.23272180557250977,0.3376748263835907,0.42960330843925476,2,2024-11-14 16:00:00+00:00
2749,0.2356591671705246,0.3635860085487366,0.40075480937957764,2,2024-11-14 17:00:00+00:00
2750,0.23086205124855042,0.4628927707672119,0.30624523758888245,1,2024-11-14 18:00:00+00:00
2751,0.2169950157403946,0.47373417019844055,0.30927079916000366,1,2024-11-14 19:00:00+00:00
2752,0.2133566290140152,0.4655390679836273,0.3211043179035187,1,2024-11-14 20:00:00+00:00
2753,0.21061117947101593,0.4906110465526581,0.2987777888774872,1,2024-11-14 21:00:00+00:00
2754,0.2327355593442917,0.3969890773296356,0.3702753782272339,1,2024-11-14 22:00:00+00:00
2755,0.23118896782398224,0.43030810356140137,0.3385028541088104,1,2024-11-14 23:00:00+00:00
2756,0.23617476224899292,0.39587363600730896,0.36795154213905334,1,2024-11-15 00:00:00+00:00
2757,0.24382755160331726,0.34363213181495667,0.41254037618637085,2,2024-11-15 01:00:00+00:00
2758,0.24465496838092804,0.36059343814849854,0.39475154876708984,2,2024-11-15 02:00:00+00:00
2759,0.22209520637989044,0.4365016222000122,0.34140318632125854,1,2024-11-15 03:00:00+00:00
2760,0.21712836623191833,0.47460803389549255,0.3082635998725891,1,2024-11-15 04:00:00+00:00
2761,0.19146446883678436,0.5306933522224426,0.27784231305122375,1,2024-11-15 05:00:00+00:00
2762,0.21777842938899994,0.4070565700531006,0.3751649856567383,1,2024-11-15 06:00:00+00:00
2763,0.21533247828483582,0.46130460500717163,0.32336297631263733,1,2024-11-15 07:00:00+00:00
2764,0.20644183456897736,0.55146324634552,0.24209490418434143,1,2024-11-15 08:00:00+00:00
2765,0.19150231778621674,0.5491320490837097,0.2593655586242676,1,2024-11-15 09:00:00+00:00
2766,0.20225074887275696,0.5938465595245361,0.2039026916027069,1,2024-11-15 10:00:00+00:00
2767,0.2482433319091797,0.549712598323822,0.2020440399646759,1,2024-11-15 11:00:00+00:00
2768,0.23280301690101624,0.6006094217300415,0.16658759117126465,1,2024-11-15 12:00:00+00:00
2769,0.2747059166431427,0.5486584901809692,0.1766355186700821,1,2024-11-15 13:00:00+00:00
2770,0.2730760872364044,0.5315659642219543,0.19535788893699646,1,2024-11-15 14:00:00+00:00
2771,0.2980601191520691,0.5011517405509949,0.20078812539577484,1,2024-11-15 15:00:00+00:00
2772,0.25965413451194763,0.45360276103019714,0.2867429852485657,1,2024-11-15 16:00:00+00:00
2773,0.23537671566009521,0.41696441173553467,0.3476588726043701,1,2024-11-15 17:00:00+00:00
2774,0.2334824949502945,0.4862116575241089,0.2803058326244354,1,2024-11-15 18:00:00+00:00
2775,0.2640291452407837,0.43541520833969116,0.3005557060241699,1,2024-11-15 19:00:00+00:00
2776,0.26347172260284424,0.4852449297904968,0.25128328800201416,1,2024-11-15 20:00:00+00:00
2777,0.27947062253952026,0.5292178392410278,0.19131147861480713,1,2024-11-15 21:00:00+00:00
2778,0.3306841552257538,0.4457097053527832,0.2236061990261078,1,2024-11-15 22:00:00+00:00
2779,0.31406664848327637,0.3494392931461334,0.3364940881729126,1,2024-11-15 23:00:00+00:00
2780,0.2912016808986664,0.5562548041343689,0.15254338085651398,1,2024-11-16 00:00:00+00:00
2781,0.2474699318408966,0.5953537821769714,0.15717627108097076,1,2024-11-16 01:00:00+00:00
2782,0.24713143706321716,0.5083283185958862,0.24454019963741302,1,2024-11-16 02:00:00+00:00
2783,0.24766628444194794,0.6270387768745422,0.12529495358467102,1,2024-11-16 03:00:00+00:00
2784,0.26446205377578735,0.5744367241859436,0.16110126674175262,1,2024-11-16 04:00:00+00:00
2785,0.27426084876060486,0.5261948108673096,0.19954431056976318,1,2024-11-16 05:00:00+00:00
2786,0.23907457292079926,0.5111609697341919,0.24976442754268646,1,2024-11-16 06:00:00+00:00
2787,0.23979578912258148,0.44388502836227417,0.31631916761398315,1,2024-11-16 07:00:00+00:00
2788,0.2389088273048401,0.4699840843677521,0.2911069989204407,1,2024-11-16 08:00:00+00:00
2789,0.2161133587360382,0.576412558555603,0.20747414231300354,1,2024-11-16 09:00:00+00:00
2790,0.22469301521778107,0.5945699214935303,0.18073707818984985,1,2024-11-16 10:00:00+00:00
2791,0.22989219427108765,0.5637207627296448,0.20638708770275116,1,2024-11-16 11:00:00+00:00
2792,0.21688367426395416,0.5766884088516235,0.20642782747745514,1,2024-11-16 12:00:00+00:00
2793,0.22376541793346405,0.5206145644187927,0.2556200623512268,1,2024-11-16 13:00:00+00:00
2794,0.22012728452682495,0.5133145451545715,0.2665581703186035,1,2024-11-16 14:00:00+00:00
2795,0.2238318920135498,0.5200326442718506,0.25613540410995483,1,2024-11-16 16:00:00+00:00
2796,0.2241288423538208,0.33169740438461304,0.4441738426685333,2,2024-11-16 17:00:00+00:00
2797,0.19600318372249603,0.4504220187664032,0.35357481241226196,1,2024-11-16 18:00:00+00:00
2798,0.198293998837471,0.5241925120353699,0.2775135040283203,1,2024-11-16 19:00:00+00:00
2799,0.19171695411205292,0.5829890966415405,0.22529391944408417,1,2024-11-16 20:00:00+00:00
2800,0.19831661880016327,0.5770002007484436,0.22468319535255432,1,2024-11-16 21:00:00+00:00
2801,0.21058662235736847,0.534145176410675,0.25526824593544006,1,2024-11-16 22:00:00+00:00
2802,0.1967744082212448,0.5953255891799927,0.20789994299411774,1,2024-11-16 23:00:00+00:00
2803,0.19268006086349487,0.5867321491241455,0.220587819814682,1,2024-11-17 00:00:00+00:00
2804,0.20353609323501587,0.5736143589019775,0.22284956276416779,1,2024-11-17 01:00:00+00:00
2805,0.2302119880914688,0.49871474504470825,0.2710733413696289,1,2024-11-17 02:00:00+00:00
2806,0.1994245946407318,0.46025151014328003,0.3403240144252777,1,2024-11-17 03:00:00+00:00
2807,0.20981070399284363,0.39372387528419495,0.39646536111831665,2,2024-11-17 04:00:00+00:00
2808,0.17269815504550934,0.5789492726325989,0.2483525276184082,1,2024-11-17 05:00:00+00:00
2809,0.26980096101760864,0.4118238687515259,0.31837522983551025,1,2024-11-17 06:00:00+00:00
2810,0.3010715842247009,0.45843958854675293,0.2404889166355133,1,2024-11-17 07:00:00+00:00
2811,0.2795632481575012,0.4722774922847748,0.24815915524959564,1,2024-11-17 08:00:00+00:00
2812,0.2592026889324188,0.5190476179122925,0.2217496782541275,1,2024-11-17 10:00:00+00:00
2813,0.20732004940509796,0.603549063205719,0.18913085758686066,1,2024-11-17 11:00:00+00:00
2814,0.2606705129146576,0.5018911957740784,0.23743832111358643,1,2024-11-17 12:00:00+00:00
2815,0.2072506994009018,0.5689345598220825,0.22381483018398285,1,2024-11-17 13:00:00+00:00
2816,0.21811600029468536,0.5645787119865417,0.2173052877187729,1,2024-11-17 14:00:00+00:00
2817,0.20441214740276337,0.5702975988388062,0.22529028356075287,1,2024-11-17 15:00:00+00:00
2818,0.19745634496212006,0.5840356945991516,0.21850791573524475,1,2024-11-17 16:00:00+00:00
2819,0.20288294553756714,0.5810768008232117,0.21604028344154358,1,2024-11-17 17:00:00+00:00
2820,0.20283344388008118,0.5626270174980164,0.2345394790172577,1,2024-11-17 18:00:00+00:00
2821,0.1778736114501953,0.6151835322380066,0.20694291591644287,1,2024-11-17 19:00:00+00:00
2822,0.1941930055618286,0.5352268815040588,0.2705800533294678,1,2024-11-17 20:00:00+00:00
2823,0.1946595311164856,0.5572482943534851,0.2480921894311905,1,2024-11-17 21:00:00+00:00
2824,0.1964866667985916,0.5531134605407715,0.25039979815483093,1,2024-11-17 22:00:00+00:00
2825,0.19596485793590546,0.5209237337112427,0.2831113934516907,1,2024-11-17 23:00:00+00:00
2826,0.20178575813770294,0.5141027569770813,0.2841114401817322,1,2024-11-18 00:00:00+00:00
2827,0.18813520669937134,0.5451751351356506,0.26668962836265564,1,2024-11-18 01:00:00+00:00
2828,0.19806769490242004,0.5284508466720581,0.2734813988208771,1,2024-11-18 02:00:00+00:00
2829,0.1979740411043167,0.5663638114929199,0.23566219210624695,1,2024-11-18 03:00:00+00:00
2830,0.19265806674957275,0.5675124526023865,0.239829421043396,1,2024-11-18 04:00:00+00:00
2831,0.18635977804660797,0.6134181618690491,0.20022207498550415,1,2024-11-18 05:00:00+00:00
2832,0.17813390493392944,0.5900294780731201,0.23183658719062805,1,2024-11-18 06:00:00+00:00
2833,0.1532454788684845,0.6469821929931641,0.19977225363254547,1,2024-11-18 07:00:00+00:00
2834,0.19968047738075256,0.6036832928657532,0.19663621485233307,1,2024-11-18 08:00:00+00:00
2835,0.18464058637619019,0.627115786075592,0.1882435530424118,1,2024-11-18 09:00:00+00:00
2836,0.17022506892681122,0.6347464919090271,0.1950284093618393,1,2024-11-18 10:00:00+00:00
2837,0.17988160252571106,0.6050459146499634,0.21507248282432556,1,2024-11-18 11:00:00+00:00
2838,0.14561541378498077,0.6968470811843872,0.1575375199317932,1,2024-11-18 12:00:00+00:00
2839,0.19335459172725677,0.4858279228210449,0.3208175301551819,1,2024-11-18 13:00:00+00:00
2840,0.17287586629390717,0.5500854253768921,0.27703869342803955,1,2024-11-18 14:00:00+00:00
2841,0.1933683305978775,0.4228198528289795,0.3838118314743042,1,2024-11-18 15:00:00+00:00
2842,0.2150823473930359,0.4659903645515442,0.3189273476600647,1,2024-11-18 16:00:00+00:00
2843,0.22394263744354248,0.5385235548019409,0.2375337779521942,1,2024-11-18 17:00:00+00:00
2844,0.2453921139240265,0.4658676087856293,0.28874027729034424,1,2024-11-18 18:00:00+00:00
2845,0.2454688847064972,0.5073346495628357,0.24719639122486115,1,2024-11-18 19:00:00+00:00
2846,0.24921701848506927,0.45486336946487427,0.2959196865558624,1,2024-11-18 20:00:00+00:00
2847,0.23037728667259216,0.42632830142974854,0.3432944715023041,1,2024-11-18 21:00:00+00:00
2848,0.23897135257720947,0.4557686746120453,0.3052598834037781,1,2024-11-18 22:00:00+00:00
2849,0.22219057381153107,0.5229661464691162,0.25484326481819153,1,2024-11-18 23:00:00+00:00
2850,0.2022063434123993,0.5887749791145325,0.20901867747306824,1,2024-11-19 00:00:00+00:00
2851,0.2346615046262741,0.5511067509651184,0.21423165500164032,1,2024-11-19 01:00:00+00:00
2852,0.22151488065719604,0.5139865875244141,0.2644985616207123,1,2024-11-19 02:00:00+00:00
2853,0.20793430507183075,0.5011016726493835,0.2909640073776245,1,2024-11-19 03:00:00+00:00
2854,0.1964351087808609,0.5818746089935303,0.22169026732444763,1,2024-11-19 04:00:00+00:00
2855,0.18265941739082336,0.6331760883331299,0.18416446447372437,1,2024-11-19 05:00:00+00:00
2856,0.2111487239599228,0.5079753994941711,0.2808758318424225,1,2024-11-19 06:00:00+00:00
2857,0.21243444085121155,0.6001253128051758,0.18744032084941864,1,2024-11-19 07:00:00+00:00
2858,0.2062070071697235,0.6079979538917542,0.1857951283454895,1,2024-11-19 08:00:00+00:00
2859,0.18700528144836426,0.5997257828712463,0.2132689356803894,1,2024-11-19 09:00:00+00:00
2860,0.19309213757514954,0.5491316914558411,0.2577761709690094,1,2024-11-19 10:00:00+00:00
2861,0.19530528783798218,0.46997955441474915,0.3347151279449463,1,2024-11-19 11:00:00+00:00
2862,0.19481530785560608,0.5683272480964661,0.23685742914676666,1,2024-11-19 12:00:00+00:00
2863,0.19852221012115479,0.576837420463562,0.22464029490947723,1,2024-11-19 13:00:00+00:00
2864,0.22349660098552704,0.5813807845115662,0.1951226145029068,1,2024-11-19 14:00:00+00:00
2865,0.2099684476852417,0.3547916114330292,0.43523985147476196,2,2024-11-19 15:00:00+00:00
2866,0.22512754797935486,0.34575557708740234,0.42911678552627563,2,2024-11-19 16:00:00+00:00
2867,0.2052929401397705,0.4442872107028961,0.35041987895965576,1,2024-11-19 17:00:00+00:00
2868,0.20288285613059998,0.45706507563591003,0.34005218744277954,1,2024-11-19 18:00:00+00:00
2869,0.2135227471590042,0.44516029953956604,0.3413168787956238,1,2024-11-19 19:00:00+00:00
2870,0.248234361410141,0.47793224453926086,0.27383342385292053,1,2024-11-19 20:00:00+00:00
2871,0.22802969813346863,0.4978164732456207,0.27415382862091064,1,2024-11-19 21:00:00+00:00
2872,0.23038089275360107,0.37427017092704773,0.39534899592399597,2,2024-11-19 22:00:00+00:00
2873,0.23130905628204346,0.3839859366416931,0.38470491766929626,2,2024-11-19 23:00:00+00:00
2874,0.2222103327512741,0.38053780794143677,0.3972517251968384,2,2024-11-20 00:00:00+00:00
2875,0.21266962587833405,0.4611341059207916,0.3261964023113251,1,2024-11-20 01:00:00+00:00
2876,0.2161204218864441,0.428448885679245,0.35543057322502136,1,2024-11-20 02:00:00+00:00
2877,0.2220887541770935,0.3895736634731293,0.3883377015590668,1,2024-11-20 03:00:00+00:00
2878,0.20714348554611206,0.40560317039489746,0.38725340366363525,1,2024-11-20 04:00:00+00:00
2879,0.2088988572359085,0.4072721004486084,0.38382917642593384,1,2024-11-20 05:00:00+00:00
2880,0.20429670810699463,0.47983822226524353,0.315865159034729,1,2024-11-20 06:00:00+00:00
2881,0.20214605331420898,0.5074291825294495,0.29042479395866394,1,2024-11-20 07:00:00+00:00
2882,0.18654192984104156,0.5339238047599792,0.2795342803001404,1,2024-11-20 08:00:00+00:00
2883,0.1803119033575058,0.6040456891059875,0.21564237773418427,1,2024-11-20 09:00:00+00:00
2884,0.28612005710601807,0.5273654460906982,0.18651451170444489,1,2024-11-20 10:00:00+00:00
2885,0.3299611210823059,0.4831821918487549,0.18685665726661682,1,2024-11-20 11:00:00+00:00
2886,0.28990107774734497,0.5462481379508972,0.16385087370872498,1,2024-11-20 12:00:00+00:00
2887,0.2604793310165405,0.5574839115142822,0.18203680217266083,1,2024-11-20 13:00:00+00:00
2888,0.219923198223114,0.572240948677063,0.20783592760562897,1,2024-11-20 14:00:00+00:00
2889,0.29991719126701355,0.4300576448440552,0.2700251340866089,1,2024-11-20 15:00:00+00:00
2890,0.29912707209587097,0.4258042275905609,0.2750687003135681,1,2024-11-20 16:00:00+00:00
2891,0.2789672911167145,0.502510666847229,0.2185221016407013,1,2024-11-20 17:00:00+00:00
2892,0.2483968287706375,0.4353432357311249,0.3162599205970764,1,2024-11-20 18:00:00+00:00
2893,0.22906503081321716,0.41616660356521606,0.35476839542388916,1,2024-11-20 19:00:00+00:00
2894,0.22867737710475922,0.388327419757843,0.3829953372478485,1,2024-11-20 20:00:00+00:00
2895,0.22293944656848907,0.3901105225086212,0.38694995641708374,1,2024-11-20 21:00:00+00:00
2896,0.2306443452835083,0.4811544120311737,0.28820136189460754,1,2024-11-20 22:00:00+00:00
2897,0.23165370523929596,0.5259547829627991,0.24239158630371094,1,2024-11-20 23:00:00+00:00
2898,0.23454652726650238,0.5225380063056946,0.24291548132896423,1,2024-11-21 00:00:00+00:00
2899,0.20011423528194427,0.5409125685691833,0.25897321105003357,1,2024-11-21 01:00:00+00:00
2900,0.2117132842540741,0.5394695997238159,0.24881711602210999,1,2024-11-21 02:00:00+00:00
2901,0.20860272645950317,0.5334237813949585,0.25797340273857117,1,2024-11-21 03:00:00+00:00
2902,0.2213941216468811,0.37981393933296204,0.3987918794155121,2,2024-11-21 04:00:00+00:00
2903,0.22522805631160736,0.42741072177886963,0.3473612368106842,1,2024-11-21 05:00:00+00:00
2904,0.2855483591556549,0.4425346553325653,0.2719170153141022,1,2024-11-21 06:00:00+00:00
2905,0.27159246802330017,0.49383223056793213,0.23457543551921844,1,2024-11-21 07:00:00+00:00
2906,0.23643921315670013,0.5327202081680298,0.23084048926830292,1,2024-11-21 08:00:00+00:00
2907,0.262638658285141,0.5346186757087708,0.20274274051189423,1,2024-11-21 09:00:00+00:00
2908,0.212405264377594,0.6081565022468567,0.1794382631778717,1,2024-11-21 10:00:00+00:00
2909,0.18262368440628052,0.6073159575462341,0.21006034314632416,1,2024-11-21 11:00:00+00:00
2910,0.19449879229068756,0.5705830454826355,0.23491813242435455,1,2024-11-21 12:00:00+00:00
2911,0.22458793222904205,0.5731201171875,0.2022920399904251,1,2024-11-21 13:00:00+00:00
2912,0.3228744864463806,0.37713921070098877,0.29998624324798584,1,2024-11-21 14:00:00+00:00
2913,0.3388550877571106,0.37025514245033264,0.2908897399902344,1,2024-11-21 15:00:00+00:00
2914,0.3197546899318695,0.36733514070510864,0.3129102289676666,1,2024-11-21 16:00:00+00:00
2915,0.29970821738243103,0.3696107566356659,0.3306809663772583,1,2024-11-21 17:00:00+00:00
2916,0.3052591383457184,0.43397751450538635,0.2607634365558624,1,2024-11-21 18:00:00+00:00
2917,0.2738497257232666,0.4388652741909027,0.2872849404811859,1,2024-11-21 19:00:00+00:00
2918,0.2559642195701599,0.41376158595085144,0.3302740752696991,1,2024-11-21 20:00:00+00:00
2919,0.23262916505336761,0.3863849937915802,0.380985826253891,1,2024-11-21 21:00:00+00:00
2920,0.24252048134803772,0.40812042355537415,0.3493591845035553,1,2024-11-21 22:00:00+00:00
2921,0.24576051533222198,0.5174211263656616,0.2368183434009552,1,2024-11-21 23:00:00+00:00
2922,0.23187601566314697,0.5781093835830688,0.19001461565494537,1,2024-11-22 00:00:00+00:00
2923,0.2158353179693222,0.6026131510734558,0.18155156075954437,1,2024-11-22 01:00:00+00:00
2924,0.23017185926437378,0.5636278986930847,0.2062002569437027,1,2024-11-22 02:00:00+00:00
2925,0.2216961830854416,0.5623498558998108,0.21595388650894165,1,2024-11-22 03:00:00+00:00
2926,0.1889151930809021,0.47731807827949524,0.33376675844192505,1,2024-11-22 04:00:00+00:00
2927,0.19401443004608154,0.46326711773872375,0.34271833300590515,1,2024-11-22 05:00:00+00:00
2928,0.2171171009540558,0.5277606844902039,0.2551221549510956,1,2024-11-22 06:00:00+00:00
2929,0.2146376520395279,0.5141866207122803,0.2711758017539978,1,2024-11-22 07:00:00+00:00
2930,0.1947350651025772,0.5384106040000916,0.26685434579849243,1,2024-11-22 08:00:00+00:00
2931,0.20664973556995392,0.6049237251281738,0.18842647969722748,1,2024-11-22 09:00:00+00:00
2932,0.2149345576763153,0.5492348670959473,0.23583048582077026,1,2024-11-22 10:00:00+00:00
2933,0.192826047539711,0.45355045795440674,0.3536234498023987,1,2024-11-22 11:00:00+00:00
2934,0.21386955678462982,0.42008012533187866,0.3660503923892975,1,2024-11-22 12:00:00+00:00
2935,0.2483549416065216,0.3465288579463959,0.40511614084243774,2,2024-11-22 13:00:00+00:00
2936,0.21871185302734375,0.23162314295768738,0.5496649742126465,2,2024-11-22 14:00:00+00:00
2937,0.2807639241218567,0.30829697847366333,0.4109390377998352,2,2024-11-22 15:00:00+00:00
2938,0.2562405467033386,0.3361917734146118,0.4075676500797272,2,2024-11-22 16:00:00+00:00
2939,0.21524138748645782,0.2997383177280426,0.48502033948898315,2,2024-11-22 17:00:00+00:00
2940,0.2205454409122467,0.30874747037887573,0.47070711851119995,2,2024-11-22 18:00:00+00:00
2941,0.2211603969335556,0.30896472930908203,0.4698748290538788,2,2024-11-22 19:00:00+00:00
2942,0.24897527694702148,0.44271156191825867,0.3083132803440094,1,2024-11-22 20:00:00+00:00
2943,0.23625342547893524,0.4110286235809326,0.35271790623664856,1,2024-11-22 21:00:00+00:00
2944,0.2337968498468399,0.37973326444625854,0.38646993041038513,2,2024-11-22 23:00:00+00:00
2945,0.24586978554725647,0.29857319593429565,0.45555707812309265,2,2024-11-23 00:00:00+00:00
2946,0.2845495641231537,0.207681804895401,0.5077685713768005,2,2024-11-23 01:00:00+00:00
2947,0.2550605237483978,0.20278574526309967,0.5421537160873413,2,2024-11-23 02:00:00+00:00
2948,0.28187432885169983,0.17751072347164154,0.540614902973175,2,2024-11-23 03:00:00+00:00
2949,0.28570353984832764,0.23692446947097778,0.4773719906806946,2,2024-11-23 04:00:00+00:00
2950,0.2621280252933502,0.3008224070072174,0.4370495676994324,2,2024-11-23 05:00:00+00:00
2951,0.28763347864151,0.21879585087299347,0.4935707747936249,2,2024-11-23 06:00:00+00:00
2952,0.2550623118877411,0.3111577332019806,0.43377992510795593,2,2024-11-23 07:00:00+00:00
2953,0.23108449578285217,0.3681182861328125,0.4007972180843353,2,2024-11-23 08:00:00+00:00
2954,0.22155724465847015,0.3951289653778076,0.3833138346672058,1,2024-11-23 09:00:00+00:00
2955,0.22670269012451172,0.37756648659706116,0.39573073387145996,2,2024-11-23 10:00:00+00:00
2956,0.21995046734809875,0.41085636615753174,0.3691931366920471,1,2024-11-23 11:00:00+00:00
2957,0.2116054892539978,0.45344045758247375,0.33495399355888367,1,2024-11-23 12:00:00+00:00
2958,0.20829364657402039,0.47618865966796875,0.3155176639556885,1,2024-11-23 13:00:00+00:00
2959,0.227077916264534,0.4211508631706238,0.3517712652683258,1,2024-11-23 14:00:00+00:00
2960,0.22810553014278412,0.40588653087615967,0.36600786447525024,1,2024-11-23 15:00:00+00:00
2961,0.23614822328090668,0.37056371569633484,0.3932879865169525,2,2024-11-23 16:00:00+00:00
2962,0.265232652425766,0.2912524342536926,0.44351503252983093,2,2024-11-23 18:00:00+00:00
2963,0.2578534483909607,0.2858138680458069,0.4563327133655548,2,2024-11-23 19:00:00+00:00
2964,0.23408232629299164,0.3588925302028656,0.4070250689983368,2,2024-11-23 20:00:00+00:00
2965,0.21626710891723633,0.41694962978363037,0.3667833209037781,1,2024-11-23 21:00:00+00:00
2966,0.23588430881500244,0.35100558400154114,0.41311004757881165,2,2024-11-23 22:00:00+00:00
2967,0.18812187016010284,0.5484082698822021,0.26346978545188904,1,2024-11-23 23:00:00+00:00
2968,0.15749160945415497,0.5975592732429504,0.24494902789592743,1,2024-11-24 00:00:00+00:00
2969,0.1449652910232544,0.6038818955421448,0.25115278363227844,1,2024-11-24 01:00:00+00:00
2970,0.2136826515197754,0.5065562129020691,0.2797611355781555,1,2024-11-24 02:00:00+00:00
2971,0.12732048332691193,0.7097505927085876,0.1629289984703064,1,2024-11-24 03:00:00+00:00
2972,0.14878924190998077,0.6765376925468445,0.17467300593852997,1,2024-11-24 04:00:00+00:00
2973,0.2062414139509201,0.5099897980690002,0.28376877307891846,1,2024-11-24 05:00:00+00:00
2974,0.23857524991035461,0.41340699791908264,0.34801778197288513,1,2024-11-24 06:00:00+00:00
2975,0.22737948596477509,0.50732421875,0.2652963101863861,1,2024-11-24 07:00:00+00:00
2976,0.2248345911502838,0.5088645815849304,0.26630088686943054,1,2024-11-24 08:00:00+00:00
2977,0.16908863186836243,0.6353955864906311,0.19551575183868408,1,2024-11-24 09:00:00+00:00
2978,0.17468704283237457,0.5270627737045288,0.2982501983642578,1,2024-11-24 10:00:00+00:00
2979,0.18040119111537933,0.5755022764205933,0.24409662187099457,1,2024-11-24 11:00:00+00:00
2980,0.18354786932468414,0.5029754042625427,0.31347668170928955,1,2024-11-24 12:00:00+00:00
2981,0.24702559411525726,0.2840941846370697,0.46888020634651184,2,2024-11-24 13:00:00+00:00
2982,0.2543327808380127,0.262286514043808,0.4833807349205017,2,2024-11-24 14:00:00+00:00
2983,0.22593969106674194,0.3561278283596039,0.4179324507713318,2,2024-11-24 15:00:00+00:00
2984,0.24141359329223633,0.3163449168205261,0.44224148988723755,2,2024-11-24 16:00:00+00:00
2985,0.23545965552330017,0.28771692514419556,0.4768233895301819,2,2024-11-24 17:00:00+00:00
2986,0.257771372795105,0.30277132987976074,0.4394572675228119,2,2024-11-24 18:00:00+00:00
2987,0.22803670167922974,0.3745795488357544,0.3973837196826935,2,2024-11-24 19:00:00+00:00
2988,0.24912883341312408,0.4141657054424286,0.33670541644096375,1,2024-11-24 20:00:00+00:00
2989,0.24730247259140015,0.41823485493659973,0.33446264266967773,1,2024-11-24 21:00:00+00:00
2990,0.2446129024028778,0.47984838485717773,0.27553874254226685,1,2024-11-24 22:00:00+00:00
2991,0.2417711466550827,0.516215980052948,0.24201293289661407,1,2024-11-24 23:00:00+00:00
2992,0.26941803097724915,0.46454980969429016,0.2660321891307831,1,2024-11-25 00:00:00+00:00
2993,0.2652224898338318,0.47237467765808105,0.26240286231040955,1,2024-11-25 01:00:00+00:00
2994,0.26430970430374146,0.453115314245224,0.2825750410556793,1,2024-11-25 02:00:00+00:00
2995,0.2630905508995056,0.44327831268310547,0.29363110661506653,1,2024-11-25 03:00:00+00:00
2996,0.18633031845092773,0.6169396042823792,0.19673000276088715,1,2024-11-25 04:00:00+00:00
2997,0.230657160282135,0.5559418201446533,0.2134009599685669,1,2024-11-25 05:00:00+00:00
2998,0.2724938988685608,0.458315908908844,0.26919010281562805,1,2024-11-25 06:00:00+00:00
2999,0.2758430540561676,0.49225595593452454,0.23190099000930786,1,2024-11-25 07:00:00+00:00
3000,0.325596421957016,0.3769015669822693,0.29750195145606995,1,2024-11-25 08:00:00+00:00
3001,0.3342462182044983,0.28061938285827637,0.38513436913490295,2,2024-11-25 09:00:00+00:00
3002,0.27932626008987427,0.24339544773101807,0.47727835178375244,2,2024-11-25 10:00:00+00:00
3003,0.3046874701976776,0.22534838318824768,0.46996426582336426,2,2024-11-25 11:00:00+00:00
3004,0.27499327063560486,0.3066216707229614,0.4183850586414337,2,2024-11-25 12:00:00+00:00
3005,0.22744451463222504,0.34701287746429443,0.42554256319999695,2,2024-11-25 13:00:00+00:00
3006,0.21524028480052948,0.3454722762107849,0.4392874538898468,2,2024-11-25 14:00:00+00:00
3007,0.26142725348472595,0.357115775346756,0.3814568817615509,2,2024-11-25 15:00:00+00:00
3008,0.2701084017753601,0.30767717957496643,0.4222143590450287,2,2024-11-25 16:00:00+00:00
3009,0.2825678586959839,0.1905144602060318,0.5269176363945007,2,2024-11-25 17:00:00+00:00
3010,0.25042617321014404,0.2961922585964203,0.45338159799575806,2,2024-11-25 18:00:00+00:00
3011,0.25612491369247437,0.3276063799858093,0.4162687063217163,2,2024-11-25 19:00:00+00:00
3012,0.24331022799015045,0.39214757084846497,0.3645422160625458,1,2024-11-25 20:00:00+00:00
3013,0.24733483791351318,0.3712126314640045,0.3814525902271271,2,2024-11-25 21:00:00+00:00
3014,0.2770027220249176,0.25243455171585083,0.47056275606155396,2,2024-11-25 22:00:00+00:00
3015,0.2626573145389557,0.32564255595207214,0.4117000997066498,2,2024-11-25 23:00:00+00:00
3016,0.2605711817741394,0.3263113796710968,0.4131174087524414,2,2024-11-26 00:00:00+00:00
3017,0.27126598358154297,0.26881861686706543,0.4599153697490692,2,2024-11-26 01:00:00+00:00
3018,0.27067914605140686,0.2827226221561432,0.44659820199012756,2,2024-11-26 02:00:00+00:00
3019,0.24628350138664246,0.40477848052978516,0.3489379286766052,1,2024-11-26 03:00:00+00:00
3020,0.241300567984581,0.39510828256607056,0.36359113454818726,1,2024-11-26 04:00:00+00:00
3021,0.2341187298297882,0.41105037927627563,0.3548308312892914,1,2024-11-26 05:00:00+00:00
3022,0.2260151356458664,0.4310232102870941,0.3429616391658783,1,2024-11-26 06:00:00+00:00
3023,0.2379913479089737,0.43921971321105957,0.32278892397880554,1,2024-11-26 07:00:00+00:00
3024,0.23050881922245026,0.44359347224235535,0.32589778304100037,1,2024-11-26 08:00:00+00:00
3025,0.22487576305866241,0.4101070165634155,0.36501723527908325,1,2024-11-26 09:00:00+00:00
3026,0.24472735822200775,0.295942485332489,0.4593302011489868,2,2024-11-26 10:00:00+00:00
3027,0.22377069294452667,0.3611622750759125,0.41506701707839966,2,2024-11-26 11:00:00+00:00
3028,0.28731733560562134,0.2413375973701477,0.47134506702423096,2,2024-11-26 12:00:00+00:00
3029,0.30467313528060913,0.22045353055000305,0.47487327456474304,2,2024-11-26 13:00:00+00:00
3030,0.30079784989356995,0.2501274347305298,0.4490745961666107,2,2024-11-26 14:00:00+00:00
3031,0.2920478582382202,0.27414992451667786,0.43380215764045715,2,2024-11-26 15:00:00+00:00
3032,0.29256877303123474,0.2825266420841217,0.42490461468696594,2,2024-11-26 16:00:00+00:00
3033,0.28009477257728577,0.29468345642089844,0.4252217710018158,2,2024-11-26 17:00:00+00:00
3034,0.2797422707080841,0.3032478988170624,0.41700980067253113,2,2024-11-26 18:00:00+00:00
3035,0.257380872964859,0.3611733615398407,0.38144585490226746,2,2024-11-26 19:00:00+00:00
3036,0.28772541880607605,0.27618104219436646,0.4360935389995575,2,2024-11-26 20:00:00+00:00
3037,0.27367570996284485,0.33577975630760193,0.3905446529388428,2,2024-11-26 21:00:00+00:00
3038,0.2851465344429016,0.32987651228904724,0.38497698307037354,2,2024-11-26 23:00:00+00:00
3039,0.2697819769382477,0.30994173884391785,0.42027634382247925,2,2024-11-27 00:00:00+00:00
3040,0.23625247180461884,0.3788948059082031,0.38485273718833923,2,2024-11-27 01:00:00+00:00
3041,0.2601049542427063,0.3331609070301056,0.4067341983318329,2,2024-11-27 02:00:00+00:00
3042,0.2905791103839874,0.38676324486732483,0.3226577341556549,1,2024-11-27 03:00:00+00:00
3043,0.28449681401252747,0.3966726064682007,0.31883054971694946,1,2024-11-27 04:00:00+00:00
3044,0.2654229998588562,0.401447057723999,0.3331298828125,1,2024-11-27 05:00:00+00:00
3045,0.2459694743156433,0.31681376695632935,0.43721669912338257,2,2024-11-27 06:00:00+00:00
3046,0.27056607604026794,0.3180997371673584,0.41133424639701843,2,2024-11-27 07:00:00+00:00
3047,0.2704162895679474,0.4059486389160156,0.3236350417137146,1,2024-11-27 08:00:00+00:00
3048,0.23550450801849365,0.36516889929771423,0.3993265628814697,2,2024-11-27 09:00:00+00:00
3049,0.2028125822544098,0.2821000814437866,0.515087366104126,2,2024-11-27 10:00:00+00:00
3050,0.22857049107551575,0.35030698776245117,0.42112255096435547,2,2024-11-27 11:00:00+00:00
3051,0.17545385658740997,0.263346791267395,0.5611993074417114,2,2024-11-27 12:00:00+00:00
3052,0.1946583241224289,0.26535648107528687,0.5399852395057678,2,2024-11-27 13:00:00+00:00
3053,0.27083662152290344,0.34299352765083313,0.38616979122161865,2,2024-11-27 14:00:00+00:00
3054,0.2689819633960724,0.2438841462135315,0.48713386058807373,2,2024-11-27 16:00:00+00:00
3055,0.2842421233654022,0.21499735116958618,0.500760555267334,2,2024-11-27 17:00:00+00:00
3056,0.2899514138698578,0.23417305946350098,0.47587552666664124,2,2024-11-27 18:00:00+00:00
3057,0.2770610749721527,0.2846594750881195,0.4382794201374054,2,2024-11-27 19:00:00+00:00
3058,0.22417519986629486,0.3277302384376526,0.44809457659721375,2,2024-11-27 20:00:00+00:00
3059,0.22238565981388092,0.27682191133499146,0.5007924437522888,2,2024-11-27 21:00:00+00:00
3060,0.24206547439098358,0.2901618480682373,0.4677726924419403,2,2024-11-27 22:00:00+00:00
3061,0.25427892804145813,0.32426348328590393,0.4214574992656708,2,2024-11-27 23:00:00+00:00
3062,0.2841385304927826,0.3637635111808777,0.35209786891937256,1,2024-11-28 00:00:00+00:00
3063,0.28638705611228943,0.36717694997787476,0.34643590450286865,1,2024-11-28 01:00:00+00:00
3064,0.25350841879844666,0.33907344937324524,0.4074181616306305,2,2024-11-28 02:00:00+00:00
3065,0.2808227241039276,0.428875207901001,0.29030200839042664,1,2024-11-28 03:00:00+00:00
3066,0.25445306301116943,0.42276567220687866,0.3227812349796295,1,2024-11-28 04:00:00+00:00
3067,0.24487914144992828,0.4031388759613037,0.3519820272922516,1,2024-11-28 05:00:00+00:00
3068,0.254822701215744,0.44574832916259766,0.29942891001701355,1,2024-11-28 06:00:00+00:00
3069,0.23531746864318848,0.4192807674407959,0.345401793718338,1,2024-11-28 07:00:00+00:00
3070,0.22463534772396088,0.4410928785800934,0.33427175879478455,1,2024-11-28 08:00:00+00:00
3071,0.20268337428569794,0.41900837421417236,0.3783082962036133,1,2024-11-28 09:00:00+00:00
3072,0.2241503894329071,0.40744641423225403,0.3684031665325165,1,2024-11-28 10:00:00+00:00
3073,0.2145460993051529,0.34164780378341675,0.44380614161491394,2,2024-11-28 11:00:00+00:00
3074,0.19834750890731812,0.38727325201034546,0.4143792688846588,2,2024-11-28 12:00:00+00:00
3075,0.22887639701366425,0.3567593991756439,0.41436418890953064,2,2024-11-28 13:00:00+00:00
3076,0.23992402851581573,0.3301093876361847,0.42996665835380554,2,2024-11-28 14:00:00+00:00
3077,0.23885580897331238,0.3801487982273102,0.38099542260169983,2,2024-11-28 15:00:00+00:00
3078,0.2473929524421692,0.32701531052589417,0.42559176683425903,2,2024-11-28 16:00:00+00:00
3079,0.23714624345302582,0.2878219485282898,0.4750318229198456,2,2024-11-28 17:00:00+00:00
3080,0.24205482006072998,0.3465806245803833,0.4113645851612091,2,2024-11-28 18:00:00+00:00
3081,0.23948217928409576,0.3922032117843628,0.36831459403038025,1,2024-11-28 19:00:00+00:00
3082,0.25343453884124756,0.3610474169254303,0.38551804423332214,2,2024-11-28 20:00:00+00:00
3083,0.21048492193222046,0.5320137739181519,0.2575013339519501,1,2024-11-28 21:00:00+00:00
3084,0.2056160420179367,0.4951365888118744,0.2992473542690277,1,2024-11-28 22:00:00+00:00
3085,0.20915940403938293,0.5292096138000488,0.26163098216056824,1,2024-11-28 23:00:00+00:00
3086,0.21831491589546204,0.5704975724220276,0.2111874371767044,1,2024-11-29 00:00:00+00:00
3087,0.2032923400402069,0.5836666822433472,0.2130410522222519,1,2024-11-29 01:00:00+00:00
3088,0.22509858012199402,0.5324167013168335,0.24248473346233368,1,2024-11-29 02:00:00+00:00
3089,0.2368043214082718,0.5524881482124329,0.21070750057697296,1,2024-11-29 03:00:00+00:00
3090,0.29067233204841614,0.4208403527736664,0.28848734498023987,1,2024-11-29 04:00:00+00:00
3091,0.2832973301410675,0.4201805889606476,0.2965220510959625,1,2024-11-29 05:00:00+00:00
3092,0.2773645520210266,0.4577968120574951,0.26483866572380066,1,2024-11-29 06:00:00+00:00
3093,0.27129504084587097,0.43381983041763306,0.2948850989341736,1,2024-11-29 07:00:00+00:00
3094,0.2755177617073059,0.4504716694355011,0.2740105390548706,1,2024-11-29 08:00:00+00:00
3095,0.2510211765766144,0.47174593806266785,0.2772328853607178,1,2024-11-29 09:00:00+00:00
3096,0.25292742252349854,0.5023110508918762,0.24476158618927002,1,2024-11-29 10:00:00+00:00
3097,0.2180429846048355,0.47444596886634827,0.30751103162765503,1,2024-11-29 11:00:00+00:00
3098,0.2177100032567978,0.4552595913410187,0.3270304799079895,1,2024-11-29 12:00:00+00:00
3099,0.2218851000070572,0.4447118639945984,0.3334030210971832,1,2024-11-29 13:00:00+00:00
3100,0.2191241830587387,0.4319309890270233,0.3489447832107544,1,2024-11-29 14:00:00+00:00
3101,0.22370828688144684,0.4028388261795044,0.3734528422355652,1,2024-11-29 15:00:00+00:00
3102,0.1916995346546173,0.2966896593570709,0.5116108059883118,2,2024-11-29 16:00:00+00:00
3103,0.1529466062784195,0.1790677011013031,0.6679856777191162,2,2024-11-29 18:00:00+00:00
3104,0.17812256515026093,0.2392939180135727,0.582583487033844,2,2024-11-29 19:00:00+00:00
3105,0.1960872858762741,0.29125481843948364,0.512657880783081,2,2024-11-29 20:00:00+00:00
3106,0.1886584311723709,0.26468169689178467,0.5466598868370056,2,2024-11-29 21:00:00+00:00
3107,0.1660148799419403,0.23459038138389587,0.5993947982788086,2,2024-11-29 22:00:00+00:00
3108,0.1839623600244522,0.3174472749233246,0.4985903799533844,2,2024-11-29 23:00:00+00:00
3109,0.22298108041286469,0.36314791440963745,0.41387099027633667,2,2024-11-30 00:00:00+00:00
3110,0.1795520931482315,0.36158883571624756,0.45885908603668213,2,2024-11-30 01:00:00+00:00
3111,0.23535002768039703,0.3979830741882324,0.3666669428348541,1,2024-11-30 02:00:00+00:00
3112,0.23969265818595886,0.5023756623268127,0.25793159008026123,1,2024-11-30 03:00:00+00:00
3113,0.21209411323070526,0.5676528811454773,0.22025300562381744,1,2024-11-30 04:00:00+00:00
3114,0.21292023360729218,0.5658174157142639,0.22126232087612152,1,2024-11-30 05:00:00+00:00
3115,0.19704438745975494,0.5945557355880737,0.2083999663591385,1,2024-11-30 06:00:00+00:00
3116,0.20711350440979004,0.5343371629714966,0.25854936242103577,1,2024-11-30 07:00:00+00:00
3117,0.22941039502620697,0.43060502409935,0.33998456597328186,1,2024-11-30 08:00:00+00:00
3118,0.18997877836227417,0.4001738429069519,0.4098474085330963,2,2024-11-30 09:00:00+00:00
3119,0.20878611505031586,0.42814794182777405,0.3630659282207489,1,2024-11-30 10:00:00+00:00
3120,0.21179024875164032,0.4848058819770813,0.3034038543701172,1,2024-11-30 11:00:00+00:00
3121,0.22569464147090912,0.5102461576461792,0.2640591561794281,1,2024-11-30 12:00:00+00:00
3122,0.21283943951129913,0.5586621761322021,0.22849829494953156,1,2024-11-30 13:00:00+00:00
3123,0.2587077021598816,0.4679933190345764,0.27329903841018677,1,2024-11-30 14:00:00+00:00
3124,0.2656850218772888,0.44625282287597656,0.28806209564208984,1,2024-11-30 15:00:00+00:00
3125,0.2748754620552063,0.40616920590400696,0.31895530223846436,1,2024-11-30 17:00:00+00:00
3126,0.26964545249938965,0.42114588618278503,0.30920863151550293,1,2024-11-30 18:00:00+00:00
3127,0.2587687373161316,0.46560895442962646,0.27562230825424194,1,2024-11-30 19:00:00+00:00
3128,0.2520774304866791,0.4803915321826935,0.26753103733062744,1,2024-11-30 20:00:00+00:00
3129,0.2517877519130707,0.4781859815120697,0.2700262665748596,1,2024-11-30 21:00:00+00:00
3130,0.23331893980503082,0.5212550759315491,0.24542595446109772,1,2024-11-30 22:00:00+00:00
3131,0.21516914665699005,0.5561839938163757,0.22864696383476257,1,2024-11-30 23:00:00+00:00
3132,0.19269107282161713,0.5898406505584717,0.2174682915210724,1,2024-12-01 00:00:00+00:00
3133,0.21875695884227753,0.5037471055984497,0.27749601006507874,1,2024-12-01 01:00:00+00:00
3134,0.23143123090267181,0.3974113166332245,0.3711574375629425,1,2024-12-01 03:00:00+00:00
3135,0.21355776488780975,0.35054412484169006,0.4358980059623718,2,2024-12-01 04:00:00+00:00
3136,0.19798952341079712,0.4715655744075775,0.3304448425769806,1,2024-12-01 05:00:00+00:00
3137,0.1876082718372345,0.514106273651123,0.29828548431396484,1,2024-12-01 06:00:00+00:00
3138,0.1813173145055771,0.4596049189567566,0.3590777516365051,1,2024-12-01 07:00:00+00:00
3139,0.16734203696250916,0.5382612347602844,0.29439660906791687,1,2024-12-01 08:00:00+00:00
3140,0.17292813956737518,0.5146821141242981,0.31238970160484314,1,2024-12-01 09:00:00+00:00
3141,0.17657922208309174,0.5650277137756348,0.25839298963546753,1,2024-12-01 10:00:00+00:00
3142,0.1500576138496399,0.6044493913650513,0.24549297988414764,1,2024-12-01 11:00:00+00:00
3143,0.17524594068527222,0.5341944694519043,0.2905595898628235,1,2024-12-01 12:00:00+00:00
3144,0.1628071814775467,0.576223611831665,0.2609691917896271,1,2024-12-01 13:00:00+00:00
3145,0.1859257072210312,0.4749244749546051,0.3391498923301697,1,2024-12-01 14:00:00+00:00
3146,0.17972062528133392,0.5513929128646851,0.2688864767551422,1,2024-12-01 15:00:00+00:00
3147,0.18123920261859894,0.5931523442268372,0.22560834884643555,1,2024-12-01 16:00:00+00:00
3148,0.2407761812210083,0.49708762764930725,0.2621362805366516,1,2024-12-01 17:00:00+00:00
3149,0.21834400296211243,0.5346220135688782,0.24703404307365417,1,2024-12-01 18:00:00+00:00
3150,0.18687216937541962,0.6116592288017273,0.20146861672401428,1,2024-12-01 19:00:00+00:00
3151,0.16656047105789185,0.6530126333236694,0.18042691051959991,1,2024-12-01 20:00:00+00:00
3152,0.24480566382408142,0.5155826807022095,0.23961158096790314,1,2024-12-01 21:00:00+00:00
3153,0.21538761258125305,0.5304011702537537,0.2542112469673157,1,2024-12-01 22:00:00+00:00
3154,0.20780536532402039,0.577086865901947,0.2151077836751938,1,2024-12-01 23:00:00+00:00
3155,0.21361292898654938,0.5770021080970764,0.2093849778175354,1,2024-12-02 00:00:00+00:00
3156,0.26071110367774963,0.47949641942977905,0.2597924768924713,1,2024-12-02 01:00:00+00:00
3157,0.28787538409233093,0.40566903352737427,0.3064556419849396,1,2024-12-02 02:00:00+00:00
3158,0.2885231673717499,0.4070606827735901,0.30441612005233765,1,2024-12-02 03:00:00+00:00
3159,0.23249155282974243,0.4499721825122833,0.3175363838672638,1,2024-12-02 04:00:00+00:00
3160,0.2947279214859009,0.2691996395587921,0.4360724687576294,2,2024-12-02 05:00:00+00:00
3161,0.2494405210018158,0.25179585814476013,0.4987636208534241,2,2024-12-02 06:00:00+00:00
3162,0.20124612748622894,0.3246592581272125,0.47409453988075256,2,2024-12-02 07:00:00+00:00
3163,0.20542670786380768,0.35699462890625,0.43757864832878113,2,2024-12-02 08:00:00+00:00
3164,0.2006291002035141,0.35074907541275024,0.4486218988895416,2,2024-12-02 10:00:00+00:00
3165,0.2599615752696991,0.369098037481308,0.37094032764434814,2,2024-12-02 11:00:00+00:00
3166,0.22744809091091156,0.4327230453491211,0.33982881903648376,1,2024-12-02 12:00:00+00:00
3167,0.22615580260753632,0.47501933574676514,0.29882481694221497,1,2024-12-02 13:00:00+00:00
3168,0.2451547384262085,0.43222248554229736,0.3226228356361389,1,2024-12-02 14:00:00+00:00
3169,0.28679701685905457,0.30482515692710876,0.40837782621383667,2,2024-12-02 15:00:00+00:00
3170,0.26428258419036865,0.3624514937400818,0.37326595187187195,2,2024-12-02 17:00:00+00:00
3171,0.2782489061355591,0.3157874345779419,0.40596362948417664,2,2024-12-02 18:00:00+00:00
3172,0.26113221049308777,0.32204267382621765,0.4168250858783722,2,2024-12-02 19:00:00+00:00
3173,0.25469276309013367,0.373863160610199,0.37144407629966736,1,2024-12-02 20:00:00+00:00
3174,0.23016798496246338,0.46696117520332336,0.30287086963653564,1,2024-12-02 21:00:00+00:00
3175,0.2370893508195877,0.41673263907432556,0.34617796540260315,1,2024-12-02 22:00:00+00:00
3176,0.31981924176216125,0.19478484988212585,0.4853958785533905,2,2024-12-02 23:00:00+00:00
3177,0.3128320276737213,0.20520995557308197,0.4819580018520355,2,2024-12-03 00:00:00+00:00
3178,0.30749043822288513,0.232662633061409,0.45984697341918945,2,2024-12-03 01:00:00+00:00
3179,0.3042278289794922,0.23069313168525696,0.46507909893989563,2,2024-12-03 02:00:00+00:00
3180,0.31261172890663147,0.19852162897586823,0.4888666570186615,2,2024-12-03 03:00:00+00:00
3181,0.2766808569431305,0.2957632839679718,0.4275558292865753,2,2024-12-03 04:00:00+00:00
3182,0.28632697463035583,0.2710578739643097,0.4426151514053345,2,2024-12-03 05:00:00+00:00
3183,0.26607608795166016,0.3240274488925934,0.4098965525627136,2,2024-12-03 06:00:00+00:00
3184,0.2779349088668823,0.3099207580089569,0.41214433312416077,2,2024-12-03 08:00:00+00:00
3185,0.2625722587108612,0.3064384162425995,0.4309893548488617,2,2024-12-03 09:00:00+00:00
3186,0.24068856239318848,0.3909536898136139,0.36835777759552,1,2024-12-03 10:00:00+00:00
3187,0.24404700100421906,0.3884631097316742,0.36748987436294556,1,2024-12-03 11:00:00+00:00
3188,0.22835853695869446,0.3995324969291687,0.3721090257167816,1,2024-12-03 12:00:00+00:00
3189,0.2338918298482895,0.40960073471069336,0.35650742053985596,1,2024-12-03 13:00:00+00:00
3190,0.23600028455257416,0.4066859483718872,0.35731375217437744,1,2024-12-03 15:00:00+00:00
3191,0.2729692757129669,0.18332554399967194,0.5437051653862,2,2024-12-03 17:00:00+00:00
3192,0.23445568978786469,0.3369070887565613,0.42863720655441284,2,2024-12-03 18:00:00+00:00
3193,0.22921907901763916,0.3773692548274994,0.39341169595718384,2,2024-12-03 19:00:00+00:00
3194,0.20023560523986816,0.43741902709007263,0.36234551668167114,1,2024-12-03 20:00:00+00:00
3195,0.2065352499485016,0.41024720668792725,0.3832175135612488,1,2024-12-03 21:00:00+00:00
3196,0.1983817219734192,0.47198373079299927,0.3296346366405487,1,2024-12-03 23:00:00+00:00
3197,0.21623371541500092,0.4715328514575958,0.31223344802856445,1,2024-12-04 00:00:00+00:00
3198,0.20466113090515137,0.46103954315185547,0.33429932594299316,1,2024-12-04 01:00:00+00:00
3199,0.2592533826828003,0.31828176975250244,0.42246484756469727,2,2024-12-04 02:00:00+00:00
3200,0.24083280563354492,0.4097072184085846,0.3494599759578705,1,2024-12-04 03:00:00+00:00
3201,0.2147337794303894,0.47204458713531494,0.31322160363197327,1,2024-12-04 04:00:00+00:00
3202,0.2325512021780014,0.4576435387134552,0.30980533361434937,1,2024-12-04 05:00:00+00:00
3203,0.22239282727241516,0.5094156861305237,0.26819151639938354,1,2024-12-04 06:00:00+00:00
3204,0.2790322005748749,0.37351366877555847,0.3474540710449219,1,2024-12-04 07:00:00+00:00
3205,0.31359484791755676,0.22888906300067902,0.4575161039829254,2,2024-12-04 08:00:00+00:00
3206,0.3013771176338196,0.25413110852241516,0.4444918632507324,2,2024-12-04 09:00:00+00:00
3207,0.2736581563949585,0.34622663259506226,0.38011521100997925,2,2024-12-04 10:00:00+00:00
3208,0.2736237645149231,0.30054956674575806,0.4258267283439636,2,2024-12-04 11:00:00+00:00
3209,0.25361183285713196,0.3582896888256073,0.38809847831726074,2,2024-12-04 13:00:00+00:00
3210,0.2851793169975281,0.2689144015312195,0.44590628147125244,2,2024-12-04 14:00:00+00:00
3211,0.2943013608455658,0.22832202911376953,0.4773765504360199,2,2024-12-04 16:00:00+00:00
3212,0.3126291036605835,0.17940276861190796,0.5079680681228638,2,2024-12-04 18:00:00+00:00
3213,0.30203044414520264,0.17796513438224792,0.520004391670227,2,2024-12-04 19:00:00+00:00
3214,0.299650639295578,0.18344447016716003,0.5169050097465515,2,2024-12-04 21:00:00+00:00
3215,0.27205273509025574,0.2552797794342041,0.4726674556732178,2,2024-12-04 22:00:00+00:00
3216,0.24550357460975647,0.3018254041671753,0.4526709020137787,2,2024-12-04 23:00:00+00:00
3217,0.20501922070980072,0.3902142643928528,0.4047665297985077,2,2024-12-05 00:00:00+00:00
3218,0.21379171311855316,0.3508424758911133,0.4353657364845276,2,2024-12-05 01:00:00+00:00
3219,0.22890770435333252,0.22335238754749298,0.5477399230003357,2,2024-12-05 02:00:00+00:00
3220,0.20752424001693726,0.2154410481452942,0.5770347714424133,2,2024-12-05 03:00:00+00:00
3221,0.19396525621414185,0.3281630873680115,0.4778716266155243,2,2024-12-05 04:00:00+00:00
3222,0.215853750705719,0.2468639612197876,0.5372822880744934,2,2024-12-05 05:00:00+00:00
3223,0.19021908938884735,0.3662526607513428,0.44352829456329346,2,2024-12-05 06:00:00+00:00
3224,0.18519410490989685,0.38199740648269653,0.432808518409729,2,2024-12-05 07:00:00+00:00
3225,0.1819244772195816,0.42294612526893616,0.39512941241264343,1,2024-12-05 08:00:00+00:00
3226,0.18071866035461426,0.4334365129470825,0.38584479689598083,1,2024-12-05 09:00:00+00:00
3227,0.17393578588962555,0.46895191073417664,0.357112318277359,1,2024-12-05 10:00:00+00:00
3228,0.1716126650571823,0.4857423007488251,0.3426451086997986,1,2024-12-05 11:00:00+00:00
3229,0.17348380386829376,0.4772522747516632,0.34926387667655945,1,2024-12-05 12:00:00+00:00
3230,0.16907979547977448,0.5332745313644409,0.2976457178592682,1,2024-12-05 13:00:00+00:00
3231,0.1831347495317459,0.49896538257598877,0.31789982318878174,1,2024-12-05 14:00:00+00:00
3232,0.18162992596626282,0.4869846999645233,0.33138543367385864,1,2024-12-05 15:00:00+00:00
3233,0.20430877804756165,0.42423996329307556,0.3714512288570404,1,2024-12-05 16:00:00+00:00
3234,0.21653223037719727,0.37780091166496277,0.40566685795783997,2,2024-12-05 18:00:00+00:00
3235,0.2282998412847519,0.3881576657295227,0.3835425078868866,1,2024-12-05 19:00:00+00:00
3236,0.23524096608161926,0.3482889235019684,0.41647014021873474,2,2024-12-05 20:00:00+00:00
3237,0.22156892716884613,0.32501599192619324,0.45341500639915466,2,2024-12-05 21:00:00+00:00
3238,0.22695297002792358,0.281208872795105,0.49183815717697144,2,2024-12-05 22:00:00+00:00
3239,0.19581125676631927,0.39056724309921265,0.4136215150356293,2,2024-12-05 23:00:00+00:00
3240,0.24178670346736908,0.19855770468711853,0.5596556663513184,2,2024-12-06 00:00:00+00:00
3241,0.21178390085697174,0.2438119649887085,0.544404149055481,2,2024-12-06 01:00:00+00:00
3242,0.22251588106155396,0.32647183537483215,0.4510122835636139,2,2024-12-06 02:00:00+00:00
3243,0.17938493192195892,0.4396420419216156,0.38097307085990906,1,2024-12-06 03:00:00+00:00
3244,0.1721036732196808,0.4487176835536957,0.37917858362197876,1,2024-12-06 04:00:00+00:00
3245,0.18065525591373444,0.4358292520046234,0.3835154175758362,1,2024-12-06 05:00:00+00:00
3246,0.1715419888496399,0.495803564786911,0.33265453577041626,1,2024-12-06 06:00:00+00:00
3247,0.17052312195301056,0.5017980337142944,0.3276788294315338,1,2024-12-06 07:00:00+00:00
3248,0.21123693883419037,0.46153199672698975,0.3272310495376587,1,2024-12-06 08:00:00+00:00
3249,0.18858259916305542,0.5115364789962769,0.2998809516429901,1,2024-12-06 09:00:00+00:00
3250,0.17443814873695374,0.5347608327865601,0.2908010482788086,1,2024-12-06 10:00:00+00:00
3251,0.18897315859794617,0.4156903326511383,0.39533644914627075,1,2024-12-06 11:00:00+00:00
3252,0.1831323355436325,0.39497989416122437,0.42188775539398193,2,2024-12-06 12:00:00+00:00
3253,0.18293029069900513,0.3866863548755646,0.4303833544254303,2,2024-12-06 14:00:00+00:00
3254,0.20787344872951508,0.31187334656715393,0.4802532494068146,2,2024-12-06 15:00:00+00:00
3255,0.22447934746742249,0.34557822346687317,0.42994245886802673,2,2024-12-06 17:00:00+00:00
3256,0.21084946393966675,0.41829872131347656,0.3708518445491791,1,2024-12-06 18:00:00+00:00
3257,0.2260512262582779,0.3943469822406769,0.37960177659988403,1,2024-12-06 19:00:00+00:00
3258,0.24973759055137634,0.33691370487213135,0.41334861516952515,2,2024-12-06 20:00:00+00:00
3259,0.21536940336227417,0.42378634214401245,0.36084434390068054,1,2024-12-06 21:00:00+00:00
3260,0.19667969644069672,0.4617002010345459,0.3416200280189514,1,2024-12-06 22:00:00+00:00
3261,0.18626897037029266,0.4958078861236572,0.3179231882095337,1,2024-12-06 23:00:00+00:00
3262,0.19746506214141846,0.46730872988700867,0.33522629737854004,1,2024-12-07 00:00:00+00:00
3263,0.19229014217853546,0.4647088348865509,0.34300097823143005,1,2024-12-07 01:00:00+00:00
3264,0.20159952342510223,0.4123222827911377,0.3860781490802765,1,2024-12-07 02:00:00+00:00
3265,0.1649743765592575,0.5335878729820251,0.30143770575523376,1,2024-12-07 03:00:00+00:00
3266,0.16836239397525787,0.5196728706359863,0.3119647204875946,1,2024-12-07 04:00:00+00:00
3267,0.16889910399913788,0.5011850595474243,0.329915851354599,1,2024-12-07 05:00:00+00:00
3268,0.1612606644630432,0.547512948513031,0.2912263870239258,1,2024-12-07 06:00:00+00:00
3269,0.16359861195087433,0.5310202240943909,0.3053812086582184,1,2024-12-07 07:00:00+00:00
3270,0.17197200655937195,0.5703885555267334,0.2576393783092499,1,2024-12-07 08:00:00+00:00
3271,0.1657540649175644,0.5000218749046326,0.33422401547431946,1,2024-12-07 09:00:00+00:00
3272,0.1670929193496704,0.5172945857048035,0.3156125545501709,1,2024-12-07 11:00:00+00:00
3273,0.15184451639652252,0.5495774149894714,0.29857805371284485,1,2024-12-07 12:00:00+00:00
3274,0.1564733237028122,0.5833913683891296,0.2601352334022522,1,2024-12-07 13:00:00+00:00
3275,0.14016368985176086,0.5775526762008667,0.28228360414505005,1,2024-12-07 14:00:00+00:00
3276,0.16504327952861786,0.5196762681007385,0.3152805268764496,1,2024-12-07 16:00:00+00:00
3277,0.19280612468719482,0.49273836612701416,0.31445547938346863,1,2024-12-07 17:00:00+00:00
3278,0.17894041538238525,0.48932313919067383,0.3317365348339081,1,2024-12-07 18:00:00+00:00
3279,0.183372363448143,0.42941877245903015,0.38720887899398804,1,2024-12-07 19:00:00+00:00
3280,0.2325279861688614,0.46661773324012756,0.30085432529449463,1,2024-12-07 20:00:00+00:00
3281,0.18606239557266235,0.4900500774383545,0.32388749718666077,1,2024-12-07 21:00:00+00:00
3282,0.21535128355026245,0.38287317752838135,0.4017755389213562,2,2024-12-07 22:00:00+00:00
3283,0.2110859900712967,0.3381902575492859,0.45072370767593384,2,2024-12-07 23:00:00+00:00
3284,0.1745046079158783,0.39906957745552063,0.4264258146286011,2,2024-12-08 00:00:00+00:00
3285,0.16423746943473816,0.44471362233161926,0.3910489082336426,1,2024-12-08 01:00:00+00:00
3286,0.1765172779560089,0.4225216209888458,0.4009609818458557,1,2024-12-08 02:00:00+00:00
3287,0.1416376382112503,0.516821563243866,0.34154078364372253,1,2024-12-08 03:00:00+00:00
3288,0.14765439927577972,0.5389931797981262,0.31335240602493286,1,2024-12-08 04:00:00+00:00
3289,0.15844589471817017,0.5348323583602905,0.30672168731689453,1,2024-12-08 05:00:00+00:00
3290,0.14365047216415405,0.5147444009780884,0.34160512685775757,1,2024-12-08 06:00:00+00:00
3291,0.16975143551826477,0.3643682897090912,0.46588027477264404,2,2024-12-08 07:00:00+00:00
3292,0.15120908617973328,0.48536819219589233,0.3634226620197296,1,2024-12-08 08:00:00+00:00
3293,0.14178244769573212,0.5544673800468445,0.3037501871585846,1,2024-12-08 09:00:00+00:00
3294,0.16763514280319214,0.3499750792980194,0.4823897182941437,2,2024-12-08 10:00:00+00:00
3295,0.16367734968662262,0.39952588081359863,0.43679672479629517,2,2024-12-08 11:00:00+00:00
3296,0.15638099610805511,0.47958385944366455,0.36403515934944153,1,2024-12-08 12:00:00+00:00
3297,0.17139694094657898,0.47121864557266235,0.3573843538761139,1,2024-12-08 13:00:00+00:00
3298,0.2221386879682541,0.34758859872817993,0.4302726686000824,2,2024-12-08 15:00:00+00:00
3299,0.1699889451265335,0.49237069487571716,0.33764034509658813,1,2024-12-08 16:00:00+00:00
3300,0.20668171346187592,0.4776689410209656,0.3156493008136749,1,2024-12-08 17:00:00+00:00
3301,0.1822824478149414,0.5388467907905579,0.27887070178985596,1,2024-12-08 18:00:00+00:00
3302,0.2140999138355255,0.5264976024627686,0.2594025433063507,1,2024-12-08 19:00:00+00:00
3303,0.20111507177352905,0.5406703352928162,0.2582145035266876,1,2024-12-08 20:00:00+00:00
3304,0.21300500631332397,0.5393539071083069,0.24764108657836914,1,2024-12-08 21:00:00+00:00
3305,0.22034479677677155,0.5214215517044067,0.25823357701301575,1,2024-12-08 22:00:00+00:00
3306,0.20326413214206696,0.5711947083473206,0.2255411297082901,1,2024-12-08 23:00:00+00:00
3307,0.21911245584487915,0.5048401951789856,0.27604734897613525,1,2024-12-09 00:00:00+00:00
3308,0.1829155534505844,0.6082957983016968,0.2087886929512024,1,2024-12-09 01:00:00+00:00
3309,0.1915549784898758,0.5371609330177307,0.2712840735912323,1,2024-12-09 02:00:00+00:00
3310,0.18150001764297485,0.5224464535713196,0.29605358839035034,1,2024-12-09 03:00:00+00:00
3311,0.1638728529214859,0.5527759194374084,0.28335118293762207,1,2024-12-09 04:00:00+00:00
3312,0.16037476062774658,0.5342865586280823,0.30533865094184875,1,2024-12-09 05:00:00+00:00
3313,0.1499456763267517,0.5810221433639526,0.26903221011161804,1,2024-12-09 06:00:00+00:00
3314,0.14465652406215668,0.6053152084350586,0.25002825260162354,1,2024-12-09 07:00:00+00:00
3315,0.1513967365026474,0.5132237076759338,0.3353795111179352,1,2024-12-09 08:00:00+00:00
3316,0.17172300815582275,0.44753962755203247,0.3807373344898224,1,2024-12-09 09:00:00+00:00
3317,0.18123409152030945,0.33650848269462585,0.4822574555873871,2,2024-12-09 10:00:00+00:00
3318,0.19092512130737305,0.2862028479576111,0.5228719115257263,2,2024-12-09 11:00:00+00:00
3319,0.1699146032333374,0.3937806487083435,0.4363047480583191,2,2024-12-09 12:00:00+00:00
3320,0.19578208029270172,0.2595832645893097,0.5446346402168274,2,2024-12-09 14:00:00+00:00
3321,0.1858070343732834,0.38790762424468994,0.4262852966785431,2,2024-12-09 15:00:00+00:00
3322,0.19941389560699463,0.3567754924297333,0.44381067156791687,2,2024-12-09 16:00:00+00:00
3323,0.21484217047691345,0.23637141287326813,0.5487864017486572,2,2024-12-09 17:00:00+00:00
3324,0.2021992951631546,0.2908501923084259,0.5069504380226135,2,2024-12-09 18:00:00+00:00
3325,0.19233854115009308,0.3125414550304413,0.49511995911598206,2,2024-12-09 19:00:00+00:00
3326,0.18813322484493256,0.3476947844028473,0.46417203545570374,2,2024-12-09 20:00:00+00:00
3327,0.17987248301506042,0.3756135106086731,0.4445140063762665,2,2024-12-09 22:00:00+00:00
3328,0.41266515851020813,0.09795087575912476,0.48938390612602234,2,2024-12-09 23:00:00+00:00
3329,0.4480311870574951,0.10326025635004044,0.44870856404304504,2,2024-12-10 00:00:00+00:00
3330,0.3483628034591675,0.17856904864311218,0.47306814789772034,2,2024-12-10 01:00:00+00:00
3331,0.35397887229919434,0.18011212348937988,0.465908944606781,2,2024-12-10 02:00:00+00:00
3332,0.34485089778900146,0.19515222311019897,0.45999690890312195,2,2024-12-10 04:00:00+00:00
3333,0.4062153398990631,0.1499224752187729,0.4438621699810028,2,2024-12-10 06:00:00+00:00
3334,0.30169567465782166,0.23796387016773224,0.4603404700756073,2,2024-12-10 07:00:00+00:00
3335,0.2952638268470764,0.2593347430229187,0.44540151953697205,2,2024-12-10 08:00:00+00:00
3336,0.27172473073005676,0.27449098229408264,0.4537842869758606,2,2024-12-10 09:00:00+00:00
3337,0.2746458351612091,0.27454233169555664,0.45081180334091187,2,2024-12-10 10:00:00+00:00
3338,0.24188487231731415,0.31417325139045715,0.4439419209957123,2,2024-12-10 11:00:00+00:00
3339,0.2293027639389038,0.34105077385902405,0.4296465516090393,2,2024-12-10 12:00:00+00:00
3340,0.2187851220369339,0.331185907125473,0.45002907514572144,2,2024-12-10 14:00:00+00:00
3341,0.307885080575943,0.2391188144683838,0.452996164560318,2,2024-12-10 15:00:00+00:00
3342,0.3121451139450073,0.24161377549171448,0.4462411105632782,2,2024-12-10 16:00:00+00:00
3343,0.4309293329715729,0.11638513207435608,0.45268553495407104,2,2024-12-10 17:00:00+00:00
3344,0.48886632919311523,0.1258177012205124,0.38531598448753357,0,2024-12-10 18:00:00+00:00
3345,0.5068012475967407,0.10127987712621689,0.3919188380241394,0,2024-12-10 19:00:00+00:00
3346,0.41782671213150024,0.13251784443855286,0.4496554434299469,2,2024-12-10 23:00:00+00:00
3347,0.21312397718429565,0.3469962477684021,0.4398796856403351,2,2024-12-11 00:00:00+00:00
3348,0.19482629001140594,0.3950262665748596,0.41014745831489563,2,2024-12-11 01:00:00+00:00
3349,0.2196359783411026,0.2879433333873749,0.49242061376571655,2,2024-12-11 02:00:00+00:00
3350,0.24295270442962646,0.23230668902397156,0.5247406363487244,2,2024-12-11 03:00:00+00:00
3351,0.20586271584033966,0.34358686208724976,0.450550377368927,2,2024-12-11 04:00:00+00:00
3352,0.2003800868988037,0.3718501627445221,0.42776966094970703,2,2024-12-11 05:00:00+00:00
3353,0.18684446811676025,0.41988685727119446,0.3932686448097229,1,2024-12-11 06:00:00+00:00
3354,0.1704968363046646,0.4436853229999542,0.3858177363872528,1,2024-12-11 07:00:00+00:00
3355,0.1690441519021988,0.4592340588569641,0.37172186374664307,1,2024-12-11 08:00:00+00:00
3356,0.17182080447673798,0.4413587749004364,0.3868204355239868,1,2024-12-11 09:00:00+00:00
3357,0.18566952645778656,0.4453907012939453,0.3689397871494293,1,2024-12-11 10:00:00+00:00
3358,0.16749578714370728,0.5007359385490417,0.33176830410957336,1,2024-12-11 11:00:00+00:00
3359,0.16774359345436096,0.5319402813911438,0.30031612515449524,1,2024-12-11 12:00:00+00:00
3360,0.17968150973320007,0.4915366470813751,0.3287819027900696,1,2024-12-11 13:00:00+00:00
3361,0.1939934343099594,0.4585854113101959,0.34742116928100586,1,2024-12-11 14:00:00+00:00
3362,0.23420213162899017,0.3621927499771118,0.4036051332950592,2,2024-12-11 15:00:00+00:00
3363,0.23182740807533264,0.3673468232154846,0.4008256793022156,2,2024-12-11 16:00:00+00:00
3364,0.25546345114707947,0.2844351828098297,0.46010130643844604,2,2024-12-11 17:00:00+00:00
3365,0.2744494378566742,0.23595957458019257,0.48959097266197205,2,2024-12-11 18:00:00+00:00
3366,0.1787855178117752,0.31125420331954956,0.5099602937698364,2,2024-12-11 19:00:00+00:00
3367,0.17616041004657745,0.40801310539245605,0.4158265292644501,2,2024-12-11 20:00:00+00:00
3368,0.17080804705619812,0.5067358016967773,0.32245609164237976,1,2024-12-11 21:00:00+00:00
3369,0.19458036124706268,0.4557857811450958,0.3496338129043579,1,2024-12-11 22:00:00+00:00
3370,0.18332672119140625,0.4887593388557434,0.32791393995285034,1,2024-12-11 23:00:00+00:00
3371,0.1953452080488205,0.4572133421897888,0.34744149446487427,1,2024-12-12 00:00:00+00:00
3372,0.18494383990764618,0.4885236918926239,0.3265325725078583,1,2024-12-12 01:00:00+00:00
3373,0.19636981189250946,0.4136801064014435,0.38995006680488586,1,2024-12-12 02:00:00+00:00
3374,0.11361721903085709,0.40118980407714844,0.48519304394721985,2,2024-12-12 04:00:00+00:00
3375,0.17214742302894592,0.37105971574783325,0.4567929208278656,2,2024-12-12 05:00:00+00:00
3376,0.14708544313907623,0.48300954699516296,0.36990493535995483,1,2024-12-12 06:00:00+00:00
3377,0.14506584405899048,0.44878679513931274,0.4061473608016968,1,2024-12-12 07:00:00+00:00
3378,0.13904787600040436,0.5079860687255859,0.3529660105705261,1,2024-12-12 08:00:00+00:00
3379,0.12579093873500824,0.5201212167739868,0.35408779978752136,1,2024-12-12 09:00:00+00:00
3380,0.14962409436702728,0.499067097902298,0.3513088524341583,1,2024-12-12 10:00:00+00:00
3381,0.15793448686599731,0.48326048254966736,0.35880497097969055,1,2024-12-12 11:00:00+00:00
3382,0.20092055201530457,0.4541078805923462,0.34497153759002686,1,2024-12-12 12:00:00+00:00
3383,0.18785911798477173,0.48104533553123474,0.3310955762863159,1,2024-12-12 13:00:00+00:00
3384,0.16328313946723938,0.5563709139823914,0.2803459167480469,1,2024-12-12 14:00:00+00:00
3385,0.2886938750743866,0.23939403891563416,0.471912145614624,2,2024-12-12 15:00:00+00:00
3386,0.27857235074043274,0.27579742670059204,0.4456302225589752,2,2024-12-12 16:00:00+00:00
3387,0.2716623842716217,0.28176942467689514,0.44656816124916077,2,2024-12-12 17:00:00+00:00
3388,0.3081987798213959,0.19237084686756134,0.4994303286075592,2,2024-12-12 18:00:00+00:00
3389,0.3112548291683197,0.17563647031784058,0.5131086707115173,2,2024-12-12 19:00:00+00:00
3390,0.2755391299724579,0.2655715346336365,0.45888933539390564,2,2024-12-12 21:00:00+00:00
3391,0.242525115609169,0.35125935077667236,0.40621551871299744,2,2024-12-12 22:00:00+00:00
3392,0.19557924568653107,0.47832101583480835,0.3260997533798218,1,2024-12-12 23:00:00+00:00
3393,0.24345287680625916,0.3394894003868103,0.41705772280693054,2,2024-12-13 00:00:00+00:00
3394,0.1941704899072647,0.5004715919494629,0.3053578734397888,1,2024-12-13 01:00:00+00:00
3395,0.2504149079322815,0.31558889150619507,0.4339962899684906,2,2024-12-13 02:00:00+00:00
3396,0.2547503411769867,0.28408679366111755,0.461162805557251,2,2024-12-13 03:00:00+00:00
3397,0.2452153116464615,0.3244229555130005,0.43036171793937683,2,2024-12-13 04:00:00+00:00
3398,0.21750693023204803,0.3869057595729828,0.3955872654914856,2,2024-12-13 05:00:00+00:00
3399,0.2059318870306015,0.44390740990638733,0.35016074776649475,1,2024-12-13 06:00:00+00:00
3400,0.18918651342391968,0.4766618609428406,0.33415165543556213,1,2024-12-13 08:00:00+00:00
3401,0.15921738743782043,0.539004385471344,0.3017781674861908,1,2024-12-13 09:00:00+00:00
3402,0.14900466799736023,0.593793511390686,0.2572017312049866,1,2024-12-13 10:00:00+00:00
3403,0.1365167200565338,0.611153244972229,0.2523299753665924,1,2024-12-13 11:00:00+00:00
3404,0.14329098165035248,0.5809389352798462,0.2757701277732849,1,2024-12-13 12:00:00+00:00
3405,0.1324022114276886,0.5865064859390259,0.28109121322631836,1,2024-12-13 13:00:00+00:00
3406,0.1397622525691986,0.5836094617843628,0.27662837505340576,1,2024-12-13 14:00:00+00:00
3407,0.16236652433872223,0.48532387614250183,0.35230955481529236,1,2024-12-13 15:00:00+00:00
3408,0.18203534185886383,0.4656655490398407,0.35229912400245667,1,2024-12-13 16:00:00+00:00
3409,0.19354389607906342,0.3114289939403534,0.4950271248817444,2,2024-12-13 18:00:00+00:00
3410,0.18906459212303162,0.37008172273635864,0.44085365533828735,2,2024-12-13 19:00:00+00:00
3411,0.1768770068883896,0.3629797101020813,0.46014320850372314,2,2024-12-13 20:00:00+00:00
3412,0.15902648866176605,0.4667074680328369,0.37426602840423584,1,2024-12-13 21:00:00+00:00
3413,0.15791462361812592,0.49495232105255127,0.3471331298351288,1,2024-12-13 22:00:00+00:00
3414,0.1597544103860855,0.4727676212787628,0.3674779534339905,1,2024-12-13 23:00:00+00:00
3415,0.1632048636674881,0.5330352783203125,0.3037598133087158,1,2024-12-14 00:00:00+00:00
3416,0.18770933151245117,0.5472294688224792,0.2650611400604248,1,2024-12-14 01:00:00+00:00
3417,0.21678951382637024,0.4861159324645996,0.29709455370903015,1,2024-12-14 02:00:00+00:00
3418,0.20675189793109894,0.553908109664917,0.23933997750282288,1,2024-12-14 03:00:00+00:00
3419,0.14920149743556976,0.6707209348678589,0.18007761240005493,1,2024-12-14 04:00:00+00:00
3420,0.14412182569503784,0.6655964851379395,0.19028162956237793,1,2024-12-14 05:00:00+00:00
3421,0.14208905398845673,0.6584267020225525,0.1994842141866684,1,2024-12-14 06:00:00+00:00
3422,0.13988997042179108,0.6279127597808838,0.23219722509384155,1,2024-12-14 07:00:00+00:00
3423,0.14120443165302277,0.6537662148475647,0.20502936840057373,1,2024-12-14 08:00:00+00:00
3424,0.1373792141675949,0.6704255938529968,0.19219517707824707,1,2024-12-14 09:00:00+00:00
3425,0.15593020617961884,0.6593225598335266,0.18474724888801575,1,2024-12-14 10:00:00+00:00
3426,0.13828346133232117,0.6680537462234497,0.19366280734539032,1,2024-12-14 11:00:00+00:00
3427,0.14077593386173248,0.6849295496940613,0.17429448664188385,1,2024-12-14 12:00:00+00:00
3428,0.13435357809066772,0.6890765428543091,0.176569864153862,1,2024-12-14 13:00:00+00:00
3429,0.1478046178817749,0.5274726748466492,0.32472267746925354,1,2024-12-14 14:00:00+00:00
3430,0.16745705902576447,0.43330663442611694,0.3992363512516022,1,2024-12-14 15:00:00+00:00
3431,0.15752536058425903,0.4816270172595978,0.3608476519584656,1,2024-12-14 16:00:00+00:00
3432,0.16238151490688324,0.44686535000801086,0.3907531201839447,1,2024-12-14 17:00:00+00:00
3433,0.17788581550121307,0.39760470390319824,0.4245094954967499,2,2024-12-14 18:00:00+00:00
3434,0.17252860963344574,0.3310311734676361,0.49644017219543457,2,2024-12-14 19:00:00+00:00
3435,0.16354767978191376,0.3405826687812805,0.4958697259426117,2,2024-12-14 20:00:00+00:00
3436,0.1647142916917801,0.3777555823326111,0.4575299918651581,2,2024-12-14 21:00:00+00:00
3437,0.16364973783493042,0.3715803027153015,0.46476995944976807,2,2024-12-14 22:00:00+00:00
3438,0.15165938436985016,0.44050171971321106,0.40783894062042236,1,2024-12-14 23:00:00+00:00
3439,0.15936455130577087,0.42199671268463135,0.4186386466026306,1,2024-12-15 00:00:00+00:00
3440,0.15344321727752686,0.4542293846607208,0.39232736825942993,1,2024-12-15 01:00:00+00:00
3441,0.15522700548171997,0.44375601410865784,0.4010169208049774,1,2024-12-15 02:00:00+00:00
3442,0.1545332670211792,0.4973476827144623,0.3481190502643585,1,2024-12-15 03:00:00+00:00
3443,0.15458901226520538,0.466035395860672,0.3793756663799286,1,2024-12-15 04:00:00+00:00
3444,0.14727893471717834,0.48296624422073364,0.36975473165512085,1,2024-12-15 05:00:00+00:00
3445,0.14308029413223267,0.5033655166625977,0.3535540997982025,1,2024-12-15 06:00:00+00:00
3446,0.13800166547298431,0.5218200087547302,0.3401782810688019,1,2024-12-15 07:00:00+00:00
3447,0.1526457965373993,0.4505608379840851,0.3967933654785156,1,2024-12-15 08:00:00+00:00
3448,0.15521858632564545,0.42205607891082764,0.4227254092693329,2,2024-12-15 09:00:00+00:00
3449,0.14412792026996613,0.5203903317451477,0.3354818820953369,1,2024-12-15 10:00:00+00:00
3450,0.13448962569236755,0.5572607517242432,0.3082495927810669,1,2024-12-15 11:00:00+00:00
3451,0.1326562613248825,0.5166218876838684,0.3507218360900879,1,2024-12-15 12:00:00+00:00
3452,0.13606524467468262,0.5425933599472046,0.32134127616882324,1,2024-12-15 13:00:00+00:00
3453,0.14331765472888947,0.5489364266395569,0.30774593353271484,1,2024-12-15 14:00:00+00:00
3454,0.15159687399864197,0.5447373986244202,0.30366578698158264,1,2024-12-15 15:00:00+00:00
3455,0.1651248335838318,0.5532324910163879,0.2816426455974579,1,2024-12-15 16:00:00+00:00
3456,0.1465412974357605,0.5833731293678284,0.2700856626033783,1,2024-12-15 17:00:00+00:00
3457,0.18179799616336823,0.4729549288749695,0.3452470004558563,1,2024-12-15 18:00:00+00:00
3458,0.16650739312171936,0.489389032125473,0.34410351514816284,1,2024-12-15 19:00:00+00:00
3459,0.13806521892547607,0.5830830931663513,0.27885162830352783,1,2024-12-15 20:00:00+00:00
3460,0.1364876627922058,0.6018790602684021,0.26163339614868164,1,2024-12-15 21:00:00+00:00
3461,0.14725737273693085,0.546090841293335,0.30665186047554016,1,2024-12-15 23:00:00+00:00
3462,0.16314001381397247,0.42115339636802673,0.4157065749168396,1,2024-12-16 00:00:00+00:00
3463,0.19628165662288666,0.4441358745098114,0.35958245396614075,1,2024-12-16 01:00:00+00:00
3464,0.19283291697502136,0.4759169816970825,0.3312501311302185,1,2024-12-16 02:00:00+00:00
3465,0.17441950738430023,0.5169339776039124,0.30864638090133667,1,2024-12-16 03:00:00+00:00
3466,0.14601510763168335,0.542409360408783,0.3115755319595337,1,2024-12-16 04:00:00+00:00
3467,0.14402122795581818,0.537481427192688,0.31849730014801025,1,2024-12-16 05:00:00+00:00
3468,0.12040883302688599,0.6225060224533081,0.25708505511283875,1,2024-12-16 06:00:00+00:00
3469,0.13319866359233856,0.5931265950202942,0.27367475628852844,1,2024-12-16 07:00:00+00:00
3470,0.12456094473600388,0.596690833568573,0.2787482440471649,1,2024-12-16 08:00:00+00:00
3471,0.12589414417743683,0.5792660713195801,0.2948397696018219,1,2024-12-16 09:00:00+00:00
3472,0.13722659647464752,0.4954392611980438,0.36733415722846985,1,2024-12-16 10:00:00+00:00
3473,0.14132294058799744,0.4547991454601288,0.403877854347229,1,2024-12-16 11:00:00+00:00
3474,0.13117097318172455,0.49990248680114746,0.36892643570899963,1,2024-12-16 12:00:00+00:00
3475,0.1350528448820114,0.45026057958602905,0.4146866798400879,1,2024-12-16 13:00:00+00:00
3476,0.13705381751060486,0.4547346830368042,0.40821149945259094,1,2024-12-16 14:00:00+00:00
3477,0.14201019704341888,0.4394564628601074,0.4185332953929901,1,2024-12-16 15:00:00+00:00
3478,0.16423428058624268,0.3987494707107544,0.43701615929603577,2,2024-12-16 16:00:00+00:00
3479,0.16249631345272064,0.39792492985725403,0.4395788013935089,2,2024-12-16 17:00:00+00:00
3480,0.16020621359348297,0.4452871084213257,0.39450663328170776,1,2024-12-16 18:00:00+00:00
3481,0.19071900844573975,0.39989420771598816,0.4093867838382721,2,2024-12-16 19:00:00+00:00
3482,0.1890970766544342,0.44250816106796265,0.3683948218822479,1,2024-12-16 20:00:00+00:00
3483,0.20415098965168,0.36303654313087463,0.43281254172325134,2,2024-12-16 21:00:00+00:00
3484,0.20624706149101257,0.326901912689209,0.4668510854244232,2,2024-12-16 22:00:00+00:00
3485,0.165029838681221,0.4654698669910431,0.3695002794265747,1,2024-12-16 23:00:00+00:00
3486,0.15599316358566284,0.47441962361335754,0.3695871829986572,1,2024-12-17 00:00:00+00:00
3487,0.14812172949314117,0.45529165863990784,0.3965865671634674,1,2024-12-17 01:00:00+00:00
3488,0.1530296951532364,0.38430461287498474,0.4626656770706177,2,2024-12-17 02:00:00+00:00
3489,0.14315979182720184,0.5111971497535706,0.3456431031227112,1,2024-12-17 03:00:00+00:00
3490,0.1893574297428131,0.3647019863128662,0.4459405839443207,2,2024-12-17 04:00:00+00:00
3491,0.2103136032819748,0.32620352506637573,0.46348294615745544,2,2024-12-17 05:00:00+00:00
3492,0.18909220397472382,0.345051109790802,0.4658566415309906,2,2024-12-17 06:00:00+00:00
3493,0.17212069034576416,0.4128982722759247,0.41498103737831116,2,2024-12-17 07:00:00+00:00
3494,0.12767338752746582,0.5191242098808289,0.35320237278938293,1,2024-12-17 08:00:00+00:00
3495,0.16703422367572784,0.417300820350647,0.4156648814678192,1,2024-12-17 09:00:00+00:00
3496,0.1410403549671173,0.5310457348823547,0.32791388034820557,1,2024-12-17 10:00:00+00:00
3497,0.16769462823867798,0.5153014063835144,0.31700399518013,1,2024-12-17 11:00:00+00:00
3498,0.14394639432430267,0.5825426578521729,0.2735108733177185,1,2024-12-17 12:00:00+00:00
3499,0.12401098757982254,0.6202183365821838,0.25577062368392944,1,2024-12-17 13:00:00+00:00
3500,0.18802320957183838,0.4650647044181824,0.34691208600997925,1,2024-12-17 14:00:00+00:00
3501,0.15077392756938934,0.5663626790046692,0.2828633487224579,1,2024-12-17 15:00:00+00:00
3502,0.18873174488544464,0.43808045983314514,0.3731878101825714,1,2024-12-17 16:00:00+00:00
3503,0.18553075194358826,0.31771770119667053,0.49675148725509644,2,2024-12-17 17:00:00+00:00
3504,0.1536085158586502,0.47331324219703674,0.37307828664779663,1,2024-12-17 18:00:00+00:00
3505,0.1421591192483902,0.5373508334159851,0.3204900920391083,1,2024-12-17 19:00:00+00:00
3506,0.16905730962753296,0.37148529291152954,0.45945730805397034,2,2024-12-17 20:00:00+00:00
3507,0.15221206843852997,0.4312420189380646,0.4165459871292114,1,2024-12-17 21:00:00+00:00
3508,0.14975404739379883,0.4381963312625885,0.4120495319366455,1,2024-12-17 22:00:00+00:00
3509,0.17451760172843933,0.3807275593280792,0.44475480914115906,2,2024-12-17 23:00:00+00:00
3510,0.158028244972229,0.3615594804286957,0.48041224479675293,2,2024-12-18 00:00:00+00:00
3511,0.15061065554618835,0.37974610924720764,0.469643235206604,2,2024-12-18 01:00:00+00:00
3512,0.14696736633777618,0.3765428364276886,0.4764898717403412,2,2024-12-18 02:00:00+00:00
3513,0.14394280314445496,0.3887161314487457,0.4673410654067993,2,2024-12-18 03:00:00+00:00
3514,0.1536887288093567,0.4040071368217468,0.4423041045665741,2,2024-12-18 04:00:00+00:00
3515,0.1411588191986084,0.40500351786613464,0.45383763313293457,2,2024-12-18 05:00:00+00:00
3516,0.15297390520572662,0.35029327869415283,0.4967328906059265,2,2024-12-18 06:00:00+00:00
3517,0.14149990677833557,0.4195692241191864,0.438930869102478,2,2024-12-18 07:00:00+00:00
3518,0.13857728242874146,0.43002259731292725,0.4314001202583313,2,2024-12-18 08:00:00+00:00
3519,0.12493855506181717,0.4932865798473358,0.3817748725414276,1,2024-12-18 09:00:00+00:00
3520,0.13195863366127014,0.47067156434059143,0.39736977219581604,1,2024-12-18 10:00:00+00:00
3521,0.12754982709884644,0.5088725686073303,0.36357763409614563,1,2024-12-18 11:00:00+00:00
3522,0.11444694548845291,0.5368263721466064,0.34872668981552124,1,2024-12-18 12:00:00+00:00
3523,0.13309359550476074,0.5142322778701782,0.35267409682273865,1,2024-12-18 13:00:00+00:00
3524,0.14304040372371674,0.45350906252861023,0.403450608253479,1,2024-12-18 14:00:00+00:00
3525,0.14041106402873993,0.4633239805698395,0.39626502990722656,1,2024-12-18 15:00:00+00:00
3526,0.16342474520206451,0.36656254529953003,0.47001275420188904,2,2024-12-18 16:00:00+00:00
3527,0.17561891674995422,0.3434484004974365,0.48093268275260925,2,2024-12-18 17:00:00+00:00
3528,0.16599996387958527,0.3872498869895935,0.4467501640319824,2,2024-12-18 18:00:00+00:00
3529,0.1606060415506363,0.42761775851249695,0.41177624464035034,1,2024-12-18 19:00:00+00:00
3530,0.15584546327590942,0.49416136741638184,0.34999313950538635,1,2024-12-18 20:00:00+00:00
3531,0.19038715958595276,0.21910439431667328,0.5905084609985352,2,2024-12-18 21:00:00+00:00
3532,0.2479950487613678,0.1398468315601349,0.6121581196784973,2,2024-12-18 22:00:00+00:00
3533,0.19574689865112305,0.20698928833007812,0.5972638726234436,2,2024-12-18 23:00:00+00:00
3534,0.16883787512779236,0.2506513297557831,0.5805107355117798,2,2024-12-19 00:00:00+00:00
3535,0.19452711939811707,0.23062169551849365,0.5748510956764221,2,2024-12-19 01:00:00+00:00
3536,0.17733131349086761,0.2826034426689148,0.5400651693344116,2,2024-12-19 02:00:00+00:00
3537,0.2239190638065338,0.21518337726593018,0.5608975291252136,2,2024-12-19 03:00:00+00:00
3538,0.3254241943359375,0.16146312654018402,0.5131127238273621,2,2024-12-19 04:00:00+00:00
3539,0.18699577450752258,0.3101651668548584,0.5028390884399414,2,2024-12-19 05:00:00+00:00
3540,0.15213166177272797,0.3647029995918274,0.483165442943573,2,2024-12-19 06:00:00+00:00
3541,0.15323351323604584,0.38401108980178833,0.4627554416656494,2,2024-12-19 07:00:00+00:00
3542,0.14372912049293518,0.39556413888931274,0.4607067406177521,2,2024-12-19 08:00:00+00:00
3543,0.14080023765563965,0.4384489953517914,0.4207507371902466,1,2024-12-19 10:00:00+00:00
3544,0.13762028515338898,0.43418699502944946,0.42819270491600037,1,2024-12-19 11:00:00+00:00
3545,0.152923583984375,0.4488016963005066,0.39827466011047363,1,2024-12-19 12:00:00+00:00
3546,0.15250587463378906,0.45744580030441284,0.39004838466644287,1,2024-12-19 13:00:00+00:00
3547,0.15868529677391052,0.41477999091148376,0.4265347421169281,2,2024-12-19 14:00:00+00:00
3548,0.1704430729150772,0.3811357319355011,0.44842129945755005,2,2024-12-19 17:00:00+00:00
3549,0.18653160333633423,0.33584100008010864,0.47762739658355713,2,2024-12-19 19:00:00+00:00
3550,0.4022340774536133,0.10781899094581604,0.48994702100753784,2,2024-12-19 20:00:00+00:00
3551,0.37182334065437317,0.11567991226911545,0.5124967098236084,2,2024-12-19 21:00:00+00:00
3552,0.35329484939575195,0.1357669234275818,0.510938286781311,2,2024-12-19 23:00:00+00:00
3553,0.22780804336071014,0.2658015191555023,0.506390392780304,2,2024-12-20 00:00:00+00:00
3554,0.2320558726787567,0.23919004201889038,0.5287541747093201,2,2024-12-20 01:00:00+00:00
3555,0.2450042963027954,0.2505895495414734,0.504406213760376,2,2024-12-20 03:00:00+00:00
3556,0.18103262782096863,0.33693167567253113,0.48203569650650024,2,2024-12-20 05:00:00+00:00
3557,0.21196822822093964,0.30195942521095276,0.486072301864624,2,2024-12-20 06:00:00+00:00
3558,0.21176868677139282,0.3049871325492859,0.4832442104816437,2,2024-12-20 07:00:00+00:00
3559,0.22500820457935333,0.28217679262161255,0.4928150773048401,2,2024-12-20 08:00:00+00:00
3560,0.20191167294979095,0.33380934596061707,0.4642789363861084,2,2024-12-20 09:00:00+00:00
3561,0.3378083109855652,0.15952953696250916,0.5026620626449585,2,2024-12-20 10:00:00+00:00
3562,0.3593970835208893,0.15201981365680695,0.48858314752578735,2,2024-12-20 13:00:00+00:00
3563,0.47671884298324585,0.1240931898355484,0.3991880416870117,0,2024-12-20 14:00:00+00:00
3564,0.37573766708374023,0.18356402218341827,0.4406982958316803,2,2024-12-20 15:00:00+00:00
3565,0.31453800201416016,0.23481719195842743,0.45064476132392883,2,2024-12-20 17:00:00+00:00
3566,0.26425740122795105,0.28811782598495483,0.4476247727870941,2,2024-12-20 18:00:00+00:00
3567,0.22624297440052032,0.29474592208862305,0.47901102900505066,2,2024-12-20 19:00:00+00:00
3568,0.23337768018245697,0.2742883265018463,0.49233394861221313,2,2024-12-20 20:00:00+00:00
3569,0.23512053489685059,0.2766268253326416,0.4882526397705078,2,2024-12-20 21:00:00+00:00
3570,0.23839548230171204,0.25005874037742615,0.511545717716217,2,2024-12-20 23:00:00+00:00
3571,0.1959509551525116,0.4064107835292816,0.3976382911205292,1,2024-12-21 00:00:00+00:00
3572,0.20220161974430084,0.3849179148674011,0.41288042068481445,2,2024-12-21 01:00:00+00:00
3573,0.18140459060668945,0.4493127465248108,0.36928266286849976,1,2024-12-21 02:00:00+00:00
3574,0.1689959615468979,0.49073076248168945,0.3402734100818634,1,2024-12-21 03:00:00+00:00
3575,0.16040776669979095,0.5180538892745972,0.3215383291244507,1,2024-12-21 04:00:00+00:00
3576,0.15297217667102814,0.5424436330795288,0.3045842945575714,1,2024-12-21 05:00:00+00:00
3577,0.15193378925323486,0.5552467107772827,0.29281947016716003,1,2024-12-21 06:00:00+00:00
3578,0.18158994615077972,0.49075812101364136,0.3276519775390625,1,2024-12-21 07:00:00+00:00
3579,0.17137353122234344,0.5226892828941345,0.30593714118003845,1,2024-12-21 08:00:00+00:00
3580,0.16308550536632538,0.5488525032997131,0.2880619466304779,1,2024-12-21 09:00:00+00:00
3581,0.17020083963871002,0.5184192657470703,0.3113798201084137,1,2024-12-21 10:00:00+00:00
3582,0.16966599225997925,0.5165627598762512,0.3137713074684143,1,2024-12-21 11:00:00+00:00
3583,0.12142481654882431,0.5827721357345581,0.29580292105674744,1,2024-12-21 12:00:00+00:00
3584,0.09659331291913986,0.49789053201675415,0.405516117811203,1,2024-12-21 13:00:00+00:00
3585,0.16759660840034485,0.4739716947078705,0.35843169689178467,1,2024-12-21 14:00:00+00:00
3586,0.18855388462543488,0.3819849193096161,0.42946118116378784,2,2024-12-21 15:00:00+00:00
3587,0.16818058490753174,0.4137735962867737,0.4180457293987274,2,2024-12-21 16:00:00+00:00
3588,0.17040956020355225,0.42472049593925476,0.404869943857193,1,2024-12-21 17:00:00+00:00
3589,0.18953275680541992,0.32645270228385925,0.484014630317688,2,2024-12-21 18:00:00+00:00
3590,0.19302193820476532,0.33048713207244873,0.4764908254146576,2,2024-12-21 19:00:00+00:00
3591,0.18670868873596191,0.32511699199676514,0.48817431926727295,2,2024-12-21 20:00:00+00:00
3592,0.19897033274173737,0.2933334708213806,0.5076961517333984,2,2024-12-21 21:00:00+00:00
3593,0.17646366357803345,0.3804095983505249,0.4431267976760864,2,2024-12-21 22:00:00+00:00
3594,0.16947685182094574,0.3981870710849762,0.4323360323905945,2,2024-12-21 23:00:00+00:00
3595,0.17068757116794586,0.3923071324825287,0.43700531125068665,2,2024-12-22 00:00:00+00:00
3596,0.16131244599819183,0.4196774661540985,0.41901007294654846,1,2024-12-22 01:00:00+00:00
3597,0.1683657169342041,0.43131473660469055,0.4003196358680725,1,2024-12-22 02:00:00+00:00
3598,0.1770848035812378,0.39487528800964355,0.4280400276184082,2,2024-12-22 03:00:00+00:00
3599,0.1527732014656067,0.4496665894985199,0.3975602984428406,1,2024-12-22 04:00:00+00:00
3600,0.1694328784942627,0.4307176470756531,0.39984938502311707,1,2024-12-22 05:00:00+00:00
3601,0.1571224331855774,0.39664557576179504,0.44623199105262756,2,2024-12-22 06:00:00+00:00
3602,0.16836333274841309,0.39778363704681396,0.4338529706001282,2,2024-12-22 07:00:00+00:00
3603,0.145613431930542,0.4727393388748169,0.3816472589969635,1,2024-12-22 08:00:00+00:00
3604,0.12984423339366913,0.5073668360710144,0.3627888560295105,1,2024-12-22 09:00:00+00:00
3605,0.14373812079429626,0.5315961241722107,0.32466578483581543,1,2024-12-22 10:00:00+00:00
3606,0.15450286865234375,0.5259170532226562,0.3195801079273224,1,2024-12-22 11:00:00+00:00
3607,0.14159990847110748,0.553756058216095,0.30464401841163635,1,2024-12-22 12:00:00+00:00
3608,0.147840678691864,0.5638565421104431,0.28830277919769287,1,2024-12-22 13:00:00+00:00
3609,0.17459185421466827,0.49397042393684387,0.3314376473426819,1,2024-12-22 14:00:00+00:00
3610,0.18401817977428436,0.46695539355278015,0.3490264415740967,1,2024-12-22 15:00:00+00:00
3611,0.21018849313259125,0.22620929777622223,0.5636022686958313,2,2024-12-22 16:00:00+00:00
3612,0.2016213983297348,0.3082609474658966,0.4901176393032074,2,2024-12-22 17:00:00+00:00
3613,0.19623321294784546,0.39190080761909485,0.41186589002609253,2,2024-12-22 18:00:00+00:00
3614,0.18524169921875,0.4089075028896332,0.4058508276939392,1,2024-12-22 19:00:00+00:00
3615,0.20335553586483002,0.33864277601242065,0.4580017626285553,2,2024-12-22 20:00:00+00:00
3616,0.20505806803703308,0.21193936467170715,0.5830025672912598,2,2024-12-22 22:00:00+00:00
3617,0.19125351309776306,0.35114115476608276,0.45760542154312134,2,2024-12-22 23:00:00+00:00
3618,0.1863660365343094,0.37842610478401184,0.43520787358283997,2,2024-12-23 00:00:00+00:00
3619,0.1756245195865631,0.4107773005962372,0.4135982394218445,2,2024-12-23 01:00:00+00:00
3620,0.17824701964855194,0.35515591502189636,0.4665970802307129,2,2024-12-23 02:00:00+00:00
3621,0.1937931478023529,0.3209816813468933,0.48522505164146423,2,2024-12-23 03:00:00+00:00
3622,0.17572742700576782,0.4202975332736969,0.40397506952285767,1,2024-12-23 04:00:00+00:00
3623,0.20171518623828888,0.4298381805419922,0.36844655871391296,1,2024-12-23 05:00:00+00:00
3624,0.16628623008728027,0.5095929503440857,0.32412081956863403,1,2024-12-23 06:00:00+00:00
3625,0.17788809537887573,0.4524436295032501,0.36966830492019653,1,2024-12-23 07:00:00+00:00
3626,0.18957895040512085,0.3439795970916748,0.46644142270088196,2,2024-12-23 08:00:00+00:00
3627,0.16251254081726074,0.46786606311798096,0.3696213662624359,1,2024-12-23 09:00:00+00:00
3628,0.15651719272136688,0.530608594417572,0.3128741681575775,1,2024-12-23 10:00:00+00:00
3629,0.17151878774166107,0.501401960849762,0.32707929611206055,1,2024-12-23 11:00:00+00:00
3630,0.15825407207012177,0.5410324335098267,0.3007134795188904,1,2024-12-23 12:00:00+00:00
3631,0.14184634387493134,0.5745883584022522,0.2835652530193329,1,2024-12-23 13:00:00+00:00
3632,0.1643669456243515,0.5247294306755066,0.3109036087989807,1,2024-12-23 14:00:00+00:00
3633,0.1822565495967865,0.40279945731163025,0.4149439334869385,2,2024-12-23 16:00:00+00:00
3634,0.19574573636054993,0.3098933696746826,0.49436086416244507,2,2024-12-23 17:00:00+00:00
3635,0.2599042057991028,0.27500125765800476,0.4650946259498596,2,2024-12-23 18:00:00+00:00
3636,0.21560080349445343,0.3804991841316223,0.40390002727508545,2,2024-12-23 19:00:00+00:00
3637,0.17533239722251892,0.47829875349998474,0.3463689684867859,1,2024-12-23 20:00:00+00:00
3638,0.19033324718475342,0.4555622339248657,0.354104608297348,1,2024-12-23 22:00:00+00:00
3639,0.23392106592655182,0.3950965106487274,0.37098240852355957,1,2024-12-23 23:00:00+00:00
3640,0.22283528745174408,0.4701620936393738,0.30700260400772095,1,2024-12-24 00:00:00+00:00
3641,0.19163575768470764,0.5156603455543518,0.2927038371562958,1,2024-12-24 01:00:00+00:00
3642,0.161651611328125,0.5817460417747498,0.25660231709480286,1,2024-12-24 02:00:00+00:00
3643,0.15446177124977112,0.5778740048408508,0.2676641643047333,1,2024-12-24 03:00:00+00:00
3644,0.14279550313949585,0.6100576519966125,0.247146874666214,1,2024-12-24 04:00:00+00:00
3645,0.1565026342868805,0.5907444357872009,0.25275304913520813,1,2024-12-24 05:00:00+00:00
3646,0.16468675434589386,0.571832001209259,0.2634813189506531,1,2024-12-24 06:00:00+00:00
3647,0.17125104367733002,0.554720401763916,0.2740285396575928,1,2024-12-24 07:00:00+00:00
3648,0.1662435233592987,0.5503385066986084,0.28341802954673767,1,2024-12-24 08:00:00+00:00
3649,0.1518757939338684,0.5922132134437561,0.2559110224246979,1,2024-12-24 09:00:00+00:00
3650,0.15532127022743225,0.6038403511047363,0.24083848297595978,1,2024-12-24 10:00:00+00:00
3651,0.14576801657676697,0.6122124195098877,0.24201956391334534,1,2024-12-24 11:00:00+00:00
3652,0.13297364115715027,0.6462885737419128,0.2207377701997757,1,2024-12-24 12:00:00+00:00
3653,0.16702672839164734,0.5792032480239868,0.25376999378204346,1,2024-12-24 13:00:00+00:00
3654,0.15883833169937134,0.5842365622520447,0.2569250464439392,1,2024-12-24 14:00:00+00:00
3655,0.21436788141727448,0.46856728196144104,0.31706494092941284,1,2024-12-24 15:00:00+00:00
3656,0.20987828075885773,0.48263874650001526,0.3074829578399658,1,2024-12-24 16:00:00+00:00
3657,0.2261040210723877,0.4520377516746521,0.321858286857605,1,2024-12-24 17:00:00+00:00
3658,0.2278824746608734,0.44864359498023987,0.32347404956817627,1,2024-12-24 18:00:00+00:00
3659,0.19026316702365875,0.5391976237297058,0.27053916454315186,1,2024-12-24 19:00:00+00:00
3660,0.1878206431865692,0.5447081923484802,0.2674710750579834,1,2024-12-24 20:00:00+00:00
3661,0.16045205295085907,0.5994188785552979,0.24012914299964905,1,2024-12-24 21:00:00+00:00
3662,0.1699056178331375,0.5728421211242676,0.25725236535072327,1,2024-12-24 22:00:00+00:00
3663,0.15535160899162292,0.6328115463256836,0.21183688938617706,1,2024-12-24 23:00:00+00:00
3664,0.14684933423995972,0.6669566035270691,0.18619395792484283,1,2024-12-25 00:00:00+00:00
3665,0.13100557029247284,0.7035588026046753,0.16543562710285187,1,2024-12-25 01:00:00+00:00
3666,0.11954578012228012,0.7229580879211426,0.1574961245059967,1,2024-12-25 02:00:00+00:00
3667,0.12948450446128845,0.683092474937439,0.18742305040359497,1,2024-12-25 03:00:00+00:00
3668,0.18940605223178864,0.5276326537132263,0.28296127915382385,1,2024-12-25 04:00:00+00:00
3669,0.1561318337917328,0.607112467288971,0.23675565421581268,1,2024-12-25 05:00:00+00:00
3670,0.12544941902160645,0.6925918459892273,0.18195869028568268,1,2024-12-25 06:00:00+00:00
3671,0.12606360018253326,0.692529022693634,0.18140743672847748,1,2024-12-25 07:00:00+00:00
3672,0.1256590634584427,0.6730562448501587,0.20128470659255981,1,2024-12-25 08:00:00+00:00
3673,0.1253785640001297,0.6683472394943237,0.20627425611019135,1,2024-12-25 09:00:00+00:00
3674,0.1367936134338379,0.6415739059448242,0.22163242101669312,1,2024-12-25 10:00:00+00:00
3675,0.11424039304256439,0.7019176483154297,0.18384194374084473,1,2024-12-25 11:00:00+00:00
3676,0.15364201366901398,0.5885599851608276,0.2577979266643524,1,2024-12-25 13:00:00+00:00
3677,0.13709315657615662,0.6110482215881348,0.25185853242874146,1,2024-12-25 14:00:00+00:00
3678,0.13235723972320557,0.6078411936759949,0.25980162620544434,1,2024-12-25 15:00:00+00:00
3679,0.13235007226467133,0.5985138416290283,0.26913607120513916,1,2024-12-25 16:00:00+00:00
3680,0.13591818511486053,0.5549713969230652,0.3091104030609131,1,2024-12-25 17:00:00+00:00
3681,0.14046794176101685,0.5146369338035583,0.3448951840400696,1,2024-12-25 18:00:00+00:00
3682,0.16404089331626892,0.4598061740398407,0.37615299224853516,1,2024-12-25 19:00:00+00:00
3683,0.13979190587997437,0.5282396078109741,0.3319685459136963,1,2024-12-25 20:00:00+00:00
3684,0.14271165430545807,0.5631985068321228,0.2940899133682251,1,2024-12-25 21:00:00+00:00
3685,0.15707533061504364,0.46880093216896057,0.374123752117157,1,2024-12-25 22:00:00+00:00
3686,0.12637798488140106,0.536160945892334,0.33746105432510376,1,2024-12-25 23:00:00+00:00
3687,0.11668693274259567,0.5635994672775269,0.3197135627269745,1,2024-12-26 00:00:00+00:00
3688,0.10183679312467575,0.6308040022850037,0.26735925674438477,1,2024-12-26 01:00:00+00:00
3689,0.127492293715477,0.5364478826522827,0.3360598683357239,1,2024-12-26 02:00:00+00:00
3690,0.10640209913253784,0.56617671251297,0.3274211883544922,1,2024-12-26 03:00:00+00:00
3691,0.12352558225393295,0.4753587543964386,0.401115745306015,1,2024-12-26 04:00:00+00:00
3692,0.11251317709684372,0.5253304243087769,0.36215633153915405,1,2024-12-26 05:00:00+00:00
3693,0.12423581629991531,0.44456398487091064,0.4312001168727875,1,2024-12-26 06:00:00+00:00
3694,0.11690535396337509,0.48892366886138916,0.3941709101200104,1,2024-12-26 07:00:00+00:00
3695,0.10908888280391693,0.47930848598480225,0.41160255670547485,1,2024-12-26 08:00:00+00:00
3696,0.10881292819976807,0.4750061333179474,0.4161809980869293,1,2024-12-26 09:00:00+00:00
3697,0.13660772144794464,0.39159926772117615,0.47179287672042847,2,2024-12-26 10:00:00+00:00
3698,0.09370723366737366,0.46223390102386475,0.4440588355064392,1,2024-12-26 11:00:00+00:00
3699,0.09258843213319778,0.49312669038772583,0.4142848253250122,1,2024-12-26 12:00:00+00:00
3700,0.0993293896317482,0.4971643388271332,0.40350621938705444,1,2024-12-26 13:00:00+00:00
3701,0.08530831336975098,0.5199131369590759,0.3947785496711731,1,2024-12-26 14:00:00+00:00
3702,0.09090020507574081,0.5160297155380249,0.3930700719356537,1,2024-12-26 15:00:00+00:00
3703,0.08831007033586502,0.5290834307670593,0.38260650634765625,1,2024-12-26 16:00:00+00:00
3704,0.09570014476776123,0.5230365991592407,0.3812631368637085,1,2024-12-26 17:00:00+00:00
3705,0.08867862075567245,0.5671911835670471,0.34413018822669983,1,2024-12-26 18:00:00+00:00
3706,0.10965307056903839,0.4827500283718109,0.4075969457626343,1,2024-12-26 19:00:00+00:00
3707,0.09534519165754318,0.5585119724273682,0.3461427092552185,1,2024-12-26 20:00:00+00:00
3708,0.08990036696195602,0.5636842250823975,0.3464154303073883,1,2024-12-26 21:00:00+00:00
3709,0.09814297407865524,0.5315298438072205,0.3703272044658661,1,2024-12-26 22:00:00+00:00
3710,0.09849702566862106,0.5457491278648376,0.35575395822525024,1,2024-12-26 23:00:00+00:00
3711,0.0912320613861084,0.563735842704773,0.34503212571144104,1,2024-12-27 00:00:00+00:00
3712,0.09754393249750137,0.5391937494277954,0.3632623255252838,1,2024-12-27 01:00:00+00:00
3713,0.08856482803821564,0.5671075582504272,0.3443275988101959,1,2024-12-27 02:00:00+00:00
3714,0.11158662289381027,0.5396832823753357,0.3487301170825958,1,2024-12-27 03:00:00+00:00
3715,0.10842300951480865,0.5421419143676758,0.34943509101867676,1,2024-12-27 04:00:00+00:00
3716,0.08973203599452972,0.6145828366279602,0.2956851124763489,1,2024-12-27 05:00:00+00:00
3717,0.10360432416200638,0.5651936531066895,0.33120205998420715,1,2024-12-27 06:00:00+00:00
3718,0.10663002729415894,0.5862421989440918,0.30712783336639404,1,2024-12-27 07:00:00+00:00
3719,0.14650003612041473,0.6231849193572998,0.23031508922576904,1,2024-12-27 08:00:00+00:00
3720,0.15096864104270935,0.4203431010246277,0.42868825793266296,2,2024-12-27 09:00:00+00:00
3721,0.1515013873577118,0.58160001039505,0.26689866185188293,1,2024-12-27 10:00:00+00:00
3722,0.24935753643512726,0.425167977809906,0.32547447085380554,1,2024-12-27 11:00:00+00:00
3723,0.18795202672481537,0.5274314880371094,0.28461647033691406,1,2024-12-27 12:00:00+00:00
3724,0.20358087122440338,0.5637614130973816,0.23265768587589264,1,2024-12-27 13:00:00+00:00
3725,0.19229434430599213,0.5389455556869507,0.2687600553035736,1,2024-12-27 14:00:00+00:00
3726,0.20896407961845398,0.4613800048828125,0.3296559751033783,1,2024-12-27 15:00:00+00:00
3727,0.18956226110458374,0.4536474645137787,0.35679030418395996,1,2024-12-27 16:00:00+00:00
3728,0.2006819099187851,0.32699552178382874,0.47232261300086975,2,2024-12-27 17:00:00+00:00
3729,0.18817657232284546,0.35353538393974304,0.4582879841327667,2,2024-12-27 18:00:00+00:00
3730,0.21325506269931793,0.3938170075416565,0.39292794466018677,1,2024-12-27 19:00:00+00:00
3731,0.19408263266086578,0.45311644673347473,0.35280099511146545,1,2024-12-27 20:00:00+00:00
3732,0.2077854871749878,0.40396976470947266,0.38824477791786194,1,2024-12-27 21:00:00+00:00
3733,0.2018372118473053,0.3996269106864929,0.39853596687316895,1,2024-12-27 22:00:00+00:00
3734,0.1758114993572235,0.4253709018230438,0.39881762862205505,1,2024-12-27 23:00:00+00:00
3735,0.18392613530158997,0.3926202654838562,0.42345359921455383,2,2024-12-28 00:00:00+00:00
3736,0.15564750134944916,0.4883762300014496,0.3559761941432953,1,2024-12-28 01:00:00+00:00
3737,0.14912164211273193,0.5222519040107727,0.32862651348114014,1,2024-12-28 02:00:00+00:00
3738,0.19147156178951263,0.40780559182167053,0.40072277188301086,1,2024-12-28 03:00:00+00:00
3739,0.16307832300662994,0.46318867802619934,0.3737329840660095,1,2024-12-28 04:00:00+00:00
3740,0.147627055644989,0.5276259779930115,0.3247469365596771,1,2024-12-28 05:00:00+00:00
3741,0.1781967431306839,0.47531813383102417,0.34648507833480835,1,2024-12-28 06:00:00+00:00
3742,0.1829555630683899,0.4833640158176422,0.3336804509162903,1,2024-12-28 07:00:00+00:00
3743,0.17493611574172974,0.4567960202693939,0.36826780438423157,1,2024-12-28 08:00:00+00:00
3744,0.1804686188697815,0.45226171612739563,0.36726972460746765,1,2024-12-28 09:00:00+00:00
3745,0.16329491138458252,0.520573079586029,0.31613197922706604,1,2024-12-28 10:00:00+00:00
3746,0.12704183161258698,0.574634850025177,0.29832330346107483,1,2024-12-28 11:00:00+00:00
3747,0.11715172231197357,0.5770297050476074,0.305818647146225,1,2024-12-28 12:00:00+00:00
3748,0.10705523937940598,0.6265869736671448,0.2663578391075134,1,2024-12-28 13:00:00+00:00
3749,0.12958760559558868,0.5419054627418518,0.3285068869590759,1,2024-12-28 14:00:00+00:00
3750,0.17436188459396362,0.541057288646698,0.284580796957016,1,2024-12-28 15:00:00+00:00
3751,0.1990901529788971,0.48813098669052124,0.31277889013290405,1,2024-12-28 16:00:00+00:00
3752,0.21948778629302979,0.4488850235939026,0.33162721991539,1,2024-12-28 18:00:00+00:00
3753,0.2192126363515854,0.5266361236572266,0.254151314496994,1,2024-12-28 19:00:00+00:00
3754,0.21408185362815857,0.49919939041137695,0.28671884536743164,1,2024-12-28 20:00:00+00:00
3755,0.20010779798030853,0.5451717376708984,0.25472041964530945,1,2024-12-28 21:00:00+00:00
3756,0.17848463356494904,0.5957669615745544,0.22574841976165771,1,2024-12-28 22:00:00+00:00
3757,0.19974009692668915,0.5315196514129639,0.26874029636383057,1,2024-12-28 23:00:00+00:00
3758,0.1869521588087082,0.5711784362792969,0.24186939001083374,1,2024-12-29 00:00:00+00:00
3759,0.15198542177677155,0.6380703449249268,0.20994417369365692,1,2024-12-29 01:00:00+00:00
3760,0.13974787294864655,0.6471791863441467,0.2130729705095291,1,2024-12-29 02:00:00+00:00
3761,0.11541513353586197,0.6993512511253357,0.18523363769054413,1,2024-12-29 03:00:00+00:00
3762,0.1111564189195633,0.7136463522911072,0.17519725859165192,1,2024-12-29 04:00:00+00:00
3763,0.13619984686374664,0.655407726764679,0.2083924412727356,1,2024-12-29 05:00:00+00:00
3764,0.16179412603378296,0.582876980304718,0.2553289234638214,1,2024-12-29 06:00:00+00:00
3765,0.18175914883613586,0.5275976657867432,0.2906431257724762,1,2024-12-29 07:00:00+00:00
3766,0.18586039543151855,0.5224419832229614,0.29169753193855286,1,2024-12-29 08:00:00+00:00
3767,0.16862688958644867,0.5820318460464478,0.24934126436710358,1,2024-12-29 09:00:00+00:00
3768,0.15415379405021667,0.5973625183105469,0.24848362803459167,1,2024-12-29 10:00:00+00:00
3769,0.16066846251487732,0.5865821838378906,0.25274938344955444,1,2024-12-29 11:00:00+00:00
3770,0.14247526228427887,0.6217809319496155,0.23574382066726685,1,2024-12-29 12:00:00+00:00
3771,0.15595625340938568,0.5590241551399231,0.2850196659564972,1,2024-12-29 13:00:00+00:00
3772,0.1794309765100479,0.4378814995288849,0.3826875686645508,1,2024-12-29 14:00:00+00:00
3773,0.15749014914035797,0.5242139101028442,0.318295955657959,1,2024-12-29 15:00:00+00:00
3774,0.16349972784519196,0.4009840786457062,0.4355161190032959,2,2024-12-29 16:00:00+00:00
3775,0.13406042754650116,0.49281537532806396,0.3731241524219513,1,2024-12-29 17:00:00+00:00
3776,0.14585085213184357,0.3896133601665497,0.46453574299812317,2,2024-12-29 18:00:00+00:00
3777,0.1291261464357376,0.43607819080352783,0.43479564785957336,1,2024-12-29 19:00:00+00:00
3778,0.11031553149223328,0.5310908555984497,0.35859355330467224,1,2024-12-29 20:00:00+00:00
3779,0.11651666462421417,0.5076897740364075,0.37579357624053955,1,2024-12-29 22:00:00+00:00
3780,0.11420604586601257,0.49684053659439087,0.38895341753959656,1,2024-12-29 23:00:00+00:00
3781,0.11441254615783691,0.4689706265926361,0.416616827249527,1,2024-12-30 00:00:00+00:00
3782,0.09772250801324844,0.557593047618866,0.3446844220161438,1,2024-12-30 01:00:00+00:00
3783,0.11685536056756973,0.5728577375411987,0.31028690934181213,1,2024-12-30 02:00:00+00:00
3784,0.14223222434520721,0.6025538444519043,0.2552140951156616,1,2024-12-30 03:00:00+00:00
3785,0.1211082860827446,0.6375366449356079,0.24135513603687286,1,2024-12-30 04:00:00+00:00
3786,0.11568893492221832,0.6241393685340881,0.26017168164253235,1,2024-12-30 05:00:00+00:00
3787,0.10852432250976562,0.6086699366569519,0.2828056514263153,1,2024-12-30 06:00:00+00:00
3788,0.1138271763920784,0.628471851348877,0.25770094990730286,1,2024-12-30 07:00:00+00:00
3789,0.1324966847896576,0.6397192478179932,0.22778403759002686,1,2024-12-30 08:00:00+00:00
3790,0.11492636054754257,0.6680233478546143,0.21705029904842377,1,2024-12-30 09:00:00+00:00
3791,0.13365326821804047,0.6550053954124451,0.21134129166603088,1,2024-12-30 10:00:00+00:00
3792,0.12936586141586304,0.6785188913345337,0.19211529195308685,1,2024-12-30 11:00:00+00:00
3793,0.10909029096364975,0.6904417276382446,0.2004680037498474,1,2024-12-30 12:00:00+00:00
3794,0.12039919942617416,0.6824609637260437,0.19713978469371796,1,2024-12-30 13:00:00+00:00
3795,0.1354721188545227,0.6491600871086121,0.21536777913570404,1,2024-12-30 14:00:00+00:00
3796,0.1513228863477707,0.41771572828292847,0.4309614300727844,2,2024-12-30 15:00:00+00:00
3797,0.16912513971328735,0.33054593205451965,0.5003288984298706,2,2024-12-30 16:00:00+00:00
3798,0.15725108981132507,0.3800884187221527,0.4626605212688446,2,2024-12-30 17:00:00+00:00
3799,0.1412631720304489,0.4522033631801605,0.40653344988822937,1,2024-12-30 19:00:00+00:00
3800,0.2071130871772766,0.4792547821998596,0.3136321008205414,1,2024-12-30 20:00:00+00:00
3801,0.18980300426483154,0.52496737241745,0.2852296233177185,1,2024-12-30 22:00:00+00:00
3802,0.17753759026527405,0.5043002367019653,0.3181621730327606,1,2024-12-30 23:00:00+00:00
3803,0.15445855259895325,0.5682154297828674,0.27732598781585693,1,2024-12-31 00:00:00+00:00
3804,0.1204744279384613,0.6333228349685669,0.24620261788368225,1,2024-12-31 01:00:00+00:00
3805,0.11869864910840988,0.573123037815094,0.3081783652305603,1,2024-12-31 02:00:00+00:00
3806,0.0941942036151886,0.6158851981163025,0.28992053866386414,1,2024-12-31 03:00:00+00:00
3807,0.09034930914640427,0.6375977993011475,0.27205291390419006,1,2024-12-31 04:00:00+00:00
3808,0.09690756350755692,0.6130926609039307,0.28999975323677063,1,2024-12-31 05:00:00+00:00
3809,0.11204854398965836,0.5572532415390015,0.3306981921195984,1,2024-12-31 06:00:00+00:00
3810,0.10878732055425644,0.5878463983535767,0.3033663332462311,1,2024-12-31 07:00:00+00:00
3811,0.11182323843240738,0.5937259197235107,0.2944508492946625,1,2024-12-31 08:00:00+00:00
3812,0.08556076139211655,0.6708260178565979,0.24361324310302734,1,2024-12-31 09:00:00+00:00
3813,0.10497108101844788,0.6784865260124207,0.2165423184633255,1,2024-12-31 10:00:00+00:00
3814,0.08803442120552063,0.7411265969276428,0.17083901166915894,1,2024-12-31 11:00:00+00:00
3815,0.07828608900308609,0.7663478255271912,0.15536610782146454,1,2024-12-31 12:00:00+00:00
3816,0.08002898097038269,0.7673230171203613,0.15264804661273956,1,2024-12-31 13:00:00+00:00
3817,0.0896444022655487,0.7351012229919434,0.1752544641494751,1,2024-12-31 14:00:00+00:00
3818,0.1429932862520218,0.6454469561576843,0.2115597277879715,1,2024-12-31 15:00:00+00:00
3819,0.15091930329799652,0.6236756443977356,0.22540509700775146,1,2024-12-31 16:00:00+00:00
3820,0.11832039803266525,0.7003653049468994,0.181314155459404,1,2024-12-31 17:00:00+00:00
3821,0.16527363657951355,0.5786246657371521,0.25610166788101196,1,2024-12-31 18:00:00+00:00
3822,0.10890605300664902,0.6907550096511841,0.2003389149904251,1,2024-12-31 19:00:00+00:00
3823,0.07171180099248886,0.7593603134155273,0.16892783343791962,1,2024-12-31 20:00:00+00:00
3824,0.11901342123746872,0.6706815958023071,0.2103048861026764,1,2024-12-31 21:00:00+00:00
3825,0.08634661883115768,0.7262904047966003,0.1873629093170166,1,2024-12-31 22:00:00+00:00
3826,0.0894162505865097,0.7349634170532227,0.17562037706375122,1,2024-12-31 23:00:00+00:00
3827,0.07903919368982315,0.7378275394439697,0.18313325941562653,1,2025-01-01 00:00:00+00:00
3828,0.06480773538351059,0.7794330716133118,0.15575914084911346,1,2025-01-01 01:00:00+00:00
3829,0.09295220673084259,0.7509781718254089,0.1560695916414261,1,2025-01-01 02:00:00+00:00
3830,0.05716536566615105,0.8048384785652161,0.137996107339859,1,2025-01-01 03:00:00+00:00
3831,0.05778976157307625,0.8057534098625183,0.13645680248737335,1,2025-01-01 04:00:00+00:00
3832,0.05414523929357529,0.8031238913536072,0.14273080229759216,1,2025-01-01 05:00:00+00:00
3833,0.05119335278868675,0.7966952919960022,0.1521114706993103,1,2025-01-01 06:00:00+00:00
3834,0.05361916497349739,0.7955162525177002,0.15086449682712555,1,2025-01-01 07:00:00+00:00
3835,0.053650807589292526,0.8033835887908936,0.14296554028987885,1,2025-01-01 08:00:00+00:00
3836,0.05776411294937134,0.7807236313819885,0.16151216626167297,1,2025-01-01 09:00:00+00:00
3837,0.053584519773721695,0.7528290152549744,0.19358648359775543,1,2025-01-01 10:00:00+00:00
3838,0.08533675223588943,0.6286321878433228,0.28603097796440125,1,2025-01-01 11:00:00+00:00
3839,0.07221439480781555,0.6897052526473999,0.23808029294013977,1,2025-01-01 12:00:00+00:00
3840,0.0790444165468216,0.7153874039649963,0.20556814968585968,1,2025-01-01 13:00:00+00:00
3841,0.07873665541410446,0.7515594959259033,0.16970393061637878,1,2025-01-01 14:00:00+00:00
3842,0.07023241370916367,0.7736655473709106,0.15610195696353912,1,2025-01-01 15:00:00+00:00
3843,0.0775340124964714,0.7673584222793579,0.15510770678520203,1,2025-01-01 16:00:00+00:00
3844,0.11971749365329742,0.7180050015449524,0.16227759420871735,1,2025-01-01 17:00:00+00:00
3845,0.1429883986711502,0.6648313403129578,0.19218026101589203,1,2025-01-01 18:00:00+00:00
3846,0.12796062231063843,0.7072561383247375,0.16478331387043,1,2025-01-01 19:00:00+00:00
3847,0.15499825775623322,0.659468948841095,0.185532808303833,1,2025-01-01 20:00:00+00:00
3848,0.14708727598190308,0.6754746437072754,0.17743800580501556,1,2025-01-01 21:00:00+00:00
3849,0.1517426073551178,0.6638884544372559,0.18436887860298157,1,2025-01-01 22:00:00+00:00
3850,0.12380653619766235,0.7219426035881042,0.15425091981887817,1,2025-01-01 23:00:00+00:00
3851,0.09944834560155869,0.770530641078949,0.13002099096775055,1,2025-01-02 00:00:00+00:00
3852,0.07078558951616287,0.8364174962043762,0.09279682487249374,1,2025-01-02 01:00:00+00:00
3853,0.10212414711713791,0.7625800967216492,0.13529571890830994,1,2025-01-02 02:00:00+00:00
3854,0.08939600735902786,0.7702282667160034,0.14037571847438812,1,2025-01-02 03:00:00+00:00
3855,0.08138693124055862,0.7930898070335388,0.12552320957183838,1,2025-01-02 04:00:00+00:00
3856,0.0562322698533535,0.8598091006278992,0.08395862579345703,1,2025-01-02 05:00:00+00:00
3857,0.06800375878810883,0.8221890330314636,0.10980720818042755,1,2025-01-02 06:00:00+00:00
3858,0.061420924961566925,0.8433323502540588,0.0952465832233429,1,2025-01-02 07:00:00+00:00
3859,0.0646279975771904,0.8312737941741943,0.10409817844629288,1,2025-01-02 08:00:00+00:00
3860,0.0617266520857811,0.8397564888000488,0.09851683676242828,1,2025-01-02 09:00:00+00:00
3861,0.08931747823953629,0.7635226249694824,0.14715999364852905,1,2025-01-02 10:00:00+00:00
3862,0.09839903563261032,0.7404709458351135,0.16112998127937317,1,2025-01-02 11:00:00+00:00
3863,0.08770395070314407,0.767550528049469,0.14474555850028992,1,2025-01-02 12:00:00+00:00
3864,0.09854187816381454,0.7422375082969666,0.1592206209897995,1,2025-01-02 13:00:00+00:00
3865,0.0859309732913971,0.7716303467750549,0.14243867993354797,1,2025-01-02 14:00:00+00:00
3866,0.0732647180557251,0.8030171394348145,0.12371809035539627,1,2025-01-02 15:00:00+00:00
3867,0.08398515731096268,0.7731917500495911,0.14282308518886566,1,2025-01-02 16:00:00+00:00
3868,0.0775504782795906,0.7914274334907532,0.13102209568023682,1,2025-01-02 17:00:00+00:00
3869,0.08445026725530624,0.7725120186805725,0.14303769171237946,1,2025-01-02 18:00:00+00:00
3870,0.09404297173023224,0.7454434037208557,0.16051363945007324,1,2025-01-02 19:00:00+00:00
3871,0.0923062264919281,0.7509760856628418,0.1567176878452301,1,2025-01-02 20:00:00+00:00
3872,0.09991303831338882,0.7269712090492249,0.17311576008796692,1,2025-01-02 21:00:00+00:00
3873,0.09893511235713959,0.7333377003669739,0.16772718727588654,1,2025-01-02 22:00:00+00:00
3874,0.08965413272380829,0.7580009698867798,0.15234492719173431,1,2025-01-02 23:00:00+00:00
3875,0.09009937196969986,0.7566679120063782,0.15323270857334137,1,2025-01-03 00:00:00+00:00
3876,0.09601867944002151,0.7444573640823364,0.15952403843402863,1,2025-01-03 01:00:00+00:00
3877,0.09943875670433044,0.7342341542243958,0.16632698476314545,1,2025-01-03 02:00:00+00:00
3878,0.06625674664974213,0.8219480514526367,0.11179516464471817,1,2025-01-03 03:00:00+00:00
3879,0.06104051321744919,0.8456523418426514,0.09330718964338303,1,2025-01-03 04:00:00+00:00
3880,0.058629415929317474,0.8596845269203186,0.08168602734804153,1,2025-01-03 05:00:00+00:00
3881,0.05610997974872589,0.8577568531036377,0.08613316714763641,1,2025-01-03 06:00:00+00:00
3882,0.07411646097898483,0.8230997323989868,0.10278385877609253,1,2025-01-03 07:00:00+00:00
3883,0.07223780453205109,0.8142955899238586,0.11346667259931564,1,2025-01-03 08:00:00+00:00
3884,0.056226033717393875,0.8333304524421692,0.11044347286224365,1,2025-01-03 09:00:00+00:00
3885,0.09807632118463516,0.7867666482925415,0.1151571050286293,1,2025-01-03 10:00:00+00:00
3886,0.10576128959655762,0.7779436707496643,0.11629501730203629,1,2025-01-03 11:00:00+00:00
3887,0.11428634077310562,0.7678841352462769,0.11782953143119812,1,2025-01-03 12:00:00+00:00
3888,0.11165635287761688,0.783068835735321,0.10527478903532028,1,2025-01-03 13:00:00+00:00
3889,0.12106112390756607,0.7412233948707581,0.13771536946296692,1,2025-01-03 14:00:00+00:00
3890,0.10385168343782425,0.7726208567619324,0.12352750450372696,1,2025-01-03 15:00:00+00:00
3891,0.12286624312400818,0.7281883358955383,0.14894536137580872,1,2025-01-03 16:00:00+00:00
3892,0.13259172439575195,0.688727855682373,0.1786803901195526,1,2025-01-03 17:00:00+00:00
3893,0.13824453949928284,0.6602596044540405,0.20149576663970947,1,2025-01-03 18:00:00+00:00
3894,0.108174629509449,0.7310433387756348,0.16078194975852966,1,2025-01-03 19:00:00+00:00
3895,0.1706068068742752,0.5685479044914246,0.26084527373313904,1,2025-01-03 20:00:00+00:00
3896,0.1855180859565735,0.53109210729599,0.2833898663520813,1,2025-01-03 21:00:00+00:00
3897,0.11843978613615036,0.7020412683486938,0.1795189082622528,1,2025-01-03 22:00:00+00:00
3898,0.09947764128446579,0.7616260051727295,0.13889646530151367,1,2025-01-03 23:00:00+00:00
3899,0.13855749368667603,0.6535334587097168,0.20790906250476837,1,2025-01-04 00:00:00+00:00
3900,0.14317253232002258,0.6458143591880798,0.21101310849189758,1,2025-01-04 01:00:00+00:00
3901,0.14606022834777832,0.633529543876648,0.22041021287441254,1,2025-01-04 02:00:00+00:00
3902,0.1877484917640686,0.5302202701568604,0.28203126788139343,1,2025-01-04 03:00:00+00:00
3903,0.20474876463413239,0.4844757616519928,0.31077542901039124,1,2025-01-04 04:00:00+00:00
3904,0.19168710708618164,0.515352189540863,0.2929607331752777,1,2025-01-04 05:00:00+00:00
3905,0.1661583036184311,0.5828811526298523,0.2509605586528778,1,2025-01-04 06:00:00+00:00
3906,0.1141827255487442,0.7125380039215088,0.173279270529747,1,2025-01-04 07:00:00+00:00
3907,0.13326704502105713,0.6592643857002258,0.20746850967407227,1,2025-01-04 08:00:00+00:00
3908,0.12024836987257004,0.6930698156356812,0.18668188154697418,1,2025-01-04 09:00:00+00:00
3909,0.07755526155233383,0.7930787801742554,0.12936604022979736,1,2025-01-04 10:00:00+00:00
3910,0.08267932385206223,0.7751490473747253,0.14217165112495422,1,2025-01-04 11:00:00+00:00
3911,0.0674428939819336,0.8082797527313232,0.12427733838558197,1,2025-01-04 12:00:00+00:00
3912,0.06233133375644684,0.8005053400993347,0.13716334104537964,1,2025-01-04 13:00:00+00:00
3913,0.06847567856311798,0.8096948266029358,0.12182945013046265,1,2025-01-04 14:00:00+00:00
3914,0.07526104152202606,0.8161970376968384,0.1085420548915863,1,2025-01-04 16:00:00+00:00
3915,0.13991814851760864,0.47585251927375793,0.3842293322086334,1,2025-01-04 17:00:00+00:00
3916,0.11503403633832932,0.599995493888855,0.28497055172920227,1,2025-01-04 18:00:00+00:00
3917,0.11103641986846924,0.690134584903717,0.19882901012897491,1,2025-01-04 19:00:00+00:00
3918,0.10412660241127014,0.7093939781188965,0.18647947907447815,1,2025-01-04 20:00:00+00:00
3919,0.07347969710826874,0.816310703754425,0.11020965129137039,1,2025-01-04 21:00:00+00:00
3920,0.14317484200000763,0.684310793876648,0.17251423001289368,1,2025-01-04 22:00:00+00:00
3921,0.16008754074573517,0.6576425433158875,0.18226994574069977,1,2025-01-04 23:00:00+00:00
3922,0.12730063498020172,0.7391185164451599,0.1335807740688324,1,2025-01-05 00:00:00+00:00
3923,0.12172122299671173,0.7335475087165833,0.14473123848438263,1,2025-01-05 01:00:00+00:00
3924,0.10928560048341751,0.7544223666191101,0.1362919956445694,1,2025-01-05 02:00:00+00:00
3925,0.07228562235832214,0.8028410077095032,0.12487345188856125,1,2025-01-05 03:00:00+00:00
3926,0.06268815696239471,0.8289390206336975,0.10837286710739136,1,2025-01-05 04:00:00+00:00
3927,0.07699774950742722,0.8141860365867615,0.10881633311510086,1,2025-01-05 05:00:00+00:00
3928,0.13018012046813965,0.708162784576416,0.16165710985660553,1,2025-01-05 06:00:00+00:00
3929,0.1002589538693428,0.7541553974151611,0.14558567106723785,1,2025-01-05 07:00:00+00:00
3930,0.1171061247587204,0.7301007509231567,0.15279312431812286,1,2025-01-05 08:00:00+00:00
3931,0.09017211943864822,0.7739842534065247,0.13584354519844055,1,2025-01-05 09:00:00+00:00
3932,0.1231449618935585,0.6796623468399048,0.1971926987171173,1,2025-01-05 10:00:00+00:00
3933,0.06342687457799911,0.794221043586731,0.14235205948352814,1,2025-01-05 11:00:00+00:00
3934,0.0632639229297638,0.7935405373573303,0.14319546520709991,1,2025-01-05 12:00:00+00:00
3935,0.05933210626244545,0.8125311732292175,0.12813670933246613,1,2025-01-05 13:00:00+00:00
3936,0.09923869371414185,0.7053939700126648,0.1953672468662262,1,2025-01-05 14:00:00+00:00
3937,0.08821949362754822,0.7181766629219055,0.19360390305519104,1,2025-01-05 15:00:00+00:00
3938,0.09518370032310486,0.7170078158378601,0.18780851364135742,1,2025-01-05 16:00:00+00:00
3939,0.10541754215955734,0.7032536268234253,0.19132879376411438,1,2025-01-05 17:00:00+00:00
3940,0.12226936966180801,0.6587177515029907,0.21901296079158783,1,2025-01-05 18:00:00+00:00
3941,0.13846594095230103,0.6272735595703125,0.23426058888435364,1,2025-01-05 19:00:00+00:00
3942,0.11154036223888397,0.7184256315231323,0.17003406584262848,1,2025-01-05 20:00:00+00:00
3943,0.09921646118164062,0.7490747570991516,0.15170881152153015,1,2025-01-05 21:00:00+00:00
3944,0.1130063608288765,0.7100600600242615,0.17693360149860382,1,2025-01-05 22:00:00+00:00
3945,0.1009761318564415,0.7585277557373047,0.14049606025218964,1,2025-01-05 23:00:00+00:00
3946,0.13914480805397034,0.6975671052932739,0.16328804194927216,1,2025-01-06 00:00:00+00:00
3947,0.13252688944339752,0.7106592655181885,0.1568138301372528,1,2025-01-06 01:00:00+00:00
3948,0.08397240191698074,0.7633509039878845,0.15267662703990936,1,2025-01-06 02:00:00+00:00
3949,0.12838849425315857,0.7021181583404541,0.16949331760406494,1,2025-01-06 03:00:00+00:00
3950,0.12468031048774719,0.6965614557266235,0.1787581592798233,1,2025-01-06 04:00:00+00:00
3951,0.13101820647716522,0.721956729888916,0.14702504873275757,1,2025-01-06 05:00:00+00:00
3952,0.14026673138141632,0.6880006790161133,0.17173251509666443,1,2025-01-06 06:00:00+00:00
3953,0.10131965577602386,0.7755404710769653,0.12313997745513916,1,2025-01-06 07:00:00+00:00
3954,0.10611821711063385,0.7530755996704102,0.14080609381198883,1,2025-01-06 09:00:00+00:00
3955,0.10170652717351913,0.7485220432281494,0.14977136254310608,1,2025-01-06 10:00:00+00:00
3956,0.09768973290920258,0.7531470656394958,0.14916323125362396,1,2025-01-06 11:00:00+00:00
3957,0.09305939078330994,0.7709742784500122,0.13596634566783905,1,2025-01-06 12:00:00+00:00
3958,0.10708343237638474,0.7308677434921265,0.16204874217510223,1,2025-01-06 13:00:00+00:00
3959,0.09603343904018402,0.757522463798523,0.14644412696361542,1,2025-01-06 14:00:00+00:00
3960,0.13336409628391266,0.6566301584243774,0.2100057452917099,1,2025-01-06 15:00:00+00:00
3961,0.15932586789131165,0.5877405405044556,0.2529336214065552,1,2025-01-06 16:00:00+00:00
3962,0.15795540809631348,0.5982603430747986,0.24378426373004913,1,2025-01-06 17:00:00+00:00
3963,0.16096609830856323,0.5904021859169006,0.24863164126873016,1,2025-01-06 18:00:00+00:00
3964,0.13970349729061127,0.6413951516151428,0.21890129148960114,1,2025-01-06 19:00:00+00:00
3965,0.15465261042118073,0.6010804772377014,0.24426694214344025,1,2025-01-06 20:00:00+00:00
3966,0.12869958579540253,0.6672161817550659,0.20408423244953156,1,2025-01-06 21:00:00+00:00
3967,0.15734843909740448,0.5831034779548645,0.259548157453537,1,2025-01-06 22:00:00+00:00
3968,0.13655084371566772,0.64515221118927,0.21829690039157867,1,2025-01-06 23:00:00+00:00
3969,0.10761897265911102,0.7239746451377869,0.1684063971042633,1,2025-01-07 00:00:00+00:00
3970,0.09327182173728943,0.7598453760147095,0.14688293635845184,1,2025-01-07 01:00:00+00:00
3971,0.09756606817245483,0.7404089570045471,0.16202491521835327,1,2025-01-07 02:00:00+00:00
3972,0.07815680652856827,0.791705310344696,0.1301378756761551,1,2025-01-07 03:00:00+00:00
3973,0.08252634853124619,0.7402748465538025,0.17719879746437073,1,2025-01-07 04:00:00+00:00
3974,0.05948333442211151,0.8138939738273621,0.12662272155284882,1,2025-01-07 05:00:00+00:00
3975,0.05559844151139259,0.8037303686141968,0.14067116379737854,1,2025-01-07 06:00:00+00:00
3976,0.060423944145441055,0.8152409195899963,0.12433502823114395,1,2025-01-07 07:00:00+00:00
3977,0.06921885907649994,0.7999482750892639,0.13083289563655853,1,2025-01-07 08:00:00+00:00
3978,0.08799566328525543,0.7166383862495422,0.19536589086055756,1,2025-01-07 09:00:00+00:00
3979,0.058873653411865234,0.8082758188247681,0.1328505128622055,1,2025-01-07 10:00:00+00:00
3980,0.07351682335138321,0.7247525453567505,0.2017306089401245,1,2025-01-07 11:00:00+00:00
3981,0.07394105941057205,0.6881439685821533,0.23791499435901642,1,2025-01-07 12:00:00+00:00
3982,0.06876295804977417,0.643220841884613,0.2880162298679352,1,2025-01-07 13:00:00+00:00
3983,0.05720645934343338,0.6843172311782837,0.2584763467311859,1,2025-01-07 14:00:00+00:00
3984,0.05111360549926758,0.7403480410575867,0.20853833854198456,1,2025-01-07 16:00:00+00:00
3985,0.10978908091783524,0.3815460205078125,0.5086649060249329,2,2025-01-07 17:00:00+00:00
3986,0.08469782024621964,0.5056678652763367,0.4096343219280243,1,2025-01-07 18:00:00+00:00
3987,0.08311943709850311,0.5149022340774536,0.4019783139228821,1,2025-01-07 19:00:00+00:00
3988,0.07097858190536499,0.5696040987968445,0.3594173789024353,1,2025-01-07 21:00:00+00:00
3989,0.07475545257329941,0.5381105542182922,0.387133926153183,1,2025-01-07 22:00:00+00:00
3990,0.07868503034114838,0.5185520648956299,0.40276291966438293,1,2025-01-07 23:00:00+00:00
3991,0.06827545166015625,0.5698513388633728,0.36187320947647095,1,2025-01-08 00:00:00+00:00
3992,0.06933438777923584,0.5476917028427124,0.38297390937805176,1,2025-01-08 01:00:00+00:00
3993,0.06976772099733353,0.5783398747444153,0.3518924415111542,1,2025-01-08 02:00:00+00:00
3994,0.048692431300878525,0.6197336912155151,0.3315739035606384,1,2025-01-08 03:00:00+00:00
3995,0.048463981598615646,0.616848349571228,0.3346876800060272,1,2025-01-08 04:00:00+00:00
3996,0.05064578726887703,0.5985573530197144,0.3507969081401825,1,2025-01-08 05:00:00+00:00
3997,0.05112091824412346,0.5811123251914978,0.36776673793792725,1,2025-01-08 06:00:00+00:00
3998,0.043527714908123016,0.6212203502655029,0.33525195717811584,1,2025-01-08 07:00:00+00:00
3999,0.05322716385126114,0.5305012464523315,0.4162715673446655,1,2025-01-08 08:00:00+00:00
4000,0.05526562035083771,0.5817344188690186,0.36299988627433777,1,2025-01-08 09:00:00+00:00
4001,0.05831601470708847,0.6086180806159973,0.333065927028656,1,2025-01-08 10:00:00+00:00
4002,0.04469386488199234,0.6681110858917236,0.28719499707221985,1,2025-01-08 11:00:00+00:00
4003,0.04925687611103058,0.6521724462509155,0.2985706031322479,1,2025-01-08 12:00:00+00:00
4004,0.05330076441168785,0.6259023547172546,0.3207968771457672,1,2025-01-08 13:00:00+00:00
4005,0.06385532766580582,0.550963819026947,0.38518086075782776,1,2025-01-08 14:00:00+00:00
4006,0.07044030725955963,0.5491823554039001,0.38037729263305664,1,2025-01-08 16:00:00+00:00
4007,0.0933682918548584,0.5416993498802185,0.3649323582649231,1,2025-01-08 17:00:00+00:00
4008,0.1040894091129303,0.43807077407836914,0.4578397572040558,2,2025-01-08 18:00:00+00:00
4009,0.15022729337215424,0.386445552110672,0.4633271098136902,2,2025-01-08 19:00:00+00:00
4010,0.13637156784534454,0.4107551872730255,0.45287322998046875,2,2025-01-08 20:00:00+00:00
4011,0.12240231782197952,0.41387760639190674,0.4637199938297272,2,2025-01-08 21:00:00+00:00
4012,0.11836627125740051,0.4165271520614624,0.46510669589042664,2,2025-01-08 22:00:00+00:00
4013,0.12377889454364777,0.4282638728618622,0.44795718789100647,2,2025-01-08 23:00:00+00:00
4014,0.1114996150135994,0.510475754737854,0.37802454829216003,1,2025-01-09 00:00:00+00:00
4015,0.11890427768230438,0.49822062253952026,0.38287514448165894,1,2025-01-09 01:00:00+00:00
4016,0.09659358114004135,0.5559296607971191,0.3474768400192261,1,2025-01-09 02:00:00+00:00
4017,0.10246628522872925,0.5519909858703613,0.3455427289009094,1,2025-01-09 03:00:00+00:00
4018,0.10568344593048096,0.5512339472770691,0.3430827558040619,1,2025-01-09 04:00:00+00:00
4019,0.10144033282995224,0.5181962251663208,0.380363404750824,1,2025-01-09 05:00:00+00:00
4020,0.0967501774430275,0.5738208889961243,0.3294290006160736,1,2025-01-09 06:00:00+00:00
4021,0.09964657574892044,0.5461699962615967,0.3541833758354187,1,2025-01-09 07:00:00+00:00
4022,0.12466994673013687,0.46074825525283813,0.414581835269928,1,2025-01-09 08:00:00+00:00
4023,0.12279394268989563,0.3769819140434265,0.5002241134643555,2,2025-01-09 09:00:00+00:00
4024,0.11437605321407318,0.4668689966201782,0.4187549352645874,1,2025-01-09 11:00:00+00:00
4025,0.10171599686145782,0.5163533091545105,0.38193073868751526,1,2025-01-09 12:00:00+00:00
4026,0.10841041058301926,0.5217370390892029,0.36985257267951965,1,2025-01-09 13:00:00+00:00
4027,0.10926844924688339,0.5239353775978088,0.3667961359024048,1,2025-01-09 14:00:00+00:00
4028,0.12555359303951263,0.33338233828544617,0.5410640239715576,2,2025-01-09 15:00:00+00:00
4029,0.1299010068178177,0.4482875466346741,0.42181137204170227,1,2025-01-09 16:00:00+00:00
4030,0.16440974175930023,0.5298990607261658,0.3056911826133728,1,2025-01-09 17:00:00+00:00
4031,0.16672790050506592,0.5489616990089417,0.28431037068367004,1,2025-01-09 18:00:00+00:00
4032,0.17962856590747833,0.4472830891609192,0.3730883300304413,1,2025-01-09 19:00:00+00:00
4033,0.12691639363765717,0.5378768444061279,0.3352067768573761,1,2025-01-09 20:00:00+00:00
4034,0.1662083864212036,0.4147883653640747,0.4190032482147217,2,2025-01-09 21:00:00+00:00
4035,0.16293208301067352,0.4404197335243225,0.396648108959198,1,2025-01-09 22:00:00+00:00
4036,0.1716557890176773,0.4587607681751251,0.369583398103714,1,2025-01-09 23:00:00+00:00
4037,0.16527268290519714,0.5548802018165588,0.27984708547592163,1,2025-01-10 00:00:00+00:00
4038,0.14493684470653534,0.48661941289901733,0.3684437572956085,1,2025-01-10 01:00:00+00:00
4039,0.14302240312099457,0.5319195985794067,0.3250579535961151,1,2025-01-10 02:00:00+00:00
4040,0.13726688921451569,0.5675488114356995,0.29518431425094604,1,2025-01-10 03:00:00+00:00
4041,0.1448674350976944,0.5783390402793884,0.2767934799194336,1,2025-01-10 04:00:00+00:00
4042,0.1403447389602661,0.6026097536087036,0.25704553723335266,1,2025-01-10 05:00:00+00:00
4043,0.12496618926525116,0.6325024962425232,0.2425314038991928,1,2025-01-10 06:00:00+00:00
4044,0.15667472779750824,0.6111632585525513,0.23216204345226288,1,2025-01-10 07:00:00+00:00
4045,0.17213758826255798,0.6079440116882324,0.2199183851480484,1,2025-01-10 08:00:00+00:00
4046,0.1920628398656845,0.5590264201164246,0.2489108145236969,1,2025-01-10 09:00:00+00:00
4047,0.18715089559555054,0.5668554306030273,0.24599365890026093,1,2025-01-10 10:00:00+00:00
4048,0.1797623634338379,0.5956836342811584,0.22455400228500366,1,2025-01-10 11:00:00+00:00
4049,0.1750984489917755,0.5990973114967346,0.22580423951148987,1,2025-01-10 12:00:00+00:00
4050,0.17777782678604126,0.5841081738471985,0.23811398446559906,1,2025-01-10 13:00:00+00:00
4051,0.18217100203037262,0.5725487470626831,0.24528014659881592,1,2025-01-10 15:00:00+00:00
4052,0.17509183287620544,0.5671849846839905,0.2577231526374817,1,2025-01-10 16:00:00+00:00
4053,0.1382458209991455,0.6044862270355225,0.25726795196533203,1,2025-01-10 17:00:00+00:00
4054,0.13634724915027618,0.5324065089225769,0.33124619722366333,1,2025-01-10 18:00:00+00:00
4055,0.1765114814043045,0.5805307030677795,0.24295781552791595,1,2025-01-10 19:00:00+00:00
4056,0.16294381022453308,0.6002243757247925,0.23683179914951324,1,2025-01-10 20:00:00+00:00
4057,0.18484501540660858,0.5430812835693359,0.27207374572753906,1,2025-01-10 21:00:00+00:00
4058,0.16039316356182098,0.551433265209198,0.2881735861301422,1,2025-01-10 22:00:00+00:00
4059,0.17152878642082214,0.5278558135032654,0.3006153404712677,1,2025-01-10 23:00:00+00:00
4060,0.13732869923114777,0.601131021976471,0.26154032349586487,1,2025-01-11 00:00:00+00:00
4061,0.1329708844423294,0.6013411283493042,0.2656879127025604,1,2025-01-11 01:00:00+00:00
4062,0.1235019862651825,0.6181496977806091,0.2583483159542084,1,2025-01-11 02:00:00+00:00
4063,0.12654677033424377,0.5553392767906189,0.3181139826774597,1,2025-01-11 03:00:00+00:00
4064,0.10072733461856842,0.6227374076843262,0.276535302400589,1,2025-01-11 04:00:00+00:00
4065,0.09563491493463516,0.6149151921272278,0.28944993019104004,1,2025-01-11 05:00:00+00:00
4066,0.10180899500846863,0.6219144463539124,0.2762766182422638,1,2025-01-11 06:00:00+00:00
4067,0.10190850496292114,0.6544237732887268,0.24366772174835205,1,2025-01-11 07:00:00+00:00
4068,0.08797812461853027,0.6903320550918579,0.22168982028961182,1,2025-01-11 08:00:00+00:00
4069,0.07057346403598785,0.7276219725608826,0.20180457830429077,1,2025-01-11 09:00:00+00:00
4070,0.08237828314304352,0.6868286728858948,0.2307930588722229,1,2025-01-11 10:00:00+00:00
4071,0.07896430045366287,0.7087249159812927,0.21231073141098022,1,2025-01-11 11:00:00+00:00
4072,0.08180224150419235,0.7389938831329346,0.17920392751693726,1,2025-01-11 12:00:00+00:00
4073,0.09036902338266373,0.7326779365539551,0.17695297300815582,1,2025-01-11 13:00:00+00:00
4074,0.10887637734413147,0.679463803768158,0.21165980398654938,1,2025-01-11 14:00:00+00:00
4075,0.11455505341291428,0.6441066265106201,0.241338312625885,1,2025-01-11 15:00:00+00:00
4076,0.10759581625461578,0.690914511680603,0.20148971676826477,1,2025-01-11 16:00:00+00:00
4077,0.14247487485408783,0.6286182999610901,0.22890695929527283,1,2025-01-11 17:00:00+00:00
4078,0.162948876619339,0.6192846298217773,0.21776647865772247,1,2025-01-11 18:00:00+00:00
4079,0.1123509481549263,0.6578415036201477,0.2298075407743454,1,2025-01-11 19:00:00+00:00
4080,0.12842793762683868,0.6546241044998169,0.2169479876756668,1,2025-01-11 20:00:00+00:00
4081,0.11101952940225601,0.696587860584259,0.19239266216754913,1,2025-01-11 21:00:00+00:00
4082,0.22012680768966675,0.48813289403915405,0.2917402684688568,1,2025-01-11 22:00:00+00:00
4083,0.20662668347358704,0.5336754322052002,0.2596977651119232,1,2025-01-11 23:00:00+00:00
4084,0.13964806497097015,0.6708745956420898,0.18947726488113403,1,2025-01-12 00:00:00+00:00
4085,0.11935577541589737,0.7061145305633545,0.17452970147132874,1,2025-01-12 01:00:00+00:00
4086,0.11272365599870682,0.7098785638809204,0.17739780247211456,1,2025-01-12 03:00:00+00:00
4087,0.1289835274219513,0.6894159317016602,0.18160052597522736,1,2025-01-12 04:00:00+00:00
4088,0.10734175890684128,0.7271376848220825,0.16552060842514038,1,2025-01-12 05:00:00+00:00
4089,0.08974799513816833,0.7662038803100586,0.14404816925525665,1,2025-01-12 06:00:00+00:00
4090,0.08984614163637161,0.7595513463020325,0.1506025791168213,1,2025-01-12 07:00:00+00:00
4091,0.0908500924706459,0.7321529984474182,0.1769968718290329,1,2025-01-12 08:00:00+00:00
4092,0.10645400732755661,0.7211295962333679,0.17241647839546204,1,2025-01-12 10:00:00+00:00
4093,0.08824481815099716,0.7140239477157593,0.19773122668266296,1,2025-01-12 11:00:00+00:00
4094,0.09287375211715698,0.7151638865470886,0.19196240603923798,1,2025-01-12 12:00:00+00:00
4095,0.07404755800962448,0.7711324095726013,0.15482011437416077,1,2025-01-12 13:00:00+00:00
4096,0.08188638836145401,0.752248227596283,0.16586542129516602,1,2025-01-12 14:00:00+00:00
4097,0.11327547580003738,0.7124872207641602,0.17423732578754425,1,2025-01-12 15:00:00+00:00
4098,0.11430498212575912,0.7118050456047058,0.17388993501663208,1,2025-01-12 16:00:00+00:00
4099,0.15004189312458038,0.6526739597320557,0.19728414714336395,1,2025-01-12 18:00:00+00:00
4100,0.11864973604679108,0.7037547826766968,0.17759539186954498,1,2025-01-12 19:00:00+00:00
4101,0.09784900397062302,0.722249448299408,0.17990157008171082,1,2025-01-12 20:00:00+00:00
4102,0.09749434143304825,0.7009891867637634,0.20151643455028534,1,2025-01-12 21:00:00+00:00
4103,0.0720217227935791,0.7520056366920471,0.1759725958108902,1,2025-01-12 22:00:00+00:00
4104,0.07422877103090286,0.6845599412918091,0.241211399435997,1,2025-01-12 23:00:00+00:00
4105,0.1000472754240036,0.5643182396888733,0.33563441038131714,1,2025-01-13 00:00:00+00:00
4106,0.07596539705991745,0.7189372181892395,0.20509734749794006,1,2025-01-13 01:00:00+00:00
4107,0.1127825379371643,0.7092170715332031,0.17800043523311615,1,2025-01-13 02:00:00+00:00
4108,0.1028456762433052,0.6145685911178589,0.2825857400894165,1,2025-01-13 03:00:00+00:00
4109,0.1038634404540062,0.4420021176338196,0.4541343152523041,2,2025-01-13 04:00:00+00:00
4110,0.09048109501600266,0.5106620788574219,0.39885690808296204,1,2025-01-13 05:00:00+00:00
4111,0.08251211792230606,0.6279313564300537,0.28955650329589844,1,2025-01-13 06:00:00+00:00
4112,0.10687197744846344,0.5219237208366394,0.3712042570114136,1,2025-01-13 07:00:00+00:00
4113,0.11036989837884903,0.5050598382949829,0.3845701813697815,1,2025-01-13 09:00:00+00:00
4114,0.09096191823482513,0.5654259920120239,0.34361207485198975,1,2025-01-13 10:00:00+00:00
4115,0.09423626959323883,0.5574067234992981,0.34835702180862427,1,2025-01-13 11:00:00+00:00
4116,0.10285338014364243,0.5367419719696045,0.3604046106338501,1,2025-01-13 13:00:00+00:00
4117,0.09821467846632004,0.5654693841934204,0.3363160192966461,1,2025-01-13 14:00:00+00:00
4118,0.09662280231714249,0.6126298904418945,0.2907472550868988,1,2025-01-13 15:00:00+00:00
4119,0.10227613151073456,0.6245307326316833,0.2731931507587433,1,2025-01-13 16:00:00+00:00
4120,0.09050538390874863,0.6584482789039612,0.2510462701320648,1,2025-01-13 17:00:00+00:00
4121,0.08498691767454147,0.6307896375656128,0.284223347902298,1,2025-01-13 18:00:00+00:00
4122,0.08136297762393951,0.637249767780304,0.2813873291015625,1,2025-01-13 19:00:00+00:00
4123,0.09383296221494675,0.620620608329773,0.2855464220046997,1,2025-01-13 20:00:00+00:00
4124,0.0891527384519577,0.6523321866989136,0.25851500034332275,1,2025-01-13 21:00:00+00:00
4125,0.10329525917768478,0.6666700839996338,0.2300347089767456,1,2025-01-13 22:00:00+00:00
4126,0.14373072981834412,0.6570388078689575,0.19923047721385956,1,2025-01-13 23:00:00+00:00
4127,0.14542295038700104,0.6523348093032837,0.20224228501319885,1,2025-01-14 00:00:00+00:00
4128,0.14287011325359344,0.6289048790931702,0.2282250076532364,1,2025-01-14 01:00:00+00:00
4129,0.1357915848493576,0.6372637152671814,0.226944699883461,1,2025-01-14 02:00:00+00:00
4130,0.13382373750209808,0.6504195332527161,0.21575668454170227,1,2025-01-14 03:00:00+00:00
4131,0.1644097864627838,0.6129825711250305,0.2226075828075409,1,2025-01-14 04:00:00+00:00
4132,0.17595788836479187,0.6472377181053162,0.17680442333221436,1,2025-01-14 05:00:00+00:00
4133,0.18126767873764038,0.6265976428985596,0.1921347677707672,1,2025-01-14 06:00:00+00:00
4134,0.18184299767017365,0.6434659957885742,0.17469102144241333,1,2025-01-14 07:00:00+00:00
4135,0.1943402737379074,0.6201381683349609,0.18552164733409882,1,2025-01-14 08:00:00+00:00
4136,0.17666681110858917,0.6423846483230591,0.18094852566719055,1,2025-01-14 09:00:00+00:00
4137,0.19982732832431793,0.6156507134437561,0.18452201783657074,1,2025-01-14 10:00:00+00:00
4138,0.21883349120616913,0.6009730100631714,0.18019361793994904,1,2025-01-14 11:00:00+00:00
4139,0.2131982147693634,0.6088401079177856,0.1779618114233017,1,2025-01-14 12:00:00+00:00
4140,0.23365944623947144,0.5881271362304688,0.17821340262889862,1,2025-01-14 13:00:00+00:00
4141,0.2277052104473114,0.5757525563240051,0.19654223322868347,1,2025-01-14 14:00:00+00:00
4142,0.22168795764446259,0.5946961045265198,0.18361593782901764,1,2025-01-14 15:00:00+00:00
4143,0.2233593761920929,0.5879350304603577,0.18870563805103302,1,2025-01-14 16:00:00+00:00
4144,0.2127765417098999,0.5884088277816772,0.19881461560726166,1,2025-01-14 17:00:00+00:00
4145,0.24750733375549316,0.5548834800720215,0.19760914146900177,1,2025-01-14 18:00:00+00:00
4146,0.2457893192768097,0.5682641863822937,0.1859465092420578,1,2025-01-14 19:00:00+00:00
4147,0.2502932548522949,0.5601900815963745,0.18951667845249176,1,2025-01-14 20:00:00+00:00
4148,0.2337331920862198,0.5711337327957153,0.19513295590877533,1,2025-01-14 21:00:00+00:00
4149,0.21837292611598969,0.5753156542778015,0.20631150901317596,1,2025-01-14 22:00:00+00:00
4150,0.21403592824935913,0.5781934857368469,0.20777055621147156,1,2025-01-14 23:00:00+00:00
4151,0.2023768573999405,0.5949538350105286,0.20266923308372498,1,2025-01-15 00:00:00+00:00
4152,0.20842674374580383,0.5877483487129211,0.20382486283779144,1,2025-01-15 01:00:00+00:00
4153,0.23188522458076477,0.559086799621582,0.20902800559997559,1,2025-01-15 02:00:00+00:00
4154,0.2061101645231247,0.5915735960006714,0.20231617987155914,1,2025-01-15 03:00:00+00:00
4155,0.1973307728767395,0.5999734401702881,0.20269575715065002,1,2025-01-15 04:00:00+00:00
4156,0.21053679287433624,0.5858758687973022,0.2035873979330063,1,2025-01-15 05:00:00+00:00
4157,0.19441579282283783,0.5968468189239502,0.2087373435497284,1,2025-01-15 06:00:00+00:00
4158,0.19863872230052948,0.6008151769638062,0.20054610073566437,1,2025-01-15 07:00:00+00:00
4159,0.20950789749622345,0.5838409662246704,0.20665109157562256,1,2025-01-15 08:00:00+00:00
4160,0.25067469477653503,0.5486714243888855,0.20065394043922424,1,2025-01-15 09:00:00+00:00
4161,0.24098119139671326,0.5623265504837036,0.19669227302074432,1,2025-01-15 11:00:00+00:00
4162,0.1705859899520874,0.6691473722457886,0.1602666676044464,1,2025-01-15 12:00:00+00:00
4163,0.19508427381515503,0.6160850524902344,0.1888306885957718,1,2025-01-15 13:00:00+00:00
4164,0.18924476206302643,0.6229389309883118,0.1878163069486618,1,2025-01-15 14:00:00+00:00
4165,0.29957497119903564,0.4155280292034149,0.28489696979522705,1,2025-01-15 15:00:00+00:00
4166,0.29509422183036804,0.44392991065979004,0.2609758973121643,1,2025-01-15 16:00:00+00:00
4167,0.2715491056442261,0.4961841106414795,0.2322668880224228,1,2025-01-15 17:00:00+00:00
4168,0.25272873044013977,0.5098930597305298,0.23737825453281403,1,2025-01-15 18:00:00+00:00
4169,0.2290865033864975,0.5410090684890747,0.2299044132232666,1,2025-01-15 19:00:00+00:00
4170,0.24064455926418304,0.5208691954612732,0.23848627507686615,1,2025-01-15 20:00:00+00:00
4171,0.23947274684906006,0.5292620658874512,0.23126523196697235,1,2025-01-15 21:00:00+00:00
4172,0.23255160450935364,0.5266833901405334,0.2407650202512741,1,2025-01-15 22:00:00+00:00
4173,0.21641281247138977,0.5465609431266785,0.23702625930309296,1,2025-01-15 23:00:00+00:00
4174,0.20635676383972168,0.5669244527816772,0.2267187535762787,1,2025-01-16 00:00:00+00:00
4175,0.21655412018299103,0.5506203770637512,0.23282556235790253,1,2025-01-16 01:00:00+00:00
4176,0.2036159336566925,0.5644986629486084,0.23188544809818268,1,2025-01-16 02:00:00+00:00
4177,0.16908405721187592,0.6272538900375366,0.20366209745407104,1,2025-01-16 03:00:00+00:00
4178,0.16370061039924622,0.6396157741546631,0.1966836005449295,1,2025-01-16 04:00:00+00:00
4179,0.1662694364786148,0.6237326264381409,0.20999790728092194,1,2025-01-16 05:00:00+00:00
4180,0.16472503542900085,0.633467972278595,0.201806902885437,1,2025-01-16 06:00:00+00:00
4181,0.16816173493862152,0.6223737001419067,0.20946450531482697,1,2025-01-16 07:00:00+00:00
4182,0.17604413628578186,0.6254813075065613,0.19847451150417328,1,2025-01-16 08:00:00+00:00
4183,0.15515781939029694,0.6483980417251587,0.19644419848918915,1,2025-01-16 09:00:00+00:00
4184,0.16106311976909637,0.6548479199409485,0.18408896028995514,1,2025-01-16 10:00:00+00:00
4185,0.15284119546413422,0.6586443781852722,0.18851445615291595,1,2025-01-16 11:00:00+00:00
4186,0.12782640755176544,0.6869428157806396,0.18523076176643372,1,2025-01-16 12:00:00+00:00
4187,0.16160812973976135,0.6382932662963867,0.20009857416152954,1,2025-01-16 14:00:00+00:00
4188,0.1335536688566208,0.7034235000610352,0.16302287578582764,1,2025-01-16 16:00:00+00:00
4189,0.13836026191711426,0.6904419660568237,0.17119768261909485,1,2025-01-16 17:00:00+00:00
4190,0.13475444912910461,0.6991822123527527,0.16606327891349792,1,2025-01-16 18:00:00+00:00
4191,0.16077646613121033,0.6423192620277405,0.19690436124801636,1,2025-01-16 19:00:00+00:00
4192,0.111078642308712,0.7525129318237305,0.13640840351581573,1,2025-01-16 20:00:00+00:00
4193,0.10802444815635681,0.7587756514549255,0.13319991528987885,1,2025-01-16 21:00:00+00:00
4194,0.11364654451608658,0.7458597421646118,0.14049367606639862,1,2025-01-16 22:00:00+00:00
4195,0.1418563723564148,0.6848645806312561,0.1732790470123291,1,2025-01-16 23:00:00+00:00
4196,0.11442346125841141,0.7451187372207642,0.14045776426792145,1,2025-01-17 00:00:00+00:00
4197,0.09159088879823685,0.7930606603622437,0.11534837633371353,1,2025-01-17 01:00:00+00:00
4198,0.17327912151813507,0.6145383715629578,0.21218259632587433,1,2025-01-17 02:00:00+00:00
4199,0.216355562210083,0.5102179646492004,0.27342653274536133,1,2025-01-17 03:00:00+00:00
4200,0.14248545467853546,0.6806448698043823,0.1768697053194046,1,2025-01-17 04:00:00+00:00
4201,0.12758928537368774,0.7161332368850708,0.15627752244472504,1,2025-01-17 05:00:00+00:00
4202,0.08739548921585083,0.8055258989334106,0.10707860440015793,1,2025-01-17 06:00:00+00:00
4203,0.10906589776277542,0.7567848563194275,0.13414917886257172,1,2025-01-17 07:00:00+00:00
4204,0.10827820003032684,0.7629431486129761,0.1287786215543747,1,2025-01-17 08:00:00+00:00
4205,0.18029479682445526,0.5987470149993896,0.22095806896686554,1,2025-01-17 09:00:00+00:00
4206,0.16943854093551636,0.6262507438659668,0.20431067049503326,1,2025-01-17 10:00:00+00:00
4207,0.1527581363916397,0.662963330745697,0.18427853286266327,1,2025-01-17 11:00:00+00:00
4208,0.15358686447143555,0.6606729030609131,0.18574018776416779,1,2025-01-17 13:00:00+00:00
4209,0.1004440113902092,0.7730301022529602,0.12652581930160522,1,2025-01-17 14:00:00+00:00
4210,0.15603239834308624,0.6481802463531494,0.1957874447107315,1,2025-01-17 15:00:00+00:00
4211,0.19466696679592133,0.5939860939979553,0.21134690940380096,1,2025-01-17 16:00:00+00:00
4212,0.18103931844234467,0.6161431670188904,0.20281755924224854,1,2025-01-17 17:00:00+00:00
4213,0.1916646659374237,0.5927022695541382,0.21563300490379333,1,2025-01-17 18:00:00+00:00
4214,0.1494591236114502,0.6760860085487366,0.17445477843284607,1,2025-01-17 19:00:00+00:00
4215,0.13853542506694794,0.6820734143257141,0.17939114570617676,1,2025-01-17 20:00:00+00:00
4216,0.13728511333465576,0.6966664791107178,0.16604848206043243,1,2025-01-17 21:00:00+00:00
4217,0.19809283316135406,0.5700856447219849,0.23182150721549988,1,2025-01-17 22:00:00+00:00
4218,0.15461580455303192,0.6602212190628052,0.18516294658184052,1,2025-01-17 23:00:00+00:00
4219,0.1686801016330719,0.6250894665718079,0.20623043179512024,1,2025-01-18 00:00:00+00:00
4220,0.17434373497962952,0.6200733184814453,0.2055828869342804,1,2025-01-18 01:00:00+00:00
4221,0.1800358146429062,0.5989736914634705,0.22099049389362335,1,2025-01-18 02:00:00+00:00
4222,0.07544329762458801,0.822454035282135,0.10210271924734116,1,2025-01-18 03:00:00+00:00
4223,0.07927455008029938,0.8163151741027832,0.10441029071807861,1,2025-01-18 04:00:00+00:00
4224,0.14931777119636536,0.5621402859687805,0.28854188323020935,1,2025-01-18 05:00:00+00:00
4225,0.12461497634649277,0.6447542905807495,0.2306308001279831,1,2025-01-18 06:00:00+00:00
4226,0.13547171652317047,0.340198278427124,0.5243300199508667,2,2025-01-18 07:00:00+00:00
4227,0.140832781791687,0.5165718793869019,0.34259533882141113,1,2025-01-18 08:00:00+00:00
4228,0.1250891536474228,0.445460706949234,0.4294501543045044,1,2025-01-18 09:00:00+00:00
4229,0.12444175779819489,0.513372540473938,0.36218568682670593,1,2025-01-18 10:00:00+00:00
4230,0.10792075097560883,0.5049088001251221,0.38717034459114075,1,2025-01-18 11:00:00+00:00
4231,0.10429520905017853,0.5824568271636963,0.31324800848960876,1,2025-01-18 12:00:00+00:00
4232,0.09854257106781006,0.6541723012924194,0.24728511273860931,1,2025-01-18 13:00:00+00:00
4233,0.10107327252626419,0.5985183715820312,0.3004084527492523,1,2025-01-18 15:00:00+00:00
4234,0.10546129941940308,0.631888210773468,0.26265043020248413,1,2025-01-18 16:00:00+00:00
4235,0.12405639886856079,0.6146820783615112,0.2612614929676056,1,2025-01-18 17:00:00+00:00
4236,0.1404399871826172,0.5273353457450867,0.33222460746765137,1,2025-01-18 19:00:00+00:00
4237,0.1264268010854721,0.5916945934295654,0.2818785607814789,1,2025-01-18 20:00:00+00:00
4238,0.11610980331897736,0.6500560641288757,0.2338341474533081,1,2025-01-18 21:00:00+00:00
4239,0.08515197783708572,0.6856421232223511,0.22920586168766022,1,2025-01-18 22:00:00+00:00
4240,0.08808089047670364,0.68775874376297,0.22416038811206818,1,2025-01-18 23:00:00+00:00
4241,0.07060808688402176,0.7395269274711609,0.18986503779888153,1,2025-01-19 00:00:00+00:00
4242,0.10103050619363785,0.691264271736145,0.20770524442195892,1,2025-01-19 01:00:00+00:00
4243,0.10568151623010635,0.6804864406585693,0.21383199095726013,1,2025-01-19 02:00:00+00:00
4244,0.15733447670936584,0.6356393694877625,0.20702619850635529,1,2025-01-19 03:00:00+00:00
4245,0.08600842952728271,0.7714434862136841,0.14254802465438843,1,2025-01-19 04:00:00+00:00
4246,0.11387506872415543,0.6902926564216614,0.1958322525024414,1,2025-01-19 05:00:00+00:00
4247,0.127424955368042,0.6762044429779053,0.19637049734592438,1,2025-01-19 06:00:00+00:00
4248,0.14398419857025146,0.6699996590614319,0.18601614236831665,1,2025-01-19 07:00:00+00:00
4249,0.10821422189474106,0.6938703656196594,0.19791537523269653,1,2025-01-19 08:00:00+00:00
4250,0.1462923288345337,0.5734713077545166,0.28023627400398254,1,2025-01-19 09:00:00+00:00
4251,0.1606089025735855,0.3470097780227661,0.4923813045024872,2,2025-01-19 10:00:00+00:00
4252,0.16061682999134064,0.4309288561344147,0.4084542393684387,1,2025-01-19 11:00:00+00:00
4253,0.14483194053173065,0.40822768211364746,0.4469403028488159,2,2025-01-19 12:00:00+00:00
4254,0.1386505663394928,0.35252389311790466,0.5088256001472473,2,2025-01-19 13:00:00+00:00
4255,0.14937849342823029,0.5358041524887085,0.31481730937957764,1,2025-01-19 15:00:00+00:00
4256,0.1754371076822281,0.6407647728919983,0.18379804491996765,1,2025-01-19 16:00:00+00:00
4257,0.15750397741794586,0.6438835263252258,0.19861239194869995,1,2025-01-19 17:00:00+00:00
4258,0.16759170591831207,0.6347607374191284,0.19764754176139832,1,2025-01-19 18:00:00+00:00
4259,0.16896070539951324,0.6509552001953125,0.18008416891098022,1,2025-01-19 19:00:00+00:00
4260,0.16228748857975006,0.649289071559906,0.18842335045337677,1,2025-01-19 20:00:00+00:00
4261,0.13044124841690063,0.6692700386047363,0.20028869807720184,1,2025-01-19 21:00:00+00:00
4262,0.14196085929870605,0.6616061925888062,0.19643300771713257,1,2025-01-20 00:00:00+00:00
4263,0.1617058515548706,0.44684943556785583,0.39144477248191833,1,2025-01-20 01:00:00+00:00
4264,0.1784226894378662,0.36666572093963623,0.45491158962249756,2,2025-01-20 02:00:00+00:00
4265,0.16085779666900635,0.4223397970199585,0.41680243611335754,1,2025-01-20 03:00:00+00:00
4266,0.13475997745990753,0.5138236284255981,0.3514164090156555,1,2025-01-20 05:00:00+00:00
4267,0.10752218216657639,0.5976485013961792,0.29482921957969666,1,2025-01-20 06:00:00+00:00
4268,0.1213214173913002,0.6160617470741272,0.262616902589798,1,2025-01-20 07:00:00+00:00
4269,0.16775618493556976,0.6778553128242493,0.15438848733901978,1,2025-01-20 08:00:00+00:00
4270,0.18500012159347534,0.6777408123016357,0.13725902140140533,1,2025-01-20 09:00:00+00:00
4271,0.18003468215465546,0.6732714176177979,0.14669384062290192,1,2025-01-20 10:00:00+00:00
4272,0.16461403667926788,0.6611408591270447,0.17424511909484863,1,2025-01-20 11:00:00+00:00
4273,0.15634721517562866,0.6605422496795654,0.1831105500459671,1,2025-01-20 12:00:00+00:00
4274,0.16787298023700714,0.6644368767738342,0.16769012808799744,1,2025-01-20 13:00:00+00:00
4275,0.17021626234054565,0.6433796286582947,0.18640412390232086,1,2025-01-20 14:00:00+00:00
4276,0.1558770388364792,0.6514039039611816,0.1927189975976944,1,2025-01-20 15:00:00+00:00
4277,0.15273869037628174,0.6545625329017639,0.19269873201847076,1,2025-01-20 16:00:00+00:00
4278,0.1556452065706253,0.6626232862472534,0.1817314475774765,1,2025-01-20 17:00:00+00:00
4279,0.1552867442369461,0.6591138243675232,0.18559938669204712,1,2025-01-20 18:00:00+00:00
4280,0.15773312747478485,0.6621856093406677,0.18008124828338623,1,2025-01-20 19:00:00+00:00
4281,0.14527791738510132,0.652033269405365,0.2026888132095337,1,2025-01-20 20:00:00+00:00
4282,0.1317121833562851,0.6539921164512634,0.21429575979709625,1,2025-01-20 21:00:00+00:00
4283,0.11861531436443329,0.652935802936554,0.22844885289669037,1,2025-01-20 22:00:00+00:00
4284,0.17365434765815735,0.6153508424758911,0.21099482476711273,1,2025-01-21 00:00:00+00:00
4285,0.16271594166755676,0.6053093075752258,0.23197469115257263,1,2025-01-21 02:00:00+00:00
4286,0.1645597666501999,0.5473781824111938,0.28806206583976746,1,2025-01-21 03:00:00+00:00
4287,0.16644302010536194,0.528193473815918,0.3053634762763977,1,2025-01-21 04:00:00+00:00
4288,0.15685424208641052,0.49239596724510193,0.3507497310638428,1,2025-01-21 05:00:00+00:00
4289,0.1534382402896881,0.5384594798088074,0.3081022799015045,1,2025-01-21 06:00:00+00:00
4290,0.1457025557756424,0.4977553188800812,0.35654205083847046,1,2025-01-21 07:00:00+00:00
4291,0.10405433177947998,0.5979692339897156,0.29797640442848206,1,2025-01-21 08:00:00+00:00
4292,0.09400235861539841,0.6404910087585449,0.26550665497779846,1,2025-01-21 09:00:00+00:00
4293,0.09781425446271896,0.6301499009132385,0.2720358669757843,1,2025-01-21 10:00:00+00:00
4294,0.1023167222738266,0.6500341892242432,0.24764911830425262,1,2025-01-21 11:00:00+00:00
4295,0.1298716813325882,0.6527724862098694,0.2173558473587036,1,2025-01-21 12:00:00+00:00
4296,0.13393497467041016,0.6586245894432068,0.2074403613805771,1,2025-01-21 13:00:00+00:00
4297,0.15627296268939972,0.6524809002876282,0.19124607741832733,1,2025-01-21 14:00:00+00:00
4298,0.13682107627391815,0.6551969647407532,0.20798195898532867,1,2025-01-21 15:00:00+00:00
4299,0.12401032447814941,0.6620028614997864,0.2139868140220642,1,2025-01-21 16:00:00+00:00
4300,0.15306054055690765,0.6682562828063965,0.1786831021308899,1,2025-01-21 17:00:00+00:00
4301,0.15094219148159027,0.6515651345252991,0.19749274849891663,1,2025-01-21 18:00:00+00:00
4302,0.2121831178665161,0.5844263434410095,0.20339058339595795,1,2025-01-21 19:00:00+00:00
4303,0.20024602115154266,0.5837116837501526,0.21604223549365997,1,2025-01-21 20:00:00+00:00
4304,0.18236616253852844,0.6174077987670898,0.20022602379322052,1,2025-01-21 22:00:00+00:00
4305,0.1807492971420288,0.6227689385414124,0.19648173451423645,1,2025-01-21 23:00:00+00:00
4306,0.1643640398979187,0.6393126249313354,0.1963232308626175,1,2025-01-22 00:00:00+00:00
4307,0.16165867447853088,0.6588358879089355,0.17950546741485596,1,2025-01-22 01:00:00+00:00
4308,0.1938641220331192,0.6167855262756348,0.18935027718544006,1,2025-01-22 02:00:00+00:00
4309,0.1547168642282486,0.6578943729400635,0.1873888373374939,1,2025-01-22 03:00:00+00:00
4310,0.14472992718219757,0.6734588146209717,0.18181121349334717,1,2025-01-22 04:00:00+00:00
4311,0.1550043672323227,0.662656843662262,0.18233883380889893,1,2025-01-22 05:00:00+00:00
4312,0.1496775597333908,0.6682283878326416,0.18209399282932281,1,2025-01-22 06:00:00+00:00
4313,0.1570688933134079,0.6769093871116638,0.16602173447608948,1,2025-01-22 07:00:00+00:00
4314,0.16727125644683838,0.6354942321777344,0.19723443686962128,1,2025-01-22 08:00:00+00:00
4315,0.16730475425720215,0.6243224143981934,0.20837286114692688,1,2025-01-22 09:00:00+00:00
4316,0.16769343614578247,0.6453586220741272,0.18694789707660675,1,2025-01-22 10:00:00+00:00
4317,0.15059542655944824,0.6365748643875122,0.21282964944839478,1,2025-01-22 11:00:00+00:00
4318,0.1265004575252533,0.7035885453224182,0.1699109822511673,1,2025-01-22 12:00:00+00:00
4319,0.15653957426548004,0.6678835153579712,0.17557686567306519,1,2025-01-22 13:00:00+00:00
4320,0.1497347056865692,0.677646815776825,0.17261837422847748,1,2025-01-22 14:00:00+00:00
4321,0.12809744477272034,0.6712378859519958,0.2006647139787674,1,2025-01-22 15:00:00+00:00
4322,0.1710929274559021,0.6406389474868774,0.18826813995838165,1,2025-01-22 16:00:00+00:00
4323,0.15021735429763794,0.6479419469833374,0.20184069871902466,1,2025-01-22 17:00:00+00:00
4324,0.14649885892868042,0.6496704816818237,0.20383062958717346,1,2025-01-22 18:00:00+00:00
4325,0.16992005705833435,0.6294655203819275,0.20061446726322174,1,2025-01-22 19:00:00+00:00
4326,0.1352270543575287,0.5619535446166992,0.3028194308280945,1,2025-01-22 20:00:00+00:00
4327,0.1628260761499405,0.6580427885055542,0.17913106083869934,1,2025-01-22 21:00:00+00:00
4328,0.12853576242923737,0.6815228462219238,0.18994136154651642,1,2025-01-22 22:00:00+00:00
4329,0.1483852118253708,0.6715064644813538,0.18010830879211426,1,2025-01-22 23:00:00+00:00
4330,0.14575450122356415,0.6238091588020325,0.23043639957904816,1,2025-01-23 00:00:00+00:00
4331,0.14710697531700134,0.6232084035873413,0.2296847254037857,1,2025-01-23 01:00:00+00:00
4332,0.1513718068599701,0.5034477710723877,0.3451804220676422,1,2025-01-23 03:00:00+00:00
4333,0.1380467265844345,0.37724077701568604,0.4847125709056854,2,2025-01-23 04:00:00+00:00
4334,0.11513728648424149,0.5081976056098938,0.37666499614715576,1,2025-01-23 05:00:00+00:00
4335,0.12041408568620682,0.41833487153053284,0.46125108003616333,2,2025-01-23 06:00:00+00:00
4336,0.11412359029054642,0.5235139727592468,0.36236241459846497,1,2025-01-23 07:00:00+00:00
4337,0.10594570636749268,0.5133906602859497,0.3806637227535248,1,2025-01-23 08:00:00+00:00
4338,0.10505484789609909,0.6034843921661377,0.291460782289505,1,2025-01-23 09:00:00+00:00
4339,0.10448075085878372,0.5286874771118164,0.36683183908462524,1,2025-01-23 10:00:00+00:00
4340,0.09451529383659363,0.5794381499290466,0.32604658603668213,1,2025-01-23 11:00:00+00:00
4341,0.07846012711524963,0.6413036584854126,0.28023621439933777,1,2025-01-23 12:00:00+00:00
4342,0.05735449865460396,0.7379860877990723,0.20465940237045288,1,2025-01-23 13:00:00+00:00
4343,0.06875108182430267,0.6824281215667725,0.2488207370042801,1,2025-01-23 14:00:00+00:00
4344,0.10484830290079117,0.6651638746261597,0.22998782992362976,1,2025-01-23 16:00:00+00:00
4345,0.14612162113189697,0.6805967688560486,0.17328159511089325,1,2025-01-23 17:00:00+00:00
4346,0.13760988414287567,0.684909999370575,0.17748013138771057,1,2025-01-23 18:00:00+00:00
4347,0.12162744253873825,0.681362509727478,0.19700993597507477,1,2025-01-23 19:00:00+00:00
4348,0.12229403853416443,0.654503583908081,0.22320234775543213,1,2025-01-23 20:00:00+00:00
4349,0.10901147872209549,0.6077720522880554,0.28321656584739685,1,2025-01-23 21:00:00+00:00
4350,0.12906420230865479,0.6547268629074097,0.21620900928974152,1,2025-01-23 22:00:00+00:00
4351,0.10120122879743576,0.6306664347648621,0.2681322693824768,1,2025-01-23 23:00:00+00:00
4352,0.1364770382642746,0.6811344623565674,0.1823885291814804,1,2025-01-24 00:00:00+00:00
4353,0.14051447808742523,0.6789547801017761,0.18053077161312103,1,2025-01-24 01:00:00+00:00
4354,0.1270003616809845,0.5947301387786865,0.2782694697380066,1,2025-01-24 02:00:00+00:00
4355,0.14793851971626282,0.5817753672599792,0.27028611302375793,1,2025-01-24 03:00:00+00:00
4356,0.14208783209323883,0.5106240510940552,0.3472881615161896,1,2025-01-24 04:00:00+00:00
4357,0.1621440201997757,0.6580314636230469,0.17982451617717743,1,2025-01-24 05:00:00+00:00
4358,0.15342900156974792,0.7154718041419983,0.1310991644859314,1,2025-01-24 06:00:00+00:00
4359,0.17758551239967346,0.6651082038879395,0.15730631351470947,1,2025-01-24 07:00:00+00:00
4360,0.1555309295654297,0.7213510870933533,0.12311791628599167,1,2025-01-24 09:00:00+00:00
4361,0.15605925023555756,0.7272385954856873,0.11670216917991638,1,2025-01-24 10:00:00+00:00
4362,0.1630767434835434,0.7184184193611145,0.11850493401288986,1,2025-01-24 11:00:00+00:00
4363,0.16414642333984375,0.7119174003601074,0.12393620610237122,1,2025-01-24 12:00:00+00:00
4364,0.16422903537750244,0.701901912689209,0.1338690221309662,1,2025-01-24 14:00:00+00:00
4365,0.1677415519952774,0.6939387917518616,0.13831967115402222,1,2025-01-24 15:00:00+00:00
4366,0.16497546434402466,0.6921480894088745,0.14287637174129486,1,2025-01-24 16:00:00+00:00
4367,0.1633690893650055,0.6873126029968262,0.14931821823120117,1,2025-01-24 17:00:00+00:00
4368,0.15933920443058014,0.6804074645042419,0.16025327146053314,1,2025-01-24 18:00:00+00:00
4369,0.16731347143650055,0.6619275212287903,0.17075897753238678,1,2025-01-24 19:00:00+00:00
4370,0.17944824695587158,0.6553024649620056,0.16524924337863922,1,2025-01-24 20:00:00+00:00
4371,0.1724017858505249,0.6526880264282227,0.17491020262241364,1,2025-01-24 21:00:00+00:00
4372,0.15461140871047974,0.6587894558906555,0.18659913539886475,1,2025-01-24 22:00:00+00:00
4373,0.16246937215328217,0.6317058801651001,0.2058248370885849,1,2025-01-24 23:00:00+00:00
4374,0.13067522644996643,0.6636143922805786,0.2057102769613266,1,2025-01-25 00:00:00+00:00
4375,0.13514351844787598,0.6551681160926819,0.20968836545944214,1,2025-01-25 01:00:00+00:00
4376,0.15329451858997345,0.5597180128097534,0.2869875133037567,1,2025-01-25 02:00:00+00:00
4377,0.16386602818965912,0.6209180355072021,0.21521589159965515,1,2025-01-25 03:00:00+00:00
4378,0.15875588357448578,0.6168959736824036,0.22434809803962708,1,2025-01-25 04:00:00+00:00
4379,0.1590358465909958,0.6534165143966675,0.18754759430885315,1,2025-01-25 05:00:00+00:00
4380,0.12563759088516235,0.659747302532196,0.21461518108844757,1,2025-01-25 06:00:00+00:00
4381,0.10250731557607651,0.6853457093238831,0.2121470421552658,1,2025-01-25 07:00:00+00:00
4382,0.11336629837751389,0.6388745903968811,0.2477591335773468,1,2025-01-25 08:00:00+00:00
4383,0.10261453688144684,0.6498979926109314,0.24748745560646057,1,2025-01-25 09:00:00+00:00
4384,0.09855911880731583,0.6708795428276062,0.23056134581565857,1,2025-01-25 10:00:00+00:00
4385,0.09593106806278229,0.6598039865493774,0.24426494538784027,1,2025-01-25 11:00:00+00:00
4386,0.10378938168287277,0.6634438633918762,0.23276665806770325,1,2025-01-25 12:00:00+00:00
4387,0.10823781788349152,0.6856659054756165,0.20609630644321442,1,2025-01-25 13:00:00+00:00
4388,0.11241365969181061,0.6915369629859924,0.19604937732219696,1,2025-01-25 14:00:00+00:00
4389,0.1266578882932663,0.6854680776596069,0.18787403404712677,1,2025-01-25 15:00:00+00:00
4390,0.12218540161848068,0.6872570514678955,0.19055747985839844,1,2025-01-25 16:00:00+00:00
4391,0.1842382401227951,0.6307721734046936,0.18498960137367249,1,2025-01-25 17:00:00+00:00
4392,0.191926971077919,0.6111484169960022,0.19692456722259521,1,2025-01-25 18:00:00+00:00
4393,0.1935357004404068,0.5843731760978699,0.22209109365940094,1,2025-01-25 19:00:00+00:00
4394,0.19246865808963776,0.581913411617279,0.22561796009540558,1,2025-01-25 21:00:00+00:00
4395,0.20578289031982422,0.603505551815033,0.19071148335933685,1,2025-01-25 22:00:00+00:00
4396,0.19929973781108856,0.6053317189216614,0.19536849856376648,1,2025-01-25 23:00:00+00:00
4397,0.20025525987148285,0.6150315999984741,0.18471309542655945,1,2025-01-26 00:00:00+00:00
4398,0.18450722098350525,0.6303722858428955,0.18512055277824402,1,2025-01-26 01:00:00+00:00
4399,0.211195170879364,0.6023316979408264,0.18647319078445435,1,2025-01-26 02:00:00+00:00
4400,0.2112780660390854,0.6005103588104248,0.18821163475513458,1,2025-01-26 03:00:00+00:00
4401,0.19205844402313232,0.6247511506080627,0.18319036066532135,1,2025-01-26 04:00:00+00:00
4402,0.18815381824970245,0.6254502534866333,0.18639595806598663,1,2025-01-26 05:00:00+00:00
4403,0.20675216615200043,0.6156638860702515,0.17758400738239288,1,2025-01-26 06:00:00+00:00
4404,0.18024742603302002,0.6506708264350891,0.16908171772956848,1,2025-01-26 07:00:00+00:00
4405,0.1959511935710907,0.6477394104003906,0.15630929172039032,1,2025-01-26 08:00:00+00:00
4406,0.18186916410923004,0.6528372168540955,0.16529370844364166,1,2025-01-26 09:00:00+00:00
4407,0.17180001735687256,0.6607482433319092,0.1674516797065735,1,2025-01-26 11:00:00+00:00
4408,0.1761857122182846,0.6454077959060669,0.1784064918756485,1,2025-01-26 12:00:00+00:00
4409,0.18277931213378906,0.6270537972450256,0.1901668757200241,1,2025-01-26 13:00:00+00:00
4410,0.18753506243228912,0.6287210583686829,0.1837439239025116,1,2025-01-26 14:00:00+00:00
4411,0.19505144655704498,0.6203861236572266,0.1845625340938568,1,2025-01-26 15:00:00+00:00
4412,0.17561376094818115,0.645914614200592,0.1784716248512268,1,2025-01-26 16:00:00+00:00
4413,0.1546190083026886,0.6785179376602173,0.16686299443244934,1,2025-01-26 17:00:00+00:00
4414,0.15657447278499603,0.6712929010391235,0.17213265597820282,1,2025-01-26 18:00:00+00:00
4415,0.19585782289505005,0.5985761880874634,0.20556606352329254,1,2025-01-26 19:00:00+00:00
4416,0.17518027126789093,0.6459905505180359,0.17882905900478363,1,2025-01-26 20:00:00+00:00
4417,0.14862655103206635,0.6871131062507629,0.16426028311252594,1,2025-01-26 21:00:00+00:00
4418,0.1359340399503708,0.6986452341079712,0.1654207408428192,1,2025-01-26 22:00:00+00:00
4419,0.12685731053352356,0.6419909596443176,0.23115167021751404,1,2025-01-26 23:00:00+00:00
4420,0.14651767909526825,0.5937795042991638,0.25970277190208435,1,2025-01-27 00:00:00+00:00
4421,0.13974396884441376,0.3362891376018524,0.523966908454895,2,2025-01-27 01:00:00+00:00
4422,0.1425594687461853,0.3613971769809723,0.4960433840751648,2,2025-01-27 02:00:00+00:00
4423,0.13002431392669678,0.43434998393058777,0.4356256425380707,2,2025-01-27 03:00:00+00:00
4424,0.1331758350133896,0.46341681480407715,0.40340739488601685,1,2025-01-27 04:00:00+00:00
4425,0.09217017143964767,0.6012997627258301,0.30653008818626404,1,2025-01-27 05:00:00+00:00
4426,0.08878418058156967,0.5802856087684631,0.330930233001709,1,2025-01-27 07:00:00+00:00
4427,0.10758507251739502,0.5246943235397339,0.3677206337451935,1,2025-01-27 08:00:00+00:00
4428,0.15636001527309418,0.49100664258003235,0.35263338685035706,1,2025-01-27 09:00:00+00:00
4429,0.10843226313591003,0.5437225699424744,0.3478452265262604,1,2025-01-27 10:00:00+00:00
4430,0.07231392711400986,0.6450987458229065,0.28258731961250305,1,2025-01-27 11:00:00+00:00
4431,0.09219755977392197,0.5915349125862122,0.3162674307823181,1,2025-01-27 12:00:00+00:00
4432,0.07276122272014618,0.648905336856842,0.2783333957195282,1,2025-01-27 13:00:00+00:00
4433,0.12844611704349518,0.5894370675086975,0.2821168899536133,1,2025-01-27 14:00:00+00:00
4434,0.1346278339624405,0.5759603381156921,0.2894117832183838,1,2025-01-27 16:00:00+00:00
4435,0.11566473543643951,0.618372917175293,0.2659623920917511,1,2025-01-27 18:00:00+00:00
4436,0.1280301958322525,0.5922179818153381,0.27975186705589294,1,2025-01-27 19:00:00+00:00
4437,0.12300095707178116,0.5961115956306458,0.28088751435279846,1,2025-01-27 20:00:00+00:00
4438,0.1379959136247635,0.5795648694038391,0.2824391722679138,1,2025-01-27 22:00:00+00:00
4439,0.13064315915107727,0.65169358253479,0.21766319870948792,1,2025-01-27 23:00:00+00:00
4440,0.11242318898439407,0.6573178768157959,0.23025892674922943,1,2025-01-28 00:00:00+00:00
4441,0.14638110995292664,0.6906538605690002,0.16296495497226715,1,2025-01-28 01:00:00+00:00
4442,0.1373395323753357,0.6574774384498596,0.20518307387828827,1,2025-01-28 02:00:00+00:00
4443,0.11101612448692322,0.6655563712120056,0.22342754900455475,1,2025-01-28 03:00:00+00:00
4444,0.11839562654495239,0.6703797578811646,0.21122466027736664,1,2025-01-28 04:00:00+00:00
4445,0.12335462868213654,0.6748872995376587,0.20175796747207642,1,2025-01-28 05:00:00+00:00
4446,0.1275142878293991,0.6880490183830261,0.18443669378757477,1,2025-01-28 06:00:00+00:00
4447,0.127783864736557,0.6965216398239136,0.17569459974765778,1,2025-01-28 07:00:00+00:00
4448,0.1410454362630844,0.6741885542869568,0.18476605415344238,1,2025-01-28 08:00:00+00:00
4449,0.1570374220609665,0.6727500557899475,0.1702125519514084,1,2025-01-28 09:00:00+00:00
4450,0.15517012774944305,0.6875251531600952,0.15730470418930054,1,2025-01-28 10:00:00+00:00
4451,0.14822779595851898,0.6851964592933655,0.1665758192539215,1,2025-01-28 11:00:00+00:00
4452,0.15795017778873444,0.6576153635978699,0.18443448841571808,1,2025-01-28 12:00:00+00:00
4453,0.15513493120670319,0.6607921719551086,0.18407301604747772,1,2025-01-28 14:00:00+00:00
4454,0.15490759909152985,0.647783100605011,0.19730927050113678,1,2025-01-28 16:00:00+00:00
4455,0.15803514420986176,0.6396529674530029,0.2023119032382965,1,2025-01-28 18:00:00+00:00
4456,0.1692313402891159,0.5844778418540955,0.24629080295562744,1,2025-01-28 21:00:00+00:00
4457,0.13714465498924255,0.3125479817390442,0.5503073930740356,2,2025-01-28 22:00:00+00:00
4458,0.14429090917110443,0.3101498782634735,0.5455592274665833,2,2025-01-28 23:00:00+00:00
4459,0.13856570422649384,0.41796544194221497,0.44346883893013,2,2025-01-29 00:00:00+00:00
4460,0.12104741483926773,0.461770623922348,0.41718196868896484,1,2025-01-29 01:00:00+00:00
4461,0.134616419672966,0.4844231605529785,0.3809603154659271,1,2025-01-29 02:00:00+00:00
4462,0.09551472216844559,0.6034334301948547,0.3010517954826355,1,2025-01-29 03:00:00+00:00
4463,0.09764919430017471,0.6114211678504944,0.2909296751022339,1,2025-01-29 04:00:00+00:00
4464,0.09386175125837326,0.6639960408210754,0.24214224517345428,1,2025-01-29 05:00:00+00:00
4465,0.07056756317615509,0.7436745166778564,0.18575792014598846,1,2025-01-29 06:00:00+00:00
4466,0.111294686794281,0.6591703295707703,0.22953501343727112,1,2025-01-29 07:00:00+00:00
4467,0.1490679234266281,0.6698195338249207,0.18111246824264526,1,2025-01-29 08:00:00+00:00
4468,0.0816788598895073,0.753459095954895,0.16486209630966187,1,2025-01-29 09:00:00+00:00
4469,0.11745927482843399,0.6786496043205261,0.20389114320278168,1,2025-01-29 10:00:00+00:00
4470,0.11424148827791214,0.6758498549461365,0.20990872383117676,1,2025-01-29 11:00:00+00:00
4471,0.11846940964460373,0.6738587617874146,0.20767180621623993,1,2025-01-29 12:00:00+00:00
4472,0.11402671784162521,0.6848923563957214,0.20108091831207275,1,2025-01-29 13:00:00+00:00
4473,0.1594531387090683,0.682913601398468,0.1576332449913025,1,2025-01-29 14:00:00+00:00
4474,0.16209976375102997,0.6299840211868286,0.20791617035865784,1,2025-01-29 15:00:00+00:00
4475,0.14556071162223816,0.6561384797096252,0.19830076396465302,1,2025-01-29 16:00:00+00:00
4476,0.1255692094564438,0.6625794768333435,0.21185140311717987,1,2025-01-29 17:00:00+00:00
4477,0.12799276411533356,0.6520401835441589,0.2199670970439911,1,2025-01-29 18:00:00+00:00
4478,0.15010538697242737,0.6591115593910217,0.19078300893306732,1,2025-01-29 20:00:00+00:00
4479,0.1706165373325348,0.6692063212394714,0.16017703711986542,1,2025-01-29 21:00:00+00:00
4480,0.20506013929843903,0.6283529996871948,0.16658689081668854,1,2025-01-29 22:00:00+00:00
4481,0.23559819161891937,0.588853657245636,0.17554815113544464,1,2025-01-29 23:00:00+00:00
4482,0.21118350327014923,0.5836322903633118,0.20518434047698975,1,2025-01-30 00:00:00+00:00
4483,0.20196281373500824,0.57936030626297,0.21867682039737701,1,2025-01-30 01:00:00+00:00
4484,0.22224797308444977,0.5498277544975281,0.2279241681098938,1,2025-01-30 02:00:00+00:00
4485,0.22519876062870026,0.5750588178634644,0.19974246621131897,1,2025-01-30 03:00:00+00:00
4486,0.19973108172416687,0.6113620400428772,0.18890687823295593,1,2025-01-30 04:00:00+00:00
4487,0.2247103452682495,0.5482814311981201,0.22700820863246918,1,2025-01-30 05:00:00+00:00
4488,0.2130299210548401,0.562128484249115,0.22484149038791656,1,2025-01-30 06:00:00+00:00
4489,0.1932881623506546,0.6069130301475525,0.19979877769947052,1,2025-01-30 07:00:00+00:00
4490,0.17702321708202362,0.6212561130523682,0.20172059535980225,1,2025-01-30 08:00:00+00:00
4491,0.1377912312746048,0.6813246607780457,0.18088415265083313,1,2025-01-30 09:00:00+00:00
4492,0.1649986207485199,0.6482609510421753,0.18674039840698242,1,2025-01-30 10:00:00+00:00
4493,0.19801954925060272,0.6043671369552612,0.19761323928833008,1,2025-01-30 11:00:00+00:00
4494,0.16520293056964874,0.6376631259918213,0.19713394343852997,1,2025-01-30 12:00:00+00:00
4495,0.15997031331062317,0.6497543454170227,0.19027528166770935,1,2025-01-30 13:00:00+00:00
4496,0.17345379292964935,0.6349644660949707,0.1915818303823471,1,2025-01-30 15:00:00+00:00
4497,0.24355588853359222,0.5655656456947327,0.1908784955739975,1,2025-01-30 16:00:00+00:00
4498,0.22424262762069702,0.6052684187889099,0.17048893868923187,1,2025-01-30 17:00:00+00:00
4499,0.263727068901062,0.5098821520805359,0.2263907492160797,1,2025-01-30 18:00:00+00:00
4500,0.25155606865882874,0.5234555602073669,0.22498829662799835,1,2025-01-30 19:00:00+00:00
4501,0.23136447370052338,0.5486046075820923,0.22003096342086792,1,2025-01-30 20:00:00+00:00
4502,0.2387504279613495,0.5259108543395996,0.23533862829208374,1,2025-01-30 22:00:00+00:00
4503,0.19317953288555145,0.6037251353263855,0.20309530198574066,1,2025-01-30 23:00:00+00:00
4504,0.20229357481002808,0.5910674333572388,0.20663902163505554,1,2025-01-31 00:00:00+00:00
4505,0.1737232655286789,0.6354568004608154,0.19081994891166687,1,2025-01-31 01:00:00+00:00
4506,0.22426563501358032,0.5260850787162781,0.24964933097362518,1,2025-01-31 02:00:00+00:00
4507,0.1855188012123108,0.6087458729743958,0.20573540031909943,1,2025-01-31 03:00:00+00:00
4508,0.1396910399198532,0.6793127059936523,0.1809963583946228,1,2025-01-31 04:00:00+00:00
4509,0.11997237801551819,0.6903558969497681,0.18967165052890778,1,2025-01-31 05:00:00+00:00
4510,0.09740915149450302,0.6925003528594971,0.2100905179977417,1,2025-01-31 06:00:00+00:00
4511,0.12333747744560242,0.7165741324424744,0.16008839011192322,1,2025-01-31 07:00:00+00:00
4512,0.2036878764629364,0.5533281564712524,0.24298392236232758,1,2025-01-31 08:00:00+00:00
4513,0.17220444977283478,0.6607988476753235,0.16699674725532532,1,2025-01-31 09:00:00+00:00
4514,0.14108701050281525,0.7052472829818726,0.15366579592227936,1,2025-01-31 10:00:00+00:00
4515,0.15378296375274658,0.7029492259025574,0.14326781034469604,1,2025-01-31 11:00:00+00:00
4516,0.14231212437152863,0.7200108766555786,0.13767705857753754,1,2025-01-31 12:00:00+00:00
4517,0.21101245284080505,0.565766453742981,0.22322097420692444,1,2025-01-31 13:00:00+00:00
4518,0.2088928371667862,0.5702298283576965,0.2208772599697113,1,2025-01-31 14:00:00+00:00
4519,0.2133331149816513,0.552493155002594,0.2341737151145935,1,2025-01-31 15:00:00+00:00
4520,0.20401224493980408,0.5670599937438965,0.2289278507232666,1,2025-01-31 17:00:00+00:00
4521,0.20934008061885834,0.5377256870269775,0.25293418765068054,1,2025-01-31 18:00:00+00:00
4522,0.19024749100208282,0.5747386813163757,0.23501382768154144,1,2025-01-31 19:00:00+00:00
4523,0.1145697832107544,0.7525691390037537,0.13286107778549194,1,2025-01-31 20:00:00+00:00
4524,0.11837360262870789,0.7267910242080688,0.1548352688550949,1,2025-01-31 21:00:00+00:00
4525,0.11983459442853928,0.7022205591201782,0.17794473469257355,1,2025-01-31 22:00:00+00:00
4526,0.11136733740568161,0.6939252614974976,0.19470734894275665,1,2025-01-31 23:00:00+00:00
4527,0.1103368028998375,0.6942179203033447,0.195445254445076,1,2025-02-01 00:00:00+00:00
4528,0.11729420721530914,0.6797690391540527,0.20293670892715454,1,2025-02-01 01:00:00+00:00
4529,0.1211308017373085,0.6988677382469177,0.18000145256519318,1,2025-02-01 02:00:00+00:00
4530,0.10747230052947998,0.7002974152565002,0.19223026931285858,1,2025-02-01 03:00:00+00:00
4531,0.0860845223069191,0.7459734678268433,0.16794204711914062,1,2025-02-01 04:00:00+00:00
4532,0.09102323651313782,0.7023531794548035,0.20662358403205872,1,2025-02-01 05:00:00+00:00
4533,0.09206713736057281,0.6924010515213013,0.2155318260192871,1,2025-02-01 06:00:00+00:00
4534,0.12245010584592819,0.7123034596443176,0.16524648666381836,1,2025-02-01 07:00:00+00:00
4535,0.07982141524553299,0.8153555989265442,0.10482300817966461,1,2025-02-01 08:00:00+00:00
4536,0.07886379212141037,0.7791334390640259,0.14200280606746674,1,2025-02-01 09:00:00+00:00
4537,0.07459557056427002,0.7485663294792175,0.17683809995651245,1,2025-02-01 10:00:00+00:00
4538,0.08414929360151291,0.6607075929641724,0.2551431357860565,1,2025-02-01 11:00:00+00:00
4539,0.09130531549453735,0.7022668123245239,0.20642788708209991,1,2025-02-01 12:00:00+00:00
4540,0.08533412963151932,0.7425081133842468,0.17215779423713684,1,2025-02-01 13:00:00+00:00
4541,0.07998063415288925,0.746095597743988,0.17392370104789734,1,2025-02-01 14:00:00+00:00
4542,0.0920967310667038,0.6808034181594849,0.22709982097148895,1,2025-02-01 15:00:00+00:00
4543,0.09357857704162598,0.6890172362327576,0.21740415692329407,1,2025-02-01 16:00:00+00:00
4544,0.07930738478899002,0.7121078372001648,0.2085847407579422,1,2025-02-01 17:00:00+00:00
4545,0.0906529501080513,0.6560001373291016,0.25334683060646057,1,2025-02-01 18:00:00+00:00
4546,0.06677184998989105,0.7580528259277344,0.17517532408237457,1,2025-02-01 19:00:00+00:00
4547,0.08555524796247482,0.6661205291748047,0.24832415580749512,1,2025-02-01 20:00:00+00:00
4548,0.08993148803710938,0.5971158742904663,0.3129526674747467,1,2025-02-01 21:00:00+00:00
4549,0.10860666632652283,0.6074948906898499,0.28389838337898254,1,2025-02-01 22:00:00+00:00
4550,0.08192523568868637,0.7039628028869629,0.21411199867725372,1,2025-02-01 23:00:00+00:00
4551,0.09293695539236069,0.6517200469970703,0.2553430497646332,1,2025-02-02 00:00:00+00:00
4552,0.10331165045499802,0.6349805593490601,0.26170772314071655,1,2025-02-02 01:00:00+00:00
4553,0.0908512994647026,0.6822131872177124,0.2269354611635208,1,2025-02-02 02:00:00+00:00
4554,0.09219955652952194,0.7169827222824097,0.1908176690340042,1,2025-02-02 03:00:00+00:00
4555,0.12211205810308456,0.6544901132583618,0.22339773178100586,1,2025-02-02 04:00:00+00:00
4556,0.15904943645000458,0.5409587025642395,0.2999919056892395,1,2025-02-02 05:00:00+00:00
4557,0.13311989605426788,0.5826036334037781,0.28427642583847046,1,2025-02-02 06:00:00+00:00
4558,0.08275254815816879,0.6612302660942078,0.25601711869239807,1,2025-02-02 07:00:00+00:00
4559,0.09429191797971725,0.7049187421798706,0.20078931748867035,1,2025-02-02 08:00:00+00:00
4560,0.08660754561424255,0.681205689907074,0.2321867197751999,1,2025-02-02 09:00:00+00:00
4561,0.06827780604362488,0.7242884039878845,0.20743383467197418,1,2025-02-02 10:00:00+00:00
4562,0.06799577921628952,0.7288029789924622,0.20320133864879608,1,2025-02-02 11:00:00+00:00
4563,0.089908666908741,0.7056081891059875,0.20448316633701324,1,2025-02-02 12:00:00+00:00
4564,0.090519018471241,0.6285566687583923,0.2809242904186249,1,2025-02-02 13:00:00+00:00
4565,0.0828879177570343,0.6403442025184631,0.2767678499221802,1,2025-02-02 14:00:00+00:00
4566,0.08791261166334152,0.728343665599823,0.18374362587928772,1,2025-02-02 15:00:00+00:00
4567,0.08780267089605331,0.7325498461723328,0.17964743077754974,1,2025-02-02 16:00:00+00:00
4568,0.0796356275677681,0.7106249928474426,0.20973938703536987,1,2025-02-02 20:00:00+00:00
4569,0.15685483813285828,0.5901023745536804,0.2530427873134613,1,2025-02-02 21:00:00+00:00
4570,0.14787952601909637,0.5578274726867676,0.294293075799942,1,2025-02-02 22:00:00+00:00
4571,0.15204991400241852,0.531909167766571,0.3160409927368164,1,2025-02-02 23:00:00+00:00
4572,0.19832445681095123,0.5325680375099182,0.2691076099872589,1,2025-02-03 00:00:00+00:00
4573,0.1785450577735901,0.6177451014518738,0.20370975136756897,1,2025-02-03 03:00:00+00:00
4574,0.378327876329422,0.367069274187088,0.2546028792858124,0,2025-02-03 04:00:00+00:00
4575,0.2995726764202118,0.5200669169425964,0.18036045134067535,1,2025-02-03 05:00:00+00:00
4576,0.2795712947845459,0.5267410278320312,0.19368770718574524,1,2025-02-03 06:00:00+00:00
4577,0.2164439857006073,0.6836746335029602,0.09988141804933548,1,2025-02-03 07:00:00+00:00
4578,0.1735418438911438,0.7668939232826233,0.05956422910094261,1,2025-02-03 09:00:00+00:00
4579,0.16694773733615875,0.7783121466636658,0.05474022403359413,1,2025-02-03 10:00:00+00:00
4580,0.16562996804714203,0.7790539860725403,0.05531613156199455,1,2025-02-03 11:00:00+00:00
4581,0.15787886083126068,0.7960509061813354,0.04607021063566208,1,2025-02-03 12:00:00+00:00
4582,0.1528574377298355,0.8008058667182922,0.04633670300245285,1,2025-02-03 13:00:00+00:00
4583,0.16142204403877258,0.788417398929596,0.050160620361566544,1,2025-02-03 14:00:00+00:00
4584,0.1571103036403656,0.7916064858436584,0.05128318443894386,1,2025-02-03 16:00:00+00:00
4585,0.17016997933387756,0.7731658220291138,0.056664176285266876,1,2025-02-03 17:00:00+00:00
4586,0.18797653913497925,0.751243531703949,0.06077992543578148,1,2025-02-03 18:00:00+00:00
4587,0.23249249160289764,0.6976905465126038,0.06981685757637024,1,2025-02-03 19:00:00+00:00
4588,0.2223227322101593,0.6829953789710999,0.09468185156583786,1,2025-02-03 20:00:00+00:00
4589,0.2359548807144165,0.6619676947593689,0.10207745432853699,1,2025-02-03 21:00:00+00:00
4590,0.23962770402431488,0.6570764780044556,0.10329588502645493,1,2025-02-03 22:00:00+00:00
4591,0.27780866622924805,0.6069139242172241,0.11527734994888306,1,2025-02-03 23:00:00+00:00
4592,0.2902781665325165,0.5909761786460876,0.11874566972255707,1,2025-02-04 00:00:00+00:00
4593,0.28477010130882263,0.5645512342453003,0.15067854523658752,1,2025-02-04 01:00:00+00:00
4594,0.26598575711250305,0.5235657095909119,0.21044853329658508,1,2025-02-04 02:00:00+00:00
4595,0.31009620428085327,0.5218001008033752,0.1681036502122879,1,2025-02-04 03:00:00+00:00
4596,0.32588595151901245,0.5223518013954163,0.15176230669021606,1,2025-02-04 04:00:00+00:00
4597,0.30610162019729614,0.4667466878890991,0.22715170681476593,1,2025-02-04 05:00:00+00:00
4598,0.3312070071697235,0.5020594596862793,0.1667335331439972,1,2025-02-04 06:00:00+00:00
4599,0.22347469627857208,0.614142119884491,0.16238315403461456,1,2025-02-04 07:00:00+00:00
4600,0.2636488676071167,0.49938738346099854,0.23696380853652954,1,2025-02-04 08:00:00+00:00
4601,0.22531642019748688,0.4902132749557495,0.28447026014328003,1,2025-02-04 09:00:00+00:00
4602,0.2667454779148102,0.5270787477493286,0.20617569983005524,1,2025-02-04 10:00:00+00:00
4603,0.19271670281887054,0.7029913067817688,0.10429192334413528,1,2025-02-04 11:00:00+00:00
4604,0.231363907456398,0.6326696276664734,0.13596642017364502,1,2025-02-04 12:00:00+00:00
4605,0.22964616119861603,0.6448719501495361,0.12548181414604187,1,2025-02-04 13:00:00+00:00
4606,0.2702449858188629,0.6043291091918945,0.12542589008808136,1,2025-02-04 14:00:00+00:00
4607,0.26275378465652466,0.6039729118347168,0.13327328860759735,1,2025-02-04 15:00:00+00:00
4608,0.2727980613708496,0.5519286394119263,0.17527325451374054,1,2025-02-04 16:00:00+00:00
4609,0.23555326461791992,0.5645326375961304,0.1999140828847885,1,2025-02-04 17:00:00+00:00
4610,0.26209768652915955,0.5369483232498169,0.20095399022102356,1,2025-02-04 18:00:00+00:00
4611,0.26239827275276184,0.5300001502037048,0.20760159194469452,1,2025-02-04 19:00:00+00:00
4612,0.2720426023006439,0.5163994431495667,0.21155790984630585,1,2025-02-04 20:00:00+00:00
4613,0.209589883685112,0.5639960765838623,0.2264140397310257,1,2025-02-04 21:00:00+00:00
4614,0.18869279325008392,0.5897083878517151,0.2215988039970398,1,2025-02-04 22:00:00+00:00
4615,0.15089170634746552,0.544120192527771,0.3049881160259247,1,2025-02-04 23:00:00+00:00
4616,0.1796553134918213,0.5705559253692627,0.2497888058423996,1,2025-02-05 00:00:00+00:00
4617,0.21291999518871307,0.5555436611175537,0.23153641819953918,1,2025-02-05 01:00:00+00:00
4618,0.22449901700019836,0.5608057975769043,0.21469518542289734,1,2025-02-05 02:00:00+00:00
4619,0.22516386210918427,0.5491556525230408,0.2256804257631302,1,2025-02-05 03:00:00+00:00
4620,0.269458144903183,0.5027692914009094,0.22777259349822998,1,2025-02-05 04:00:00+00:00
4621,0.25361010432243347,0.5284789800643921,0.2179109901189804,1,2025-02-05 05:00:00+00:00
4622,0.2546394467353821,0.5442937612533569,0.2010667324066162,1,2025-02-05 07:00:00+00:00
4623,0.24597778916358948,0.5711812973022461,0.182840958237648,1,2025-02-05 08:00:00+00:00
4624,0.2617253363132477,0.5990111231803894,0.1392635852098465,1,2025-02-05 09:00:00+00:00
4625,0.26251915097236633,0.6011359095573425,0.1363450139760971,1,2025-02-05 10:00:00+00:00
4626,0.26743558049201965,0.5724853873252869,0.16007904708385468,1,2025-02-05 11:00:00+00:00
4627,0.2932855188846588,0.4977501630783081,0.2089643031358719,1,2025-02-05 12:00:00+00:00
4628,0.30239972472190857,0.5004637241363525,0.19713659584522247,1,2025-02-05 13:00:00+00:00
4629,0.27459463477134705,0.5019957423210144,0.22340962290763855,1,2025-02-05 14:00:00+00:00
4630,0.2698437571525574,0.5306463241577148,0.19950996339321136,1,2025-02-05 15:00:00+00:00
4631,0.23158858716487885,0.5145950317382812,0.2538164556026459,1,2025-02-05 16:00:00+00:00
4632,0.21163706481456757,0.4975307881832123,0.29083219170570374,1,2025-02-05 17:00:00+00:00
4633,0.1871694028377533,0.4515419006347656,0.36128878593444824,1,2025-02-05 18:00:00+00:00
4634,0.1639990508556366,0.4208962321281433,0.41510477662086487,1,2025-02-05 19:00:00+00:00
4635,0.17074233293533325,0.46422696113586426,0.3650307357311249,1,2025-02-05 20:00:00+00:00
4636,0.21029311418533325,0.5082124471664429,0.2814943492412567,1,2025-02-05 21:00:00+00:00
4637,0.20119309425354004,0.4769081473350525,0.3218986988067627,1,2025-02-05 22:00:00+00:00
4638,0.18029583990573883,0.5651862025260925,0.25451794266700745,1,2025-02-05 23:00:00+00:00
4639,0.15651583671569824,0.5238908529281616,0.31959325075149536,1,2025-02-06 00:00:00+00:00
4640,0.1787472814321518,0.5448261499404907,0.2764265537261963,1,2025-02-06 01:00:00+00:00
4641,0.1940433830022812,0.5386195182800293,0.26733705401420593,1,2025-02-06 02:00:00+00:00
4642,0.21434085071086884,0.5608487129211426,0.22481031715869904,1,2025-02-06 03:00:00+00:00
4643,0.2167731374502182,0.543807327747345,0.23941950500011444,1,2025-02-06 04:00:00+00:00
4644,0.21887776255607605,0.5699586868286133,0.2111634612083435,1,2025-02-06 05:00:00+00:00
4645,0.24677109718322754,0.4937092363834381,0.2595196068286896,1,2025-02-06 08:00:00+00:00
4646,0.252291202545166,0.4566042125225067,0.29110461473464966,1,2025-02-06 09:00:00+00:00
4647,0.22685718536376953,0.562362790107727,0.21078000962734222,1,2025-02-06 10:00:00+00:00
4648,0.2697701156139374,0.5255211591720581,0.20470869541168213,1,2025-02-06 11:00:00+00:00
4649,0.26762309670448303,0.4984894394874573,0.2338874787092209,1,2025-02-06 12:00:00+00:00
4650,0.24182653427124023,0.49358710646629333,0.2645863890647888,1,2025-02-06 13:00:00+00:00
4651,0.19249196350574493,0.5548637509346008,0.2526443302631378,1,2025-02-06 14:00:00+00:00
4652,0.2363795042037964,0.5061169266700745,0.25750356912612915,1,2025-02-06 15:00:00+00:00
4653,0.14342661201953888,0.4941253364086151,0.3624480068683624,1,2025-02-06 16:00:00+00:00
4654,0.11345291882753372,0.4079047441482544,0.4786423146724701,2,2025-02-06 17:00:00+00:00
4655,0.13314394652843475,0.42257651686668396,0.44427958130836487,2,2025-02-06 18:00:00+00:00
4656,0.16805773973464966,0.4681301414966583,0.36381208896636963,1,2025-02-06 19:00:00+00:00
4657,0.1572166085243225,0.4576532244682312,0.3851301372051239,1,2025-02-06 20:00:00+00:00
4658,0.15654294192790985,0.45036613941192627,0.3930909037590027,1,2025-02-06 21:00:00+00:00
4659,0.1993522197008133,0.49870365858078003,0.30194413661956787,1,2025-02-06 22:00:00+00:00
4660,0.18758225440979004,0.508204460144043,0.3042133152484894,1,2025-02-06 23:00:00+00:00
4661,0.1880027949810028,0.47138503193855286,0.34061211347579956,1,2025-02-07 00:00:00+00:00
4662,0.18347863852977753,0.4661068022251129,0.350414514541626,1,2025-02-07 01:00:00+00:00
4663,0.19571553170681,0.5600399374961853,0.2442445456981659,1,2025-02-07 02:00:00+00:00
4664,0.21033602952957153,0.4814387261867523,0.308225154876709,1,2025-02-07 03:00:00+00:00
4665,0.21644707024097443,0.49416643381118774,0.2893863916397095,1,2025-02-07 04:00:00+00:00
4666,0.21363325417041779,0.5367888808250427,0.24957787990570068,1,2025-02-07 05:00:00+00:00
4667,0.21302546560764313,0.4715351164340973,0.3154393434524536,1,2025-02-07 06:00:00+00:00
4668,0.21280249953269958,0.4754316806793213,0.3117658197879791,1,2025-02-07 07:00:00+00:00
4669,0.19031421840190887,0.46037524938583374,0.3493104875087738,1,2025-02-07 08:00:00+00:00
4670,0.20164915919303894,0.5159831047058105,0.2823677659034729,1,2025-02-07 10:00:00+00:00
4671,0.20305660367012024,0.4904996454715729,0.3064437508583069,1,2025-02-07 11:00:00+00:00
4672,0.21825936436653137,0.4793162941932678,0.30242425203323364,1,2025-02-07 12:00:00+00:00
4673,0.2599537670612335,0.4774959087371826,0.26255038380622864,1,2025-02-07 13:00:00+00:00
4674,0.26912975311279297,0.4876406490802765,0.24322964251041412,1,2025-02-07 14:00:00+00:00
4675,0.2599104940891266,0.3870598375797272,0.3530297577381134,1,2025-02-07 15:00:00+00:00
4676,0.3212686777114868,0.39749962091445923,0.2812316417694092,1,2025-02-07 16:00:00+00:00
4677,0.3073529899120331,0.4615330398082733,0.23111388087272644,1,2025-02-07 17:00:00+00:00
4678,0.27521398663520813,0.4921390116214752,0.23264694213867188,1,2025-02-07 18:00:00+00:00
4679,0.23919013142585754,0.497525155544281,0.26328471302986145,1,2025-02-07 19:00:00+00:00
4680,0.2774909734725952,0.5123039484024048,0.2102051079273224,1,2025-02-07 20:00:00+00:00
4681,0.23072460293769836,0.5450639724731445,0.2242114394903183,1,2025-02-07 21:00:00+00:00
4682,0.14144840836524963,0.42174723744392395,0.43680426478385925,2,2025-02-07 22:00:00+00:00
4683,0.15720754861831665,0.44988906383514404,0.3929034471511841,1,2025-02-07 23:00:00+00:00
4684,0.17003533244132996,0.5152639746665955,0.3147006034851074,1,2025-02-08 00:00:00+00:00
4685,0.21868222951889038,0.5776600241661072,0.20365779101848602,1,2025-02-08 01:00:00+00:00
4686,0.23675407469272614,0.5757504105567932,0.18749554455280304,1,2025-02-08 02:00:00+00:00
4687,0.19141551852226257,0.6351471543312073,0.17343731224536896,1,2025-02-08 03:00:00+00:00
4688,0.1994810253381729,0.6029620170593262,0.19755695760250092,1,2025-02-08 04:00:00+00:00
4689,0.20043188333511353,0.6051146388053894,0.19445350766181946,1,2025-02-08 05:00:00+00:00
4690,0.15203538537025452,0.6673460006713867,0.18061858415603638,1,2025-02-08 06:00:00+00:00
4691,0.11521802097558975,0.7286175489425659,0.1561645120382309,1,2025-02-08 07:00:00+00:00
4692,0.10985010117292404,0.7287316918373108,0.16141818463802338,1,2025-02-08 08:00:00+00:00
4693,0.15796412527561188,0.6699917316436768,0.17204418778419495,1,2025-02-08 09:00:00+00:00
4694,0.19045165181159973,0.6122486591339111,0.19729961454868317,1,2025-02-08 10:00:00+00:00
4695,0.11122871935367584,0.718130350112915,0.17064101994037628,1,2025-02-08 11:00:00+00:00
4696,0.08746284991502762,0.7540532946586609,0.15848378837108612,1,2025-02-08 12:00:00+00:00
4697,0.13271036744117737,0.6769091486930847,0.19038033485412598,1,2025-02-08 13:00:00+00:00
4698,0.17874960601329803,0.6222662329673767,0.19898420572280884,1,2025-02-08 14:00:00+00:00
4699,0.19147036969661713,0.5709831118583679,0.23754656314849854,1,2025-02-08 15:00:00+00:00
4700,0.17290332913398743,0.5728409290313721,0.2542557418346405,1,2025-02-08 16:00:00+00:00
4701,0.14877676963806152,0.6199536919593811,0.23126958310604095,1,2025-02-08 17:00:00+00:00
4702,0.17260466516017914,0.5981276035308838,0.22926777601242065,1,2025-02-08 18:00:00+00:00
4703,0.22475570440292358,0.5222870111465454,0.25295722484588623,1,2025-02-08 19:00:00+00:00
4704,0.20280155539512634,0.4905836880207062,0.30661481618881226,1,2025-02-08 20:00:00+00:00
4705,0.23867802321910858,0.46277499198913574,0.2985468804836273,1,2025-02-08 21:00:00+00:00
4706,0.26060083508491516,0.551149308681488,0.1882498562335968,1,2025-02-08 22:00:00+00:00
4707,0.26708418130874634,0.5494696497917175,0.18344619870185852,1,2025-02-08 23:00:00+00:00
4708,0.21143391728401184,0.608500599861145,0.18006554245948792,1,2025-02-09 00:00:00+00:00
4709,0.2924554944038391,0.44168850779533386,0.265855997800827,1,2025-02-09 01:00:00+00:00
4710,0.28951165080070496,0.4422988295555115,0.2681894600391388,1,2025-02-09 02:00:00+00:00
4711,0.33018922805786133,0.42500078678131104,0.24480997025966644,1,2025-02-09 03:00:00+00:00
4712,0.3031752109527588,0.4754735827445984,0.2213512659072876,1,2025-02-09 04:00:00+00:00
4713,0.371288537979126,0.4021764397621155,0.22653503715991974,1,2025-02-09 05:00:00+00:00
4714,0.3386942744255066,0.4710235297679901,0.1902822107076645,1,2025-02-09 06:00:00+00:00
4715,0.32786911725997925,0.4859636425971985,0.18616726994514465,1,2025-02-09 07:00:00+00:00
4716,0.3363373577594757,0.48589181900024414,0.1777707040309906,1,2025-02-09 08:00:00+00:00
4717,0.3378456234931946,0.4721413254737854,0.19001296162605286,1,2025-02-09 09:00:00+00:00
4718,0.3905312418937683,0.4231822192668915,0.18628659844398499,1,2025-02-09 10:00:00+00:00
4719,0.3253677785396576,0.48333972692489624,0.1912924200296402,1,2025-02-09 11:00:00+00:00
4720,0.34607136249542236,0.466708242893219,0.1872204840183258,1,2025-02-09 12:00:00+00:00
4721,0.2367623895406723,0.5786341428756714,0.1846034824848175,1,2025-02-09 13:00:00+00:00
4722,0.26235565543174744,0.5312116146087646,0.20643268525600433,1,2025-02-09 14:00:00+00:00
4723,0.1359454244375229,0.6582984924316406,0.20575614273548126,1,2025-02-09 15:00:00+00:00
4724,0.2164679616689682,0.550199031829834,0.233333021402359,1,2025-02-09 16:00:00+00:00
4725,0.2723820209503174,0.48982229828834534,0.23779571056365967,1,2025-02-09 17:00:00+00:00
4726,0.25061261653900146,0.519839346408844,0.22954806685447693,1,2025-02-09 18:00:00+00:00
4727,0.1624222844839096,0.600689709186554,0.23688805103302002,1,2025-02-09 19:00:00+00:00
4728,0.24610474705696106,0.5001935362815857,0.25370174646377563,1,2025-02-09 20:00:00+00:00
4729,0.21011807024478912,0.5181952714920044,0.2716866135597229,1,2025-02-09 21:00:00+00:00
4730,0.23959676921367645,0.5443421602249146,0.2160610407590866,1,2025-02-09 22:00:00+00:00
4731,0.1225922554731369,0.4205625355243683,0.4568452835083008,2,2025-02-09 23:00:00+00:00
4732,0.18213319778442383,0.5082940459251404,0.3095727562904358,1,2025-02-10 00:00:00+00:00
4733,0.23896794021129608,0.5208516716957092,0.24018055200576782,1,2025-02-10 01:00:00+00:00
4734,0.26367998123168945,0.49777457118034363,0.23854553699493408,1,2025-02-10 02:00:00+00:00
4735,0.11874444782733917,0.5525891184806824,0.3286663889884949,1,2025-02-10 03:00:00+00:00
4736,0.12224385887384415,0.5656375288963318,0.31211864948272705,1,2025-02-10 04:00:00+00:00
4737,0.1618843376636505,0.581807017326355,0.25630858540534973,1,2025-02-10 05:00:00+00:00
4738,0.2233065515756607,0.49218836426734924,0.28450509905815125,1,2025-02-10 06:00:00+00:00
4739,0.2623692750930786,0.4600135087966919,0.2776171565055847,1,2025-02-10 07:00:00+00:00
4740,0.2693121135234833,0.4634157717227936,0.26727205514907837,1,2025-02-10 08:00:00+00:00
4741,0.27943095564842224,0.423059344291687,0.29750972986221313,1,2025-02-10 09:00:00+00:00
4742,0.2728169560432434,0.3537723124027252,0.37341073155403137,2,2025-02-10 10:00:00+00:00
4743,0.29258793592453003,0.4186258018016815,0.28878626227378845,1,2025-02-10 11:00:00+00:00
4744,0.27633440494537354,0.4427986741065979,0.2808668911457062,1,2025-02-10 12:00:00+00:00
4745,0.2875693142414093,0.4232919216156006,0.2891387343406677,1,2025-02-10 13:00:00+00:00
4746,0.26883500814437866,0.4435599148273468,0.28760507702827454,1,2025-02-10 14:00:00+00:00
4747,0.3199779987335205,0.3979574739933014,0.2820645272731781,1,2025-02-10 15:00:00+00:00
4748,0.28215983510017395,0.4274989366531372,0.29034125804901123,1,2025-02-10 16:00:00+00:00
4749,0.26991555094718933,0.41834452748298645,0.31173983216285706,1,2025-02-10 17:00:00+00:00
4750,0.2693498432636261,0.40581220388412476,0.32483798265457153,1,2025-02-10 18:00:00+00:00
4751,0.26151686906814575,0.41436344385147095,0.324119508266449,1,2025-02-10 19:00:00+00:00
4752,0.27784016728401184,0.416705846786499,0.30545398592948914,1,2025-02-10 20:00:00+00:00
4753,0.2706976532936096,0.43279337882995605,0.29650887846946716,1,2025-02-10 21:00:00+00:00
4754,0.27583739161491394,0.4165373146533966,0.30762529373168945,1,2025-02-10 22:00:00+00:00
4755,0.2950184643268585,0.45128685235977173,0.25369465351104736,1,2025-02-10 23:00:00+00:00
4756,0.2784385085105896,0.4541769325733185,0.2673845887184143,1,2025-02-11 00:00:00+00:00
4757,0.27706146240234375,0.4510742425918579,0.2718642055988312,1,2025-02-11 01:00:00+00:00
4758,0.312466561794281,0.3776074945926666,0.3099258840084076,1,2025-02-11 02:00:00+00:00
4759,0.39011281728744507,0.3750118911266327,0.23487530648708344,0,2025-02-11 03:00:00+00:00
4760,0.3856927454471588,0.3451186716556549,0.2691885828971863,0,2025-02-11 04:00:00+00:00
4761,0.37219035625457764,0.35610830783843994,0.27170130610466003,0,2025-02-11 05:00:00+00:00
4762,0.3200582265853882,0.4248630702495575,0.25507864356040955,1,2025-02-11 06:00:00+00:00
4763,0.33880218863487244,0.4182063639163971,0.24299152195453644,1,2025-02-11 07:00:00+00:00
4764,0.312989741563797,0.45291247963905334,0.23409782350063324,1,2025-02-11 08:00:00+00:00
4765,0.29286617040634155,0.4864575266838074,0.22067630290985107,1,2025-02-11 09:00:00+00:00
4766,0.3061576187610626,0.45129185914993286,0.2425505518913269,1,2025-02-11 10:00:00+00:00
4767,0.26263150572776794,0.49852579832077026,0.2388426661491394,1,2025-02-11 11:00:00+00:00
4768,0.2133040875196457,0.4413193166255951,0.3453766703605652,1,2025-02-11 12:00:00+00:00
4769,0.24583007395267487,0.4853931963443756,0.26877665519714355,1,2025-02-11 13:00:00+00:00
4770,0.23276181519031525,0.5173487067222595,0.24988944828510284,1,2025-02-11 15:00:00+00:00
4771,0.22442154586315155,0.5085911154747009,0.26698729395866394,1,2025-02-11 16:00:00+00:00
4772,0.21774552762508392,0.47925251722335815,0.3030019998550415,1,2025-02-11 17:00:00+00:00
4773,0.12662769854068756,0.6493040323257446,0.22406820952892303,1,2025-02-11 18:00:00+00:00
4774,0.0926688089966774,0.6687742471694946,0.2385568916797638,1,2025-02-11 19:00:00+00:00
4775,0.08661021292209625,0.640273928642273,0.273115873336792,1,2025-02-11 20:00:00+00:00
4776,0.07458145171403885,0.6560200452804565,0.2693984806537628,1,2025-02-11 21:00:00+00:00
4777,0.08240273594856262,0.6848745942115784,0.23272277414798737,1,2025-02-11 22:00:00+00:00
4778,0.09222077578306198,0.6963123083114624,0.21146699786186218,1,2025-02-11 23:00:00+00:00
4779,0.08690249174833298,0.6665517687797546,0.24654574692249298,1,2025-02-12 00:00:00+00:00
4780,0.09270074218511581,0.6935288906097412,0.21377034485340118,1,2025-02-12 01:00:00+00:00
4781,0.1487448513507843,0.5887269377708435,0.2625281810760498,1,2025-02-12 02:00:00+00:00
4782,0.125728577375412,0.6424956917762756,0.23177577555179596,1,2025-02-12 03:00:00+00:00
4783,0.08196254819631577,0.6939049959182739,0.2241324782371521,1,2025-02-12 04:00:00+00:00
4784,0.07611323893070221,0.7097629904747009,0.21412381529808044,1,2025-02-12 05:00:00+00:00
4785,0.07322202622890472,0.6889628767967224,0.23781508207321167,1,2025-02-12 06:00:00+00:00
4786,0.09123609215021133,0.6515794396400452,0.25718453526496887,1,2025-02-12 07:00:00+00:00
4787,0.10434658825397491,0.5812389254570007,0.31441453099250793,1,2025-02-12 08:00:00+00:00
4788,0.10692394524812698,0.6311806440353394,0.2618955075740814,1,2025-02-12 09:00:00+00:00
4789,0.050253208726644516,0.7891765832901001,0.1605701595544815,1,2025-02-12 10:00:00+00:00
4790,0.0809832364320755,0.7019833326339722,0.21703344583511353,1,2025-02-12 11:00:00+00:00
4791,0.06445705145597458,0.7558291554450989,0.17971371114253998,1,2025-02-12 12:00:00+00:00
4792,0.07798506319522858,0.7574078440666199,0.16460703313350677,1,2025-02-12 13:00:00+00:00
4793,0.09447325766086578,0.7240166664123535,0.18151013553142548,1,2025-02-12 15:00:00+00:00
4794,0.12389318645000458,0.5809535980224609,0.29515329003334045,1,2025-02-12 16:00:00+00:00
4795,0.12038037925958633,0.6166300773620605,0.2629896104335785,1,2025-02-12 17:00:00+00:00
4796,0.23817108571529388,0.43773016333580017,0.32409876585006714,1,2025-02-12 18:00:00+00:00
4797,0.2811548113822937,0.40611401200294495,0.3127312660217285,1,2025-02-12 19:00:00+00:00
4798,0.3059844672679901,0.4337996542453766,0.2602158784866333,1,2025-02-12 20:00:00+00:00
4799,0.32394465804100037,0.4070722162723541,0.2689831554889679,1,2025-02-12 21:00:00+00:00
4800,0.23563747107982635,0.41005977988243103,0.35430267453193665,1,2025-02-12 22:00:00+00:00
4801,0.27341216802597046,0.3853895664215088,0.34119829535484314,1,2025-02-12 23:00:00+00:00
4802,0.34644055366516113,0.3679055869579315,0.28565385937690735,1,2025-02-13 00:00:00+00:00
4803,0.30059614777565,0.39434587955474854,0.30505791306495667,1,2025-02-13 01:00:00+00:00
4804,0.26479312777519226,0.4060581624507904,0.32914862036705017,1,2025-02-13 02:00:00+00:00
4805,0.2529132068157196,0.3969365954399109,0.3501502275466919,1,2025-02-13 03:00:00+00:00
4806,0.2422443926334381,0.5409847497940063,0.21677079796791077,1,2025-02-13 04:00:00+00:00
4807,0.2555743455886841,0.49843257665634155,0.24599309265613556,1,2025-02-13 05:00:00+00:00
4808,0.1931925266981125,0.5413752198219299,0.2654322385787964,1,2025-02-13 06:00:00+00:00
4809,0.24120371043682098,0.44036993384361267,0.3184264004230499,1,2025-02-13 07:00:00+00:00
4810,0.13946840167045593,0.666857123374939,0.19367454946041107,1,2025-02-13 08:00:00+00:00
4811,0.13458792865276337,0.665058434009552,0.2003537118434906,1,2025-02-13 09:00:00+00:00
4812,0.11980370432138443,0.6455579400062561,0.2346383035182953,1,2025-02-13 10:00:00+00:00
4813,0.12302041053771973,0.7102962136268616,0.1666834056377411,1,2025-02-13 11:00:00+00:00
4814,0.11358363926410675,0.7334824204444885,0.1529340296983719,1,2025-02-13 12:00:00+00:00
4815,0.09796731919050217,0.7421454787254333,0.1598871648311615,1,2025-02-13 13:00:00+00:00
4816,0.09496162086725235,0.7360942959785461,0.16894400119781494,1,2025-02-13 14:00:00+00:00
4817,0.09622138738632202,0.7453737258911133,0.1584048867225647,1,2025-02-13 15:00:00+00:00
4818,0.08819042146205902,0.7384418845176697,0.17336776852607727,1,2025-02-13 16:00:00+00:00
4819,0.11146815866231918,0.6793588399887085,0.20917299389839172,1,2025-02-13 17:00:00+00:00
4820,0.08412882685661316,0.6536366939544678,0.2622343599796295,1,2025-02-13 18:00:00+00:00
4821,0.06944970786571503,0.7113246917724609,0.21922558546066284,1,2025-02-13 19:00:00+00:00
4822,0.10110935568809509,0.700385570526123,0.1985049843788147,1,2025-02-13 20:00:00+00:00
4823,0.103382408618927,0.6918995976448059,0.20471806824207306,1,2025-02-13 21:00:00+00:00
4824,0.09378455579280853,0.683867871761322,0.2223476618528366,1,2025-02-13 22:00:00+00:00
4825,0.10298070311546326,0.6449230909347534,0.25209617614746094,1,2025-02-13 23:00:00+00:00
4826,0.0728362500667572,0.6980650424957275,0.22909870743751526,1,2025-02-14 00:00:00+00:00
4827,0.05765286833047867,0.773467481136322,0.16887958347797394,1,2025-02-14 01:00:00+00:00
4828,0.10956320911645889,0.6185618042945862,0.2718749940395355,1,2025-02-14 02:00:00+00:00
4829,0.12800152599811554,0.5850760340690613,0.286922425031662,1,2025-02-14 03:00:00+00:00
4830,0.160199373960495,0.5552534461021423,0.2845471203327179,1,2025-02-14 04:00:00+00:00
4831,0.19736528396606445,0.4541546404361725,0.3484801650047302,1,2025-02-14 05:00:00+00:00
4832,0.186059832572937,0.5177537798881531,0.2961864471435547,1,2025-02-14 06:00:00+00:00
4833,0.17002086341381073,0.5628485083580017,0.267130583524704,1,2025-02-14 07:00:00+00:00
4834,0.17511866986751556,0.5893659591674805,0.23551541566848755,1,2025-02-14 08:00:00+00:00
4835,0.1915263682603836,0.5563048720359802,0.252168744802475,1,2025-02-14 09:00:00+00:00
4836,0.2662782669067383,0.48364636301994324,0.25007539987564087,1,2025-02-14 10:00:00+00:00
4837,0.3187735974788666,0.42513108253479004,0.25609537959098816,1,2025-02-14 11:00:00+00:00
4838,0.26565006375312805,0.4625561833381653,0.27179378271102905,1,2025-02-14 12:00:00+00:00
4839,0.23631976544857025,0.5374994874000549,0.22618070244789124,1,2025-02-14 13:00:00+00:00
4840,0.19697442650794983,0.5936298370361328,0.20939578115940094,1,2025-02-14 14:00:00+00:00
4841,0.288234680891037,0.4947129786014557,0.21705232560634613,1,2025-02-14 15:00:00+00:00
4842,0.35405728220939636,0.4371725916862488,0.20877020061016083,1,2025-02-14 16:00:00+00:00
4843,0.3328704535961151,0.44199368357658386,0.22513583302497864,1,2025-02-14 17:00:00+00:00
4844,0.32607993483543396,0.36388885974884033,0.3100312352180481,1,2025-02-14 18:00:00+00:00
4845,0.3155554234981537,0.3497669994831085,0.3346776068210602,1,2025-02-14 19:00:00+00:00
4846,0.2835741639137268,0.43385377526283264,0.28257203102111816,1,2025-02-14 20:00:00+00:00
4847,0.24031411111354828,0.5149328708648682,0.24475297331809998,1,2025-02-14 21:00:00+00:00
4848,0.1519341766834259,0.6397137641906738,0.20835193991661072,1,2025-02-14 23:00:00+00:00
4849,0.15256568789482117,0.6255285143852234,0.2219058871269226,1,2025-02-15 00:00:00+00:00
4850,0.16180232167243958,0.6159239411354065,0.22227385640144348,1,2025-02-15 01:00:00+00:00
4851,0.17075757682323456,0.6188526153564453,0.21038974821567535,1,2025-02-15 02:00:00+00:00
4852,0.24729959666728973,0.5264590382575989,0.2262413501739502,1,2025-02-15 03:00:00+00:00
4853,0.26163366436958313,0.5089473128318787,0.2294190526008606,1,2025-02-15 04:00:00+00:00
4854,0.2165374755859375,0.5494509935379028,0.2340114563703537,1,2025-02-15 05:00:00+00:00
4855,0.1687440127134323,0.6451196670532227,0.186136394739151,1,2025-02-15 06:00:00+00:00
4856,0.17481642961502075,0.6196687817573547,0.20551486313343048,1,2025-02-15 07:00:00+00:00
4857,0.122322216629982,0.7040254473686218,0.17365238070487976,1,2025-02-15 08:00:00+00:00
4858,0.10828287154436111,0.7303850054740906,0.1613321155309677,1,2025-02-15 09:00:00+00:00
4859,0.10136878490447998,0.7329440712928772,0.16568715870380402,1,2025-02-15 10:00:00+00:00
4860,0.09038850665092468,0.7247353196144104,0.18487609922885895,1,2025-02-15 11:00:00+00:00
4861,0.08014652878046036,0.7546716332435608,0.16518183052539825,1,2025-02-15 12:00:00+00:00
4862,0.07408573478460312,0.7393437623977661,0.1865704208612442,1,2025-02-15 13:00:00+00:00
4863,0.07426419109106064,0.7493996620178223,0.1763361245393753,1,2025-02-15 14:00:00+00:00
4864,0.08114388585090637,0.6777703762054443,0.2410857230424881,1,2025-02-15 15:00:00+00:00
4865,0.06832919269800186,0.5844733119010925,0.3471974730491638,1,2025-02-15 16:00:00+00:00
4866,0.07045744359493256,0.6066713929176331,0.3228711783885956,1,2025-02-15 17:00:00+00:00
4867,0.09467706084251404,0.5458064675331116,0.359516441822052,1,2025-02-15 18:00:00+00:00
4868,0.06340818852186203,0.6540685296058655,0.2825232446193695,1,2025-02-15 19:00:00+00:00
4869,0.07170426845550537,0.6847534775733948,0.24354223906993866,1,2025-02-15 20:00:00+00:00
4870,0.062410470098257065,0.6750776767730713,0.26251184940338135,1,2025-02-15 21:00:00+00:00
4871,0.0678158774971962,0.6957892179489136,0.2363949418067932,1,2025-02-15 22:00:00+00:00
4872,0.0628223568201065,0.7220011353492737,0.21517641842365265,1,2025-02-15 23:00:00+00:00
4873,0.09414777159690857,0.6124022603034973,0.2934500277042389,1,2025-02-16 00:00:00+00:00
4874,0.08948252350091934,0.5971432328224182,0.31337419152259827,1,2025-02-16 01:00:00+00:00
4875,0.09293109178543091,0.5689086318016052,0.33816030621528625,1,2025-02-16 02:00:00+00:00
4876,0.03473154082894325,0.7629773020744324,0.20229120552539825,1,2025-02-16 03:00:00+00:00
4877,0.05011973902583122,0.7194610834121704,0.2304191291332245,1,2025-02-16 04:00:00+00:00
4878,0.07631409913301468,0.6219563484191895,0.3017295002937317,1,2025-02-16 05:00:00+00:00
4879,0.06217114254832268,0.6912037134170532,0.2466251403093338,1,2025-02-16 06:00:00+00:00
4880,0.08942130208015442,0.5943912863731384,0.31618747115135193,1,2025-02-16 07:00:00+00:00
4881,0.07350265979766846,0.6572169661521912,0.269280344247818,1,2025-02-16 08:00:00+00:00
4882,0.07330794632434845,0.6125442981719971,0.3141477108001709,1,2025-02-16 09:00:00+00:00
4883,0.07665643841028214,0.6390544176101685,0.2842891216278076,1,2025-02-16 10:00:00+00:00
4884,0.0971979945898056,0.6554698348045349,0.2473321408033371,1,2025-02-16 11:00:00+00:00
4885,0.10137459635734558,0.5925450325012207,0.30608031153678894,1,2025-02-16 12:00:00+00:00
4886,0.12764330208301544,0.6212334036827087,0.25112324953079224,1,2025-02-16 13:00:00+00:00
4887,0.10445667058229446,0.6101275682449341,0.28541573882102966,1,2025-02-16 14:00:00+00:00
4888,0.08746718615293503,0.5264249444007874,0.3861079216003418,1,2025-02-16 15:00:00+00:00
4889,0.09497450292110443,0.6099985837936401,0.29502683877944946,1,2025-02-16 16:00:00+00:00
4890,0.0991908609867096,0.6020824909210205,0.2987267076969147,1,2025-02-16 17:00:00+00:00
4891,0.11641593277454376,0.5534219741821289,0.330161988735199,1,2025-02-16 18:00:00+00:00
4892,0.11965090036392212,0.5177047848701477,0.36264437437057495,1,2025-02-16 19:00:00+00:00
4893,0.10567405074834824,0.54925936460495,0.345066636800766,1,2025-02-16 20:00:00+00:00
4894,0.09128481149673462,0.6084094643592834,0.30030569434165955,1,2025-02-16 21:00:00+00:00
4895,0.07495781034231186,0.5939630270004272,0.3310791552066803,1,2025-02-16 22:00:00+00:00
4896,0.11301267147064209,0.6476569175720215,0.23933042585849762,1,2025-02-16 23:00:00+00:00
4897,0.1232752799987793,0.6170065999031067,0.259718120098114,1,2025-02-17 00:00:00+00:00
4898,0.0884113684296608,0.6064367890357971,0.30515170097351074,1,2025-02-17 01:00:00+00:00
4899,0.10879814624786377,0.7049718499183655,0.18623003363609314,1,2025-02-17 02:00:00+00:00
4900,0.1552974283695221,0.641139030456543,0.20356345176696777,1,2025-02-17 03:00:00+00:00
4901,0.12505972385406494,0.6882453560829163,0.1866949498653412,1,2025-02-17 04:00:00+00:00
4902,0.14186246693134308,0.652770459651947,0.2053670883178711,1,2025-02-17 05:00:00+00:00
4903,0.0868745893239975,0.6416431069374084,0.27148228883743286,1,2025-02-17 06:00:00+00:00
4904,0.1280156672000885,0.6421899795532227,0.22979433834552765,1,2025-02-17 07:00:00+00:00
4905,0.16584426164627075,0.6071677207946777,0.2269880473613739,1,2025-02-17 08:00:00+00:00
4906,0.1373392939567566,0.6602799296379089,0.20238076150417328,1,2025-02-17 09:00:00+00:00
4907,0.18751119077205658,0.5768049955368042,0.23568381369113922,1,2025-02-17 10:00:00+00:00
4908,0.2509523928165436,0.4768578112125397,0.27218979597091675,1,2025-02-17 11:00:00+00:00
4909,0.25984781980514526,0.4910929203033447,0.24905925989151,1,2025-02-17 12:00:00+00:00
4910,0.2476925402879715,0.4518955945968628,0.3004118800163269,1,2025-02-17 13:00:00+00:00
4911,0.28022149205207825,0.42638877034187317,0.2933896780014038,1,2025-02-17 14:00:00+00:00
4912,0.3171626925468445,0.4640241265296936,0.21881309151649475,1,2025-02-17 15:00:00+00:00
4913,0.33943381905555725,0.4250316023826599,0.23553451895713806,1,2025-02-17 16:00:00+00:00
4914,0.19662991166114807,0.5754479765892029,0.22792203724384308,1,2025-02-17 17:00:00+00:00
4915,0.12735788524150848,0.6082370281219482,0.2644049823284149,1,2025-02-17 18:00:00+00:00
4916,0.12272745370864868,0.6392167806625366,0.2380557358264923,1,2025-02-17 19:00:00+00:00
4917,0.09560002386569977,0.6198258996009827,0.2845739424228668,1,2025-02-17 20:00:00+00:00
4918,0.12521186470985413,0.6684899926185608,0.2062980830669403,1,2025-02-17 21:00:00+00:00
4919,0.13675189018249512,0.6506893634796143,0.21255874633789062,1,2025-02-17 22:00:00+00:00
4920,0.21297499537467957,0.5519191026687622,0.23510590195655823,1,2025-02-17 23:00:00+00:00
4921,0.14780212938785553,0.6435558795928955,0.2086418867111206,1,2025-02-18 00:00:00+00:00
4922,0.15170957148075104,0.6565400958061218,0.19175037741661072,1,2025-02-18 01:00:00+00:00
4923,0.12885364890098572,0.671506404876709,0.19963988661766052,1,2025-02-18 02:00:00+00:00
4924,0.13007530570030212,0.6883118748664856,0.18161284923553467,1,2025-02-18 03:00:00+00:00
4925,0.11243566870689392,0.7041109204292297,0.18345347046852112,1,2025-02-18 04:00:00+00:00
4926,0.11761818081140518,0.7090611457824707,0.1733206808567047,1,2025-02-18 05:00:00+00:00
4927,0.10655760765075684,0.6977118849754333,0.19573050737380981,1,2025-02-18 06:00:00+00:00
4928,0.0918378084897995,0.5264117121696472,0.38175055384635925,1,2025-02-18 07:00:00+00:00
4929,0.09579989314079285,0.5072743892669678,0.3969257175922394,1,2025-02-18 08:00:00+00:00
4930,0.10023177415132523,0.5755086541175842,0.32425957918167114,1,2025-02-18 09:00:00+00:00
4931,0.09041331708431244,0.5647802352905273,0.344806432723999,1,2025-02-18 10:00:00+00:00
4932,0.12074097245931625,0.655040442943573,0.2242186814546585,1,2025-02-18 11:00:00+00:00
4933,0.11753455549478531,0.6288195848464966,0.2536458969116211,1,2025-02-18 12:00:00+00:00
4934,0.11187311261892319,0.6244915723800659,0.2636353075504303,1,2025-02-18 13:00:00+00:00
4935,0.12798891961574554,0.647359311580658,0.2246517837047577,1,2025-02-18 14:00:00+00:00
4936,0.13334296643733978,0.6213678121566772,0.24528928101062775,1,2025-02-18 15:00:00+00:00
4937,0.12210496515035629,0.5396696329116821,0.33822548389434814,1,2025-02-18 16:00:00+00:00
4938,0.10678155720233917,0.5429307818412781,0.350287526845932,1,2025-02-18 17:00:00+00:00
4939,0.11925093829631805,0.5145046710968018,0.36624443531036377,1,2025-02-18 18:00:00+00:00
4940,0.13880708813667297,0.5249808430671692,0.3362121284008026,1,2025-02-18 19:00:00+00:00
4941,0.11650851368904114,0.5736505389213562,0.3098408877849579,1,2025-02-18 20:00:00+00:00
4942,0.10663115978240967,0.5880194306373596,0.30534932017326355,1,2025-02-18 21:00:00+00:00
4943,0.10412823408842087,0.5836743712425232,0.3121975362300873,1,2025-02-18 22:00:00+00:00
4944,0.08679815381765366,0.6499172449111938,0.2632845342159271,1,2025-02-18 23:00:00+00:00
4945,0.12503263354301453,0.6025269627571106,0.2724403440952301,1,2025-02-19 00:00:00+00:00
4946,0.13394775986671448,0.6040360331535339,0.2620161771774292,1,2025-02-19 01:00:00+00:00
4947,0.11895603686571121,0.6495774388313293,0.2314664125442505,1,2025-02-19 02:00:00+00:00
4948,0.0866217240691185,0.6881905794143677,0.2251877635717392,1,2025-02-19 03:00:00+00:00
4949,0.1430341899394989,0.6667236089706421,0.1902422308921814,1,2025-02-19 04:00:00+00:00
4950,0.14498034119606018,0.6635792851448059,0.19144049286842346,1,2025-02-19 05:00:00+00:00
4951,0.11141757667064667,0.6178212761878967,0.2707611620426178,1,2025-02-19 06:00:00+00:00
4952,0.13541266322135925,0.6607114672660828,0.20387586951255798,1,2025-02-19 07:00:00+00:00
4953,0.17653940618038177,0.6284866333007812,0.19497397541999817,1,2025-02-19 08:00:00+00:00
4954,0.23800349235534668,0.5790519118309021,0.18294458091259003,1,2025-02-19 09:00:00+00:00
4955,0.21543513238430023,0.615466296672821,0.16909854114055634,1,2025-02-19 10:00:00+00:00
4956,0.20903083682060242,0.5792766213417053,0.21169258654117584,1,2025-02-19 11:00:00+00:00
4957,0.24643021821975708,0.5419650673866272,0.21160468459129333,1,2025-02-19 12:00:00+00:00
4958,0.26121872663497925,0.533784031867981,0.20499731600284576,1,2025-02-19 13:00:00+00:00
4959,0.1992713063955307,0.5883297324180603,0.21239899098873138,1,2025-02-19 14:00:00+00:00
4960,0.2303425371646881,0.5487359166145325,0.2209215611219406,1,2025-02-19 15:00:00+00:00
4961,0.19058668613433838,0.6080501675605774,0.20136305689811707,1,2025-02-19 16:00:00+00:00
4962,0.1925138235092163,0.611190676689148,0.19629548490047455,1,2025-02-19 17:00:00+00:00
4963,0.24124549329280853,0.5729675889015198,0.18578693270683289,1,2025-02-19 19:00:00+00:00
4964,0.1656431257724762,0.6459423899650574,0.18841451406478882,1,2025-02-19 20:00:00+00:00
4965,0.16711288690567017,0.5793160796165466,0.2535710036754608,1,2025-02-19 21:00:00+00:00
4966,0.15655110776424408,0.6742332577705383,0.1692156046628952,1,2025-02-19 22:00:00+00:00
4967,0.12713614106178284,0.7088403701782227,0.16402345895767212,1,2025-02-19 23:00:00+00:00
4968,0.18479229509830475,0.6350332498550415,0.18017436563968658,1,2025-02-20 00:00:00+00:00
4969,0.16923868656158447,0.6617518067359924,0.16900946199893951,1,2025-02-20 01:00:00+00:00
4970,0.1990140974521637,0.6604192852973938,0.14056652784347534,1,2025-02-20 02:00:00+00:00
4971,0.15816892683506012,0.7144126892089844,0.1274183988571167,1,2025-02-20 03:00:00+00:00
4972,0.23551300168037415,0.6064395904541016,0.15804730355739594,1,2025-02-20 04:00:00+00:00
4973,0.2560572028160095,0.5793752670288086,0.16456745564937592,1,2025-02-20 05:00:00+00:00
4974,0.2813291847705841,0.5976245403289795,0.1210462749004364,1,2025-02-20 06:00:00+00:00
4975,0.23947875201702118,0.611803412437439,0.14871786534786224,1,2025-02-20 07:00:00+00:00
4976,0.18167851865291595,0.6521292328834534,0.1661922037601471,1,2025-02-20 08:00:00+00:00
4977,0.13470424711704254,0.6748024821281433,0.19049328565597534,1,2025-02-20 09:00:00+00:00
4978,0.19272896647453308,0.6403927803039551,0.1668781340122223,1,2025-02-20 10:00:00+00:00
4979,0.1766745001077652,0.6530592441558838,0.170266255736351,1,2025-02-20 11:00:00+00:00
4980,0.2520020306110382,0.5503693222999573,0.19762875139713287,1,2025-02-20 12:00:00+00:00
4981,0.2511129379272461,0.5445442199707031,0.204342782497406,1,2025-02-20 13:00:00+00:00
4982,0.2642250657081604,0.5611459612846375,0.17462889850139618,1,2025-02-20 14:00:00+00:00
4983,0.27494367957115173,0.5493291616439819,0.17572711408138275,1,2025-02-20 15:00:00+00:00
4984,0.22549135982990265,0.6043728590011597,0.17013578116893768,1,2025-02-20 16:00:00+00:00
4985,0.1619885116815567,0.6426044702529907,0.19540707767009735,1,2025-02-20 17:00:00+00:00
4986,0.17361964285373688,0.6109938621520996,0.21538640558719635,1,2025-02-20 18:00:00+00:00
4987,0.2141132652759552,0.5653501749038696,0.22053658962249756,1,2025-02-20 19:00:00+00:00
4988,0.2662775218486786,0.5074811577796936,0.2262413203716278,1,2025-02-20 20:00:00+00:00
4989,0.30595335364341736,0.4899192452430725,0.20412741601467133,1,2025-02-20 21:00:00+00:00
4990,0.2721828818321228,0.5129972696304321,0.2148197740316391,1,2025-02-20 22:00:00+00:00
4991,0.24131543934345245,0.5455611944198608,0.2131233662366867,1,2025-02-20 23:00:00+00:00
4992,0.21529892086982727,0.5898098945617676,0.19489121437072754,1,2025-02-21 00:00:00+00:00
4993,0.2577980160713196,0.5483810305595398,0.19382087886333466,1,2025-02-21 01:00:00+00:00
4994,0.22286002337932587,0.5660712718963623,0.21106866002082825,1,2025-02-21 02:00:00+00:00
4995,0.1900632530450821,0.6277651786804199,0.1821715533733368,1,2025-02-21 03:00:00+00:00
4996,0.16111207008361816,0.627892255783081,0.2109956294298172,1,2025-02-21 04:00:00+00:00
4997,0.17572827637195587,0.6284365057945251,0.1958351731300354,1,2025-02-21 05:00:00+00:00
4998,0.20505890250205994,0.5875080227851868,0.2074330598115921,1,2025-02-21 06:00:00+00:00
4999,0.18921519815921783,0.6123532652854919,0.19843147695064545,1,2025-02-21 07:00:00+00:00
5000,0.19743546843528748,0.6269744038581848,0.1755901426076889,1,2025-02-21 08:00:00+00:00
5001,0.19768041372299194,0.6259967684745789,0.17632275819778442,1,2025-02-21 09:00:00+00:00
5002,0.28267571330070496,0.5289273262023926,0.1883968859910965,1,2025-02-21 10:00:00+00:00
5003,0.26321423053741455,0.5264852046966553,0.21030057966709137,1,2025-02-21 11:00:00+00:00
5004,0.3069227933883667,0.4943763017654419,0.1987009048461914,1,2025-02-21 12:00:00+00:00
5005,0.2451821267604828,0.5466977953910828,0.20812010765075684,1,2025-02-21 13:00:00+00:00
5006,0.29426729679107666,0.4971947968006134,0.20853790640830994,1,2025-02-21 14:00:00+00:00
5007,0.36370763182640076,0.43803244829177856,0.1982598751783371,1,2025-02-21 15:00:00+00:00
5008,0.2861711382865906,0.4855269193649292,0.228302001953125,1,2025-02-21 16:00:00+00:00
5009,0.2027255892753601,0.512045681476593,0.28522875905036926,1,2025-02-21 17:00:00+00:00
5010,0.1815415322780609,0.5475872159004211,0.27087128162384033,1,2025-02-21 18:00:00+00:00
5011,0.07402033358812332,0.6804367303848267,0.2455429583787918,1,2025-02-21 19:00:00+00:00
5012,0.05107016861438751,0.7712053060531616,0.17772454023361206,1,2025-02-21 20:00:00+00:00
5013,0.0388464480638504,0.7128260731697083,0.24832746386528015,1,2025-02-21 21:00:00+00:00
5014,0.03602664917707443,0.7704809904098511,0.1934923231601715,1,2025-02-21 22:00:00+00:00
5015,0.04121105372905731,0.7692930102348328,0.18949605524539948,1,2025-02-21 23:00:00+00:00
5016,0.08087161928415298,0.7511447072029114,0.16798372566699982,1,2025-02-22 00:00:00+00:00
5017,0.09388330578804016,0.7242580056190491,0.18185873329639435,1,2025-02-22 01:00:00+00:00
5018,0.12669876217842102,0.6814788579940796,0.1918223798274994,1,2025-02-22 02:00:00+00:00
5019,0.09869728982448578,0.7477349638938904,0.1535678654909134,1,2025-02-22 03:00:00+00:00
5020,0.10694704949855804,0.7362608313560486,0.1567920744419098,1,2025-02-22 04:00:00+00:00
5021,0.1572120636701584,0.6682291030883789,0.17455872893333435,1,2025-02-22 05:00:00+00:00
5022,0.134481281042099,0.6811433434486389,0.18437530100345612,1,2025-02-22 06:00:00+00:00
5023,0.12661683559417725,0.6922386884689331,0.18114438652992249,1,2025-02-22 07:00:00+00:00
5024,0.10895148664712906,0.7187054753303528,0.17234304547309875,1,2025-02-22 08:00:00+00:00
5025,0.1200193464756012,0.698135256767273,0.18184536695480347,1,2025-02-22 09:00:00+00:00
5026,0.14723260700702667,0.6573954820632935,0.19537192583084106,1,2025-02-22 10:00:00+00:00
5027,0.16593767702579498,0.6138061881065369,0.2202562540769577,1,2025-02-22 11:00:00+00:00
5028,0.12432542443275452,0.6847017407417297,0.19097287952899933,1,2025-02-22 12:00:00+00:00
5029,0.19479911029338837,0.5886635184288025,0.21653738617897034,1,2025-02-22 13:00:00+00:00
5030,0.1547762006521225,0.6295254230499268,0.21569839119911194,1,2025-02-22 14:00:00+00:00
5031,0.2017570436000824,0.5025269985198975,0.29571598768234253,1,2025-02-22 15:00:00+00:00
5032,0.1737249493598938,0.5628975629806519,0.2633775770664215,1,2025-02-22 16:00:00+00:00
5033,0.2089761644601822,0.5406419038772583,0.2503818869590759,1,2025-02-22 17:00:00+00:00
5034,0.1758977323770523,0.5828866958618164,0.24121558666229248,1,2025-02-22 18:00:00+00:00
5035,0.27929604053497314,0.5038319230079651,0.21687205135822296,1,2025-02-22 19:00:00+00:00
5036,0.24337944388389587,0.5097917318344116,0.2468288242816925,1,2025-02-22 20:00:00+00:00
5037,0.2077389359474182,0.5534945130348206,0.23876652121543884,1,2025-02-22 21:00:00+00:00
5038,0.18747326731681824,0.6083580255508423,0.20416873693466187,1,2025-02-22 22:00:00+00:00
5039,0.18825016915798187,0.6251870393753052,0.18656274676322937,1,2025-02-22 23:00:00+00:00
5040,0.17782175540924072,0.6246313452720642,0.1975468397140503,1,2025-02-23 00:00:00+00:00
5041,0.1814252883195877,0.6406340003013611,0.17794068157672882,1,2025-02-23 01:00:00+00:00
5042,0.21335117518901825,0.5792820453643799,0.20736674964427948,1,2025-02-23 02:00:00+00:00
5043,0.1385861486196518,0.6790103316307068,0.18240347504615784,1,2025-02-23 03:00:00+00:00
5044,0.10826415568590164,0.7380915284156799,0.15364430844783783,1,2025-02-23 04:00:00+00:00
5045,0.10975920408964157,0.7371551394462585,0.15308570861816406,1,2025-02-23 05:00:00+00:00
5046,0.09123117476701736,0.7628340721130371,0.14593474566936493,1,2025-02-23 06:00:00+00:00
5047,0.09891175478696823,0.7530050277709961,0.1480831801891327,1,2025-02-23 07:00:00+00:00
5048,0.13196039199829102,0.690606415271759,0.17743316292762756,1,2025-02-23 08:00:00+00:00
5049,0.150933176279068,0.6844532489776611,0.16461358964443207,1,2025-02-23 09:00:00+00:00
5050,0.10003539174795151,0.7548630833625793,0.14510154724121094,1,2025-02-23 10:00:00+00:00
5051,0.060205016285181046,0.805351972579956,0.1344430297613144,1,2025-02-23 11:00:00+00:00
5052,0.07467716187238693,0.7783520817756653,0.14697079360485077,1,2025-02-23 12:00:00+00:00
5053,0.045001428574323654,0.7023268938064575,0.25267162919044495,1,2025-02-23 13:00:00+00:00
5054,0.03683038800954819,0.677811324596405,0.2853582203388214,1,2025-02-23 14:00:00+00:00
5055,0.07122259587049484,0.6382266283035278,0.29055070877075195,1,2025-02-23 15:00:00+00:00
5056,0.03967686742544174,0.6864900588989258,0.2738330364227295,1,2025-02-23 16:00:00+00:00
5057,0.040277834981679916,0.67421555519104,0.28550660610198975,1,2025-02-23 17:00:00+00:00
5058,0.052275050431489944,0.6621190309524536,0.28560593724250793,1,2025-02-23 18:00:00+00:00
5059,0.028990693390369415,0.805291473865509,0.1657179445028305,1,2025-02-23 19:00:00+00:00
5060,0.03089073672890663,0.7924267649650574,0.1766825169324875,1,2025-02-23 20:00:00+00:00
5061,0.029017018154263496,0.8117179274559021,0.15926511585712433,1,2025-02-23 21:00:00+00:00
5062,0.04476621747016907,0.7843977212905884,0.17083606123924255,1,2025-02-23 22:00:00+00:00
5063,0.03697171434760094,0.8277978301048279,0.13523052632808685,1,2025-02-23 23:00:00+00:00
