,Probability Buy,Probability Hold,Probability Sell,Prediction
0,0.1337507963180542,0.8253405690193176,0.040908608585596085,1
1,0.12360269576311111,0.8409026265144348,0.035494666546583176,1
2,0.10195726156234741,0.8730411529541016,0.0250016488134861,1
3,0.0968092679977417,0.8814529776573181,0.02173777110874653,1
4,0.11780184507369995,0.857036292552948,0.025161797180771828,1
5,0.10476815700531006,0.874341607093811,0.020890241488814354,1
6,0.11172861605882645,0.8619424700737,0.026328805834054947,1
7,0.10729721188545227,0.8513562679290771,0.041346535086631775,1
8,0.06502952426671982,0.9070463180541992,0.027924221009016037,1
9,0.08557285368442535,0.8833190202713013,0.031108222901821136,1
10,0.11128140985965729,0.7821253538131714,0.10659322142601013,1
11,0.14914041757583618,0.7260691523551941,0.12479034066200256,1
12,0.16657918691635132,0.6952235698699951,0.13819724321365356,1
13,0.21836310625076294,0.6200989484786987,0.1615380048751831,1
14,0.23266743123531342,0.5836185812950134,0.18371403217315674,1
15,0.1891278475522995,0.655929684638977,0.1549425572156906,1
16,0.19199158251285553,0.6931162476539612,0.1148921474814415,1
17,0.24605213105678558,0.556586742401123,0.19736115634441376,1
18,0.2341986894607544,0.5585842132568359,0.20721709728240967,1
19,0.22392064332962036,0.5839455723762512,0.1921337991952896,1
20,0.22789378464221954,0.6073382496833801,0.16476795077323914,1
21,0.22865040600299835,0.5962089896202087,0.1751406490802765,1
22,0.22044754028320312,0.636070728302002,0.14348168671131134,1
23,0.19214649498462677,0.6748838424682617,0.13296964764595032,1
24,0.18986135721206665,0.706628680229187,0.10350993275642395,1
25,0.1813402622938156,0.7277869582176208,0.09087274223566055,1
26,0.1692705601453781,0.7213879227638245,0.10934150218963623,1
27,0.1656566560268402,0.7316615581512451,0.10268183052539825,1
28,0.16649529337882996,0.7284306883811951,0.10507399588823318,1
29,0.16400089859962463,0.74032062292099,0.0956784263253212,1
30,0.16322751343250275,0.7588896155357361,0.07788290083408356,1
31,0.1779281497001648,0.7259264588356018,0.09614536911249161,1
32,0.16008402407169342,0.7787547707557678,0.06116112321615219,1
33,0.12116286158561707,0.8397079706192017,0.03912915289402008,1
34,0.1915750652551651,0.7042781710624695,0.10414677113294601,1
35,0.1928665190935135,0.701932966709137,0.10520060360431671,1
36,0.17381364107131958,0.7682436108589172,0.057942748069763184,1
37,0.1283353865146637,0.8467351794242859,0.024929391220211983,1
38,0.10930032283067703,0.8740150928497314,0.01668461598455906,1
39,0.09338612109422684,0.8915941119194031,0.015019766986370087,1
40,0.09184009581804276,0.8929433226585388,0.01521648745983839,1
41,0.07636086642742157,0.9120514392852783,0.011587660759687424,1
42,0.08863905817270279,0.9033754467964172,0.00798553042113781,1
43,0.07846968621015549,0.9136015176773071,0.007928784005343914,1
44,0.08299117535352707,0.9072721004486084,0.009736644104123116,1
45,0.08221767097711563,0.9098713994026184,0.007911053486168385,1
46,0.08603394776582718,0.906453549861908,0.007512473966926336,1
47,0.08011477440595627,0.911827564239502,0.008057696744799614,1
48,0.08086224645376205,0.9097129106521606,0.009424795396625996,1
49,0.08225555717945099,0.9084675312042236,0.00927700474858284,1
50,0.05531063303351402,0.9366377592086792,0.008051668293774128,1
51,0.051102135330438614,0.9393162131309509,0.009581640362739563,1
52,0.043861474841833115,0.9467733502388,0.009365170262753963,1
53,0.04783571511507034,0.943889319896698,0.008275086060166359,1
54,0.05000576749444008,0.9375239014625549,0.012470193207263947,1
55,0.03786316514015198,0.9535253047943115,0.008611569181084633,1
56,0.04401957988739014,0.9468846917152405,0.009095664136111736,1
57,0.0516120083630085,0.938127875328064,0.01026017963886261,1
58,0.022303413599729538,0.9720886945724487,0.005607882048934698,1
59,0.02117488905787468,0.9732187986373901,0.005606324877589941,1
60,0.025553422048687935,0.9669302701950073,0.0075163827277719975,1
61,0.03054390847682953,0.9619237780570984,0.007532339543104172,1
62,0.03382481262087822,0.9589812755584717,0.00719386525452137,1
63,0.039527859538793564,0.952928364276886,0.007543843239545822,1
64,0.033609725534915924,0.9576585292816162,0.00873174611479044,1
65,0.025210915133357048,0.9605053067207336,0.014283847063779831,1
66,0.04529627785086632,0.9432573318481445,0.011446463875472546,1
67,0.03722609579563141,0.9451956152915955,0.01757834665477276,1
68,0.04008680582046509,0.9464026093482971,0.01351049542427063,1
69,0.0492708683013916,0.9362576007843018,0.014471558853983879,1
70,0.0870666354894638,0.8961037993431091,0.016829628497362137,1
71,0.09538722038269043,0.8898563385009766,0.01475641131401062,1
72,0.07991975545883179,0.9017565250396729,0.01832370087504387,1
73,0.09269396215677261,0.8882527947425842,0.019053272902965546,1
74,0.0802263468503952,0.9017387628555298,0.018034834414720535,1
75,0.08596163243055344,0.9013763666152954,0.012662018649280071,1
76,0.07354240119457245,0.9149598479270935,0.011497742496430874,1
77,0.1439460963010788,0.8452690839767456,0.010784875601530075,1
78,0.05327014997601509,0.9367445111274719,0.009985353797674179,1
79,0.03392043709754944,0.946151614189148,0.019927844405174255,1
80,0.037703558802604675,0.9361706972122192,0.026125742122530937,1
81,0.0373174287378788,0.9278650879859924,0.034817542880773544,1
82,0.04121698439121246,0.9191294312477112,0.039653629064559937,1
83,0.05287138372659683,0.9236623644828796,0.023466160520911217,1
84,0.037999581545591354,0.9299112558364868,0.032089218497276306,1
85,0.08097953349351883,0.904388427734375,0.014632018283009529,1
86,0.07872593402862549,0.9052705764770508,0.016003528609871864,1
87,0.05495166406035423,0.9160147905349731,0.029033584520220757,1
88,0.04785369336605072,0.9234849810600281,0.02866131067276001,1
89,0.040987469255924225,0.936237633228302,0.02277493104338646,1
90,0.05218363180756569,0.918684184551239,0.02913212776184082,1
91,0.03984618932008743,0.9237369894981384,0.03641679137945175,1
92,0.0629168152809143,0.8734659552574158,0.06361715495586395,1
93,0.05486760661005974,0.8811075091362,0.06402480602264404,1
94,0.06624002009630203,0.8790122866630554,0.054747678339481354,1
95,0.07662953436374664,0.8702783584594727,0.05309206619858742,1
96,0.07600689679384232,0.8730279803276062,0.05096510052680969,1
97,0.08242419362068176,0.8672164082527161,0.0503593310713768,1
98,0.08408674597740173,0.8717195391654968,0.04419374465942383,1
99,0.08921702206134796,0.8572161793708801,0.05356691777706146,1
100,0.08851291984319687,0.8676784038543701,0.04380873590707779,1
101,0.09180422127246857,0.845283567905426,0.06291209161281586,1
102,0.09426552802324295,0.8286840915679932,0.0770503431558609,1
103,0.09130886197090149,0.8484696745872498,0.060221537947654724,1
104,0.09011542797088623,0.8374849557876587,0.0723995566368103,1
105,0.09294769912958145,0.8555998802185059,0.05145227536559105,1
106,0.0925045758485794,0.8679641485214233,0.03953132778406143,1
107,0.09543953090906143,0.8686017990112305,0.03595862165093422,1
108,0.09333042055368423,0.8588460087776184,0.04782361164689064,1
109,0.0990961492061615,0.8242141008377075,0.07668977975845337,1
110,0.09942254424095154,0.8244562745094299,0.0761212632060051,1
111,0.09985169023275375,0.8497523069381714,0.05039599537849426,1
112,0.0911674052476883,0.8877198100090027,0.02111271396279335,1
113,0.10651309788227081,0.8602783679962158,0.033208590000867844,1
114,0.135054811835289,0.8525534868240356,0.012391761876642704,1
115,0.10727833211421967,0.8814575672149658,0.011264018714427948,1
116,0.08020195364952087,0.9109320044517517,0.008866113610565662,1
117,0.0875246524810791,0.904187798500061,0.008287581615149975,1
118,0.08288522064685822,0.9082193374633789,0.008895437233150005,1
119,0.07899302989244461,0.9122917056083679,0.00871529895812273,1
120,0.06122346222400665,0.9298937320709229,0.008882937021553516,1
121,0.05973086878657341,0.9323440790176392,0.007925033569335938,1
122,0.04605221375823021,0.9445012807846069,0.009446431882679462,1
123,0.033188749104738235,0.9587926864624023,0.008018613792955875,1
124,0.04277634993195534,0.9486210942268372,0.00860256515443325,1
125,0.02653672732412815,0.9658488631248474,0.007614437025040388,1
126,0.016029324382543564,0.9759551286697388,0.008015433326363564,1
127,0.016638172790408134,0.9716351628303528,0.011726618744432926,1
128,0.01547311432659626,0.9682135581970215,0.016313357278704643,1
129,0.01784946396946907,0.9692136645317078,0.012936911545693874,1
130,0.020785897970199585,0.9654375910758972,0.013776535168290138,1
131,0.02359599992632866,0.9592104554176331,0.017193472012877464,1
132,0.019790442660450935,0.9642114043235779,0.015998227521777153,1
133,0.020634284242987633,0.963097095489502,0.016268685460090637,1
134,0.022903617471456528,0.95515376329422,0.021942663937807083,1
135,0.02557334117591381,0.9525184035301208,0.021908434107899666,1
136,0.03373638540506363,0.9433982968330383,0.02286531962454319,1
137,0.0311904139816761,0.9458172917366028,0.022992238402366638,1
138,0.04722622036933899,0.9124282002449036,0.040345560759305954,1
139,0.047203242778778076,0.9220956563949585,0.03070126287639141,1
140,0.04670465365052223,0.9251387715339661,0.028156565502285957,1
141,0.04768650606274605,0.9166107177734375,0.03570272773504257,1
142,0.04866532236337662,0.9213292598724365,0.03000536374747753,1
143,0.05140027031302452,0.9157240390777588,0.03287572041153908,1
144,0.048036184161901474,0.9190109968185425,0.03295278549194336,1
145,0.051766287535429,0.9093573093414307,0.03887642174959183,1
146,0.051394421607255936,0.9171730279922485,0.031432654708623886,1
147,0.051244933158159256,0.9184447526931763,0.030310267582535744,1
148,0.05632441118359566,0.9057413935661316,0.03793422132730484,1
149,0.04592221975326538,0.9111660122871399,0.04291179031133652,1
150,0.038720808923244476,0.9206008911132812,0.04067834094166756,1
151,0.0346207469701767,0.9366279244422913,0.028751345351338387,1
152,0.024511637166142464,0.9498305916786194,0.025657853111624718,1
153,0.05646005645394325,0.8832752108573914,0.060264769941568375,1
154,0.05650501698255539,0.8777534365653992,0.06574159860610962,1
155,0.060676250606775284,0.8698626160621643,0.06946110725402832,1
156,0.054062362760305405,0.8804957270622253,0.06544185429811478,1
157,0.07187139987945557,0.847143292427063,0.08098524808883667,1
158,0.05792011693120003,0.8746312856674194,0.06744861602783203,1
159,0.06522542238235474,0.858562171459198,0.07621244341135025,1
160,0.06533386558294296,0.8510434627532959,0.08362269401550293,1
161,0.06681990623474121,0.8493078351020813,0.08387227356433868,1
162,0.0694231316447258,0.8492570519447327,0.08131977170705795,1
163,0.06480289250612259,0.8567501902580261,0.07844691723585129,1
164,0.06703931093215942,0.8543052673339844,0.07865533977746964,1
165,0.07689289003610611,0.8512551784515381,0.07185201346874237,1
166,0.07968924939632416,0.8676856756210327,0.0526251345872879,1
167,0.07713200896978378,0.8627485632896423,0.06011941656470299,1
168,0.07779425382614136,0.8733652830123901,0.048840511590242386,1
169,0.0776984915137291,0.8738547563552856,0.04844680801033974,1
170,0.0774005651473999,0.871574342250824,0.05102514103055,1
171,0.07811242341995239,0.8763618469238281,0.04552575200796127,1
172,0.07650043815374374,0.8757308125495911,0.0477687269449234,1
173,0.07722465693950653,0.885343074798584,0.03743230178952217,1
174,0.0706227496266365,0.8691542148590088,0.060223039239645004,1
175,0.07205136120319366,0.8554308414459229,0.07251781970262527,1
176,0.08270031213760376,0.8301094770431519,0.08719020336866379,1
177,0.06995799392461777,0.8980892896652222,0.03195267170667648,1
178,0.06963007152080536,0.9001716375350952,0.030198318883776665,1
179,0.062253687530756,0.8826828598976135,0.05506350100040436,1
180,0.13762147724628448,0.7563485503196716,0.10603000223636627,1
181,0.07786719501018524,0.867085337638855,0.05504746362566948,1
182,0.08085717260837555,0.8665181398391724,0.05262468755245209,1
183,0.08496987819671631,0.8580747246742249,0.05695547163486481,1
184,0.07981804013252258,0.881636381149292,0.03854551911354065,1
185,0.08233264088630676,0.874656081199646,0.043011266738176346,1
186,0.08193044364452362,0.8712509870529175,0.046818654984235764,1
187,0.09394538402557373,0.8469597101211548,0.059094954282045364,1
188,0.12309911102056503,0.7707699537277222,0.10613105446100235,1
189,0.11456673592329025,0.8253551125526428,0.060078125447034836,1
190,0.122115358710289,0.7981102466583252,0.0797743871808052,1
191,0.11802069842815399,0.8224002718925476,0.059578992426395416,1
192,0.11084894090890884,0.8388018012046814,0.0503493957221508,1
193,0.11528511345386505,0.8227720260620117,0.061942920088768005,1
194,0.10648515075445175,0.8474371433258057,0.04607758671045303,1
195,0.10550303757190704,0.8472010493278503,0.04729588329792023,1
196,0.10431789606809616,0.8473989963531494,0.04828322306275368,1
197,0.10452654957771301,0.8393299579620361,0.05614348128437996,1
198,0.15025627613067627,0.7271959781646729,0.12254776060581207,1
199,0.1952650398015976,0.6573658585548401,0.14736905694007874,1
200,0.24336320161819458,0.5825420022010803,0.1740947961807251,1
201,0.23047031462192535,0.5740519762039185,0.19547775387763977,1
202,0.22444365918636322,0.5767481923103333,0.19880807399749756,1
203,0.2219710499048233,0.6611930131912231,0.1168360635638237,1
204,0.18589289486408234,0.7630130052566528,0.051094043999910355,1
205,0.18250539898872375,0.7601481676101685,0.057346440851688385,1
206,0.13003024458885193,0.8439476490020752,0.026022005826234818,1
207,0.12057144194841385,0.8543810844421387,0.025047460570931435,1
208,0.12445903569459915,0.8454328179359436,0.03010813146829605,1
209,0.11986435949802399,0.8463749289512634,0.033760666847229004,1
210,0.12661206722259521,0.8334312438964844,0.03995672985911369,1
211,0.11480637639760971,0.8540475964546204,0.031145958229899406,1
212,0.1067294031381607,0.8626041412353516,0.030666353181004524,1
213,0.13173210620880127,0.8146090507507324,0.05365894362330437,1
214,0.1259763389825821,0.8302282094955444,0.043795451521873474,1
215,0.1209130734205246,0.8389847278594971,0.040102191269397736,1
216,0.11250538378953934,0.8571047186851501,0.030390014871954918,1
217,0.10593988001346588,0.8651652336120605,0.02889491617679596,1
218,0.1108926311135292,0.8565868735313416,0.032520588487386703,1
219,0.11085587739944458,0.8509327173233032,0.038211461156606674,1
220,0.10692344605922699,0.8614683747291565,0.03160826116800308,1
221,0.10372871160507202,0.8656314015388489,0.03063991107046604,1
222,0.1199762150645256,0.779456615447998,0.10056719183921814,1
223,0.11277776211500168,0.8244461417198181,0.0627761110663414,1
224,0.1107150986790657,0.8148685693740845,0.07441630214452744,1
225,0.12374641746282578,0.8002572655677795,0.07599630951881409,1
226,0.12858213484287262,0.7981514930725098,0.07326638698577881,1
227,0.14481915533542633,0.7814527750015259,0.07372810691595078,1
228,0.1629534214735031,0.7589277029037476,0.07811883091926575,1
229,0.16355200111865997,0.7544112205505371,0.08203671127557755,1
230,0.13763517141342163,0.7468864917755127,0.1154782772064209,1
231,0.13552136719226837,0.7738948464393616,0.09058374911546707,1
232,0.1473514288663864,0.7419548630714417,0.1106937900185585,1
233,0.1504298448562622,0.7576402425765991,0.09192994236946106,1
234,0.15314209461212158,0.7697376608848572,0.07712022215127945,1
235,0.1314772665500641,0.8114491701126099,0.05707360431551933,1
236,0.12645067274570465,0.8280737996101379,0.045475494116544724,1
237,0.10640814900398254,0.8689736723899841,0.02461809478700161,1
238,0.11011761426925659,0.8637219667434692,0.026160426437854767,1
239,0.1169743463397026,0.8534897565841675,0.02953587844967842,1
240,0.12423177063465118,0.8296125531196594,0.04615562781691551,1
241,0.11908255517482758,0.8412570357322693,0.03966032713651657,1
242,0.1080157458782196,0.8579071760177612,0.03407706692814827,1
243,0.11143933236598969,0.8567783236503601,0.03178243339061737,1
244,0.09287756681442261,0.8797488808631897,0.027373574674129486,1
245,0.07923143357038498,0.9018825888633728,0.01888599805533886,1
246,0.04411729797720909,0.9487049579620361,0.007177760358899832,1
247,0.09037519246339798,0.8257373571395874,0.083887480199337,1
248,0.1269858479499817,0.7649356126785278,0.10807850956916809,1
249,0.265400767326355,0.5606473684310913,0.17395181953907013,1
250,0.2379128783941269,0.5868719220161438,0.17521531879901886,1
251,0.2507844567298889,0.5522563457489014,0.19695918262004852,1
252,0.22629070281982422,0.5758721828460693,0.1978370100259781,1
253,0.2032349854707718,0.7368806004524231,0.05988443270325661,1
254,0.19108061492443085,0.754379391670227,0.054539963603019714,1
255,0.18243257701396942,0.7655304074287415,0.05203702673316002,1
256,0.15161101520061493,0.8136806488037109,0.034708280116319656,1
257,0.1567462682723999,0.8010928630828857,0.04216081649065018,1
258,0.14361535012722015,0.8197118043899536,0.036672838032245636,1
259,0.13552124798297882,0.8288761973381042,0.03560253232717514,1
260,0.14505800604820251,0.8056198358535767,0.049322083592414856,1
261,0.1388607919216156,0.8126262426376343,0.048513058573007584,1
262,0.1374412477016449,0.8094331622123718,0.05312567576766014,1
263,0.15557482838630676,0.7592845559120178,0.08514059334993362,1
264,0.15395820140838623,0.7760583162307739,0.06998352706432343,1
265,0.1525418758392334,0.7782933115959167,0.06916483491659164,1
266,0.1473797708749771,0.7868400812149048,0.06578010320663452,1
267,0.17884595692157745,0.7121968269348145,0.10895730555057526,1
268,0.17766329646110535,0.7154846787452698,0.10685205459594727,1
269,0.18724659085273743,0.6858347654342651,0.12691855430603027,1
270,0.2944991886615753,0.48429545760154724,0.22120530903339386,1
271,0.3528214991092682,0.41386231780052185,0.23331615328788757,1
272,0.4104889929294586,0.3322153091430664,0.257295697927475,0
273,0.44189900159835815,0.2992019057273865,0.25889918208122253,0
274,0.4327729046344757,0.354351669549942,0.2128753960132599,0
275,0.44737744331359863,0.41606444120407104,0.13655808568000793,0
276,0.44446682929992676,0.42722728848457336,0.1283058375120163,0
277,0.40055224299430847,0.4104412794113159,0.18900641798973083,1
278,0.39525654911994934,0.42791229486465454,0.17683111131191254,1
279,0.39445188641548157,0.37502267956733704,0.23052538931369781,0
280,0.5037064552307129,0.2041306346654892,0.2921629846096039,0
281,0.6653619408607483,0.07464387267827988,0.2599942088127136,0
282,0.6498548984527588,0.07894410192966461,0.27120083570480347,0
283,0.6770361065864563,0.05944809690117836,0.263515830039978,0
284,0.674393355846405,0.05529649183154106,0.2703101336956024,0
285,0.6802356243133545,0.05063419044017792,0.2691301107406616,0
286,0.698944628238678,0.03817877918481827,0.26287657022476196,0
287,0.7084940075874329,0.03235623985528946,0.25914984941482544,0
288,0.7119450569152832,0.028816504403948784,0.25923848152160645,0
289,0.7255241870880127,0.02960873208940029,0.24486716091632843,0
290,0.7315915822982788,0.02478887513279915,0.24361960589885712,0
291,0.745291531085968,0.024414444342255592,0.23029400408267975,0
292,0.7488711476325989,0.022450333461165428,0.22867844998836517,0
293,0.7562017440795898,0.026651505380868912,0.21714679896831512,0
294,0.7564458250999451,0.034221820533275604,0.20933236181735992,0
295,0.765370786190033,0.04212327301502228,0.19250600039958954,0
296,0.7714760303497314,0.04149297624826431,0.18703094124794006,0
297,0.7825413942337036,0.05009680613875389,0.16736175119876862,0
298,0.7454537749290466,0.048857513815164566,0.2056887000799179,0
299,0.718285322189331,0.0667402371764183,0.2149745225906372,0
300,0.7119986414909363,0.09060660004615784,0.19739480316638947,0
301,0.6990798115730286,0.11278264969587326,0.18813757598400116,0
302,0.6433709859848022,0.18669873476028442,0.16993027925491333,0
303,0.6287309527397156,0.20991744101047516,0.1613515466451645,0
304,0.44908496737480164,0.4767294228076935,0.0741855651140213,1
305,0.5878180861473083,0.3543896973133087,0.05779223144054413,0
306,0.5826517343521118,0.3557022511959076,0.06164591386914253,0
307,0.5828571319580078,0.3632209002971649,0.053922053426504135,0
308,0.5262066125869751,0.42487239837646484,0.04892099276185036,0
309,0.44891902804374695,0.5102875828742981,0.04079325124621391,1
310,0.36138513684272766,0.5981506109237671,0.040464259684085846,1
311,0.3578774333000183,0.6032581925392151,0.03886435925960541,1
312,0.3664317727088928,0.5803964138031006,0.0531717985868454,1
313,0.3480885922908783,0.6007439494132996,0.051167480647563934,1
314,0.2934240400791168,0.6532678008079529,0.0533081479370594,1
315,0.28990694880485535,0.6561636924743652,0.05392931029200554,1
316,0.275657057762146,0.6617000699043274,0.06264285743236542,1
317,0.3254711627960205,0.6124648451805115,0.06206396594643593,1
318,0.23054972290992737,0.7383017539978027,0.031148577108979225,1
319,0.150594100356102,0.8310885429382324,0.018317412585020065,1
320,0.13401785492897034,0.8501142859458923,0.015867864713072777,1
321,0.12012659758329391,0.8643692135810852,0.015504167415201664,1
322,0.07522460073232651,0.9130441546440125,0.011731251142919064,1
323,0.07089115679264069,0.9169672131538391,0.012141569517552853,1
324,0.07385561615228653,0.9121561050415039,0.013988359831273556,1
325,0.07150942087173462,0.9160078167915344,0.012482792139053345,1
326,0.08070939034223557,0.9036082029342651,0.015682414174079895,1
327,0.06335954368114471,0.922094464302063,0.01454596035182476,1
328,0.0925518050789833,0.8900628685951233,0.017385300248861313,1
329,0.08482455462217331,0.9014495611190796,0.013725860975682735,1
330,0.08791996538639069,0.8935959935188293,0.018484121188521385,1
331,0.08532136678695679,0.8970894813537598,0.017589185386896133,1
332,0.08824913948774338,0.8943408131599426,0.01741003431379795,1
333,0.09445693343877792,0.8861589431762695,0.019384048879146576,1
334,0.09364910423755646,0.8863078355789185,0.020043082535266876,1
335,0.09582135081291199,0.8833264708518982,0.02085215039551258,1
336,0.054064955562353134,0.9311681389808655,0.01476683933287859,1
337,0.05571610853075981,0.9313914179801941,0.012892497703433037,1
338,0.053094472736120224,0.932418167591095,0.014487357810139656,1
339,0.06608358770608902,0.9122276902198792,0.021688686683773994,1
340,0.06031601130962372,0.9282363653182983,0.011447669938206673,1
341,0.06259290874004364,0.9188999533653259,0.018507041037082672,1
342,0.07531718909740448,0.8440514802932739,0.08063136786222458,1
343,0.09510413557291031,0.833125650882721,0.07177024334669113,1
344,0.12931320071220398,0.8255239725112915,0.04516281932592392,1
345,0.1274927407503128,0.8346700668334961,0.03783712536096573,1
346,0.1144108846783638,0.7715511918067932,0.11403794586658478,1
347,0.12189795821905136,0.847893238067627,0.030208773910999298,1
348,0.11304867267608643,0.8599010109901428,0.027050232514739037,1
349,0.12590007483959198,0.837687075138092,0.03641287609934807,1
350,0.12876689434051514,0.8326312899589539,0.03860175982117653,1
351,0.11142955720424652,0.8603594899177551,0.028210852295160294,1
352,0.1271285116672516,0.8163397908210754,0.056531697511672974,1
353,0.2604281008243561,0.7120241522789001,0.027547694742679596,1
354,0.22536638379096985,0.7576762437820435,0.016957471147179604,1
355,0.1515885442495346,0.8270474076271057,0.021364042535424232,1
356,0.1343229115009308,0.8415537476539612,0.024123337119817734,1
357,0.1339828073978424,0.8425772786140442,0.023439843207597733,1
358,0.11841592937707901,0.8572633862495422,0.024320725351572037,1
359,0.11554761976003647,0.8583232760429382,0.02612908184528351,1
360,0.11182388663291931,0.8633242845535278,0.024851838126778603,1
361,0.11733916401863098,0.8502779603004456,0.03238292038440704,1
362,0.11447472125291824,0.8519369959831238,0.03358827531337738,1
363,0.10504975914955139,0.8543590903282166,0.04059112071990967,1
364,0.1211131364107132,0.8413460850715637,0.037540700286626816,1
365,0.11140826344490051,0.8566296696662903,0.03196212649345398,1
366,0.09001007676124573,0.8914076685905457,0.018582331016659737,1
367,0.09081070870161057,0.8903123736381531,0.018876859918236732,1
368,0.0959305465221405,0.8827851414680481,0.021284202113747597,1
369,0.10244612395763397,0.8716318011283875,0.02592206373810768,1
370,0.08058930933475494,0.9023978114128113,0.017012910917401314,1
371,0.09451810270547867,0.8845797181129456,0.020902177318930626,1
372,0.09702105075120926,0.879581093788147,0.023397959768772125,1
373,0.09493488818407059,0.8904860615730286,0.01457914337515831,1
374,0.10016905516386032,0.8868249654769897,0.013005947694182396,1
375,0.09433456510305405,0.8912748694419861,0.014390566386282444,1
376,0.08168181031942368,0.9053612947463989,0.012956894934177399,1
377,0.1052485853433609,0.8731145262718201,0.0216368418186903,1
378,0.13633263111114502,0.8301491141319275,0.03351824730634689,1
379,0.11224296689033508,0.8588085174560547,0.028948459774255753,1
380,0.11568206548690796,0.8456063270568848,0.03871164843440056,1
381,0.11633358150720596,0.8506054878234863,0.033060863614082336,1
382,0.11290072649717331,0.854479193687439,0.03261999785900116,1
383,0.1094842180609703,0.8597111701965332,0.030804743990302086,1
384,0.10911893844604492,0.86163330078125,0.029247822239995003,1
385,0.08802951127290726,0.8818178176879883,0.030152786523103714,1
386,0.0785888209939003,0.8879485130310059,0.03346260264515877,1
387,0.05768219381570816,0.9176199436187744,0.02469789981842041,1
388,0.06788986176252365,0.9022729992866516,0.029837174341082573,1
389,0.06939765810966492,0.9003511667251587,0.030251171439886093,1
390,0.0939556360244751,0.8693253397941589,0.03671898692846298,1
391,0.09159266948699951,0.8493147492408752,0.05909259617328644,1
392,0.10148024559020996,0.8618496060371399,0.03667014464735985,1
393,0.09403707832098007,0.8781217336654663,0.027841150760650635,1
394,0.11205857992172241,0.8529915809631348,0.03494982793927193,1
395,0.10061965137720108,0.8554738163948059,0.043906502425670624,1
396,0.09361401200294495,0.8570553064346313,0.049330685287714005,1
397,0.14221051335334778,0.7822624444961548,0.07552699744701385,1
398,0.16063840687274933,0.715776264667511,0.12358535081148148,1
399,0.17193952202796936,0.7366933822631836,0.0913671925663948,1
400,0.1529291421175003,0.7253252267837524,0.12174566090106964,1
401,0.14996318519115448,0.7219124436378479,0.1281244307756424,1
402,0.15026094019412994,0.719268262386322,0.1304708570241928,1
403,0.149552121758461,0.7028713822364807,0.1475764811038971,1
404,0.12085014581680298,0.7691256999969482,0.11002425849437714,1
405,0.17042399942874908,0.6761102080345154,0.15346582233905792,1
406,0.16936087608337402,0.7572330236434937,0.07340610772371292,1
407,0.16885940730571747,0.7642496824264526,0.06689099967479706,1
408,0.17947357892990112,0.7248814702033997,0.09564480930566788,1
409,0.15960706770420074,0.7089366912841797,0.13145624101161957,1
410,0.15273930132389069,0.7751083970069885,0.07215233892202377,1
411,0.1682673841714859,0.7727128863334656,0.059019699692726135,1
412,0.1695973128080368,0.7616533637046814,0.0687493309378624,1
413,0.17750941216945648,0.7140734195709229,0.10841725021600723,1
414,0.18126913905143738,0.7406706213951111,0.078060083091259,1
415,0.16276897490024567,0.7672113180160522,0.0700196921825409,1
416,0.19898265600204468,0.7148382663726807,0.08617909252643585,1
417,0.20078662037849426,0.6946727633476257,0.10454071313142776,1
418,0.19911476969718933,0.7017064690589905,0.0991787537932396,1
419,0.19021464884281158,0.7300375699996948,0.07974781095981598,1
420,0.14268749952316284,0.8117272257804871,0.04558536782860756,1
421,0.13925431668758392,0.8282811641693115,0.03246448189020157,1
422,0.15111485123634338,0.8052321672439575,0.043653033673763275,1
423,0.16658954322338104,0.7768144607543945,0.056595999747514725,1
424,0.13698171079158783,0.8364026546478271,0.026615597307682037,1
425,0.17900989949703217,0.798560619354248,0.022429529577493668,1
426,0.13016508519649506,0.8475566506385803,0.022278284654021263,1
427,0.11163784563541412,0.8703076839447021,0.018054600805044174,1
428,0.14877557754516602,0.8114684820175171,0.03975595533847809,1
429,0.13360798358917236,0.8344228863716125,0.03196915239095688,1
430,0.12709446251392365,0.8409349918365479,0.03197060152888298,1
431,0.1442662924528122,0.8312897086143494,0.024444103240966797,1
432,0.1352425366640091,0.8466265201568604,0.018131041899323463,1
433,0.09278596937656403,0.8918116092681885,0.015402392484247684,1
434,0.12488207221031189,0.8454816341400146,0.029636403545737267,1
435,0.20215433835983276,0.624940037727356,0.17290560901165009,1
436,0.2507965862751007,0.5566759705543518,0.19252745807170868,1
437,0.2687375247478485,0.5299481749534607,0.201314315199852,1
438,0.3304409682750702,0.4349115192890167,0.2346474975347519,1
439,0.318706214427948,0.44085049629211426,0.24044325947761536,1
440,0.29563331604003906,0.48502543568611145,0.21934130787849426,1
441,0.30290475487709045,0.48404449224472046,0.21305081248283386,1
442,0.2973586916923523,0.5145384073257446,0.18810296058654785,1
443,0.3578808903694153,0.3800354599952698,0.2620837390422821,1
444,0.39148420095443726,0.3337439000606537,0.27477195858955383,0
445,0.3527834415435791,0.38343557715415955,0.26378098130226135,1
446,0.3491710126399994,0.38580086827278137,0.26502811908721924,1
447,0.3517695367336273,0.38231518864631653,0.265915185213089,1
448,0.31400036811828613,0.4511297941207886,0.2348697930574417,1
449,0.28117623925209045,0.4998475909233093,0.2189762145280838,1
450,0.27745309472084045,0.5126281976699829,0.20991872251033783,1
451,0.27687758207321167,0.5099502801895142,0.21317215263843536,1
452,0.2804465889930725,0.5094770193099976,0.2100764662027359,1
453,0.2666793465614319,0.5358126759529114,0.19750796258449554,1
454,0.2711144685745239,0.5202639102935791,0.20862165093421936,1
455,0.2329150140285492,0.5927827954292297,0.17430216073989868,1
456,0.25326254963874817,0.5494194626808167,0.19731789827346802,1
457,0.23861795663833618,0.6121368408203125,0.14924512803554535,1
458,0.19830499589443207,0.7053447365760803,0.09635032713413239,1
459,0.14613080024719238,0.8134618997573853,0.04040726274251938,1
460,0.14614875614643097,0.8163472414016724,0.037503961473703384,1
461,0.3816677927970886,0.4744572341442108,0.14387494325637817,1
462,0.13592268526554108,0.8407477140426636,0.02332964912056923,1
463,0.13770274817943573,0.8362471461296082,0.026050113141536713,1
464,0.16382767260074615,0.8012617230415344,0.03491051867604256,1
465,0.1970997005701065,0.7571432590484619,0.04575704410672188,1
466,0.34418901801109314,0.5331202745437622,0.12269076704978943,1
467,0.3213045001029968,0.5982818007469177,0.08041365444660187,1
468,0.32512080669403076,0.5879822373390198,0.08689693361520767,1
469,0.3208507001399994,0.5979405045509338,0.08120878785848618,1
470,0.309402197599411,0.6138535141944885,0.07674437016248703,1
471,0.20704065263271332,0.7551534175872803,0.037805963307619095,1
472,0.18785789608955383,0.7775745987892151,0.0345674529671669,1
473,0.2037060409784317,0.7564057111740112,0.039888300001621246,1
474,0.25302833318710327,0.690030038356781,0.05694158375263214,1
475,0.3004150986671448,0.5829756259918213,0.1166091337800026,1
476,0.2995224595069885,0.6105656027793884,0.08991195261478424,1
477,0.3049590289592743,0.5718740224838257,0.12316696345806122,1
478,0.3044370710849762,0.5856699347496033,0.10989297181367874,1
479,0.3071964383125305,0.5415745377540588,0.1512290984392166,1
480,0.29604098200798035,0.5168571472167969,0.18710196018218994,1
481,0.33893489837646484,0.4084358811378479,0.25262922048568726,1
482,0.35757267475128174,0.41308194398880005,0.22934532165527344,1
483,0.3770821690559387,0.41904833912849426,0.2038695067167282,1
484,0.38347867131233215,0.47166821360588074,0.1448531448841095,1
485,0.3634391129016876,0.5409034490585327,0.09565741568803787,1
486,0.27127379179000854,0.6258251070976257,0.10290113836526871,1
487,0.2748180627822876,0.6231160163879395,0.10206590592861176,1
488,0.13227254152297974,0.839298665523529,0.02842884324491024,1
489,0.12870633602142334,0.8461146354675293,0.025179104879498482,1
490,0.1564357727766037,0.8163729310035706,0.027191298082470894,1
491,0.1783863604068756,0.7850693464279175,0.03654438257217407,1
492,0.20352822542190552,0.7507463097572327,0.045725468546152115,1
493,0.16165506839752197,0.8055770993232727,0.03276779502630234,1
494,0.18504509329795837,0.7730400562286377,0.0419149175286293,1
495,0.17328140139579773,0.7805898189544678,0.046128787100315094,1
496,0.1644582599401474,0.7908651232719421,0.04467661306262016,1
497,0.24545426666736603,0.6720803380012512,0.08246539533138275,1
498,0.2184869647026062,0.7186331748962402,0.06287991255521774,1
499,0.20807841420173645,0.7415939569473267,0.05032768100500107,1
500,0.20643991231918335,0.7414928078651428,0.05206732079386711,1
501,0.25072965025901794,0.673771858215332,0.07549838721752167,1
502,0.22230832278728485,0.7209790349006653,0.05671263858675957,1
503,0.22696539759635925,0.7147332429885864,0.05830134451389313,1
504,0.2366553097963333,0.695286750793457,0.06805786490440369,1
505,0.17557093501091003,0.7738779187202454,0.05055117607116699,1
506,0.1766619235277176,0.7724670767784119,0.050870999693870544,1
507,0.21301747858524323,0.7020168900489807,0.08496555685997009,1
508,0.208688423037529,0.729428231716156,0.061883311718702316,1
509,0.28861692547798157,0.4857243597507477,0.22565874457359314,1
510,0.28895604610443115,0.4866560995578766,0.22438788414001465,1
511,0.27469319105148315,0.5195692777633667,0.20573759078979492,1
512,0.3861498534679413,0.3442443907260895,0.26960575580596924,0
513,0.37418627738952637,0.35117751359939575,0.2746362090110779,0
514,0.39323702454566956,0.32766565680503845,0.279097318649292,0
515,0.36215394735336304,0.3855900764465332,0.25225600600242615,1
516,0.34933120012283325,0.4587675929069519,0.19190113246440887,1
517,0.3382900059223175,0.4262126088142395,0.23549742996692657,1
518,0.32920777797698975,0.4683825373649597,0.20240962505340576,1
519,0.33682942390441895,0.4486874043941498,0.21448318660259247,1
520,0.3286173343658447,0.5008923411369324,0.17049039900302887,1
521,0.3701227009296417,0.4413464665412903,0.1885308474302292,1
522,0.34472566843032837,0.4670645296573639,0.18820975720882416,1
523,0.32469868659973145,0.5342636108398438,0.1410376876592636,1
524,0.2944130599498749,0.5965449213981628,0.10904202610254288,1
525,0.35381457209587097,0.5118547081947327,0.13433067500591278,1
526,0.32386457920074463,0.5278165936470032,0.14831872284412384,1
527,0.2910628914833069,0.5993289351463318,0.10960814356803894,1
528,0.27585330605506897,0.6279730200767517,0.09617368131875992,1
529,0.28124484419822693,0.5981444716453552,0.12061064690351486,1
530,0.2802908718585968,0.5917872190475464,0.12792198359966278,1
531,0.17612406611442566,0.7680224776268005,0.05585348233580589,1
532,0.1408843696117401,0.8164777755737305,0.04263785853981972,1
533,0.1638384610414505,0.8137249946594238,0.02243657596409321,1
534,0.15031330287456512,0.8288030624389648,0.020883630961179733,1
535,0.1402297466993332,0.8353232145309448,0.02444705180823803,1
536,0.12482617050409317,0.8552992343902588,0.01987454667687416,1
537,0.26403552293777466,0.5912750363349915,0.1446893960237503,1
538,0.3423904478549957,0.4196937680244446,0.23791569471359253,1
539,0.36077043414115906,0.4007823169231415,0.23844729363918304,1
540,0.38122764229774475,0.3694896399974823,0.2492826282978058,0
541,0.3759017884731293,0.383404016494751,0.24069425463676453,1
542,0.3694723844528198,0.42926737666130066,0.2012602537870407,1
543,0.3771488070487976,0.4241790473461151,0.19867214560508728,1
544,0.38198673725128174,0.41306525468826294,0.20494797825813293,1
545,0.3933602273464203,0.40803009271621704,0.19860965013504028,1
546,0.4009121060371399,0.4597580134868622,0.1393299102783203,1
547,0.38892629742622375,0.448418527841568,0.16265523433685303,1
548,0.3701014220714569,0.5030731558799744,0.1268254667520523,1
549,0.3688713610172272,0.5218610763549805,0.10926756262779236,1
550,0.28714752197265625,0.6516216993331909,0.061230745166540146,1
551,0.25341784954071045,0.6889693737030029,0.05761277675628662,1
552,0.246205672621727,0.6948526501655579,0.05894174799323082,1
553,0.23017153143882751,0.7186003923416138,0.05122799053788185,1
554,0.2679460942745209,0.6635860800743103,0.06846771389245987,1
555,0.28090691566467285,0.6140158772468567,0.10507723689079285,1
556,0.3026508390903473,0.49610254168510437,0.20124657452106476,1
557,0.2694033682346344,0.6132564544677734,0.11734014004468918,1
558,0.3118542730808258,0.5267494916915894,0.16139627993106842,1
559,0.31154248118400574,0.5144368410110474,0.17402076721191406,1
560,0.28036120533943176,0.6128896474838257,0.10674916207790375,1
561,0.22299955785274506,0.7243910431861877,0.0526094026863575,1
562,0.19451604783535004,0.7701069116592407,0.03537705913186073,1
563,0.17189587652683258,0.7988230586051941,0.029281074181199074,1
564,0.16654802858829498,0.8021132349967957,0.03133871778845787,1
565,0.16828204691410065,0.7963883876800537,0.035329628735780716,1
566,0.2206643670797348,0.721934974193573,0.05740058422088623,1
567,0.23787355422973633,0.6924647688865662,0.06966164708137512,1
568,0.19944213330745697,0.7500101923942566,0.050547726452350616,1
569,0.19078859686851501,0.759852409362793,0.049359120428562164,1
570,0.23626109957695007,0.6929219365119934,0.0708170235157013,1
571,0.24244897067546844,0.6770310997962952,0.08051981776952744,1
572,0.23495736718177795,0.6979760527610779,0.06706662476062775,1
573,0.20701904594898224,0.7404907941818237,0.05249019339680672,1
574,0.24304144084453583,0.6851285099983215,0.07183007150888443,1
575,0.21583235263824463,0.7221724987030029,0.061995211988687515,1
576,0.19743141531944275,0.747646689414978,0.054921869188547134,1
577,0.1598660945892334,0.7934338450431824,0.04670000448822975,1
578,0.20943570137023926,0.7351639866828918,0.055400315672159195,1
579,0.18812455236911774,0.767082929611206,0.04479252174496651,1
580,0.09296166151762009,0.8947476148605347,0.012290718033909798,1
581,0.12307802587747574,0.8566561341285706,0.020265908911824226,1
582,0.08181264996528625,0.9056724905967712,0.012514857575297356,1
583,0.08264755457639694,0.8992760181427002,0.01807640679180622,1
584,0.1088697761297226,0.8780211210250854,0.013109096325933933,1
585,0.12319166958332062,0.859054446220398,0.017753954976797104,1
586,0.1248474270105362,0.8528397083282471,0.022312931716442108,1
587,0.13932913541793823,0.8407838940620422,0.019887009635567665,1
588,0.1253412514925003,0.8565608263015747,0.018097855150699615,1
589,0.11498142033815384,0.8701390027999878,0.01487955916672945,1
590,0.0816231444478035,0.9046052098274231,0.013771682977676392,1
591,0.06571708619594574,0.9246306419372559,0.009652216918766499,1
592,0.07527478039264679,0.9140602350234985,0.010664892382919788,1
593,0.08030922710895538,0.9054325819015503,0.014258227311074734,1
594,0.059687696397304535,0.9324190616607666,0.007893194444477558,1
595,0.06425781548023224,0.920703113079071,0.01503907609730959,1
596,0.07241300493478775,0.9097408056259155,0.017846249043941498,1
597,0.08002164214849472,0.9025323390960693,0.017446035519242287,1
598,0.07369197905063629,0.914375901222229,0.011932114139199257,1
599,0.0764438733458519,0.9088096022605896,0.014746533706784248,1
600,0.07780124247074127,0.9061509370803833,0.01604781486093998,1
601,0.08156820386648178,0.9016346335411072,0.016797179356217384,1
602,0.10195992141962051,0.8891851305961609,0.008854971267282963,1
603,0.09896820783615112,0.8925532102584839,0.008478510193526745,1
604,0.10615381598472595,0.8839539885520935,0.009892179630696774,1
605,0.08823682367801666,0.8988719582557678,0.012891287915408611,1
606,0.08248140662908554,0.901914656162262,0.015603979118168354,1
607,0.07394471764564514,0.9157268404960632,0.010328439064323902,1
608,0.0866665467619896,0.8981327414512634,0.015200769528746605,1
609,0.09689724445343018,0.8709446787834167,0.03215812146663666,1
610,0.08547816425561905,0.8933260440826416,0.021195746958255768,1
611,0.15566261112689972,0.8322222828865051,0.012115092016756535,1
612,0.12058263272047043,0.8644589781761169,0.014958356507122517,1
613,0.11228502541780472,0.8722800612449646,0.01543495524674654,1
614,0.09754123538732529,0.8904374837875366,0.012021181173622608,1
615,0.10034430027008057,0.8602352738380432,0.03942034766077995,1
616,0.10515142232179642,0.8276840448379517,0.06716454029083252,1
617,0.10920145362615585,0.8431474566459656,0.047651052474975586,1
618,0.11405101418495178,0.8460224270820618,0.039926592260599136,1
619,0.09719396382570267,0.8716697692871094,0.031136205419898033,1
620,0.10366813838481903,0.8577741980552673,0.03855763003230095,1
621,0.10721024870872498,0.8524681925773621,0.04032157361507416,1
622,0.10960569232702255,0.8548544049263,0.03553982451558113,1
623,0.10600035637617111,0.8594287037849426,0.0345708392560482,1
624,0.10015378147363663,0.8697481751441956,0.030098067596554756,1
625,0.11909160017967224,0.8257145881652832,0.05519377067685127,1
626,0.14273610711097717,0.7847608327865601,0.07250303775072098,1
627,0.13208435475826263,0.830256462097168,0.03765920549631119,1
628,0.12445016205310822,0.8469463586807251,0.028603389859199524,1
629,0.12170141190290451,0.8514766097068787,0.026821967214345932,1
630,0.12107756733894348,0.855786144733429,0.02313627302646637,1
631,0.12744025886058807,0.8416768908500671,0.03088284656405449,1
632,0.11968015879392624,0.8457944393157959,0.03452541306614876,1
633,0.09680450707674026,0.8780468106269836,0.02514866553246975,1
634,0.10797760635614395,0.8671241998672485,0.024898231029510498,1
635,0.13783395290374756,0.8284069299697876,0.033759068697690964,1
636,0.13243535161018372,0.8361427783966064,0.03142198920249939,1
637,0.1323884129524231,0.8315941095352173,0.03601742535829544,1
638,0.13698741793632507,0.8257346153259277,0.03727788105607033,1
639,0.10111172497272491,0.8816245198249817,0.017263829708099365,1
640,0.08595076948404312,0.9061248898506165,0.007924297824501991,1
641,0.09303261339664459,0.8992210626602173,0.0077462526969611645,1
642,0.08854558318853378,0.9037807583808899,0.007673762738704681,1
643,0.07505311816930771,0.9147992134094238,0.010147654451429844,1
644,0.0541154220700264,0.9374784827232361,0.008406119421124458,1
645,0.04964398965239525,0.9415797591209412,0.008776165544986725,1
646,0.05124440789222717,0.9397338032722473,0.009021797217428684,1
647,0.04864819347858429,0.9418317675590515,0.00951987225562334,1
648,0.057630062103271484,0.9278938174247742,0.014476069249212742,1
649,0.03585359454154968,0.9538540244102478,0.01029236800968647,1
650,0.033000897616147995,0.9565877914428711,0.010411297902464867,1
651,0.052982524037361145,0.9292408227920532,0.017776736989617348,1
652,0.06335021555423737,0.9192099571228027,0.01743982918560505,1
653,0.0626438781619072,0.9226099848747253,0.01474615465849638,1
654,0.08510828763246536,0.8822720646858215,0.03261970728635788,1
655,0.07646352052688599,0.8910409808158875,0.03249558433890343,1
656,0.07201342284679413,0.8937603831291199,0.03422616049647331,1
657,0.07725551724433899,0.8844691514968872,0.03827531635761261,1
658,0.07196725904941559,0.9017488956451416,0.02628394030034542,1
659,0.07311803847551346,0.9071868658065796,0.019695205613970757,1
660,0.07298361510038376,0.9031818509101868,0.0238345880061388,1
661,0.07491625845432281,0.8943500518798828,0.030733758583664894,1
662,0.07519560307264328,0.8943498730659485,0.03045455738902092,1
663,0.08568387478590012,0.874800443649292,0.039515625685453415,1
664,0.11198018491268158,0.828397810459137,0.059622008353471756,1
665,0.13612967729568481,0.8088520765304565,0.05501827597618103,1
666,0.1449326127767563,0.8066869974136353,0.04838043078780174,1
667,0.13327328860759735,0.8305474519729614,0.03617926687002182,1
668,0.16285595297813416,0.8101320266723633,0.02701195888221264,1
669,0.1484767347574234,0.824147641658783,0.02737569436430931,1
670,0.1558682769536972,0.815875768661499,0.02825595997273922,1
671,0.14350682497024536,0.8276624083518982,0.028830835595726967,1
672,0.1159251481294632,0.8535652756690979,0.03050963766872883,1
673,0.1253078281879425,0.8406376242637634,0.03405449166893959,1
674,0.12120082974433899,0.8438755869865417,0.03492354974150658,1
675,0.10094249993562698,0.8632880449295044,0.03576942905783653,1
676,0.1181672215461731,0.835953414440155,0.04587934911251068,1
677,0.13261911273002625,0.8323159217834473,0.035064879804849625,1
678,0.09248777478933334,0.8746665716171265,0.03284565731883049,1
679,0.07619920372962952,0.9009849429130554,0.022815732285380363,1
680,0.06968602538108826,0.9150875210762024,0.015226461924612522,1
681,0.134949192404747,0.8546820878982544,0.010368731804192066,1
682,0.12294121086597443,0.864830493927002,0.012228348292410374,1
683,0.14478151500225067,0.8455114960670471,0.009706954471766949,1
684,0.10098240524530411,0.8874586820602417,0.011558939702808857,1
685,0.06960096955299377,0.9203987121582031,0.010000327602028847,1
686,0.07092826813459396,0.916205644607544,0.012866184115409851,1
687,0.05990217998623848,0.9284963607788086,0.011601523496210575,1
688,0.05102505534887314,0.9376190304756165,0.011356068775057793,1
689,0.05474663898348808,0.9334263801574707,0.011827036738395691,1
690,0.0704450011253357,0.9083846807479858,0.02117033489048481,1
691,0.07613613456487656,0.9051770567893982,0.018686730414628983,1
692,0.09845976531505585,0.879751443862915,0.021788867190480232,1
693,0.08826310187578201,0.8899604678153992,0.02177642472088337,1
694,0.08835085481405258,0.8895010352134705,0.02214813604950905,1
695,0.08236102759838104,0.897161066532135,0.020477881655097008,1
696,0.05899687856435776,0.9238793849945068,0.017123673111200333,1
697,0.056206151843070984,0.9276056289672852,0.016188178211450577,1
698,0.05313130468130112,0.9348539710044861,0.012014809064567089,1
699,0.0436379574239254,0.9453625082969666,0.01099956315010786,1
700,0.04293186590075493,0.9438604116439819,0.013207793235778809,1
701,0.05087670311331749,0.9366336464881897,0.01248970441520214,1
702,0.04508743807673454,0.9377591013908386,0.017153451219201088,1
703,0.057953715324401855,0.9038658142089844,0.038180362433195114,1
704,0.05776595696806908,0.8807462453842163,0.06148775294423103,1
705,0.08436453342437744,0.8278656601905823,0.08776979893445969,1
706,0.0891900360584259,0.8438292741775513,0.06698071211576462,1
707,0.14601433277130127,0.7143832445144653,0.13960228860378265,1
708,0.12887683510780334,0.8156929016113281,0.05543025583028793,1
709,0.1270604431629181,0.8043494820594788,0.06859004497528076,1
710,0.11205924302339554,0.846501886844635,0.041438937187194824,1
711,0.1339726448059082,0.8389897346496582,0.027037588879466057,1
712,0.18495877087116241,0.7941380739212036,0.020903175696730614,1
713,0.14459677040576935,0.8318979740142822,0.023505231365561485,1
714,0.11175618320703506,0.8709236979484558,0.017320185899734497,1
715,0.12758992612361908,0.8502362370491028,0.022173842415213585,1
716,0.12889693677425385,0.8450382351875305,0.026064740493893623,1
717,0.1293710470199585,0.8527149558067322,0.017914021387696266,1
718,0.12376884371042252,0.8597881197929382,0.016442984342575073,1
719,0.11992248147726059,0.8606276512145996,0.019449925050139427,1
720,0.09439045190811157,0.8919815421104431,0.01362796314060688,1
721,0.08820241689682007,0.8900551199913025,0.02174236811697483,1
722,0.12159448117017746,0.8539307713508606,0.024474725127220154,1
723,0.1019035279750824,0.8704884052276611,0.02760811522603035,1
724,0.10218136757612228,0.8755345940589905,0.022284001111984253,1
725,0.10328973829746246,0.8708548545837402,0.02585541270673275,1
726,0.07597240060567856,0.902417004108429,0.021610645577311516,1
727,0.07010181993246078,0.9182358384132385,0.011662280187010765,1
728,0.06356139481067657,0.9266522526741028,0.009786226786673069,1
729,0.06586054712533951,0.9266669154167175,0.007472575642168522,1
730,0.06290870904922485,0.929797887802124,0.007293422240763903,1
731,0.043960269540548325,0.9493582844734192,0.006681337486952543,1
732,0.048843007534742355,0.9438037276268005,0.007353221531957388,1
733,0.042237214744091034,0.9518221616744995,0.005940585862845182,1
734,0.040023043751716614,0.9536536931991577,0.006323243025690317,1
735,0.04704217240214348,0.9447656273841858,0.008192264474928379,1
736,0.05990040674805641,0.929729700088501,0.010369964875280857,1
737,0.047221552580595016,0.9423197507858276,0.010458647273480892,1
738,0.045794300734996796,0.9443431496620178,0.00986248068511486,1
739,0.0461149588227272,0.9414588809013367,0.012426024302840233,1
740,0.04098939895629883,0.9458714723587036,0.013139039278030396,1
741,0.05485963076353073,0.9300051331520081,0.015135244466364384,1
742,0.05791043862700462,0.9249070882797241,0.017182502895593643,1
743,0.05361585691571236,0.9314853549003601,0.014898755587637424,1
744,0.06649723649024963,0.9182900190353394,0.015212849713861942,1
745,0.037369996309280396,0.9553095698356628,0.0073204608634114265,1
746,0.04251478612422943,0.949669599533081,0.007815692573785782,1
747,0.029359452426433563,0.9627666473388672,0.007873857393860817,1
748,0.034876853227615356,0.9570150375366211,0.0081081697717309,1
749,0.03393290564417839,0.9597993493080139,0.006267789751291275,1
750,0.030396196991205215,0.9640288949012756,0.005574943032115698,1
751,0.04401828348636627,0.9479009509086609,0.0080808624625206,1
752,0.09671494364738464,0.8949136734008789,0.008371288888156414,1
753,0.08971946686506271,0.8969148993492126,0.013365674763917923,1
754,0.1173633560538292,0.8701989054679871,0.012437824159860611,1
755,0.07935003936290741,0.9110978841781616,0.009551994502544403,1
756,0.07010087370872498,0.9165067076683044,0.013392380438745022,1
757,0.0726500153541565,0.8964070677757263,0.030942903831601143,1
758,0.07196111977100372,0.9003926515579224,0.02764623984694481,1
759,0.07429392635822296,0.9039076566696167,0.02179850824177265,1
760,0.07155252993106842,0.894537627696991,0.03390984609723091,1
761,0.0646476149559021,0.8932863473892212,0.04206608980894089,1
762,0.06926724314689636,0.8972952365875244,0.033437516540288925,1
763,0.06355338543653488,0.9032930135726929,0.03315354511141777,1
764,0.06005986034870148,0.9042493104934692,0.03569074347615242,1
765,0.06591884046792984,0.8893051743507385,0.044775962829589844,1
766,0.06346999853849411,0.8745397925376892,0.06199014559388161,1
767,0.10119212418794632,0.803632915019989,0.09517491608858109,1
768,0.1081170067191124,0.7866784930229187,0.10520453006029129,1
769,0.12451712787151337,0.7737578749656677,0.1017250195145607,1
770,0.14229430258274078,0.7429867386817932,0.11471904069185257,1
771,0.14370845258235931,0.7648518085479736,0.09143982082605362,1
772,0.15024693310260773,0.7676652073860168,0.08208784461021423,1
773,0.1391424536705017,0.7974864840507507,0.06337107717990875,1
774,0.12422145903110504,0.8275153040885925,0.04826315492391586,1
775,0.12512093782424927,0.824600875377655,0.050278086215257645,1
776,0.15758389234542847,0.7607490420341492,0.08166702836751938,1
777,0.15099194645881653,0.7788640260696411,0.07014400511980057,1
778,0.1773500144481659,0.708807647228241,0.11384236812591553,1
779,0.18475469946861267,0.6914573311805725,0.12378791719675064,1
780,0.17903746664524078,0.7174318432807922,0.10353062301874161,1
781,0.13448385894298553,0.823602557182312,0.041913554072380066,1
782,0.14734746515750885,0.7998093366622925,0.05284322053194046,1
783,0.1652974784374237,0.7441481947898865,0.09055427461862564,1
784,0.14409029483795166,0.7984989285469055,0.0574108324944973,1
785,0.16158157587051392,0.7629085779190063,0.07550980150699615,1
786,0.16624343395233154,0.7531997561454773,0.08055680990219116,1
787,0.15179629623889923,0.784818172454834,0.06338554620742798,1
788,0.14689704775810242,0.7957799434661865,0.05732296034693718,1
789,0.17760784924030304,0.7332901954650879,0.08910198509693146,1
790,0.1815132200717926,0.6839624047279358,0.1345244199037552,1
791,0.22625166177749634,0.615021824836731,0.15872642397880554,1
792,0.18047504127025604,0.6908209919929504,0.12870389223098755,1
793,0.18184003233909607,0.7256460785865784,0.09251387417316437,1
794,0.20653343200683594,0.6442522406578064,0.14921437203884125,1
795,0.22004331648349762,0.6304014921188354,0.14955514669418335,1
796,0.28617778420448303,0.5204107165336609,0.1934114694595337,1
797,0.2626054286956787,0.5488068461418152,0.18858769536018372,1
798,0.26841846108436584,0.5095918774604797,0.22198966145515442,1
799,0.2950207591056824,0.4730031192302704,0.23197606205940247,1
800,0.28519007563591003,0.48700615763664246,0.2278037816286087,1
801,0.37095338106155396,0.3658348321914673,0.26321184635162354,0
802,0.3430728614330292,0.40085503458976746,0.25607216358184814,1
803,0.3687444031238556,0.3605930209159851,0.2706625759601593,0
804,0.34155893325805664,0.3913783133029938,0.267062783241272,1
805,0.33293604850769043,0.3863290250301361,0.2807348966598511,1
806,0.32424041628837585,0.39105021953582764,0.2847093939781189,1
807,0.34182503819465637,0.3722028136253357,0.28597214818000793,1
808,0.317839115858078,0.4254036843776703,0.2567572295665741,1
809,0.30927401781082153,0.4982175827026367,0.19250836968421936,1
810,0.30699416995048523,0.49468860030174255,0.19831722974777222,1
811,0.29891327023506165,0.5174922347068787,0.1835944652557373,1
812,0.2880055606365204,0.5536260008811951,0.15836842358112335,1
813,0.2646687626838684,0.6190539598464966,0.11627722531557083,1
814,0.26350170373916626,0.6153634786605835,0.12113475054502487,1
815,0.2438419908285141,0.6593817472457886,0.09677635133266449,1
816,0.2749347686767578,0.5726730227470398,0.15239231288433075,1
817,0.3008735477924347,0.473001629114151,0.22612470388412476,1
818,0.3807639181613922,0.35565105080604553,0.2635849714279175,0
819,0.34956303238868713,0.4000701308250427,0.25036683678627014,1
820,0.32788825035095215,0.5132367610931396,0.15887495875358582,1
821,0.3415830433368683,0.4342828094959259,0.22413426637649536,1
822,0.3270139992237091,0.49854010343551636,0.1744460016489029,1
823,0.33166784048080444,0.4801136255264282,0.18821848928928375,1
824,0.3372337520122528,0.46023061871528625,0.20253562927246094,1
825,0.2533053159713745,0.6714652180671692,0.07522944360971451,1
826,0.20209215581417084,0.7435685992240906,0.054339196532964706,1
827,0.2367413491010666,0.6899463534355164,0.07331237196922302,1
828,0.2958477735519409,0.5774632096290588,0.12668904662132263,1
829,0.48851561546325684,0.2920260429382324,0.21945837140083313,0
830,0.4956245422363281,0.26222318410873413,0.24215225875377655,0
831,0.4406258463859558,0.31778863072395325,0.24158555269241333,0
832,0.46082794666290283,0.26913982629776,0.2700321674346924,0
833,0.43156397342681885,0.28663456439971924,0.2818014323711395,0
834,0.46026572585105896,0.24893231689929962,0.29080188274383545,0
835,0.41415488719940186,0.30112478137016296,0.28472039103507996,0
836,0.41027548909187317,0.2952127456665039,0.2945117652416229,0
837,0.3730055093765259,0.3444099426269531,0.2825845777988434,0
838,0.38468438386917114,0.33719685673713684,0.27811869978904724,0
839,0.4365726709365845,0.2597275376319885,0.30369970202445984,0
840,0.4023161828517914,0.3669893741607666,0.2306944876909256,0
841,0.30020326375961304,0.6019615530967712,0.09783520549535751,1
842,0.3668168783187866,0.4971417486667633,0.13604141771793365,1
843,0.3381865322589874,0.5354479551315308,0.1263655126094818,1
844,0.3108792304992676,0.5674267411231995,0.12169407308101654,1
845,0.3643110692501068,0.4748559594154358,0.1608329564332962,1
846,0.3458513915538788,0.49945056438446045,0.15469799935817719,1
847,0.382962703704834,0.4260242283344269,0.19101302325725555,1
848,0.3954719603061676,0.39308398962020874,0.21144402027130127,0
849,0.447752445936203,0.27266210317611694,0.2795853912830353,0
850,0.3648713231086731,0.4557238221168518,0.17940479516983032,1
851,0.41435161232948303,0.34630298614501953,0.23934540152549744,0
852,0.40426120162010193,0.3991689682006836,0.1965697556734085,0
853,0.4119972586631775,0.409625768661499,0.17837712168693542,0
854,0.41240358352661133,0.4115810692310333,0.17601534724235535,0
855,0.41267943382263184,0.4072036147117615,0.18011701107025146,0
856,0.3681086301803589,0.5166534781455994,0.11523790657520294,1
857,0.39295271039009094,0.45835041999816895,0.14869679510593414,1
858,0.3416605591773987,0.5587651133537292,0.0995742678642273,1
859,0.3401522934436798,0.5542187690734863,0.10562896728515625,1
860,0.3548476994037628,0.5279452800750732,0.11720703542232513,1
861,0.2640990912914276,0.6591910123825073,0.07670984417200089,1
862,0.24428412318229675,0.6874077916145325,0.0683080330491066,1
863,0.22873805463314056,0.7166869640350342,0.05457497388124466,1
864,0.2510656416416168,0.6731670498847961,0.07576719671487808,1
865,0.26906970143318176,0.5978377461433411,0.13309255242347717,1
866,0.23435407876968384,0.6785497665405273,0.08709610998630524,1
867,0.22314415872097015,0.7016030550003052,0.07525284588336945,1
868,0.19952790439128876,0.7418849468231201,0.05858718603849411,1
869,0.16591982543468475,0.8070665001869202,0.027013694867491722,1
870,0.16219519078731537,0.8105694055557251,0.027235526591539383,1
871,0.14081116020679474,0.8436593413352966,0.015529461205005646,1
872,0.08695519715547562,0.8956719636917114,0.01737278327345848,1
873,0.05855274945497513,0.9309473037719727,0.010499963536858559,1
874,0.21048757433891296,0.6425740122795105,0.14693838357925415,1
875,0.19053541123867035,0.6966701149940491,0.11279439926147461,1
876,0.18143750727176666,0.7256519198417664,0.09291055053472519,1
877,0.18692746758460999,0.7134562730789185,0.09961624443531036,1
878,0.17715230584144592,0.7389167547225952,0.08393093943595886,1
879,0.13665196299552917,0.8146552443504333,0.04869282618165016,1
880,0.14320538938045502,0.804993748664856,0.05180083215236664,1
881,0.11678476631641388,0.845566987991333,0.03764813765883446,1
882,0.13062232732772827,0.8246304392814636,0.04474719613790512,1
883,0.1436147540807724,0.8014259934425354,0.05495928227901459,1
884,0.11427676677703857,0.8484863042831421,0.03723696246743202,1
885,0.11917252838611603,0.840595543384552,0.040231890976428986,1
886,0.08315491676330566,0.8960707783699036,0.020774321630597115,1
887,0.08673145622015,0.8889303803443909,0.024338163435459137,1
888,0.07163632661104202,0.9111918210983276,0.017171787098050117,1
889,0.06706929206848145,0.91654372215271,0.016387009993195534,1
890,0.07613801211118698,0.9022079706192017,0.021654048934578896,1
891,0.09932539612054825,0.8656821846961975,0.034992385655641556,1
892,0.08834180980920792,0.8809018135070801,0.030756361782550812,1
893,0.10110478848218918,0.8571586012840271,0.0417366549372673,1
894,0.17978020012378693,0.6704265475273132,0.14979322254657745,1
895,0.2815428376197815,0.519278883934021,0.1991782933473587,1
896,0.18444038927555084,0.713261604309082,0.10229793936014175,1
897,0.16693083941936493,0.7502113580703735,0.08285777270793915,1
898,0.08360576629638672,0.894858181476593,0.021536052227020264,1
899,0.11750762164592743,0.8404650688171387,0.042027272284030914,1
900,0.1009816974401474,0.8679444193840027,0.031073983758687973,1
901,0.09330426901578903,0.8787367939949036,0.02795889414846897,1
902,0.07702041417360306,0.9032390117645264,0.019740574061870575,1
903,0.07765243202447891,0.9022595882415771,0.02008792571723461,1
904,0.0717671662569046,0.9112471342086792,0.01698577217757702,1
905,0.07248760014772415,0.909563422203064,0.017948906868696213,1
906,0.06973560154438019,0.9124502539634705,0.017814094200730324,1
907,0.0629059299826622,0.9213373064994812,0.01575683429837227,1
908,0.06958848237991333,0.9144303202629089,0.015981227159500122,1
909,0.06824515759944916,0.9132075905799866,0.01854727603495121,1
910,0.08265365660190582,0.8930976390838623,0.02424873225390911,1
911,0.07714679837226868,0.9002739787101746,0.022579234093427658,1
912,0.08527103066444397,0.8850308060646057,0.0296982079744339,1
913,0.08533971011638641,0.8846150040626526,0.030045200139284134,1
914,0.07803906500339508,0.8996074199676514,0.022353515028953552,1
915,0.06799818575382233,0.9130630493164062,0.018938709050416946,1
916,0.07411552965641022,0.9035972356796265,0.022287223488092422,1
917,0.07560612261295319,0.8977514505386353,0.026642490178346634,1
918,0.04839957132935524,0.9359739422798157,0.015626508742570877,1
919,0.030805189162492752,0.9560261964797974,0.013168617151677608,1
920,0.068670853972435,0.890454113483429,0.040875162929296494,1
921,0.07743838429450989,0.8700365424156189,0.05252499878406525,1
922,0.10169949382543564,0.8485109210014343,0.04978959634900093,1
923,0.08248335868120193,0.8633080124855042,0.05420872941613197,1
924,0.09968330711126328,0.8311225771903992,0.06919419765472412,1
925,0.07752924412488937,0.8924448490142822,0.030025901272892952,1
926,0.105653777718544,0.8450148701667786,0.04933135583996773,1
927,0.09661488980054855,0.8633275628089905,0.04005759581923485,1
928,0.13139274716377258,0.7975860834121704,0.07102108746767044,1
929,0.16531191766262054,0.7025874257087708,0.13210061192512512,1
930,0.15919053554534912,0.7092321515083313,0.13157732784748077,1
931,0.14589473605155945,0.7538020014762878,0.10030324012041092,1
932,0.14903293550014496,0.7145026922225952,0.13646435737609863,1
933,0.24227453768253326,0.5829254984855652,0.17479990422725677,1
934,0.18572326004505157,0.6564463973045349,0.1578303426504135,1
935,0.15089771151542664,0.760887861251831,0.0882144421339035,1
936,0.1602184921503067,0.7270239591598511,0.1127575933933258,1
937,0.16198691725730896,0.7371025085449219,0.10091052204370499,1
938,0.18359814584255219,0.6561241745948792,0.16027764976024628,1
939,0.14731858670711517,0.7692154049873352,0.08346597105264664,1
940,0.16834494471549988,0.7051187753677368,0.12653625011444092,1
941,0.16827121376991272,0.7284547090530396,0.10327400267124176,1
942,0.1817394345998764,0.6708315014839172,0.1474289745092392,1
943,0.12872722744941711,0.8119901418685913,0.059282634407281876,1
944,0.1688573807477951,0.7357062697410583,0.09543640911579132,1
945,0.18211807310581207,0.6847882270812988,0.13309364020824432,1
946,0.11226183921098709,0.8461669683456421,0.041571225970983505,1
947,0.10172638297080994,0.8634172081947327,0.034856393933296204,1
948,0.10156495869159698,0.8631879091262817,0.035247091203927994,1
949,0.12400256842374802,0.8212227821350098,0.05477471277117729,1
950,0.2939915060997009,0.532440721988678,0.1735677570104599,1
951,0.2465641051530838,0.5846146941184998,0.16882124543190002,1
952,0.19929152727127075,0.6794769763946533,0.12123147398233414,1
953,0.1938379853963852,0.7004327774047852,0.10572925955057144,1
954,0.1929301917552948,0.7123783826828003,0.09469150751829147,1
955,0.17917905747890472,0.7422812581062317,0.0785396620631218,1
956,0.21668681502342224,0.6419991254806519,0.14131395518779755,1
957,0.14872469007968903,0.7993600964546204,0.05191519483923912,1
958,0.167439267039299,0.7679557800292969,0.06460493803024292,1
959,0.2034148871898651,0.6868652105331421,0.1097199022769928,1
960,0.13651739060878754,0.8175618648529053,0.045920759439468384,1
961,0.11004962772130966,0.8591271638870239,0.030823247507214546,1
962,0.10058537870645523,0.8784594535827637,0.02095521241426468,1
963,0.10692106187343597,0.8669301867485046,0.026148732751607895,1
964,0.08873820304870605,0.8893049955368042,0.02195689082145691,1
965,0.09381046146154404,0.8791133761405945,0.027076201513409615,1
966,0.08054948598146439,0.8998340964317322,0.019616469740867615,1
967,0.09338497370481491,0.8786208033561707,0.027994340285658836,1
968,0.0880732610821724,0.8845086693763733,0.0274181105196476,1
969,0.07191788405179977,0.9103078246116638,0.01777421496808529,1
970,0.09149595350027084,0.8796961307525635,0.02880791760981083,1
971,0.09356021136045456,0.8788912892341614,0.027548417448997498,1
972,0.1260669082403183,0.8492690324783325,0.024664031341671944,1
973,0.10531101375818253,0.8736432194709778,0.021045666188001633,1
974,0.04415583238005638,0.948355495929718,0.007488588336855173,1
975,0.04623711481690407,0.9452230930328369,0.008539818227291107,1
976,0.05586135759949684,0.9340072274208069,0.01013138983398676,1
977,0.05321633815765381,0.9374840259552002,0.00929964892566204,1
978,0.0535370409488678,0.9378970861434937,0.008565754629671574,1
979,0.05436724051833153,0.9366081953048706,0.009024515748023987,1
980,0.028815530240535736,0.9655879139900208,0.005596543196588755,1
981,0.04340562969446182,0.9493434429168701,0.007250794675201178,1
982,0.03321651369333267,0.9595008492469788,0.007282684091478586,1
983,0.023408282548189163,0.9720639586448669,0.004527769982814789,1
984,0.03197764232754707,0.9593139886856079,0.008708307519555092,1
985,0.04621584713459015,0.9425431489944458,0.011240889318287373,1
986,0.05953431501984596,0.925794243812561,0.014671407639980316,1
987,0.05834108218550682,0.9289048314094543,0.012754025869071484,1
988,0.04771427810192108,0.9406124949455261,0.01167331263422966,1
989,0.04811229929327965,0.9302752614021301,0.021612446755170822,1
990,0.0744921863079071,0.8617569804191589,0.06375077366828918,1
991,0.0910201147198677,0.8286347985267639,0.08034496754407883,1
992,0.08636019378900528,0.8365598917007446,0.0770798921585083,1
993,0.10069270431995392,0.8257929086685181,0.073514424264431,1
994,0.10116985440254211,0.81881183385849,0.08001831918954849,1
995,0.11723320931196213,0.7924516201019287,0.0903150737285614,1
996,0.13551771640777588,0.7897375822067261,0.07474477589130402,1
997,0.13853242993354797,0.7861745357513428,0.07529302686452866,1
998,0.15024754405021667,0.7549263834953308,0.09482615441083908,1
999,0.17023180425167084,0.6892199516296387,0.14054816961288452,1
1000,0.2142183929681778,0.6091222763061523,0.17665930092334747,1
1001,0.25651416182518005,0.5355024337768555,0.2079833596944809,1
1002,0.23678286373615265,0.5526719093322754,0.21054521203041077,1
1003,0.19899895787239075,0.6376363635063171,0.16336466372013092,1
1004,0.1906546652317047,0.6895623803138733,0.11978292465209961,1
1005,0.19825421273708344,0.6488145589828491,0.15293124318122864,1
1006,0.19046847522258759,0.6871181726455688,0.12241337448358536,1
1007,0.17836043238639832,0.7208542227745056,0.10078532248735428,1
1008,0.17391027510166168,0.7319802045822144,0.09410951286554337,1
1009,0.18604344129562378,0.6955832242965698,0.11837343871593475,1
1010,0.20033524930477142,0.6449415683746338,0.15472321212291718,1
1011,0.20127394795417786,0.6313803195953369,0.16734561324119568,1
1012,0.19747787714004517,0.6603952050209045,0.1421268880367279,1
1013,0.19859357178211212,0.680267333984375,0.1211390346288681,1
1014,0.1261991411447525,0.842987060546875,0.03081379644572735,1
1015,0.11799553036689758,0.8615153431892395,0.020489169284701347,1
1016,0.1218603104352951,0.8593419194221497,0.018797719851136208,1
1017,0.09958236664533615,0.876634955406189,0.023782655596733093,1
1018,0.09477287530899048,0.8797983527183533,0.025428786873817444,1
1019,0.08750535547733307,0.8914803862571716,0.021014200523495674,1
1020,0.10442765057086945,0.871269702911377,0.02430269494652748,1
1021,0.1116369217634201,0.8663206696510315,0.022042416036128998,1
1022,0.08279932290315628,0.8966324925422668,0.02056821808218956,1
1023,0.06787381321191788,0.9144809246063232,0.017645379528403282,1
1024,0.06458256393671036,0.9171899557113647,0.018227532505989075,1
1025,0.05138114094734192,0.9343852400779724,0.014233616180717945,1
1026,0.07584164291620255,0.8955380320549011,0.028620323166251183,1
1027,0.11832530051469803,0.8179741501808167,0.06370054930448532,1
1028,0.12152515351772308,0.8257538676261902,0.05272098258137703,1
1029,0.1165299043059349,0.8343275189399719,0.04914258420467377,1
1030,0.1239321380853653,0.8234987258911133,0.05256913602352142,1
1031,0.10407740622758865,0.8613801002502441,0.03454243764281273,1
1032,0.10634667426347733,0.8564821481704712,0.03717115893959999,1
1033,0.1082407608628273,0.8513892889022827,0.04036981612443924,1
1034,0.09688267111778259,0.8669403195381165,0.036177054047584534,1
1035,0.10684406012296677,0.8486974835395813,0.044458407908678055,1
1036,0.115030437707901,0.8360349535942078,0.04893461987376213,1
1037,0.09300277382135391,0.8749634623527527,0.03203381225466728,1
1038,0.17378512024879456,0.7221895456314087,0.10402538627386093,1
1039,0.1851995885372162,0.6709866523742676,0.14381377398967743,1
1040,0.18696965277194977,0.6569774150848389,0.156052827835083,1
1041,0.15801240503787994,0.7640223503112793,0.07796521484851837,1
1042,0.1432790458202362,0.7971484065055847,0.059572529047727585,1
1043,0.17395615577697754,0.7314056754112244,0.09463813155889511,1
1044,0.14606289565563202,0.7799069285392761,0.07403019815683365,1
1045,0.15981639921665192,0.7409321665763855,0.09925135970115662,1
1046,0.17818255722522736,0.7061806917190552,0.11563679575920105,1
1047,0.15373915433883667,0.770585298538208,0.07567562907934189,1
1048,0.13610221445560455,0.8067346811294556,0.05716320499777794,1
1049,0.12221632897853851,0.8338733315467834,0.043910376727581024,1
1050,0.10103639215230942,0.8717377185821533,0.027225876227021217,1
1051,0.08076325803995132,0.9041233658790588,0.015113458968698978,1
1052,0.08067496865987778,0.8995935916900635,0.019731340929865837,1
1053,0.08325684070587158,0.8931341767311096,0.023608999326825142,1
1054,0.09128554910421371,0.8803343176841736,0.02838016487658024,1
1055,0.16068436205387115,0.7247477173805237,0.11456787586212158,1
1056,0.17799319326877594,0.6872739195823669,0.13473288714885712,1
1057,0.14670971035957336,0.7865058183670044,0.06678444147109985,1
1058,0.1030128225684166,0.8633474111557007,0.0336398184299469,1
1059,0.12269969284534454,0.8305028080940247,0.0467974953353405,1
1060,0.15859195590019226,0.819884181022644,0.021523941308259964,1
1061,0.11739207059144974,0.837114155292511,0.045493751764297485,1
1062,0.12794524431228638,0.7979491949081421,0.07410556823015213,1
1063,0.10527913272380829,0.8542886972427368,0.04043206572532654,1
1064,0.1542174369096756,0.7279729247093201,0.11780966818332672,1
1065,0.14707019925117493,0.7634980082511902,0.08943169564008713,1
1066,0.22699783742427826,0.6241005659103394,0.14890159666538239,1
1067,0.20116055011749268,0.6570487022399902,0.14179076254367828,1
1068,0.33366355299949646,0.475713849067688,0.19062262773513794,1
1069,0.20010797679424286,0.7010853290557861,0.09880667924880981,1
1070,0.1938696801662445,0.7175050377845764,0.08862526714801788,1
1071,0.17880746722221375,0.7547825574874878,0.06641001999378204,1
1072,0.16231991350650787,0.7818671464920044,0.05581297725439072,1
1073,0.19269633293151855,0.729332685470581,0.07797103375196457,1
1074,0.14540237188339233,0.8049881458282471,0.04960953816771507,1
1075,0.14808863401412964,0.798173189163208,0.05373823270201683,1
1076,0.12615756690502167,0.8381604552268982,0.03568194806575775,1
1077,0.11572028696537018,0.8556124567985535,0.028667375445365906,1
1078,0.11329668015241623,0.8596110343933105,0.02709229663014412,1
1079,0.09352047741413116,0.8853468894958496,0.02113255299627781,1
1080,0.09157541394233704,0.8900417685508728,0.01838276907801628,1
1081,0.08898277580738068,0.8898186683654785,0.021198591217398643,1
1082,0.09908252954483032,0.8778956532478333,0.02302183397114277,1
1083,0.09424904733896255,0.8847634792327881,0.020987484604120255,1
1084,0.13002067804336548,0.8348610401153564,0.035118237137794495,1
1085,0.0881710946559906,0.8916267156600952,0.020202236250042915,1
1086,0.07562108337879181,0.9088057279586792,0.015573274344205856,1
1087,0.09349627047777176,0.8913252949714661,0.015178401954472065,1
1088,0.05145246535539627,0.9401803612709045,0.008367146365344524,1
1089,0.056551773101091385,0.9313080310821533,0.012140210717916489,1
1090,0.0285877026617527,0.9639636278152466,0.007448720280081034,1
1091,0.029131876304745674,0.9644569754600525,0.006411129608750343,1
1092,0.016546165570616722,0.9776334166526794,0.005820365622639656,1
1093,0.028097527101635933,0.9624075889587402,0.009494881145656109,1
1094,0.030426468700170517,0.9586315751075745,0.010942039079964161,1
1095,0.030936772003769875,0.9594533443450928,0.009609849192202091,1
1096,0.03413030505180359,0.9550209045410156,0.01084872242063284,1
1097,0.022510848939418793,0.9716652035713196,0.005824033636599779,1
1098,0.0275186225771904,0.9656015038490295,0.006879893597215414,1
1099,0.027782080695033073,0.9660930037498474,0.0061249807476997375,1
1100,0.05374818667769432,0.9388531446456909,0.00739868963137269,1
1101,0.056348852813243866,0.9316822290420532,0.011968890205025673,1
1102,0.04780060052871704,0.9388567209243774,0.013342659920454025,1
1103,0.06597897410392761,0.9219589829444885,0.01206212304532528,1
1104,0.08160864561796188,0.9048922061920166,0.013499167747795582,1
1105,0.07141436636447906,0.919506311416626,0.009079291485249996,1
1106,0.07553333044052124,0.915420651435852,0.009045908227562904,1
1107,0.07553915679454803,0.9156920313835144,0.008768868632614613,1
1108,0.05234026163816452,0.9341581463813782,0.013501666486263275,1
1109,0.047420017421245575,0.9391550421714783,0.013424944132566452,1
1110,0.0488613098859787,0.9350128173828125,0.01612577773630619,1
1111,0.06807798892259598,0.9061315655708313,0.025790419429540634,1
1112,0.06764572113752365,0.9063391089439392,0.02601512521505356,1
1113,0.07072470337152481,0.912544310092926,0.01673107221722603,1
1114,0.052349284291267395,0.9316664934158325,0.01598425768315792,1
1115,0.06308731436729431,0.9144809246063232,0.02243169955909252,1
1116,0.051369450986385345,0.9326346516609192,0.015995971858501434,1
1117,0.04002334177494049,0.94806307554245,0.01191354263573885,1
1118,0.037616461515426636,0.9518750905990601,0.010508469305932522,1
1119,0.04917043820023537,0.9387636780738831,0.01206597127020359,1
1120,0.047701239585876465,0.940869927406311,0.011428763158619404,1
1121,0.05989059805870056,0.9247613549232483,0.015347915701568127,1
1122,0.048839617520570755,0.9337891936302185,0.017371192574501038,1
1123,0.054901428520679474,0.9234222173690796,0.02167627401649952,1
1124,0.0785333514213562,0.8779098987579346,0.04355673864483833,1
1125,0.06899787485599518,0.8933705687522888,0.03763164207339287,1
1126,0.050503622740507126,0.9346824884414673,0.014813857153058052,1
1127,0.126388281583786,0.8545501232147217,0.019061630591750145,1
1128,0.13540810346603394,0.8438577055931091,0.020734155550599098,1
1129,0.11281204968690872,0.8629027605056763,0.02428518421947956,1
1130,0.1328294575214386,0.8396162390708923,0.027554219588637352,1
1131,0.11386738717556,0.8520288467407227,0.034103620797395706,1
1132,0.07396013289690018,0.9071893095970154,0.018850572407245636,1
1133,0.0788240134716034,0.9042863249778748,0.016889624297618866,1
1134,0.053209997713565826,0.9308529496192932,0.015936987474560738,1
1135,0.0645616427063942,0.9233461022377014,0.01209227554500103,1
1136,0.12413486838340759,0.8665408492088318,0.009324311278760433,1
1137,0.1384049355983734,0.8504043221473694,0.01119074784219265,1
1138,0.06478553265333176,0.929486870765686,0.005727527197450399,1
1139,0.03778305649757385,0.9582822322845459,0.003934716340154409,1
1140,0.03720628470182419,0.9568998217582703,0.005893809720873833,1
1141,0.036130648106336594,0.9583843350410461,0.005485104396939278,1
1142,0.03260629624128342,0.961945652961731,0.005447956267744303,1
1143,0.03978652134537697,0.9512000679969788,0.009013453498482704,1
1144,0.0398431271314621,0.9495347142219543,0.010622155852615833,1
1145,0.03834044933319092,0.9496287107467651,0.01203086506575346,1
1146,0.029091348871588707,0.9614989161491394,0.009409641847014427,1
1147,0.03194047883152962,0.9561417698860168,0.011917734518647194,1
1148,0.026705658063292503,0.9628561735153198,0.010438207536935806,1
1149,0.024671660736203194,0.9668149352073669,0.008513379842042923,1
1150,0.03703222796320915,0.9473828673362732,0.015584980137646198,1
1151,0.04294233024120331,0.942746102809906,0.014311683364212513,1
1152,0.050950415432453156,0.9265860915184021,0.02246357873082161,1
1153,0.04860948026180267,0.9300398230552673,0.02135080099105835,1
1154,0.0496121346950531,0.9288105964660645,0.021577272564172745,1
1155,0.041768886148929596,0.9410130381584167,0.017218103632330894,1
1156,0.050019070506095886,0.9250603914260864,0.024920502677559853,1
1157,0.05569279193878174,0.9124201536178589,0.03188716247677803,1
1158,0.04720144346356392,0.9289991855621338,0.023799365386366844,1
1159,0.0649028867483139,0.877498984336853,0.0575980544090271,1
1160,0.08722297847270966,0.859011173248291,0.0537659153342247,1
1161,0.07672692835330963,0.8907573819160461,0.03251573443412781,1
1162,0.0875306949019432,0.8746852874755859,0.03778402507305145,1
1163,0.1077728122472763,0.8476711511611938,0.044555991888046265,1
1164,0.0908830538392067,0.8705378770828247,0.03857909515500069,1
1165,0.10864444822072983,0.8391292095184326,0.052226316183805466,1
1166,0.13931624591350555,0.8089163899421692,0.05176742002367973,1
1167,0.10549242049455643,0.8583827614784241,0.03612484782934189,1
1168,0.1011366993188858,0.8675085306167603,0.03135477378964424,1
1169,0.11460991948843002,0.7874463796615601,0.09794368594884872,1
1170,0.10714461654424667,0.797819972038269,0.09503532946109772,1
1171,0.11264114081859589,0.7897343039512634,0.09762457758188248,1
1172,0.15507134795188904,0.723984956741333,0.12094371020793915,1
1173,0.20976312458515167,0.638436496257782,0.15180040895938873,1
1174,0.17888769507408142,0.6807798743247986,0.14033252000808716,1
1175,0.15960127115249634,0.7186601161956787,0.12173859775066376,1
1176,0.18480508029460907,0.6678335666656494,0.14736133813858032,1
1177,0.16624775528907776,0.7250270247459412,0.10872519761323929,1
1178,0.1754562258720398,0.7014340162277222,0.12310977280139923,1
1179,0.16091430187225342,0.7582623958587646,0.08082323521375656,1
1180,0.14682352542877197,0.7887073755264282,0.06446918100118637,1
1181,0.1942964792251587,0.6594415307044983,0.14626188576221466,1
1182,0.19059310853481293,0.673700213432312,0.13570667803287506,1
1183,0.17188045382499695,0.7496176362037659,0.07850192487239838,1
1184,0.13282927870750427,0.8190900683403015,0.048080626875162125,1
1185,0.1308542639017105,0.8198416233062744,0.04930410906672478,1
1186,0.13785526156425476,0.8037863373756409,0.058358337730169296,1
1187,0.13941232860088348,0.8004986047744751,0.06008905917406082,1
1188,0.1302003711462021,0.8190757632255554,0.050723880529403687,1
1189,0.12784594297409058,0.8229676485061646,0.04918641969561577,1
1190,0.138660728931427,0.8124548196792603,0.048884496092796326,1
1191,0.14494308829307556,0.8076637387275696,0.047393184155225754,1
1192,0.1689973622560501,0.7886682152748108,0.042334455996751785,1
1193,0.16412825882434845,0.8130612969398499,0.022810468450188637,1
1194,0.12636785209178925,0.8487866520881653,0.024845553562045097,1
1195,0.13417553901672363,0.8453924655914307,0.020431941375136375,1
1196,0.08638013899326324,0.8971765637397766,0.01644332893192768,1
1197,0.06016263738274574,0.9265711307525635,0.013266235589981079,1
1198,0.057677049189805984,0.9289370775222778,0.013385849073529243,1
1199,0.06539149582386017,0.9188458919525146,0.015762662515044212,1
1200,0.04393480345606804,0.9459672570228577,0.010097931139171124,1
1201,0.05098266154527664,0.9364590644836426,0.012558352202177048,1
1202,0.043096598237752914,0.9456842541694641,0.011219059117138386,1
1203,0.05221434682607651,0.9351124167442322,0.012673251330852509,1
1204,0.054315295070409775,0.93190598487854,0.013778877444565296,1
1205,0.021168362349271774,0.9722856879234314,0.0065458789467811584,1
1206,0.02602219022810459,0.9654377102851868,0.008540022186934948,1
1207,0.029716214165091515,0.9611696004867554,0.009114149026572704,1
1208,0.048352763056755066,0.9443355202674866,0.007311748340725899,1
1209,0.05846390500664711,0.9335454106330872,0.007990674115717411,1
1210,0.03106865845620632,0.9635451436042786,0.005386226810514927,1
1211,0.04050575941801071,0.9548303484916687,0.0046639651991426945,1
1212,0.04001442715525627,0.9535927772521973,0.006392732262611389,1
1213,0.03987319394946098,0.9544507265090942,0.005676097236573696,1
1214,0.04971391335129738,0.9439294338226318,0.0063566663302481174,1
1215,0.04472547024488449,0.948591411113739,0.006683221086859703,1
1216,0.054565586149692535,0.9353669881820679,0.010067450813949108,1
1217,0.07341690361499786,0.9137635231018066,0.012819565832614899,1
1218,0.04054946452379227,0.9512200355529785,0.008230510167777538,1
1219,0.05438511446118355,0.9338105320930481,0.01180438045412302,1
1220,0.0386398509144783,0.9517321586608887,0.00962800718843937,1
1221,0.02114045061171055,0.9738333821296692,0.005026196129620075,1
1222,0.024760974571108818,0.9679809212684631,0.0072580426931381226,1
1223,0.023999454453587532,0.9697127938270569,0.006287821102887392,1
1224,0.025240540504455566,0.9684118628501892,0.006347702816128731,1
1225,0.021285075694322586,0.973532497882843,0.005182400345802307,1
1226,0.02203216217458248,0.9736723899841309,0.004295398481190205,1
1227,0.02900702878832817,0.9624264240264893,0.008566505275666714,1
1228,0.029378745704889297,0.9609671235084534,0.00965406559407711,1
1229,0.03286268189549446,0.9585697054862976,0.008567708544433117,1
1230,0.03901194408535957,0.9547830820083618,0.0062050665728747845,1
1231,0.12824900448322296,0.8658214211463928,0.005929572973400354,1
1232,0.07070079445838928,0.9243763089179993,0.00492279464378953,1
1233,0.0456543043255806,0.9497898817062378,0.004555811639875174,1
1234,0.03291812911629677,0.9631637930870056,0.003918071743100882,1
1235,0.040975674986839294,0.952084481716156,0.006939825136214495,1
1236,0.027094893157482147,0.9674662351608276,0.005438744090497494,1
1237,0.028062330558896065,0.9667816758155823,0.005156065337359905,1
1238,0.03031371906399727,0.963322103023529,0.00636414997279644,1
1239,0.03051145374774933,0.9619349837303162,0.007553587667644024,1
1240,0.027768397703766823,0.9641088247299194,0.008122694678604603,1
1241,0.029841849580407143,0.9619466662406921,0.008211551234126091,1
1242,0.025038471445441246,0.9677103757858276,0.0072512030601501465,1
1243,0.023573577404022217,0.9695388674736023,0.0068875872530043125,1
1244,0.02354818396270275,0.9683966040611267,0.008055143058300018,1
1245,0.03481797128915787,0.9511011242866516,0.01408094260841608,1
1246,0.029488326981663704,0.9579961895942688,0.012515345588326454,1
1247,0.02990582585334778,0.9584226608276367,0.011671624146401882,1
1248,0.033554259687662125,0.9519973397254944,0.01444843877106905,1
1249,0.03809968754649162,0.9445393085479736,0.017361029982566833,1
1250,0.04701051861047745,0.9301789402961731,0.022810574620962143,1
1251,0.039473239332437515,0.9373912811279297,0.023135382682085037,1
1252,0.03570476919412613,0.9447028636932373,0.019592368975281715,1
1253,0.03733561187982559,0.9425254464149475,0.02013891190290451,1
1254,0.03973197191953659,0.9419891238212585,0.018278934061527252,1
1255,0.07426895946264267,0.8949577808380127,0.030773328617215157,1
1256,0.08451350778341293,0.8845605254173279,0.03092593513429165,1
1257,0.08931978046894073,0.8776359558105469,0.03304421529173851,1
1258,0.1088847666978836,0.839607834815979,0.0515073761343956,1
1259,0.08466050773859024,0.8852269649505615,0.030112499371170998,1
1260,0.09216408431529999,0.8787111043930054,0.029124842956662178,1
1261,0.13204549252986908,0.8225431442260742,0.04541141539812088,1
1262,0.13526761531829834,0.8274216651916504,0.037310630083084106,1
1263,0.15534041821956635,0.8188666701316833,0.025792904198169708,1
1264,0.1415141373872757,0.841992974281311,0.016492946073412895,1
1265,0.1444075107574463,0.8389369249343872,0.016655588522553444,1
1266,0.14883150160312653,0.8385943174362183,0.012574128806591034,1
1267,0.11048587411642075,0.8777639269828796,0.011750158853828907,1
1268,0.06868298351764679,0.9193095564842224,0.012007484212517738,1
1269,0.02458980120718479,0.9711939096450806,0.004216358996927738,1
1270,0.02229924499988556,0.9734208583831787,0.004279932472854853,1
1271,0.022680262103676796,0.9730940461158752,0.004225756507366896,1
1272,0.01933903992176056,0.975818932056427,0.00484196562319994,1
1273,0.016114355996251106,0.9805219769477844,0.0033637366723269224,1
1274,0.012187663465738297,0.9845579266548157,0.0032543656416237354,1
1275,0.017588455229997635,0.9763432741165161,0.006068222224712372,1
1276,0.019167793914675713,0.9750786423683167,0.005753611214458942,1
1277,0.01937008835375309,0.9751780033111572,0.005451870616525412,1
1278,0.02117788977921009,0.9737939238548279,0.005028193350881338,1
1279,0.022054016590118408,0.9730774164199829,0.0048685637302696705,1
1280,0.0334990918636322,0.9545379877090454,0.011962886899709702,1
1281,0.03295929357409477,0.9550701975822449,0.01197054423391819,1
1282,0.03243338316679001,0.9534742832183838,0.014092403464019299,1
1283,0.03644260764122009,0.9470708966255188,0.016486551612615585,1
1284,0.04448419809341431,0.9308788776397705,0.024636881425976753,1
1285,0.05076149106025696,0.9021483659744263,0.04709017276763916,1
1286,0.0573447123169899,0.8830836415290833,0.05957159399986267,1
1287,0.09167752414941788,0.8287239670753479,0.07959850877523422,1
1288,0.12677405774593353,0.768585205078125,0.10464078187942505,1
1289,0.17768312990665436,0.6869277358055115,0.1353890299797058,1
1290,0.2559334337711334,0.5559759736061096,0.18809060752391815,1
1291,0.20418958365917206,0.6243233680725098,0.17148716747760773,1
1292,0.19176237285137177,0.6420425176620483,0.16619513928890228,1
1293,0.17753930389881134,0.6768580079078674,0.14560267329216003,1
1294,0.18554411828517914,0.6580942869186401,0.1563616544008255,1
1295,0.16778714954853058,0.7295808792114258,0.10263193398714066,1
1296,0.1748409867286682,0.7174553275108337,0.10770372301340103,1
1297,0.18334969878196716,0.6610222458839417,0.15562808513641357,1
1298,0.18238455057144165,0.6858734488487244,0.1317419707775116,1
1299,0.1828523576259613,0.6952508687973022,0.12189678102731705,1
1300,0.193703293800354,0.6411016583442688,0.1651950478553772,1
1301,0.19768665730953217,0.6419640779495239,0.16034919023513794,1
1302,0.23005130887031555,0.5503119230270386,0.21963678300380707,1
1303,0.2330869883298874,0.5400111079216003,0.22690193355083466,1
1304,0.9213571548461914,0.07849802821874619,0.00014488679880741984,0
1305,0.9260015487670898,0.07386182248592377,0.0001366260548820719,0
1306,0.9249123930931091,0.07494787871837616,0.00013973911700304598,0
1307,0.9252219796180725,0.07463812828063965,0.00013996157213114202,0
1308,0.9189950227737427,0.08085085451602936,0.0001542682875879109,0
1309,0.9210087656974792,0.07883976399898529,0.0001514415635028854,0
1310,0.9159486889839172,0.08388777077198029,0.00016358568973373622,0
1311,0.9286551475524902,0.07120710611343384,0.00013776877312920988,0
1312,0.9173284769058228,0.08250890672206879,0.0001625112781766802,0
1313,0.923294186592102,0.07655487209558487,0.00015086923667695373,0
1314,0.9285608530044556,0.07129880785942078,0.00014020247908774763,0
1315,0.9317652583122253,0.06810126453638077,0.00013348052743822336,0
1316,0.9358435273170471,0.06403172016143799,0.00012469448847696185,0
1317,0.9439267516136169,0.05596603453159332,0.00010721509897848591,0
1318,0.9391734600067139,0.06071009859442711,0.00011644632468232885,0
1319,0.9399202466011047,0.059965819120407104,0.00011389966675778851,0
1320,0.9359039068222046,0.06397401541471481,0.00012201004574308172,0
1321,0.9336032867431641,0.06626985222101212,0.0001268494816031307,0
1322,0.9396054148674011,0.06028078868985176,0.00011378227645764127,0
1323,0.9348936676979065,0.06498285382986069,0.00012337560474406928,0
1324,0.9436644911766052,0.05623030290007591,0.00010528381244512275,0
1325,0.932641863822937,0.06723098456859589,0.0001272043737117201,0
1326,0.9587041139602661,0.041221339255571365,7.463368820026517e-05,0
1327,0.9654673933982849,0.034472089260816574,6.0592930822167546e-05,0
1328,0.9464573860168457,0.05344526842236519,9.732406033435836e-05,0
1329,0.9463739395141602,0.05352885276079178,9.713105828268453e-05,0
1330,0.9383291602134705,0.0615583136677742,0.00011251662363065407,0
1331,0.9280960559844971,0.07177137583494186,0.00013263485743664205,0
1332,0.9223652482032776,0.07749088853597641,0.0001439478510292247,0
1333,0.9376612901687622,0.06222519278526306,0.00011342639481881633,0
1334,0.9269322156906128,0.07293333858251572,0.0001343711046501994,0
1335,0.929796576499939,0.07007487118244171,0.0001286277692997828,0
1336,0.9160200953483582,0.08382441103458405,0.0001554909977130592,0
1337,0.9133508801460266,0.0864880159497261,0.00016111908189486712,0
1338,0.9310036301612854,0.06887032836675644,0.0001261269353562966,0
1339,0.9365700483322144,0.0633150115609169,0.00011484904098324478,0
1340,0.9263155460357666,0.07355000823736191,0.00013454256986733526,0
1341,0.9243550300598145,0.07550674676895142,0.00013820096501149237,0
1342,0.9257099032402039,0.07415463030338287,0.00013554198085330427,0
1343,0.9264634847640991,0.07340257614850998,0.00013400762691162527,0
1344,0.9170178174972534,0.08282934129238129,0.0001527983258711174,0
1345,0.8993352055549622,0.10047540068626404,0.00018938853463623673,0
1346,0.9132272601127625,0.08661042153835297,0.00016229823813773692,0
1347,0.9152511358261108,0.08458983898162842,0.00015909981448203325,0
1348,0.9225162267684937,0.07733877748250961,0.0001449273113394156,0
1349,0.9099194407463074,0.08990883082151413,0.00017172677326016128,0
1350,0.9152056574821472,0.0846322700381279,0.00016206038708332926,0
1351,0.9098565578460693,0.08997256308794022,0.00017089169705286622,0
1352,0.9194733500480652,0.08037161082029343,0.0001550580927869305,0
1353,0.9224961996078491,0.07735461741685867,0.00014915071369614452,0
1354,0.9422414302825928,0.05765002220869064,0.00010863629722734913,0
1355,0.9371955990791321,0.06268606334924698,0.00011831352458102629,0
1356,0.9440987706184387,0.05579742044210434,0.00010372663382440805,0
1357,0.9459785223007202,0.053922515362501144,9.901665180223063e-05,0
1358,0.9512656331062317,0.048646535724401474,8.774449088377878e-05,0
1359,0.961514949798584,0.038418419659137726,6.665340333711356e-05,0
1360,0.967725396156311,0.03222072497010231,5.389737634686753e-05,0
1361,0.9629486799240112,0.03699006140232086,6.132834823802114e-05,0
1362,0.9616789221763611,0.038258835673332214,6.229634891496971e-05,0
1363,0.9596061110496521,0.04032899811863899,6.484436016762629e-05,0
1364,0.9587439298629761,0.04119057208299637,6.546475196955726e-05,0
1365,0.956791341304779,0.04314073175191879,6.783371645724401e-05,0
1366,0.9548672437667847,0.045062579214572906,7.022575300652534e-05,0
1367,0.9559029340744019,0.044029440730810165,6.773073982913047e-05,0
1368,0.9485746622085571,0.051345888525247574,7.953000749694183e-05,0
1369,0.9493967294692993,0.05052542686462402,7.788860966684297e-05,0
1370,0.9473784565925598,0.05254073441028595,8.082456042757258e-05,0
1371,0.9494975805282593,0.050425488501787186,7.695053500356153e-05,0
1372,0.9484689235687256,0.05145282670855522,7.814371929271147e-05,0
1373,0.9485475420951843,0.05137478932738304,7.766924682073295e-05,0
1374,0.9505184888839722,0.04940766841173172,7.390237442450598e-05,0
1375,0.95355224609375,0.04637946933507919,6.827336619608104e-05,0
1376,0.9589298963546753,0.041011374443769455,5.876798968529329e-05,0
1377,0.9585643410682678,0.04137721285223961,5.841992606292479e-05,0
1378,0.9548383355140686,0.0450984425842762,6.32601513643749e-05,0
1379,0.9506900310516357,0.049240946769714355,6.905238842591643e-05,0
1380,0.9489811658859253,0.05094758793711662,7.129127334337682e-05,0
1381,0.9356467723846436,0.06426145881414413,9.165089431917295e-05,0
1382,0.9400174617767334,0.05989745259284973,8.517712558386847e-05,0
1383,0.9384559988975525,0.06145632266998291,8.769455598667264e-05,0
1384,0.9265003800392151,0.07339303940534592,0.00010662519343895838,0
1385,0.9343898296356201,0.06551527231931686,9.486481576459482e-05,0
1386,0.9439380168914795,0.055981919169425964,8.017448271857575e-05,0
1387,0.9573734998703003,0.0425671823322773,5.938267713645473e-05,0
1388,0.9585388898849487,0.04140659049153328,5.447689909487963e-05,0
1389,0.956979513168335,0.04296187311410904,5.8642701333155856e-05,0
1390,0.9589853286743164,0.04095974937081337,5.497700840351172e-05,0
1391,0.9567224383354187,0.043220020830631256,5.758419865742326e-05,0
1392,0.952080488204956,0.04785587638616562,6.369250331772491e-05,0
1393,0.9495773315429688,0.050355758517980576,6.692295573884621e-05,0
1394,0.9494722485542297,0.05046089366078377,6.683869287371635e-05,0
1395,0.9389192461967468,0.06099868193268776,8.208077633753419e-05,0
1396,0.9384081363677979,0.06150880083441734,8.31450815894641e-05,0
1397,0.9282288551330566,0.07167237251996994,9.870339272310957e-05,0
1398,0.928763210773468,0.07113811373710632,9.867604239843786e-05,0
1399,0.9324142336845398,0.06749199330806732,9.380205301567912e-05,0
1400,0.9223693609237671,0.07752109318971634,0.0001095197512768209,0
1401,0.9214575290679932,0.07843047380447388,0.00011205599730601534,0
1402,0.9270367622375488,0.07285890728235245,0.00010435983131173998,0
1403,0.9282335042953491,0.07166333496570587,0.00010310945799574256,0
1404,0.9315046668052673,0.06839674711227417,9.854039672063664e-05,0
1405,0.9334110617637634,0.06649291515350342,9.597170719644055e-05,0
1406,0.9411843419075012,0.05873175710439682,8.396667544730008e-05,0
1407,0.9427255392074585,0.05719299241900444,8.145268657244742e-05,0
1408,0.9465130567550659,0.05341149866580963,7.54618740756996e-05,0
1409,0.9349807500839233,0.06492634117603302,9.298330405727029e-05,0
1410,0.9346387982368469,0.0652676597237587,9.360034891869873e-05,0
1411,0.9358513355255127,0.06405682861804962,9.180120105156675e-05,0
1412,0.9239702820777893,0.07591914385557175,0.00011059044481953606,0
1413,0.9309645295143127,0.06893524527549744,0.00010016569285653532,0
1414,0.9367827773094177,0.06312622129917145,9.099832823267207e-05,0
1415,0.9462660551071167,0.05365780368447304,7.616153743583709e-05,0
1416,0.9400769472122192,0.059836987406015396,8.605274342698976e-05,0
1417,0.9471790790557861,0.05274581164121628,7.507472764700651e-05,0
1418,0.9355441331863403,0.06436225771903992,9.353406494483352e-05,0
1419,0.9486384987831116,0.051288019865751266,7.35432404326275e-05,0
1420,0.9585260152816772,0.041418254375457764,5.56610721105244e-05,0
1421,0.959886372089386,0.040057580918073654,5.606297781923786e-05,0
1422,0.9565945863723755,0.04335672780871391,4.8646426876075566e-05,0
1423,0.9603217840194702,0.039626140147447586,5.20401299581863e-05,0
1424,0.9616920948028564,0.03825611248612404,5.1763749070232734e-05,0
1425,0.954481840133667,0.04545620456337929,6.192755972733721e-05,0
1426,0.953411877155304,0.046524930745363235,6.321994442259893e-05,0
1427,0.953691303730011,0.04624607786536217,6.259424117160961e-05,0
1428,0.9510379433631897,0.04889574646949768,6.628287519561127e-05,0
1429,0.9517974257469177,0.04813755303621292,6.502874748548493e-05,0
1430,0.956317126750946,0.04362465441226959,5.820281876367517e-05,0
1431,0.955268383026123,0.04467227682471275,5.9352263633627445e-05,0
1432,0.9510648846626282,0.04887006804347038,6.511859101010486e-05,0
1433,0.9459262490272522,0.054001230746507645,7.251574425026774e-05,0
1434,0.9396886229515076,0.06022963300347328,8.181614975910634e-05,0
1435,0.9393854737281799,0.06053183972835541,8.262335177278146e-05,0
1436,0.9407787919044495,0.05914028733968735,8.089256152743474e-05,0
1437,0.9322731494903564,0.06763292849063873,9.391459752805531e-05,0
1438,0.9275754690170288,0.0723230242729187,0.00010164277045987546,0
1439,0.926815390586853,0.07308103889226913,0.00010351369564887136,0
1440,0.9375150799751282,0.062397170811891556,8.771112334216014e-05,0
1441,0.9193257093429565,0.08055824786424637,0.00011602527229115367,0
1442,0.9013858437538147,0.09846873581409454,0.00014534253568854183,0
1443,0.9045685529708862,0.09528987854719162,0.00014156328688841313,0
1444,0.918695867061615,0.08118421584367752,0.00011986726167378947,0
1445,0.8966796398162842,0.103163942694664,0.0001564105332363397,0
1446,0.9032672047615051,0.09658575803041458,0.00014708809612784535,0
1447,0.9085662961006165,0.09129399061203003,0.00013972521992400289,0
1448,0.9114329218864441,0.08843127638101578,0.00013583418331108987,0
1449,0.9255608320236206,0.07432584464550018,0.00011327063839416951,0
1450,0.920784056186676,0.07909438759088516,0.00012153977149864659,0
1451,0.9248336553573608,0.07505107671022415,0.0001153312114183791,0
1452,0.9248422384262085,0.07504232227802277,0.00011555456148926169,0
1453,0.9056563377380371,0.09419477730989456,0.0001489165733801201,0
1454,0.9279906749725342,0.07189739495515823,0.00011195155093446374,0
1455,0.922023355960846,0.07785424590110779,0.00012244016397744417,0
1456,0.9312794804573059,0.06861341744661331,0.00010718213889049366,0
1457,0.9467493891716003,0.05316967889666557,8.108354086289182e-05,0
1458,0.9470250606536865,0.052894387394189835,8.049454481806606e-05,0
1459,0.9554321765899658,0.04450162872672081,6.621506327064708e-05,0
1460,0.9468735456466675,0.05304655432701111,7.988986180862412e-05,0
1461,0.9513266086578369,0.04860080033540726,7.257644756464288e-05,0
1462,0.9584043025970459,0.04153485596179962,6.0852580645587295e-05,0
1463,0.9454851746559143,0.054433200508356094,8.15618914202787e-05,0
1464,0.9386323690414429,0.061274878680706024,9.274067269871011e-05,0
1465,0.9519488215446472,0.0479799248278141,7.129603181965649e-05,0
1466,0.9471482634544373,0.052772749215364456,7.899016054579988e-05,0
1467,0.9475677013397217,0.05235406383872032,7.829046080587432e-05,0
1468,0.9444972276687622,0.055419567972421646,8.32286968943663e-05,0
1469,0.9454206228256226,0.0544976070523262,8.181901648640633e-05,0
1470,0.959470272064209,0.04047057032585144,5.9268564655212685e-05,0
1471,0.9604723453521729,0.03947025537490845,5.731173951062374e-05,0
1472,0.9463478326797485,0.05357331410050392,7.888878462836146e-05,0
1473,0.9516147375106812,0.048314884305000305,7.049040868878365e-05,0
1474,0.956218957901001,0.04371793940663338,6.304754788288847e-05,0
1475,0.9533214569091797,0.04661126807332039,6.726382707711309e-05,0
1476,0.9526227116584778,0.047309283167123795,6.802342977607623e-05,0
1477,0.9560117721557617,0.043925486505031586,6.265289994189516e-05,0
1478,0.9582331776618958,0.04170789197087288,5.897087976336479e-05,0
1479,0.9624902009963989,0.03745768219232559,5.2251336455810815e-05,0
1480,0.9493910670280457,0.050537195056676865,7.176672079367563e-05,0
1481,0.952883780002594,0.04704999551177025,6.634979217778891e-05,0
1482,0.9532829523086548,0.046651434153318405,6.560582551173866e-05,0
1483,0.9580205082893372,0.04192784056067467,5.16091677127406e-05,0
1484,0.9542363286018372,0.04570043087005615,6.338200182653964e-05,0
1485,0.9590432047843933,0.040900737047195435,5.596636765403673e-05,0
1486,0.9589131474494934,0.041031159460544586,5.57086241315119e-05,0
1487,0.9616146683692932,0.03833403438329697,5.138073902344331e-05,0
1488,0.9617131352424622,0.03823816403746605,4.872069985140115e-05,0
1489,0.9570775628089905,0.04286573827266693,5.667760706273839e-05,0
1490,0.957777202129364,0.04216764494776726,5.517608587979339e-05,0
1491,0.9582828879356384,0.04166324436664581,5.393318133428693e-05,0
1492,0.9528931975364685,0.047045882791280746,6.100272003095597e-05,0
1493,0.9518383741378784,0.04809940233826637,6.214378663571551e-05,0
1494,0.9422227144241333,0.057701680809259415,7.55916116759181e-05,0
1495,0.9368994832038879,0.06301696598529816,8.353619341505691e-05,0
1496,0.9410756826400757,0.05884646251797676,7.785082561895251e-05,0
1497,0.9494881629943848,0.050445955246686935,6.585421942872927e-05,0
1498,0.9458577036857605,0.054071422666311264,7.081829244270921e-05,0
1499,0.9520983695983887,0.04783984646201134,6.185007805470377e-05,0
1500,0.9510582089424133,0.04887881875038147,6.29970381851308e-05,0
1501,0.9534147381782532,0.046525850892066956,5.946054807282053e-05,0
1502,0.952674925327301,0.04727189242839813,5.328723636921495e-05,0
1503,0.9511901140213013,0.04874834790825844,6.148822285467759e-05,0
1504,0.9508171081542969,0.0491211861371994,6.171550194267184e-05,0
1505,0.9518886208534241,0.04805148392915726,5.99581835558638e-05,0
1506,0.9541596174240112,0.04578378424048424,5.649559534504078e-05,0
1507,0.9518606066703796,0.04808027669787407,5.923270509811118e-05,0
1508,0.9459809064865112,0.05395204946398735,6.695679621770978e-05,0
1509,0.9458608031272888,0.05407211184501648,6.710733578074723e-05,0
1510,0.9347213506698608,0.06519637256860733,8.23386653792113e-05,0
1511,0.9329260587692261,0.06698847562074661,8.537113899365067e-05,0
1512,0.937728762626648,0.06219197064638138,7.923162775114179e-05,0
1513,0.938082754611969,0.061838164925575256,7.910793647170067e-05,0
1514,0.9458308219909668,0.05410062521696091,6.858246342744678e-05,0
1515,0.9478393793106079,0.05209488421678543,6.57589262118563e-05,0
1516,0.9439679980278015,0.055961087346076965,7.104009273461998e-05,0
1517,0.9515072107315063,0.048431992530822754,6.073608892620541e-05,0
1518,0.9527342319488525,0.0472102053463459,5.5572490964550525e-05,0
1519,0.9471916556358337,0.052742209285497665,6.60463483654894e-05,0
1520,0.9538132548332214,0.04613034427165985,5.641877942252904e-05,0
1521,0.9504730105400085,0.04946465790271759,6.243354437174276e-05,0
1522,0.9527866244316101,0.04715583100914955,5.7503330026520416e-05,0
1523,0.9454339742660522,0.054497022181749344,6.907495117047802e-05,0
1524,0.9475749135017395,0.052358709275722504,6.626921094721183e-05,0
1525,0.936410665512085,0.06350741535425186,8.190068183466792e-05,0
1526,0.9308074116706848,0.06910226494073868,9.035065886564553e-05,0
1527,0.917343020439148,0.08254630118608475,0.00011066660954384133,0
1528,0.897669792175293,0.1021885946393013,0.00014160317368805408,0
1529,0.9142223596572876,0.08565890789031982,0.00011883361003128812,0
1530,0.9257468581199646,0.07415042072534561,0.00010271121573168784,0
1531,0.9331904649734497,0.06671727448701859,9.2223213869147e-05,0
1532,0.9382893443107605,0.061625659465789795,8.495293877786025e-05,0
1533,0.9531967043876648,0.04674505069851875,5.820498336106539e-05,0
1534,0.9536766409873962,0.04626759886741638,5.5780190450605005e-05,0
1535,0.9530318379402161,0.04691219702363014,5.599742871709168e-05,0
1536,0.9506982564926147,0.049237146973609924,6.460453732870519e-05,0
1537,0.9488189220428467,0.05111401528120041,6.703218969050795e-05,0
1538,0.9496848583221436,0.05024963244795799,6.558685709023848e-05,0
1539,0.9456327557563782,0.05429599806666374,7.119293150026351e-05,0
1540,0.9466156363487244,0.05331471189856529,6.976704025873914e-05,0
1541,0.9487528204917908,0.05118054524064064,6.661966472165659e-05,0
1542,0.9484407305717468,0.05149246007204056,6.685285916319117e-05,0
1543,0.9508761763572693,0.04906339570879936,6.0398779169190675e-05,0
1544,0.9492112398147583,0.05072751268744469,6.119538738857955e-05,0
1545,0.9455713629722595,0.05435824394226074,7.03814293956384e-05,0
1546,0.9491226077079773,0.05081202834844589,6.530561950057745e-05,0
1547,0.9398040175437927,0.06011742725968361,7.857014861656353e-05,0
1548,0.9362587332725525,0.06365709006786346,8.419873483944684e-05,0
1549,0.9415329098701477,0.05838998034596443,7.71147315390408e-05,0
1550,0.9439738392829895,0.05595233663916588,7.378815644187853e-05,0
1551,0.9435670971870422,0.05635838955640793,7.447192911058664e-05,0
1552,0.9500729441642761,0.049861840903759,6.518089503515512e-05,0
1553,0.9559168815612793,0.04402640834450722,5.6759694416541606e-05,0
1554,0.9549692869186401,0.04497357830405235,5.7157481933245435e-05,0
1555,0.9478990435600281,0.0520467683672905,5.417441934696399e-05,0
1556,0.9484072923660278,0.051536254584789276,5.641485040541738e-05,0
1557,0.9425956606864929,0.05734728276729584,5.6976452469825745e-05,0
1558,0.945853054523468,0.0540836863219738,6.326895527308807e-05,0
1559,0.9445419907569885,0.055387742817401886,7.023289799690247e-05,0
1560,0.9469718337059021,0.05296114459633827,6.70310910209082e-05,0
1561,0.9441393613815308,0.05578957870602608,7.102995732566342e-05,0
1562,0.9362358450889587,0.06368197500705719,8.21976427687332e-05,0
1563,0.9406358599662781,0.0592876598238945,7.652924978174269e-05,0
1564,0.9495448470115662,0.05039086192846298,6.425505125662312e-05,0
1565,0.9431289434432983,0.05679794400930405,7.316403207369149e-05,0
1566,0.941879153251648,0.058045756071805954,7.513018499594182e-05,0
1567,0.9407033920288086,0.05921955779194832,7.703893061261624e-05,0
1568,0.9474265575408936,0.05250566080212593,6.774303619749844e-05,0
1569,0.9388628602027893,0.06105709448456764,7.996838394319639e-05,0
1570,0.9336018562316895,0.06631017476320267,8.790566062089056e-05,0
1571,0.9262058138847351,0.07369480282068253,9.940622840076685e-05,0
1572,0.934258222579956,0.06565327197313309,8.838311623549089e-05,0
1573,0.9315614700317383,0.06834578514099121,9.275376214645803e-05,0
1574,0.9383289217948914,0.0615878663957119,8.327002433361486e-05,0
1575,0.921962320804596,0.07792990654706955,0.00010769326036097482,0
1576,0.9279847145080566,0.07191592454910278,9.930834494298324e-05,0
1577,0.9289906620979309,0.07091102004051208,9.824764856602997e-05,0
1578,0.9465166926383972,0.05341068655252457,7.270924834301695e-05,0
1579,0.9302889108657837,0.06961417943239212,9.68246313277632e-05,0
1580,0.9349864721298218,0.06492321193218231,9.025947656482458e-05,0
1581,0.8944540023803711,0.10539308935403824,0.00015282387903425843,0
1582,0.8748083114624023,0.12500572204589844,0.00018605512741487473,0
1583,0.89005047082901,0.10978540778160095,0.0001640347472857684,0
1584,0.8846323490142822,0.11519259959459305,0.0001750302908476442,0
1585,0.9069743752479553,0.09288506209850311,0.00014054527855478227,0
1586,0.9209553003311157,0.07892578840255737,0.0001188685346278362,0
1587,0.9145147800445557,0.08535502105951309,0.00013019659672863781,0
1588,0.908088743686676,0.09176918119192123,0.0001419948530383408,0
1589,0.9083619713783264,0.09149499982595444,0.00014304295473266393,0
1590,0.9228898882865906,0.07699037343263626,0.00011965095472987741,0
1591,0.9184326529502869,0.08143942058086395,0.00012792610505130142,0
1592,0.916032612323761,0.08383423089981079,0.00013316086551640183,0
1593,0.9219556450843811,0.07792039215564728,0.0001239269331563264,0
1594,0.9269304275512695,0.07295368611812592,0.00011592388182180002,0
1595,0.9284195303916931,0.07146675139665604,0.00011378813360352069,0
1596,0.9261175394058228,0.07376435399055481,0.00011813409219030291,0
1597,0.9248542785644531,0.07502494007349014,0.00012086761125829071,0
1598,0.9306437373161316,0.06924503296613693,0.00011122730938950554,0
1599,0.9295554757118225,0.07033099979162216,0.00011344553786329925,0
1600,0.9251584410667419,0.07472000271081924,0.0001215325464727357,0
1601,0.9323549270629883,0.06753569841384888,0.00010934253077721223,0
1602,0.9367541074752808,0.0631447285413742,0.00010119842772837728,0
1603,0.9426491856575012,0.05725960433483124,9.11220777197741e-05,0
1604,0.9215793013572693,0.07829256355762482,0.00012821389827877283,0
1605,0.9157902598381042,0.08407082408666611,0.0001388714590575546,0
1606,0.9085713028907776,0.0912763848900795,0.0001523147220723331,0
1607,0.8727008104324341,0.1270798146724701,0.00021934506366960704,0
1608,0.8945329785346985,0.10528595745563507,0.0001811120891943574,0
1609,0.9109864830970764,0.08886152505874634,0.0001520160149084404,0
1610,0.9109631776809692,0.08888395875692368,0.0001529313885839656,0
1611,0.9240278601646423,0.07584261149168015,0.00012952007818967104,0
1612,0.9102433323860168,0.0896008238196373,0.00015578478632960469,0
1613,0.9297308325767517,0.07014904916286469,0.0001201552149723284,0
1614,0.9389503598213196,0.060946423560380936,0.00010314938117517158,0
1615,0.9469404220581055,0.05297123268246651,8.840126974973828e-05,0
1616,0.948279619216919,0.051634810864925385,8.555022213840857e-05,0
1617,0.9521547555923462,0.047767046838998795,7.821708277333528e-05,0
1618,0.9539397358894348,0.045985858887434006,7.440094486810267e-05,0
1619,0.96116042137146,0.038778454065322876,6.12224466749467e-05,0
1620,0.9532387256622314,0.0466868095099926,7.452658610418439e-05,0
1621,0.9558184742927551,0.044111791998147964,6.972898700041696e-05,0
1622,0.9440329074859619,0.055877529084682465,8.961787534644827e-05,0
1623,0.9404786229133606,0.059425536543130875,9.581492486177012e-05,0
1624,0.9347697496414185,0.0651242733001709,0.00010598461085464805,0
1625,0.9085941314697266,0.09125213325023651,0.0001536571653559804,0
1626,0.90742427110672,0.09241790324449539,0.00015776346845086664,0
1627,0.9223727583885193,0.07749562710523605,0.0001317237038165331,0
1628,0.9174361824989319,0.08242181688547134,0.00014199042925611138,0
1629,0.9248024225234985,0.07506822794675827,0.00012930687807966024,0
1630,0.9220271706581116,0.0778374969959259,0.00013534539903048426,0
1631,0.9360600113868713,0.0638304278254509,0.00010959660721709952,0
1632,0.9338926076889038,0.06599382311105728,0.0001135842248913832,0
1633,0.9085095524787903,0.09132768958806992,0.0001626426965231076,0
1634,0.914999783039093,0.0848482996225357,0.00015199778135865927,0
1635,0.9224652051925659,0.07739599794149399,0.0001387597294524312,0
1636,0.9243256449699402,0.075538270175457,0.00013603300612885505,0
1637,0.9193926453590393,0.0804605782032013,0.00014684846973977983,0
1638,0.9156487584114075,0.08419506251811981,0.00015620274643879384,0
1639,0.9151706695556641,0.08466972410678864,0.000159638118930161,0
1640,0.9217203855514526,0.07813160121440887,0.00014802272198721766,0
1641,0.9297606945037842,0.0701066255569458,0.0001326158962910995,0
1642,0.9284292459487915,0.07143469154834747,0.0001360355963697657,0
1643,0.9257543087005615,0.07410703599452972,0.00013858570309821516,0
1644,0.9314015507698059,0.06846827268600464,0.00013011116243433207,0
1645,0.9245197176933289,0.07534290850162506,0.00013738487905357033,0
1646,0.9187719225883484,0.08107418566942215,0.00015390025509987026,0
1647,0.9145863652229309,0.08524984121322632,0.00016378039435949177,0
1648,0.9263515472412109,0.07350651174783707,0.00014188518980517983,0
1649,0.9312401413917542,0.06862786412239075,0.00013200458488427103,0
1650,0.9329261779785156,0.0669468492269516,0.000127056788187474,0
1651,0.9375389218330383,0.06234396994113922,0.00011712096602423117,0
1652,0.9383134841918945,0.061572346836328506,0.00011419321526773274,0
1653,0.9402397274971008,0.05965070053935051,0.00010948155977530405,0
1654,0.9439066052436829,0.055992014706134796,0.00010138224752154201,0
1655,0.9395352005958557,0.06035824865102768,0.00010654392099240795,0
1656,0.9371744990348816,0.062713623046875,0.00011182512389495969,0
1657,0.9396083354949951,0.060283418744802475,0.0001081814625649713,0
1658,0.944195568561554,0.05570559948682785,9.880722063826397e-05,0
1659,0.9352830052375793,0.06460151821374893,0.00011542849097168073,0
1660,0.9328925013542175,0.06698773056268692,0.00011979661212535575,0
1661,0.8981543183326721,0.10165723413228989,0.00018841162091121078,0
1662,0.8753113746643066,0.12445002049207687,0.00023849471472203732,0
1663,0.8868957161903381,0.11288465559482574,0.00021967799693811685,0
1664,0.8962104320526123,0.1035856083035469,0.00020392936130519956,0
1665,0.9000251293182373,0.09977387636899948,0.00020099450193811208,0
1666,0.9067135453224182,0.09309949725866318,0.0001869476109277457,0
1667,0.9119995832443237,0.08782491087913513,0.00017541837587486953,0
1668,0.9192473888397217,0.08059556782245636,0.0001569830346852541,0
1669,0.9248479604721069,0.07500475645065308,0.00014729848771821707,0
1670,0.9238885045051575,0.07595942169427872,0.00015214776794891804,0
1671,0.9268132448196411,0.0730389952659607,0.00014771922724321485,0
1672,0.9309062957763672,0.06895973533391953,0.00013391939864959568,0
1673,0.9353705048561096,0.06450480967760086,0.00012470172077883035,0
1674,0.9359602928161621,0.06391837447881699,0.000121230652439408,0
1675,0.935352623462677,0.06452948600053787,0.00011788587289629504,0
1676,0.9338610768318176,0.06601976603269577,0.00011907607404282317,0
1677,0.9332876801490784,0.06659431755542755,0.00011800921492977068,0
1678,0.9376658797264099,0.06222446262836456,0.00010969347204081714,0
1679,0.9398545026779175,0.060039129108190536,0.00010646432201610878,0
1680,0.9398236274719238,0.06007019802927971,0.00010621023830026388,0
1681,0.9327102899551392,0.06716965138912201,0.000120057855383493,0
1682,0.9292450547218323,0.07062948495149612,0.00012547001824714243,0
1683,0.9301687479019165,0.06970589607954025,0.00012531777611002326,0
1684,0.924369752407074,0.07548980414867401,0.00014037566143088043,0
1685,0.9322485327720642,0.0676216334104538,0.0001298560673603788,0
1686,0.926021158695221,0.07382574677467346,0.00015310548769775778,0
1687,0.936484694480896,0.06338454782962799,0.00013075613242108375,0
1688,0.9222764372825623,0.07756131887435913,0.000162140786414966,0
1689,0.9254369735717773,0.07440805435180664,0.00015493821410927922,0
1690,0.9036896824836731,0.09610515087842941,0.00020513431809376925,0
1691,0.9184456467628479,0.08138203620910645,0.00017232864047400653,0
1692,0.9357654452323914,0.06410183012485504,0.00013275537639856339,0
1693,0.9308373332023621,0.06901969015598297,0.00014308359823189676,0
1694,0.9343065619468689,0.06555874645709991,0.00013470805424731225,0
1695,0.9343714714050293,0.06549468636512756,0.00013376136485021561,0
1696,0.937491774559021,0.0623822920024395,0.0001259741693502292,0
1697,0.9444339275360107,0.05545632168650627,0.0001097869680961594,0
1698,0.9447894096374512,0.0551028735935688,0.00010777800343930721,0
1699,0.9509140253067017,0.04899224266409874,9.371137275593355e-05,0
1700,0.9470615386962891,0.05283806473016739,0.0001004013029159978,0
1701,0.9404133558273315,0.05947345495223999,0.0001130774398916401,0
1702,0.9421013593673706,0.0577898733317852,0.00010881994239753112,0
1703,0.9278911352157593,0.07197161763906479,0.0001372825790895149,0
1704,0.908534824848175,0.09128743410110474,0.00017758330795913935,0
1705,0.9223417639732361,0.07750906050205231,0.0001491573202656582,0
1706,0.9367292523384094,0.06315163522958755,0.00011913952039321885,0
1707,0.9166427254676819,0.08319723606109619,0.00016000425966922194,0
1708,0.91883784532547,0.0810064971446991,0.00015564671775791794,0
1709,0.927202045917511,0.07265971601009369,0.0001382412447128445,0
1710,0.9159178733825684,0.0839206725358963,0.00016151183808688074,0
1711,0.9330697059631348,0.06680435687303543,0.00012603175127878785,0
1712,0.9303978681564331,0.06947210431098938,0.00012997999147046357,0
1713,0.9377029538154602,0.06218233332037926,0.00011470516619738191,0
1714,0.9398332238197327,0.06005720794200897,0.00010962516535073519,0
1715,0.9514868259429932,0.048427145928144455,8.597712439950556e-05,0
1716,0.9492969512939453,0.05061408132314682,8.899816020857543e-05,0
1717,0.9504315853118896,0.04948253184556961,8.587153570260853e-05,0
1718,0.9511362910270691,0.04878011718392372,8.364484529010952e-05,0
1719,0.9513975977897644,0.04852009192109108,8.22262663859874e-05,0
1720,0.9465723037719727,0.053337518125772476,9.017012780532241e-05,0
1721,0.9537518620491028,0.046171873807907104,7.630457548657432e-05,0
1722,0.9513942003250122,0.04852605238556862,7.974822074174881e-05,0
1723,0.9490619897842407,0.0508551262319088,8.298012107843533e-05,0
1724,0.9525278210639954,0.0473957397043705,7.637013186467811e-05,0
1725,0.9587984681129456,0.04113667458295822,6.496642890851945e-05,0
1726,0.9526972770690918,0.0472278967499733,7.484940579161048e-05,0
1727,0.952898383140564,0.0470275916159153,7.403803465422243e-05,0
1728,0.9481547474861145,0.051763638854026794,8.159872959367931e-05,0
1729,0.9516485929489136,0.04827623441815376,7.52129199099727e-05,0
1730,0.9512889385223389,0.04863573983311653,7.526225817855448e-05,0
1731,0.9532608985900879,0.04666762053966522,7.150373130571097e-05,0
1732,0.9575081467628479,0.04242797940969467,6.392543582478538e-05,0
1733,0.9505540728569031,0.04937143251299858,7.459660264430568e-05,0
1734,0.9437678456306458,0.056146860122680664,8.531843923265114e-05,0
1735,0.951056182384491,0.0488707609474659,7.315005495911464e-05,0
1736,0.9576272368431091,0.0423123724758625,6.038866922608577e-05,0
1737,0.950047492980957,0.04988095536828041,7.153390470193699e-05,0
1738,0.9499626159667969,0.04996616765856743,7.127209391910583e-05,0
1739,0.9498917460441589,0.050037235021591187,7.102049130480736e-05,0
1740,0.9472528696060181,0.052672408521175385,7.473909499822184e-05,0
1741,0.9534447193145752,0.04649018868803978,6.507193756988272e-05,0
1742,0.9497060179710388,0.050223685801029205,7.033794827293605e-05,0
1743,0.9482757449150085,0.05165201053023338,7.220116094686091e-05,0
1744,0.956875205039978,0.04306572675704956,5.912455526413396e-05,0
1745,0.9471490979194641,0.05277775228023529,7.314234972000122e-05,0
1746,0.930990993976593,0.06891166418790817,9.729902376420796e-05,0
1747,0.9227433204650879,0.07714655995368958,0.00011005519627360627,0
1748,0.9356243014335632,0.06428514420986176,9.058924479177222e-05,0
1749,0.9472648501396179,0.052662044763565063,7.300805737031624e-05,0
1750,0.9449803233146667,0.05494347959756851,7.622288103448227e-05,0
1751,0.9308518171310425,0.06905078887939453,9.727892029331997e-05,0
1752,0.9394401907920837,0.06047535315155983,8.438668737653643e-05,0
1753,0.9431222677230835,0.05679889768362045,7.878855831222609e-05,0
1754,0.9414820075035095,0.05843682214617729,8.110401540761814e-05,0
1755,0.9414244294166565,0.05849446728825569,8.108297333819792e-05,0
1756,0.9449775218963623,0.05494674667716026,7.568973524030298e-05,0
1757,0.9179837107658386,0.08190018683671951,0.000116146300570108,0
1758,0.9255918860435486,0.07430324703454971,0.00010482129437150434,0
1759,0.9113631248474121,0.08851031213998795,0.00012656884791795164,0
1760,0.867425799369812,0.13237838447093964,0.00019571057055145502,0
1761,0.8872235417366028,0.11261080205440521,0.00016561026859562844,0
1762,0.8860901594161987,0.11374156177043915,0.00016832764958962798,0
1763,0.8875948190689087,0.11223819106817245,0.0001670094352448359,0
1764,0.8688487410545349,0.13095217943191528,0.00019919368787668645,0
1765,0.8964919447898865,0.10335227847099304,0.00015570857794955373,0
1766,0.9172338843345642,0.08264321088790894,0.00012287448043935,0
1767,0.9181642532348633,0.08171424269676208,0.00012155476724728942,0
1768,0.9171912670135498,0.08268555998802185,0.00012324396811891347,0
1769,0.9320969581604004,0.0678035095334053,9.955321729648858e-05,0
1770,0.9214546084403992,0.07842914015054703,0.0001163748383987695,0
1771,0.9134504795074463,0.08642009645700455,0.00012944435002282262,0
1772,0.9125307202339172,0.08733805269002914,0.00013129768194630742,0
1773,0.9215654730796814,0.07831748574972153,0.00011695919965859503,0
1774,0.9187564849853516,0.0811217799782753,0.00012163248175056651,0
1775,0.9254144430160522,0.07447449862957001,0.00011105850717285648,0
1776,0.926033079624176,0.07385679334402084,0.00011002924293279648,0
1777,0.9281802773475647,0.07171323150396347,0.00010656048834789544,0
1778,0.9259200692176819,0.0739697590470314,0.00011014473420800641,0
1779,0.9347714185714722,0.06513268500566483,9.582766506355256e-05,0
1780,0.942449688911438,0.057467106729745865,8.322689973283559e-05,0
1781,0.9365017414093018,0.06340546905994415,9.289824811276048e-05,0
1782,0.9515248537063599,0.048416703939437866,5.841970778419636e-05,0
1783,0.9562910795211792,0.04364809766411781,6.086926077841781e-05,0
1784,0.949983537197113,0.04994561895728111,7.089640712365508e-05,0
1785,0.9422193169593811,0.05769803002476692,8.261488255811855e-05,0
1786,0.9503285884857178,0.049601372331380844,7.008927059359848e-05,0
1787,0.9423454403877258,0.05757256597280502,8.206155325751752e-05,0
1788,0.9511283040046692,0.048803068697452545,6.86590647092089e-05,0
1789,0.9347644448280334,0.06514216214418411,9.337290248367935e-05,0
1790,0.9515025615692139,0.04842958599328995,6.783228309359401e-05,0
1791,0.9557294845581055,0.04420936480164528,6.115903670433909e-05,0
1792,0.9557229280471802,0.04422392696142197,5.3244639275362715e-05,0
1793,0.9522080421447754,0.047739528119564056,5.2498628065222874e-05,0
1794,0.9591509103775024,0.04079560935497284,5.345783938537352e-05,0
1795,0.956287682056427,0.04365421086549759,5.809732829220593e-05,0
1796,0.953223705291748,0.04671422392129898,6.199326162459329e-05,0
1797,0.9434356093406677,0.056488677859306335,7.572356844320893e-05,0
1798,0.9516109824180603,0.048325225710868835,6.374724034685642e-05,0
1799,0.9464909434318542,0.053438350558280945,7.068730337778106e-05,0
1800,0.9436107277870178,0.0563146248459816,7.459137850673869e-05,0
1801,0.9314621686935425,0.06844563037157059,9.211643919115886e-05,0
1802,0.9142202734947205,0.08566157519817352,0.00011805394024122506,0
1803,0.9241299629211426,0.07576589286327362,0.00010407665831735358,0
1804,0.915530800819397,0.08435161411762238,0.00011749404802685603,0
1805,0.924953281879425,0.07494265586137772,0.00010392399417469278,0
1806,0.9367563724517822,0.06315714120864868,8.64655157784e-05,0
1807,0.9294772744178772,0.07042542099952698,9.724139817990363e-05,0
1808,0.9417014718055725,0.0582197867333889,7.866971282055601e-05,0
1809,0.9423184990882874,0.057603929191827774,7.751454540994018e-05,0
1810,0.9035789370536804,0.09628601372241974,0.0001350390666630119,0
1811,0.9267299175262451,0.07316924631595612,0.00010091804870171472,0
1812,0.9145073890686035,0.08537313342094421,0.00011945340520469472,0
1813,0.9347149729728699,0.06519555300474167,8.94586046342738e-05,0
1814,0.9068880081176758,0.09298070520162582,0.00013128477439749986,0
1815,0.8867396712303162,0.11309672892093658,0.00016353277896996588,0
1816,0.9088912010192871,0.09097857028245926,0.00013025423686485738,0
1817,0.9112541079521179,0.08861871808767319,0.00012717788922600448,0
1818,0.9197430610656738,0.08014237880706787,0.00011446550342952833,0
1819,0.9185952544212341,0.08128820359706879,0.00011648622603388503,0
1820,0.9194015264511108,0.08048303425312042,0.00011550830822670832,0
1821,0.9019544720649719,0.09790226072072983,0.00014337882748804986,0
1822,0.9093844890594482,0.09048311412334442,0.00013240351108834147,0
1823,0.8976105451583862,0.10223731398582458,0.00015200422785710543,0
1824,0.907781183719635,0.09208222478628159,0.00013660667173098773,0
1825,0.9129722714424133,0.08689885586500168,0.00012889639765489846,0
1826,0.9161067008972168,0.08376900106668472,0.00012428111222106963,0
1827,0.9247901439666748,0.07509930431842804,0.00011057578376494348,0
1828,0.9081289768218994,0.09173355996608734,0.00013751086953561753,0
1829,0.9278194904327393,0.07207437604665756,0.00010618437227094546,0
1830,0.9214935302734375,0.0783902034163475,0.00011620430450420827,0
1831,0.9093382954597473,0.0905255526304245,0.0001361070608254522,0
1832,0.9142547845840454,0.08561842143535614,0.00012672909360844642,0
1833,0.9100080132484436,0.08985808491706848,0.0001338312722509727,0
1834,0.9026361107826233,0.0972178652882576,0.00014596614346373826,0
1835,0.9048208594322205,0.09503621608018875,0.0001429493131581694,0
1836,0.9172731041908264,0.0826035663485527,0.00012325435818638653,0
1837,0.9215900301933289,0.07829369604587555,0.00011631914821919054,0
1838,0.9002441167831421,0.09960485249757767,0.00015100309974513948,0
1839,0.9124300479888916,0.08743833750486374,0.00013165657583158463,0
1840,0.9180997610092163,0.08177761733531952,0.0001225558517035097,0
1841,0.9366229176521301,0.06328427046537399,9.293773473473266e-05,0
1842,0.926934540271759,0.0729575902223587,0.00010798047878779471,0
1843,0.9247094988822937,0.07517903298139572,0.00011142068251501769,0
1844,0.9218063950538635,0.07807762175798416,0.00011598221317399293,0
1845,0.949605405330658,0.0503225177526474,7.214866491267458e-05,0
1846,0.9401713013648987,0.05974220111966133,8.656291902298108e-05,0
1847,0.9235032200813293,0.0763842836022377,0.00011250029638176784,0
1848,0.9123460054397583,0.08752371370792389,0.00013024607324041426,0
1849,0.9231136441230774,0.07677310705184937,0.00011324448860250413,0
1850,0.9059487581253052,0.09391048550605774,0.00014069260214455426,0
1851,0.9140986204147339,0.08577360212802887,0.00012782208796124905,0
1852,0.884718120098114,0.11510592699050903,0.00017588678747415543,0
1853,0.8713050484657288,0.12849581241607666,0.000199106551008299,0
1854,0.90306556224823,0.09678703546524048,0.00014753227878827602,0
1855,0.9293091297149658,0.07058560103178024,0.00010518988710828125,0
1856,0.9073663353919983,0.09249351918697357,0.00014014590124133974,0
1857,0.9077509045600891,0.09210927784442902,0.00013979153300169855,0
1858,0.8970872163772583,0.10275503247976303,0.0001576857757754624,0
1859,0.8993350267410278,0.10051050782203674,0.0001545752602396533,0
1860,0.864465594291687,0.1353166252374649,0.00021787798323202878,0
1861,0.9048491716384888,0.09500062465667725,0.00015012663789093494,0
1862,0.9089799523353577,0.0908762738108635,0.00014378673222381622,0
1863,0.9154706597328186,0.0843961164355278,0.00013310887152329087,0
1864,0.9117549657821655,0.0881052017211914,0.00013981781376060098,0
1865,0.9265404343605042,0.07334481179714203,0.00011472166806925088,0
1866,0.9317237138748169,0.06817052513360977,0.00010569144797045738,0
1867,0.9329758286476135,0.06692095100879669,0.00010318584099877626,0
1868,0.9328329563140869,0.06706399470567703,0.00010302718146704137,0
1869,0.9373902082443237,0.06251496821641922,9.484741894993931e-05,0
1870,0.9391937851905823,0.06071479618549347,9.150954429060221e-05,0
1871,0.9283533096313477,0.0715375766158104,0.00010913436562987044,0
1872,0.9187195301055908,0.08115550130605698,0.00012510715168900788,0
1873,0.9211242198944092,0.0787544995546341,0.00012131920084357262,0
1874,0.9361186623573303,0.0637846514582634,9.66484731179662e-05,0
1875,0.9464954137802124,0.053425248712301254,7.929387356853113e-05,0
1876,0.9312000274658203,0.06869607418775558,0.00010387394286226481,0
1877,0.9270344376564026,0.07285504043102264,0.00011062131670769304,0
1878,0.9291075468063354,0.07078523933887482,0.0001071955994120799,0
1879,0.9426121711730957,0.05730277672410011,8.498883107677102e-05,0
1880,0.9279294013977051,0.07196222990751266,0.00010843317431863397,0
1881,0.9080922603607178,0.09176651388406754,0.0001411130651831627,0
1882,0.9288018345832825,0.07109085470438004,0.00010742041922640055,0
1883,0.933437168598175,0.066462941467762,9.982537449104711e-05,0
1884,0.9394477605819702,0.06046218052506447,9.00339218787849e-05,0
1885,0.9530782699584961,0.04685356095433235,6.812999345129356e-05,0
1886,0.9479421973228455,0.05198201909661293,7.569014269392937e-05,0
1887,0.9523427486419678,0.04758882895112038,6.846728501841426e-05,0
1888,0.9524128437042236,0.04751915484666824,6.796390516683459e-05,0
1889,0.9569101929664612,0.043029267340898514,6.047647548257373e-05,0
1890,0.9566020965576172,0.04333753511309624,6.0407724959077314e-05,0
1891,0.9554680585861206,0.04447029158473015,6.17027108091861e-05,0
1892,0.953038215637207,0.046896807849407196,6.502726319013163e-05,0
1893,0.9461536407470703,0.05377146974205971,7.505311805289239e-05,0
1894,0.9487460851669312,0.05118298903107643,7.086877303663641e-05,0
1895,0.9514203667640686,0.04851306602358818,6.670122820651159e-05,0
1896,0.9452288150787354,0.054695602506399155,7.559233927167952e-05,0
1897,0.9532358646392822,0.04670063033699989,6.35129981674254e-05,0
1898,0.9537560939788818,0.046181630343198776,6.233767635421827e-05,0
1899,0.9518315196037292,0.048103850334882736,6.471844972111285e-05,0
1900,0.9537506103515625,0.04618781805038452,6.159291660878807e-05,0
1901,0.9538442492485046,0.04609474912285805,6.1019887652946636e-05,0
1902,0.9483141303062439,0.051617417484521866,6.842850416433066e-05,0
1903,0.9539148807525635,0.04602506384253502,6.0082151321694255e-05,0
1904,0.9510318636894226,0.048904433846473694,6.370899063767865e-05,0
1905,0.9521909952163696,0.047747138887643814,6.174152804305777e-05,0
1906,0.9513747096061707,0.04856274276971817,6.246292468858883e-05,0
1907,0.9492248892784119,0.050710078328847885,6.509501690743491e-05,0
1908,0.948442280292511,0.05149172991514206,6.587993266293779e-05,0
1909,0.947455883026123,0.05247712507843971,6.69707587803714e-05,0
1910,0.9428611993789673,0.057065632194280624,7.312520028790459e-05,0
1911,0.9421733617782593,0.05775254964828491,7.398772140732035e-05,0
1912,0.9483658671379089,0.05156879127025604,6.535139254992828e-05,0
1913,0.9481901526451111,0.05174454674124718,6.53419629088603e-05,0
1914,0.9368998408317566,0.06301954388618469,8.064442954491824e-05,0
1915,0.9345088005065918,0.06540705263614655,8.407093991991132e-05,0
1916,0.9396339654922485,0.060288913547992706,7.709355122642592e-05,0
1917,0.9438266754150391,0.056102000176906586,7.133942563086748e-05,0
1918,0.9435312151908875,0.05639710649847984,7.165229908423498e-05,0
1919,0.9468608498573303,0.05307220667600632,6.70216977596283e-05,0
1920,0.9498445391654968,0.0500926598906517,6.289096927503124e-05,0
1921,0.9556344747543335,0.044310592114925385,5.494816286955029e-05,0
1922,0.9566402435302734,0.04330742731690407,5.232615512795746e-05,0
1923,0.9544419050216675,0.04550207778811455,5.5995307775447145e-05,0
1924,0.9536906480789185,0.04625270888209343,5.6761760788504034e-05,0
1925,0.9524695873260498,0.04747229814529419,5.815259282826446e-05,0
1926,0.9489263296127319,0.05101105570793152,6.268329889280722e-05,0
1927,0.9430527687072754,0.056876882910728455,7.035641465336084e-05,0
1928,0.9242656826972961,0.07564561069011688,8.880432869773358e-05,0
1929,0.9249332547187805,0.07497845590114594,8.827659621601924e-05,0
1930,0.9156877398490906,0.0842118188738823,0.00010038425534730777,0
1931,0.9185147285461426,0.08138811588287354,9.725023119244725e-05,0
1932,0.9132768511772156,0.0866188034415245,0.00010445237421663478,0
1933,0.9243701696395874,0.07553931325674057,9.051470260601491e-05,0
1934,0.9265599846839905,0.07335206121206284,8.791051368461922e-05,0
1935,0.9162027835845947,0.08369561284780502,0.00010153585026273504,0
1936,0.9130954742431641,0.08679863810539246,0.00010592960461508483,0
1937,0.8909730315208435,0.10889099538326263,0.00013591209426522255,0
1938,0.8980197906494141,0.10185281187295914,0.00012736633652821183,0
1939,0.8782325387001038,0.12161237746477127,0.0001551385794300586,0
1940,0.8964024186134338,0.10346649587154388,0.00013115181354805827,0
1941,0.9069831967353821,0.09289960563182831,0.0001172158372355625,0
1942,0.906525731086731,0.09335619956254959,0.00011815027392003685,0
1943,0.9083167910575867,0.0915672555565834,0.00011599214485613629,0
1944,0.8968721032142639,0.1029958426952362,0.0001320362207479775,0
1945,0.9134268760681152,0.08646349608898163,0.00010970324365189299,0
1946,0.8951066136360168,0.10475815087556839,0.00013523273810278624,0
1947,0.8905587792396545,0.10929886996746063,0.00014231412205845118,0
1948,0.9032777547836304,0.0965971127152443,0.00012515998969320208,0
1949,0.9087737798690796,0.09110833704471588,0.00011784903472289443,0
1950,0.8624034523963928,0.13741211593151093,0.00018444967281538993,0
1951,0.8569750785827637,0.14283053576946259,0.00019434520800132304,0
1952,0.8941645622253418,0.10568826645612717,0.000147104132338427,0
1953,0.8900673985481262,0.10977828502655029,0.0001542435638839379,0
1954,0.887489914894104,0.11235074698925018,0.00015935163537506014,0
1955,0.9053609371185303,0.0945059210062027,0.00013302257866598666,0
1956,0.9084113836288452,0.09145975112915039,0.00012886279728263617,0
1957,0.9179440140724182,0.0819414034485817,0.00011467363947303966,0
1958,0.9224338531494141,0.07745815813541412,0.0001079556968761608,0
1959,0.9317722320556641,0.06813393533229828,9.389413025928661e-05,0
1960,0.9173241257667542,0.08256035298109055,0.0001154290366685018,0
1961,0.9309418797492981,0.068962961435318,9.514464909443632e-05,0
1962,0.9299247860908508,0.0699787437915802,9.648867853684351e-05,0
1963,0.9518815875053406,0.04806540533900261,5.299863187246956e-05,0
1964,0.9536226987838745,0.04632158204913139,5.570038047153503e-05,0
1965,0.9500531554222107,0.049882251769304276,6.459839642047882e-05,0
1966,0.9533387422561646,0.046601735055446625,5.942922143731266e-05,0
1967,0.9532496929168701,0.046692270785570145,5.809552385471761e-05,0
1968,0.9489760398864746,0.05095955729484558,6.437186675611883e-05,0
1969,0.9513540267944336,0.048585403710603714,6.051494710845873e-05,0
1970,0.9491977095603943,0.05073939263820648,6.28994675935246e-05,0
1971,0.9464104175567627,0.05352348834276199,6.612177094211802e-05,0
1972,0.9464495778083801,0.05348498374223709,6.539702735608444e-05,0
1973,0.9478611946105957,0.05207589268684387,6.297176150837913e-05,0
1974,0.9471330642700195,0.05280361697077751,6.334279896691442e-05,0
1975,0.9467762112617493,0.05316058546304703,6.31852526566945e-05,0
1976,0.9414184093475342,0.05851392447948456,6.774091889383271e-05,0
1977,0.9404820203781128,0.059449393302202225,6.847099575679749e-05,0
1978,0.9412714838981628,0.0586615614593029,6.689805741189048e-05,0
1979,0.9394469857215881,0.06048433110117912,6.870328797958791e-05,0
1980,0.9380013346672058,0.06192852184176445,7.013048161752522e-05,0
1981,0.9368627667427063,0.06306599080562592,7.12423789082095e-05,0
1982,0.9430789947509766,0.05685780197381973,6.324772402876988e-05,0
1983,0.9377904534339905,0.06214036047458649,6.920664600329474e-05,0
1984,0.9384347200393677,0.06149708479642868,6.820118142059073e-05,0
1985,0.9388187527656555,0.06111384928226471,6.749146268703043e-05,0
1986,0.9447274804115295,0.05521230399608612,6.019496140652336e-05,0
1987,0.9329336881637573,0.06699228286743164,7.392707630060613e-05,0
1988,0.9384706020355225,0.061462026089429855,6.730962195433676e-05,0
1989,0.9321553111076355,0.06776993721723557,7.481375359930098e-05,0
1990,0.9399865865707397,0.05994806066155434,6.548759120050818e-05,0
1991,0.9407563805580139,0.05917924642562866,6.440748984459788e-05,0
1992,0.9467353224754333,0.053207434713840485,5.718581815017387e-05,0
1993,0.946016788482666,0.05392562597990036,5.7664397900225595e-05,0
1994,0.9424505233764648,0.05749445781111717,5.509136462933384e-05,0
1995,0.9161758422851562,0.08373218774795532,9.201142529491335e-05,0
1996,0.9395581483840942,0.06037699803709984,6.483985634986311e-05,0
1997,0.9332113862037659,0.06673073023557663,5.8010482462123036e-05,0
1998,0.8973597288131714,0.10252553969621658,0.00011472447658888996,0
1999,0.9042598605155945,0.09563232958316803,0.00010780800221255049,0
2000,0.9227402210235596,0.07717651128768921,8.32272635307163e-05,0
2001,0.9168471693992615,0.08306229114532471,9.047320781974122e-05,0
2002,0.9124277234077454,0.08747605979442596,9.616774332243949e-05,0
2003,0.9044029712677002,0.09549051523208618,0.00010648363240761682,0
2004,0.8698076605796814,0.13004164397716522,0.00015067042841110379,0
2005,0.8948927521705627,0.10498632490634918,0.00012102608889108524,0
2006,0.903681218624115,0.09620778262615204,0.00011096328671555966,0
2007,0.9171151518821716,0.08279018849134445,9.472539386479184e-05,0
2008,0.9042121767997742,0.09567654132843018,0.00011121213901787996,0
2009,0.9080041646957397,0.0918886587023735,0.00010703495354391634,0
2010,0.9094825983047485,0.09041178226470947,0.00010564125841483474,0
2011,0.9055507183074951,0.09433805197477341,0.00011117874237243086,0
2012,0.8979052305221558,0.10197305679321289,0.00012174531002528965,0
2013,0.9085471630096436,0.09134405851364136,0.00010871406266232952,0
2014,0.9004384279251099,0.09944172203540802,0.00011982891737716272,0
2015,0.883996307849884,0.11586090922355652,0.00014283577911555767,0
2016,0.8915508985519409,0.10831481218338013,0.0001342317118542269,0
2017,0.9046761989593506,0.09520623832941055,0.00011760532652260736,0
2018,0.9055190086364746,0.0943639948964119,0.00011705083306878805,0
2019,0.9157560467720032,0.08414022624492645,0.00010380031744716689,0
2020,0.9093443155288696,0.0905429869890213,0.0001126160059357062,0
2021,0.877804696559906,0.12203887850046158,0.00015640546916984022,0
2022,0.8978918790817261,0.10197815299034119,0.00012996770965401083,0
2023,0.8984915614128113,0.10137870907783508,0.00012981658801436424,0
2024,0.8930844068527222,0.10678331553936005,0.00013218543608672917,0
2025,0.8925495147705078,0.10731681436300278,0.00013358716387301683,0
2026,0.8948794007301331,0.10498946905136108,0.00013107778795529157,0
2027,0.8951722383499146,0.10469651222229004,0.00013126731209922582,0
2028,0.9060729742050171,0.09381012618541718,0.00011701593030011281,0
2029,0.9062606692314148,0.09362246096134186,0.0001168687449535355,0
2030,0.9211943745613098,0.07870879769325256,9.681203664513305e-05,0
2031,0.9016393423080444,0.09823779761791229,0.00012288702419027686,0
2032,0.9031722545623779,0.0967065691947937,0.00012117122969357297,0
2033,0.9272860288619995,0.07262524962425232,8.880263339960948e-05,0
2034,0.9095597863197327,0.0903276652097702,0.00011254219134571031,0
2035,0.9208093881607056,0.0790928304195404,9.766077710082754e-05,0
2036,0.8878506422042847,0.11200713366270065,0.0001422238419763744,0
2037,0.8678731918334961,0.1319563388824463,0.00017050780297722667,0
2038,0.8484684228897095,0.1513320952653885,0.0001994101476157084,0
2039,0.8624767661094666,0.13734178245067596,0.0001813936250982806,0
2040,0.8724858164787292,0.12734553217887878,0.0001685826136963442,0
2041,0.8742249608039856,0.1256077140569687,0.0001673903752816841,0
2042,0.8724429607391357,0.12738555669784546,0.0001715120451990515,0
2043,0.8676213622093201,0.13219814002513885,0.00018045707838609815,0
2044,0.8908088207244873,0.1090434119105339,0.0001477851765230298,0
2045,0.8939484357833862,0.10590766370296478,0.00014398351777344942,0
2046,0.892418384552002,0.10743467509746552,0.00014692779222968966,0
2047,0.9088180661201477,0.09105873852968216,0.00012317608343437314,0
2048,0.9023332595825195,0.09753389656543732,0.00013280475104693323,0
2049,0.8977153301239014,0.1021447703242302,0.00014001928502693772,0
2050,0.8908936381340027,0.10895534604787827,0.0001510543515905738,0
2051,0.8974955677986145,0.10236255079507828,0.00014200447185430676,0
2052,0.9031439423561096,0.09672217071056366,0.0001339746522717178,0
2053,0.9035279750823975,0.0963381752371788,0.00013374228728935122,0
2054,0.9106722474098206,0.08920507878065109,0.0001226444001076743,0
2055,0.9098052382469177,0.0900704637169838,0.00012424122542142868,0
2056,0.9040390253067017,0.0958278700709343,0.00013314682291820645,0
2057,0.9276713728904724,0.07223150879144669,9.707449498819187e-05,0
2058,0.9316676259040833,0.06824157387018204,9.075926936930045e-05,0
2059,0.9204521179199219,0.07944140583276749,0.00010656362428562716,0
2060,0.9264274835586548,0.07347472757101059,9.7810392617248e-05,0
2061,0.9382479190826416,0.061671704053878784,8.045888534979895e-05,0
2062,0.9458069801330566,0.054123591631650925,6.950119859538972e-05,0
2063,0.950127363204956,0.04980970546603203,6.295254570432007e-05,0
2064,0.9414244294166565,0.058500852435827255,7.460173947038129e-05,0
2065,0.9364716410636902,0.06344710290431976,8.13245860626921e-05,0
2066,0.9341131448745728,0.0658024325966835,8.436208008788526e-05,0
2067,0.9202312231063843,0.07966531813144684,0.00010346338240196928,0
2068,0.9172417521476746,0.08265078067779541,0.00010762111924123019,0
2069,0.9328077435493469,0.0671062022447586,8.592754602432251e-05,0
2070,0.9385151267051697,0.0614069402217865,7.78139365138486e-05,0
2071,0.9444897174835205,0.05544132739305496,6.901162851136178e-05,0
2072,0.9515038132667542,0.048437200486660004,5.903019700781442e-05,0
2073,0.9453616142272949,0.054571665823459625,6.677055353065953e-05,0
2074,0.9464545845985413,0.05348055064678192,6.483840843429789e-05,0
2075,0.9399263262748718,0.060000788420438766,7.289361383300275e-05,0
2076,0.928564727306366,0.07135141640901566,8.389434515265748e-05,0
2077,0.9263681173324585,0.07354537397623062,8.649063966004178e-05,0
2078,0.935070276260376,0.06485439091920853,7.529984577558935e-05,0
2079,0.9454018473625183,0.054536059498786926,6.212158041307703e-05,0
2080,0.947831928730011,0.052115049213171005,5.308241452439688e-05,0
2081,0.9436594247817993,0.05628598853945732,5.451713514048606e-05,0
2082,0.9396616816520691,0.060286927968263626,5.138354390510358e-05,0
2083,0.9441344141960144,0.05580572783946991,5.989053533994593e-05,0
2084,0.9378182291984558,0.06211520731449127,6.652028969256207e-05,0
2085,0.9395179152488708,0.06041807308793068,6.390052294591442e-05,0
2086,0.9334440231323242,0.0664856880903244,7.02724137227051e-05,0
2087,0.9288240075111389,0.07110081613063812,7.519420614698902e-05,0
2088,0.9279783368110657,0.07194571197032928,7.591850589960814e-05,0
2089,0.9259551763534546,0.07396681606769562,7.802820618962869e-05,0
2090,0.9186716675758362,0.08124195039272308,8.638140570838004e-05,0
2091,0.911350667476654,0.08855418115854263,9.519417653791606e-05,0
2092,0.9232842922210693,0.07663421332836151,8.149213681463152e-05,0
2093,0.9162268042564392,0.08368352055549622,8.963818982010707e-05,0
2094,0.9279565811157227,0.07196743041276932,7.602568803122267e-05,0
2095,0.9287991523742676,0.07112611085176468,7.475191523553804e-05,0
2096,0.9242044687271118,0.075717031955719,7.848259701859206e-05,0
2097,0.9237092733383179,0.0762118324637413,7.886660023359582e-05,0
2098,0.9260938167572021,0.07383016496896744,7.596141222165897e-05,0
2099,0.921756386756897,0.0781630128622055,8.063535642577335e-05,0
2100,0.925595223903656,0.07432860136032104,7.625582657055929e-05,0
2101,0.9221200942993164,0.07779999077320099,8.000621892279014e-05,0
2102,0.9327758550643921,0.06715594977140427,6.816677341703326e-05,0
2103,0.9321002960205078,0.06783097982406616,6.872686208225787e-05,0
2104,0.910750687122345,0.08915714174509048,9.220409265253693e-05,0
2105,0.8967909812927246,0.10310081392526627,0.00010822449985425919,0
2106,0.8882980942726135,0.11158347129821777,0.00011845413246192038,0
2107,0.9020997285842896,0.09779679775238037,0.00010340295557398349,0
2108,0.9119004607200623,0.0880068987607956,9.26484281080775e-05,0
2109,0.9102001786231995,0.08970494568347931,9.479578875470906e-05,0
2110,0.9311341047286987,0.06879466772079468,7.122407259885222e-05,0
2111,0.919148325920105,0.08076684921979904,8.47683404572308e-05,0
2112,0.9087837934494019,0.09111949801445007,9.670825238572434e-05,0
2113,0.9253535866737366,0.07456830888986588,7.809368253219873e-05,0
2114,0.9098743200302124,0.09002989530563354,9.575313742971048e-05,0
2115,0.926159143447876,0.07376337051391602,7.745125913061202e-05,0
2116,0.9187856912612915,0.08112853765487671,8.577812695875764e-05,0
2117,0.9139270186424255,0.08602133393287659,5.166391565580852e-05,0
2118,0.9161763787269592,0.08377017825841904,5.3447885875357315e-05,0
2119,0.9244768023490906,0.07546672970056534,5.654673805111088e-05,0
2120,0.9314581751823425,0.06848274916410446,5.9023965150117874e-05,0
2121,0.9345883727073669,0.06534849852323532,6.321648106677458e-05,0
2122,0.9331256151199341,0.0668087750673294,6.56150805298239e-05,0
2123,0.9303162097930908,0.06961546093225479,6.830032361904159e-05,0
2124,0.932668924331665,0.06726554781198502,6.546105578308925e-05,0
2125,0.9286211133003235,0.07130942493677139,6.942445907043293e-05,0
2126,0.933046281337738,0.06689023971557617,6.342562846839428e-05,0
2127,0.9306505918502808,0.06928309798240662,6.639645289396867e-05,0
2128,0.9309549927711487,0.06897929310798645,6.567862874362618e-05,0
2129,0.9238858819007874,0.07604147493839264,7.2736460424494e-05,0
2130,0.9133453369140625,0.08657070994377136,8.390475704800338e-05,0
2131,0.9139573574066162,0.08595899492502213,8.361267828149721e-05,0
2132,0.9192491769790649,0.08067247271537781,7.819792517693713e-05,0
2133,0.9173016548156738,0.08261795341968536,8.034689381020144e-05,0
2134,0.9037039875984192,0.0962008535861969,9.514369594398886e-05,0
2135,0.9004701375961304,0.09943043440580368,9.943501936504617e-05,0
2136,0.8954989314079285,0.10439547151327133,0.00010572122846497223,0
2137,0.8934598565101624,0.10643131285905838,0.00010884811490541324,0
2138,0.8761149644851685,0.12375573068857193,0.00012927014904562384,0
2139,0.8714014887809753,0.12846261262893677,0.00013597792712971568,0
2140,0.8490937352180481,0.150742769241333,0.0001634359359741211,0
2141,0.8228171467781067,0.17698487639427185,0.00019804027397185564,0
2142,0.8522118926048279,0.14762239158153534,0.00016570133448112756,0
2143,0.8567283749580383,0.1431085616350174,0.00016301442519761622,0
2144,0.8640735745429993,0.13576702773571014,0.00015938369324430823,0
2145,0.8775221109390259,0.12233362346887589,0.00014436412311624736,0
2146,0.8773078322410583,0.12254566699266434,0.0001465642562834546,0
2147,0.8921851515769958,0.10768628865480423,0.00012858619447797537,0
2148,0.8951476812362671,0.10472699254751205,0.00012528138177003711,0
2149,0.897221565246582,0.10265523195266724,0.00012320569658186287,0
2150,0.8955249190330505,0.1043500304222107,0.00012509927910286933,0
2151,0.8927295207977295,0.10714086890220642,0.00012959058221895248,0
2152,0.8953585028648376,0.10451506823301315,0.00012641397188417614,0
2153,0.9074171781539917,0.0924716666340828,0.00011120684212073684,0
2154,0.899175226688385,0.10070183873176575,0.00012289352889638394,0
2155,0.9083326458930969,0.09155645966529846,0.00011083325080107898,0
2156,0.9075706005096436,0.09231802076101303,0.00011136745888506994,0
2157,0.9142618179321289,0.08563581109046936,0.00010232577915303409,0
2158,0.9203877449035645,0.07951778173446655,9.448631317354739e-05,0
2159,0.9084933400154114,0.0913965031504631,0.00011018000077456236,0
2160,0.8817606568336487,0.11809274554252625,0.00014659902080893517,0
2161,0.8757542967796326,0.12408974021673203,0.0001559871743666008,0
2162,0.8955938816070557,0.10427599400281906,0.00013010149996262044,0
2163,0.8921331167221069,0.10773177444934845,0.00013520887296181172,0
2164,0.8677588701248169,0.13207189738750458,0.00016924091323744506,0
2165,0.8688445687294006,0.1309862732887268,0.00016916071763262153,0
2166,0.9028899669647217,0.0969872772693634,0.0001228067121701315,0
2167,0.8906195759773254,0.10924046486616135,0.00013992756430525333,0
2168,0.8646342754364014,0.1351969987154007,0.0001687249750830233,0
2169,0.8900974988937378,0.10976723581552505,0.00013528272393159568,0
2170,0.8796904683113098,0.1201598197221756,0.00014962996647227556,0
2171,0.8909447193145752,0.10892045497894287,0.00013489708362612873,0
2172,0.8953248858451843,0.10454603284597397,0.00012900093861389905,0
2173,0.8991813659667969,0.10069464892148972,0.00012387441529426724,0
2174,0.9094995856285095,0.09039045125246048,0.00011004755651811138,0
2175,0.8999754786491394,0.09990213811397552,0.00012240516662131995,0
2176,0.893096923828125,0.10677146911621094,0.00013159774243831635,0
2177,0.8988556861877441,0.10102025419473648,0.00012399676779750735,0
2178,0.8827856183052063,0.11706853657960892,0.00014578246918972582,0
2179,0.8865176439285278,0.11334110796451569,0.00014121767890173942,0
2180,0.8883020281791687,0.11155885457992554,0.00013919154298491776,0
2181,0.8857513070106506,0.11410573124885559,0.00014292934793047607,0
2182,0.887828528881073,0.11203116178512573,0.0001403062342433259,0
2183,0.8609231114387512,0.1388993114233017,0.00017751814448274672,0
2184,0.8627721071243286,0.13705198466777802,0.00017601638683117926,0
2185,0.8679484128952026,0.13188184797763824,0.00016979769861791283,0
2186,0.8641059994697571,0.13571788370609283,0.00017613561067264527,0
2187,0.8731698989868164,0.1266656517982483,0.00016441028856206685,0
2188,0.8840050101280212,0.11584513634443283,0.00014987577742431313,0
2189,0.8976503014564514,0.10221873223781586,0.00013101751392241567,0
2190,0.8862536549568176,0.11359948664903641,0.00014683694462291896,0
2191,0.8764747381210327,0.12336409837007523,0.0001611828338354826,0
2192,0.8657795190811157,0.13404589891433716,0.000174535351106897,0
2193,0.8754186034202576,0.12441963702440262,0.00016187569417525083,0
2194,0.8807096481323242,0.1191350668668747,0.00015525217168033123,0
2195,0.8967570066452026,0.1031101867556572,0.00013272838259581476,0
2196,0.9041627049446106,0.0957154780626297,0.00012177308235550299,0
2197,0.8922198414802551,0.10764191299676895,0.00013824492634739727,0
2198,0.8998172283172607,0.10005580633878708,0.00012686527043115348,0
2199,0.9070633053779602,0.09281995892524719,0.00011670237290672958,0
2200,0.9266329407691956,0.07327736169099808,8.96582132554613e-05,0
2201,0.9182170629501343,0.08168306201696396,9.983989730244502e-05,0
2202,0.9273938536643982,0.07251880317926407,8.733736467547715e-05,0
2203,0.9125058054924011,0.08738774061203003,0.00010653621575329453,0
2204,0.9218612909317017,0.07804497331380844,9.371609485242516e-05,0
2205,0.9173341989517212,0.0825665295124054,9.932216198649257e-05,0
2206,0.9138076901435852,0.08608879894018173,0.00010359498264733702,0
2207,0.8969746232032776,0.10290000587701797,0.0001254790258826688,0
2208,0.8715463280677795,0.1282941848039627,0.00015953140973579139,0
2209,0.880630373954773,0.11922219395637512,0.00014736632874701172,0
2210,0.8909146189689636,0.10895136743783951,0.00013401417527347803,0
2211,0.9000596404075623,0.09981834143400192,0.0001219414480146952,0
2212,0.9100929498672485,0.0897984504699707,0.0001085757976397872,0
2213,0.9198145866394043,0.08009001612663269,9.544902422931045e-05,0
2214,0.9120346307754517,0.08786033093929291,0.0001050574574037455,0
2215,0.913053035736084,0.08684361726045609,0.000103447848232463,0
2216,0.9013584852218628,0.09852548688650131,0.00011603433085838333,0
2217,0.8995025157928467,0.10037925094366074,0.00011815203470177948,0
2218,0.9079049825668335,0.09198795258998871,0.00010706123430281878,0
2219,0.9274663925170898,0.07245119661092758,8.236038411268964e-05,0
2220,0.9295946359634399,0.07032627612352371,7.913132139947265e-05,0
2221,0.9236704707145691,0.07624374330043793,8.582845475757495e-05,0
2222,0.9103292226791382,0.08956924825906754,0.00010158109216718003,0
2223,0.9127035737037659,0.08719802647829056,9.838409459916875e-05,0
2224,0.9023120999336243,0.09757719933986664,0.00011072726192651317,0
2225,0.8921910524368286,0.1076858714222908,0.00012312516628298908,0
2226,0.8797087073326111,0.12015257030725479,0.00013864818902220577,0
2227,0.8774508833885193,0.12240724265575409,0.00014181442384142429,0
2228,0.8408623337745667,0.15894879400730133,0.0001888664555735886,0
2229,0.8635496497154236,0.1362892985343933,0.00016096499166451395,0
2230,0.863231897354126,0.13660591840744019,0.00016217317897826433,0
2231,0.8695384860038757,0.13030661642551422,0.00015486037591472268,0
2232,0.8950707316398621,0.10480651259422302,0.00012266701378393918,0
2233,0.9038375616073608,0.09605105221271515,0.00011139710113639012,0
2234,0.8953478932380676,0.10453047603368759,0.00012171596608823165,0
2235,0.8989631533622742,0.1009199470281601,0.00011696622823365033,0
2236,0.8889094591140747,0.11096103489398956,0.00012940661690663546,0
2237,0.9111567735671997,0.08874168992042542,0.00010148908768314868,0
2238,0.9186919331550598,0.08121632039546967,9.179684275295585e-05,0
2239,0.8901047706604004,0.10976854711771011,0.00012665145914070308,0
2240,0.8977934718132019,0.10209064185619354,0.00011594866373343393,0
2241,0.8701927661895752,0.12965679168701172,0.00015037186676636338,0
2242,0.8690650463104248,0.13078244030475616,0.00015244873065967113,0
2243,0.8730438351631165,0.12680798768997192,0.0001480704959249124,0
2244,0.8741423487663269,0.1257103979587555,0.00014724579523317516,0
2245,0.8956438899040222,0.1042356789112091,0.00012045539915561676,0
2246,0.870632529258728,0.12921534478664398,0.00015216063184197992,0
2247,0.8239594101905823,0.17582570016384125,0.00021491484949365258,0
2248,0.8508197069168091,0.14899824559688568,0.00018207283574156463,0
2249,0.8635069727897644,0.13632598519325256,0.00016708130715414882,0
2250,0.8824365735054016,0.11742044985294342,0.0001429652766091749,0
2251,0.8821874260902405,0.1176687479019165,0.00014383338566403836,0
2252,0.8819130063056946,0.11794228106737137,0.0001448124967282638,0
2253,0.8933887481689453,0.1064814105629921,0.00012981792679056525,0
2254,0.8987933993339539,0.10108398646116257,0.0001225510350195691,0
2255,0.8932799696922302,0.10659036040306091,0.00012970609532203525,0
2256,0.8981122970581055,0.10176445543766022,0.0001232005888596177,0
2257,0.8985209465026855,0.10135659575462341,0.00012245758261997253,0
2258,0.895923912525177,0.10395035147666931,0.00012567649537231773,0
2259,0.9028466939926147,0.09703683853149414,0.00011640917364275083,0
2260,0.9062061309814453,0.09368202090263367,0.00011175838153576478,0
2261,0.8954140543937683,0.10446066409349442,0.0001252034999197349,0
2262,0.8783721327781677,0.12147971987724304,0.00014810326683800668,0
2263,0.8910147547721863,0.10885331779718399,0.0001319302973570302,0
2264,0.906331479549408,0.09366808831691742,4.5960956640556105e-07,0
2265,0.9095156192779541,0.09048399329185486,4.422929578140611e-07,0
2266,0.9015023112297058,0.09849715232849121,4.840330802835524e-07,0
2267,0.909489631652832,0.09050988405942917,4.4142066712993255e-07,0
2268,0.9220986366271973,0.07790100574493408,3.7436220168274303e-07,0
2269,0.9281373620033264,0.07186237722635269,3.4153021033489495e-07,0
2270,0.9291402101516724,0.07085956633090973,3.349433654875611e-07,0
2271,0.9299970269203186,0.07000260800123215,3.2940087635324744e-07,0
2272,0.9115331768989563,0.08846648037433624,4.21589277266321e-07,0
2273,0.9175291061401367,0.08247050642967224,3.8985643868727493e-07,0
2274,0.904511034488678,0.095488540828228,4.5478279275812383e-07,0
2275,0.9315243363380432,0.06847526878118515,3.1741035400045803e-07,0
2276,0.9198516011238098,0.08014801889657974,3.740962029041839e-07,0
2277,0.9256995916366577,0.07430005818605423,3.4352095212852873e-07,0
2278,0.9146895408630371,0.0853099599480629,3.969337853959587e-07,0
2279,0.9209243059158325,0.0790753960609436,3.650579287750588e-07,0
2280,0.9324051737785339,0.06759443134069443,3.074431731420191e-07,0
2281,0.9193665385246277,0.08063316345214844,3.7007185937909526e-07,0
2282,0.9092737436294556,0.0907258540391922,4.1914688608812867e-07,0
2283,0.9078468680381775,0.09215275198221207,4.255255419138848e-07,0
2284,0.943431556224823,0.05656811594963074,2.5138467663055053e-07,0
2285,0.9360536932945251,0.06394612044095993,2.1068848354843794e-07,0
2286,0.9467681050300598,0.05323166400194168,2.1178158249313128e-07,0
2287,0.940983235836029,0.059016525745391846,2.03532906084547e-07,0
2288,0.9414837956428528,0.058516040444374084,2.0609293471807177e-07,0
2289,0.9456754326820374,0.05432434752583504,2.2452161374530988e-07,0
2290,0.9430344104766846,0.05696539953351021,2.4090493866424367e-07,0
2291,0.9462483525276184,0.053751394152641296,2.2462485560481582e-07,0
2292,0.9430580139160156,0.05694173276424408,2.3707036689302186e-07,0
2293,0.9437773823738098,0.05622230842709541,2.320861511861949e-07,0
2294,0.941409170627594,0.05859057977795601,2.408052921509807e-07,0
2295,0.9413963556289673,0.05860341712832451,2.3910610025268397e-07,0
2296,0.9405792355537415,0.059420645236968994,2.41211694174126e-07,0
2297,0.9366552829742432,0.06334442645311356,2.567169303802075e-07,0
2298,0.93606036901474,0.06393944472074509,2.579557190074411e-07,0
2299,0.9211423397064209,0.07885725051164627,3.2242260772363807e-07,0
2300,0.9188286066055298,0.08117109537124634,3.330249569444277e-07,0
2301,0.9270315766334534,0.07296808063983917,2.9673620360881614e-07,0
2302,0.9279804825782776,0.07201912999153137,2.9199611617514165e-07,0
2303,0.937915563583374,0.06208416447043419,2.477150076174439e-07,0
2304,0.9426386952400208,0.05736106261610985,2.220390911134018e-07,0
2305,0.940285325050354,0.05971447378396988,2.0782809428965265e-07,0
2306,0.9430162906646729,0.05698348209261894,2.1452059684179403e-07,0
2307,0.9379909038543701,0.06200891360640526,2.3770849111315329e-07,0
2308,0.9338682889938354,0.06613152474164963,2.5312800744359265e-07,0
2309,0.917160153388977,0.08283951133489609,3.222775433187053e-07,0
2310,0.9051251411437988,0.09487453103065491,3.7446486089720565e-07,0
2311,0.8462042808532715,0.15379516780376434,6.399812377821945e-07,0
2312,0.8579847812652588,0.14201460778713226,5.856082907484961e-07,0
2313,0.8717151880264282,0.1282842755317688,5.322795573192707e-07,0
2314,0.8821401596069336,0.11785931140184402,4.90473837544414e-07,0
2315,0.8933486342430115,0.1066509261727333,4.4300824697529606e-07,0
2316,0.89556884765625,0.10443070530891418,4.348113975538581e-07,0
2317,0.9067162871360779,0.0932832583785057,3.853025134503696e-07,0
2318,0.9179971218109131,0.08200259506702423,3.341277761137462e-07,0
2319,0.9151299595832825,0.08486972004175186,3.4539516491349787e-07,0
2320,0.9256352782249451,0.07436436414718628,2.9768870035695727e-07,0
2321,0.9270104765892029,0.07298911362886429,2.89518112595033e-07,0
2322,0.9303610920906067,0.06963866949081421,2.7243584099778673e-07,0
2323,0.9271450638771057,0.07285463064908981,2.8389024464559043e-07,0
2324,0.9230175018310547,0.07698222994804382,2.9961586278659524e-07,0
2325,0.9168391227722168,0.0831606388092041,3.247992879096273e-07,0
2326,0.9136817455291748,0.08631788194179535,3.380557700438658e-07,0
2327,0.9090540409088135,0.09094559401273727,3.582810563784733e-07,0
2328,0.9094184637069702,0.09058120101690292,3.576721212539269e-07,0
2329,0.9151551723480225,0.08484453707933426,3.337541158998647e-07,0
2330,0.9121484160423279,0.08785118162631989,3.473365097761416e-07,0
2331,0.9229258298873901,0.07707374542951584,3.0173916343301244e-07,0
2332,0.920610785484314,0.079388827085495,3.1142326406552456e-07,0
2333,0.9245774149894714,0.07542220503091812,2.945178039226448e-07,0
2334,0.9227071404457092,0.07729262113571167,3.0211506896193896e-07,0
2335,0.9244877696037292,0.07551190257072449,2.946333381714794e-07,0
2336,0.9391125440597534,0.060887206345796585,2.3151986283664883e-07,0
2337,0.9385193586349487,0.06148046255111694,2.3211687505408918e-07,0
2338,0.9390588998794556,0.0609409436583519,2.243817789349123e-07,0
2339,0.9124478697776794,0.08755193650722504,3.3606443139433395e-07,0
2340,0.9067057967185974,0.0932939201593399,3.609540328852745e-07,0
2341,0.9190882444381714,0.08091143518686295,3.1016605817058007e-07,0
2342,0.9199905395507812,0.08000913262367249,3.064317581902287e-07,0
2343,0.9200063347816467,0.07999326288700104,3.0646421578239824e-07,0
2344,0.9098726511001587,0.09012706577777863,3.486958064513601e-07,0
2345,0.9107341170310974,0.08926552534103394,3.4589919550853665e-07,0
2346,0.9167589545249939,0.0832407996058464,3.213489208064857e-07,0
2347,0.9262861609458923,0.07371357083320618,2.820619329213514e-07,0
2348,0.9159809947013855,0.08401870727539062,3.248002258260385e-07,0
2349,0.9112943410873413,0.08870533108711243,3.450984706887539e-07,0
2350,0.9214171171188354,0.0785825327038765,3.033461268842075e-07,0
2351,0.9168945550918579,0.08310508728027344,3.223649400752038e-07,0
2352,0.8884510397911072,0.1115485280752182,4.4376074015417544e-07,0
2353,0.9063284993171692,0.09367117285728455,3.6905086631122686e-07,0
2354,0.8861023783683777,0.1138971671462059,4.568803717575065e-07,0
2355,0.8663132786750793,0.13368616998195648,5.457659995045105e-07,0
2356,0.8709254264831543,0.12907405197620392,5.288785018819908e-07,0
2357,0.8885408043861389,0.11145877093076706,4.535102391400869e-07,0
2358,0.9199303984642029,0.08006924390792847,3.179809482389828e-07,0
2359,0.9199490547180176,0.08005055785179138,3.1721322102384875e-07,0
2360,0.8965087532997131,0.10349081456661224,4.1566980257812247e-07,0
2361,0.8896373510360718,0.11036226153373718,4.467118515094626e-07,0
2362,0.8997423648834229,0.10025712847709656,4.037557630454103e-07,0
2363,0.8748303651809692,0.1251690834760666,5.145206500856148e-07,0
2364,0.9303668737411499,0.0696328654885292,2.7412269787419064e-07,0
2365,0.9255084991455078,0.07449115812778473,2.939690375569626e-07,0
2366,0.9235701560974121,0.07642960548400879,3.0179984378264635e-07,0
2367,0.9236722588539124,0.07632733136415482,3.0112764193290786e-07,0
2368,0.9280257821083069,0.07197383046150208,2.8253481332285446e-07,0
2369,0.9191253185272217,0.08087427169084549,3.199469063019933e-07,0
2370,0.9278172254562378,0.07218240201473236,2.8308699029366835e-07,0
2371,0.9166629314422607,0.08333676308393478,3.3014310929502244e-07,0
2372,0.8924993872642517,0.10750018805265427,4.3503203528416634e-07,0
2373,0.8938911557197571,0.1061084195971489,4.3061697851953795e-07,0
2374,0.879100501537323,0.12089896947145462,4.974596663487318e-07,0
2375,0.8894928097724915,0.11050672084093094,4.536559572443366e-07,0
2376,0.8300452828407288,0.16995394229888916,7.275899065461999e-07,0
2377,0.857734739780426,0.14226461946964264,6.06312028139655e-07,0
2378,0.8737115263938904,0.1262880265712738,5.37163657554629e-07,0
2379,0.8660979270935059,0.1339014768600464,5.761685315519571e-07,0
2380,0.8476048111915588,0.15239442884922028,6.694995704492612e-07,0
2381,0.8469845056533813,0.1530148684978485,6.819074087616173e-07,0
2382,0.8526137471199036,0.14738553762435913,6.648569979006425e-07,0
2383,0.8618156313896179,0.13818365335464478,6.297160553003778e-07,0
2384,0.8613036274909973,0.13869577646255493,6.41905728571146e-07,0
2385,0.8673129081726074,0.13268646597862244,6.275269015532103e-07,0
2386,0.8744186758995056,0.12558066844940186,6.053796255400812e-07,0
2387,0.8807767033576965,0.11922267079353333,5.850603201906779e-07,0
2388,0.8891233205795288,0.11087622493505478,5.438237735688745e-07,0
2389,0.899459183216095,0.10054033994674683,4.939611812915246e-07,0
2390,0.8999888300895691,0.10001067817211151,4.934377102472354e-07,0
2391,0.9037290811538696,0.09627042710781097,4.7512205014754727e-07,0
2392,0.9021009206771851,0.09789855033159256,4.849313199883909e-07,0
2393,0.9012236595153809,0.09877575933933258,4.921137133351294e-07,0
2394,0.9055227041244507,0.09447675198316574,4.6950526666478254e-07,0
2395,0.9085630178451538,0.09143655747175217,4.5366815015768225e-07,0
2396,0.9136837124824524,0.08631592988967896,4.262038260094414e-07,0
2397,0.9104909896850586,0.08950848132371902,4.4279511257627746e-07,0
2398,0.9022725820541382,0.09772686660289764,4.90939385144884e-07,0
2399,0.9072452187538147,0.09275432676076889,4.6463216563097376e-07,0
2400,0.9155920147895813,0.08440763503313065,4.197217151613586e-07,0
2401,0.9179202318191528,0.08207927644252777,4.0576787796453573e-07,0
2402,0.9171741008758545,0.0828254446387291,4.075325534813601e-07,0
2403,0.9115068316459656,0.08849261701107025,4.3743830246967264e-07,0
2404,0.927112877368927,0.07288684695959091,3.538700923400029e-07,0
2405,0.9356316328048706,0.06436793506145477,3.0781905024923617e-07,0
2406,0.9428640604019165,0.057135727256536484,2.687295079795149e-07,0
2407,0.8700594902038574,0.1299399435520172,6.519936164295359e-07,0
2408,0.9199888706207275,0.08001074194908142,3.8658185985696036e-07,0
2409,0.9135950803756714,0.0864044800400734,4.1870163158819196e-07,0
2410,0.9063893556594849,0.09361021220684052,4.550297489913646e-07,0
2411,0.9061638712882996,0.0938357338309288,4.553067185497639e-07,0
2412,0.8997745513916016,0.10022496432065964,4.875789727520896e-07,0
2413,0.8880832195281982,0.11191634088754654,5.484271241584793e-07,0
2414,0.8919854760169983,0.10801400989294052,5.278536718833493e-07,0
2415,0.9005733132362366,0.09942626953125,4.82307427773776e-07,0
2416,0.9058172702789307,0.0941823199391365,4.5413497673507663e-07,0
2417,0.9132522940635681,0.08674725145101547,4.144873742006894e-07,0
2418,0.9147728681564331,0.0852266475558281,4.050273219036171e-07,0
2419,0.9095946550369263,0.09040481597185135,4.2997271521016955e-07,0
2420,0.9080922603607178,0.0919073075056076,4.363152754649491e-07,0
2421,0.9198013544082642,0.08019831031560898,3.757343449706241e-07,0
2422,0.9184523224830627,0.08154737204313278,3.810839359630336e-07,0
2423,0.913646399974823,0.08635315299034119,4.0353981489715807e-07,0
2424,0.8970348238945007,0.10296463966369629,4.860595481659402e-07,0
2425,0.909960150718689,0.09003933519124985,4.200765886253066e-07,0
2426,0.8989818692207336,0.10101775825023651,4.743571366816468e-07,0
2427,0.8976507186889648,0.10234881192445755,4.8067755642478e-07,0
2428,0.8681150078773499,0.13188427686691284,6.386657105394988e-07,0
2429,0.853432297706604,0.14656700193881989,7.26976509213273e-07,0
2430,0.8790954947471619,0.12090381979942322,5.93247932556551e-07,0
2431,0.8882685899734497,0.11173087358474731,5.465229264700611e-07,0
2432,0.9084404706954956,0.09155911952257156,4.621778941782395e-07,0
2433,0.9074291586875916,0.0925704762339592,4.666133293085295e-07,0
2434,0.9049357175827026,0.09506386518478394,4.790166485690861e-07,0
2435,0.9124138355255127,0.08758575469255447,4.3764396195911104e-07,0
2436,0.9243972301483154,0.07560249418020248,3.7224131688162743e-07,0
2437,0.9311099052429199,0.06888978183269501,3.3507325269965804e-07,0
2438,0.9263362884521484,0.0736633762717247,3.5796571751234296e-07,0
2439,0.9313560128211975,0.06864366680383682,3.300653759197303e-07,0
2440,0.9318807125091553,0.0681188702583313,3.2551193385188526e-07,0
2441,0.9021111726760864,0.09788845479488373,4.791774586010433e-07,0
2442,0.846498966217041,0.15350021421909332,8.011523959794431e-07,0
2443,0.8753089904785156,0.12469042837619781,6.472163818216359e-07,0
2444,0.8998985886573792,0.10010083764791489,5.134342018209281e-07,0
2445,0.8897727131843567,0.11022673547267914,5.721801130675885e-07,0
2446,0.9083219766616821,0.09167762100696564,4.702600904238352e-07,0
2447,0.9094329476356506,0.09056658297777176,4.6414345433731796e-07,0
2448,0.9067308902740479,0.0932687446475029,4.793365064870159e-07,0
2449,0.888734757900238,0.11126461625099182,5.821314630338748e-07,0
2450,0.8946334719657898,0.10536599159240723,5.518581929209176e-07,0
2451,0.8888209462165833,0.111178457736969,5.942001166658883e-07,0
2452,0.894934356212616,0.10506512224674225,5.628706958304974e-07,0
2453,0.885291576385498,0.11470775306224823,6.371961944751092e-07,0
2454,0.8934676647186279,0.10653164982795715,5.950261652287736e-07,0
2455,0.9096229076385498,0.09037650376558304,5.007386221222987e-07,0
2456,0.9151342511177063,0.08486533910036087,4.6918268026274745e-07,0
2457,0.9214917421340942,0.0785079225897789,4.304708056679374e-07,0
2458,0.9119949340820312,0.08800459653139114,4.87061413423362e-07,0
2459,0.9280604124069214,0.07193918526172638,3.903697916030069e-07,0
2460,0.931381344795227,0.0686183050274849,3.6814802228946064e-07,0
2461,0.9353659152984619,0.06463368982076645,3.4216719768664916e-07,0
2462,0.9342694282531738,0.06573020666837692,3.4568691376080096e-07,0
2463,0.9313374757766724,0.0686621442437172,3.602819163006643e-07,0
2464,0.9316879510879517,0.06831176578998566,3.5678354493029474e-07,0
2465,0.9410700798034668,0.058929674327373505,3.027675177236233e-07,0
2466,0.9468585848808289,0.053141236305236816,2.688179279175529e-07,0
2467,0.9399013519287109,0.0600983165204525,3.044288234832493e-07,0
2468,0.9399462342262268,0.06005346029996872,3.0233584880079434e-07,0
2469,0.9277786016464233,0.0722210556268692,3.676848621125828e-07,0
2470,0.9404674172401428,0.0595322921872139,2.9761091013824625e-07,0
2471,0.9294813275337219,0.0705183669924736,3.5605293646767677e-07,0
2472,0.923737645149231,0.07626201212406158,3.8730181017854193e-07,0
2473,0.9258089661598206,0.07419072836637497,3.762178550914541e-07,0
2474,0.9370025992393494,0.06299698352813721,3.1480078632739605e-07,0
2475,0.9395706057548523,0.06042895093560219,2.997445278651867e-07,0
2476,0.9436443448066711,0.05635534226894379,2.764359976481501e-07,0
2477,0.9312759637832642,0.06872370094060898,3.4082509614563605e-07,0
2478,0.9313458800315857,0.06865378469228745,3.3950337297028454e-07,0
2479,0.9360145330429077,0.06398511677980423,3.136158568395331e-07,0
2480,0.9057624936103821,0.09423708915710449,4.761584193602175e-07,0
2481,0.9166300892829895,0.08336947113275528,4.175069250322849e-07,0
2482,0.9072169065475464,0.09278275072574615,4.6637117634418246e-07,0
2483,0.9222412705421448,0.0777582898736,3.851000656140968e-07,0
2484,0.902814507484436,0.09718498587608337,4.88607952320308e-07,0
2485,0.8463038206100464,0.15369537472724915,8.055540661189298e-07,0
2486,0.9118178486824036,0.08818181604146957,4.4480464111984475e-07,0
2487,0.9094222187995911,0.09057734161615372,4.5778182311551063e-07,0
2488,0.9250127673149109,0.07498683035373688,3.7307790989871137e-07,0
2489,0.9316449761390686,0.06835462152957916,3.364050371601479e-07,0
2490,0.9265465140342712,0.07345320284366608,3.620771735768358e-07,0
2491,0.9416096806526184,0.058390062302351,2.819241444740328e-07,0
2492,0.9442687034606934,0.055731117725372314,2.4218718408519635e-07,0
2493,0.9455801248550415,0.05441967025399208,2.358176800498768e-07,0
2494,0.9423379898071289,0.057661812752485275,2.7217319598094036e-07,0
2495,0.9450855255126953,0.05491418018937111,2.3822484251923015e-07,0
2496,0.9440805315971375,0.055919159203767776,2.3066090193424316e-07,0
2497,0.9453583359718323,0.054641466587781906,2.3826567030482693e-07,0
2498,0.9430368542671204,0.056962884962558746,2.6119468543583935e-07,0
2499,0.9437589645385742,0.056240785866975784,2.5022768568305764e-07,0
2500,0.9405307173728943,0.05946917086839676,2.464098258769809e-07,0
2501,0.943605899810791,0.056393902748823166,2.4481070681758865e-07,0
2502,0.9365627765655518,0.06343700736761093,2.233932292483587e-07,0
2503,0.941587507724762,0.05841225013136864,2.5032855432982615e-07,0
2504,0.941023588180542,0.05897624045610428,2.2910919028618082e-07,0
2505,0.9425879120826721,0.05741176754236221,2.42604897948695e-07,0
2506,0.9429115653038025,0.05708816647529602,2.4344691951228015e-07,0
2507,0.9278020858764648,0.07219768315553665,3.1919969956106797e-07,0
2508,0.9421089887619019,0.057890813797712326,2.507554484054708e-07,0
2509,0.9309956431388855,0.06900395452976227,3.027401191957324e-07,0
2510,0.9364864826202393,0.06351331621408463,2.7655778467305936e-07,0
2511,0.9270607829093933,0.07293886691331863,3.2106873959492077e-07,0
2512,0.9361992478370667,0.06380048394203186,2.3088375655788695e-07,0
2513,0.9371682405471802,0.06283152103424072,2.3857876385591226e-07,0
2514,0.9205482006072998,0.07945159077644348,1.994212794897976e-07,0
2515,0.9165951013565063,0.08340469747781754,1.9786453719916608e-07,0
2516,0.9219204783439636,0.07807924598455429,2.1941927741409017e-07,0
2517,0.9218955636024475,0.07810424268245697,2.2519184028624295e-07,0
2518,0.9252728223800659,0.07472702860832214,2.3084942313289503e-07,0
2519,0.9252070784568787,0.07479272782802582,2.4059971792667056e-07,0
2520,0.9256385564804077,0.07436122000217438,2.501036817648128e-07,0
2521,0.9237715005874634,0.0762283056974411,2.460074028931558e-07,0
2522,0.9246708750724792,0.07532889395952225,2.459326822190633e-07,0
2523,0.9247633814811707,0.07523634284734726,2.514235575290513e-07,0
2524,0.9258351922035217,0.07416453212499619,2.628450204156252e-07,0
2525,0.9250353574752808,0.0749644935131073,2.607094700124435e-07,0
2526,0.9250430464744568,0.07495660334825516,2.834865711065504e-07,0
2527,0.9250615239143372,0.07493816316127777,2.845320352662384e-07,0
2528,0.9265691041946411,0.0734306126832962,2.808382930652442e-07,0
2529,0.9249345660209656,0.07506506145000458,2.885616936509905e-07,0
2530,0.9292577505111694,0.07074204832315445,2.7069179964200885e-07,0
2531,0.9285969734191895,0.07140276581048965,2.735673092502111e-07,0
2532,0.9286388158798218,0.0713609904050827,2.7306899141876784e-07,0
2533,0.9218188524246216,0.07818076014518738,3.0236932957450335e-07,0
2534,0.9321755170822144,0.0678243562579155,2.495633566468314e-07,0
2535,0.9334024786949158,0.06659720093011856,2.5367290845679236e-07,0
2536,0.9297731518745422,0.07022657990455627,2.5314099616480235e-07,0
2537,0.9044749736785889,0.09552481025457382,2.0484598906023166e-07,0
2538,0.8996659517288208,0.10033374279737473,2.1403198502412124e-07,0
2539,0.902217447757721,0.09778241813182831,2.3917186808830593e-07,0
2540,0.9158955812454224,0.08410418778657913,2.670944638794026e-07,0
2541,0.9150344133377075,0.08496531844139099,2.6787878937284404e-07,0
2542,0.9137146472930908,0.08628510683774948,3.316258698760066e-07,0
2543,0.9098708033561707,0.09012894332408905,3.509332486828498e-07,0
2544,0.9199392795562744,0.08006039261817932,3.113474917881831e-07,0
2545,0.9041101336479187,0.09588944166898727,3.813575517597201e-07,0
2546,0.9028548002243042,0.09714484214782715,3.908568260158063e-07,0
2547,0.9016395211219788,0.09836005419492722,4.0035575921137934e-07,0
2548,0.916618824005127,0.08338076621294022,3.377252539848996e-07,0
2549,0.8995639085769653,0.10043570399284363,4.161304048011516e-07,0
2550,0.9086260795593262,0.09137368947267532,3.790726452734816e-07,0
2551,0.930368959903717,0.06963076442480087,2.5877747589220235e-07,0
2552,0.9296723008155823,0.070327527821064,2.609194211800059e-07,0
2553,0.9316193461418152,0.0683804452419281,2.653276851560804e-07,0
2554,0.9307945370674133,0.06920525431632996,2.727333594521042e-07,0
2555,0.9297788143157959,0.07022084295749664,2.8306718036219536e-07,0
2556,0.9309806227684021,0.06901895999908447,2.780705301574926e-07,0
2557,0.9303489923477173,0.06965078413486481,2.5936265046766493e-07,0
2558,0.9270186424255371,0.07298105955123901,2.9521518740693864e-07,0
2559,0.927524983882904,0.07247484475374222,2.670443564056768e-07,0
2560,0.9224991798400879,0.0775005891919136,2.5265339331781433e-07,0
2561,0.9216089248657227,0.07839078456163406,2.7646495937005966e-07,0
2562,0.919721782207489,0.08027798682451248,3.271615298672259e-07,0
2563,0.9257816076278687,0.07421810925006866,2.845284825525596e-07,0
2564,0.9240415096282959,0.0759582445025444,2.6258362595399376e-07,0
2565,0.9178397059440613,0.0821601003408432,2.460670316395408e-07,0
2566,0.9132444262504578,0.08675543963909149,2.1387991466781386e-07,0
2567,0.9111776947975159,0.0888221338391304,2.0689766699888423e-07,0
2568,0.9203753471374512,0.0796244665980339,2.4747359361754206e-07,0
2569,0.9181122183799744,0.08188751339912415,2.301386672343142e-07,0
2570,0.9204010367393494,0.07959874719381332,2.3615024247192196e-07,0
2571,0.9230849742889404,0.07691490650177002,2.450930480790703e-07,0
2572,0.9190860986709595,0.0809137150645256,2.4177757040888537e-07,0
2573,0.9246212244033813,0.07537845522165298,2.438093815726461e-07,0
2574,0.9249956607818604,0.07500418275594711,2.5078594489968964e-07,0
2575,0.9166587591171265,0.08334099501371384,2.441367428218655e-07,0
2576,0.9222474694252014,0.07775228470563889,2.742761466834054e-07,0
2577,0.9210119843482971,0.07898788154125214,2.6606744540913496e-07,0
2578,0.9210513234138489,0.078948475420475,2.63097064134854e-07,0
2579,0.9203948974609375,0.07960490137338638,2.5826662408690026e-07,0
2580,0.9249160885810852,0.07508360594511032,2.810512285122968e-07,0
2581,0.9199444055557251,0.0800553411245346,2.6484920567781955e-07,0
2582,0.92283695936203,0.07716280966997147,2.628161439588439e-07,0
2583,0.9242192506790161,0.07578051090240479,2.728127981299622e-07,0
2584,0.9249388575553894,0.07506082206964493,2.7870819963027316e-07,0
2585,0.9178298115730286,0.08216987550258636,3.130322738797986e-07,0
2586,0.916361927986145,0.08363769948482513,3.214123012185155e-07,0
2587,0.9018555879592896,0.09814400970935822,3.851748999750271e-07,0
2588,0.9084368348121643,0.09156285971403122,3.601858225010801e-07,0
2589,0.9207336902618408,0.07926611602306366,2.541757737617445e-07,0
2590,0.9077770709991455,0.0922226831316948,2.427054823783692e-07,0
2591,0.900562047958374,0.09943773597478867,2.4648912244629173e-07,0
2592,0.906296968460083,0.0937027633190155,2.279498261259505e-07,0
2593,0.9082245230674744,0.09177528321743011,2.4582806190664996e-07,0
2594,0.9179680943489075,0.08203175663948059,2.685170557015226e-07,0
2595,0.909715473651886,0.09028439223766327,2.4222859451583645e-07,0
2596,0.9200016260147095,0.07999804615974426,3.100006153999857e-07,0
2597,0.9162111878395081,0.08378854393959045,2.625584443194384e-07,0
2598,0.9237470030784607,0.07625275105237961,2.9642313847944024e-07,0
2599,0.9153766632080078,0.08462309837341309,2.6666299390853965e-07,0
2600,0.9223805665969849,0.07761932164430618,2.6153384169447236e-07,0
2601,0.9217188954353333,0.07828090339899063,2.653474098224251e-07,0
2602,0.911065399646759,0.08893442153930664,2.41725246041824e-07,0
2603,0.9164261221885681,0.08357370644807816,2.603259474653896e-07,0
2604,0.9065545797348022,0.09344521164894104,2.1997655608174682e-07,0
2605,0.8996782898902893,0.10032153129577637,2.1480832401721273e-07,0
2606,0.8982772827148438,0.10172250121831894,2.127464995282935e-07,0
2607,0.8952076435089111,0.10479215532541275,2.0790994881281222e-07,0
2608,0.9007819890975952,0.09921778738498688,2.2115804654276872e-07,0
2609,0.8997183442115784,0.10028141736984253,2.201734048412618e-07,0
2610,0.9009896516799927,0.09901019185781479,2.3332020759880834e-07,0
2611,0.8806759715080261,0.11932391673326492,2.16848590639529e-07,0
2612,0.8755018711090088,0.12449793517589569,2.2685983935843979e-07,0
2613,0.8557924032211304,0.1442074328660965,2.2964641743783432e-07,0
2614,0.850639283657074,0.14936041831970215,2.497156685876689e-07,0
2615,0.8471698760986328,0.1528298556804657,2.594719887838437e-07,0
2616,0.836874783039093,0.16312485933303833,2.577289421878959e-07,0
2617,0.8302522897720337,0.1697475016117096,2.6143612785745063e-07,0
2618,0.8086531162261963,0.19134649634361267,2.567166461631132e-07,0
2619,0.7964069843292236,0.2035927027463913,2.620899124394782e-07,0
2620,0.7862626314163208,0.21373718976974487,2.601040876015759e-07,0
2621,0.7570182681083679,0.24298147857189178,2.592755095065513e-07,0
2622,0.7480247020721436,0.25197499990463257,2.8466232038226735e-07,0
2623,0.7364018559455872,0.26359784603118896,2.8045067779203237e-07,0
2624,0.7201716899871826,0.2798280119895935,2.7424030690781365e-07,0
2625,0.7070624828338623,0.2929372191429138,2.7385405587665446e-07,0
2626,0.686627209186554,0.3133724629878998,2.7122032975057664e-07,0
2627,0.6854723691940308,0.3145272433757782,2.8739117396980873e-07,0
2628,0.6984754800796509,0.30152422189712524,3.2879270861485566e-07,0
2629,0.7078973054885864,0.2921023666858673,3.28605523236547e-07,0
2630,0.70326828956604,0.2967313528060913,3.150589407141524e-07,0
2631,0.7046729922294617,0.2953266501426697,3.1631776664653444e-07,0
2632,0.7105751037597656,0.2894245386123657,3.1740805184199417e-07,0
2633,0.7128339409828186,0.28716567158699036,3.1816449563848437e-07,0
2634,0.715351939201355,0.28464776277542114,3.1316355375565763e-07,0
2635,0.7175813913345337,0.28241831064224243,3.2911623293330194e-07,0
2636,0.7404783964157104,0.2595211863517761,3.590947130760469e-07,0
2637,0.7882506251335144,0.2117488980293274,4.4719249103764014e-07,0
2638,0.8071772456169128,0.19282232224941254,4.3710235786420526e-07,0
2639,0.8172057271003723,0.18279384076595306,4.2375413045192545e-07,0
2640,0.8238193988800049,0.1761801540851593,4.236482595842972e-07,0
2641,0.8325859904289246,0.1674136519432068,4.2535967281764897e-07,0
2642,0.8273030519485474,0.1726965308189392,4.17922223050482e-07,0
2643,0.820568859577179,0.1794307678937912,3.9330672052528826e-07,0
2644,0.8273363709449768,0.17266331613063812,4.1155169583362294e-07,0
2645,0.8285427093505859,0.17145690321922302,4.2258693611074705e-07,0
2646,0.8416571021080017,0.15834248065948486,4.056459772527887e-07,0
2647,0.8250501751899719,0.17494943737983704,3.7128242524886446e-07,0
2648,0.8099835515022278,0.19001604616641998,3.63323664487325e-07,0
2649,0.7998139262199402,0.20018570125102997,3.5482787552609807e-07,0
2650,0.7725451588630676,0.2274545282125473,3.32105571487773e-07,0
2651,0.7940067648887634,0.20599278807640076,3.393326153400267e-07,0
2652,0.8094348907470703,0.19056473672389984,3.0052402166802494e-07,0
2653,0.7975066304206848,0.20249301195144653,2.878689144836244e-07,0
2654,0.7696976661682129,0.230302095413208,2.7221048526371305e-07,0
2655,0.7017872333526611,0.29821261763572693,2.3617862154878821e-07,0
2656,0.7214885950088501,0.2785111367702484,2.851465126241237e-07,0
2657,0.7255215644836426,0.27447813749313354,3.0399894512811443e-07,0
2658,0.7205531597137451,0.27944648265838623,3.054317687656294e-07,0
2659,0.7226330637931824,0.27736660838127136,3.052196007047314e-07,0
2660,0.7445951700210571,0.2554045021533966,3.336096767725394e-07,0
2661,0.7793740034103394,0.2206255942583084,3.3893883255586843e-07,0
2662,0.7721507549285889,0.22784890234470367,3.250176234814717e-07,0
2663,0.7631517052650452,0.23684799671173096,3.1571912018080184e-07,0
2664,0.7221488952636719,0.2778508961200714,2.813124240219622e-07,0
2665,0.7599802613258362,0.24001942574977875,3.703744937411102e-07,0
2666,0.7796713709831238,0.22032828629016876,3.904646064256667e-07,0
2667,0.7938432693481445,0.20615631341934204,4.011328087472066e-07,0
2668,0.8128678798675537,0.18713173270225525,4.091278924533981e-07,0
2669,0.8407084345817566,0.15929114818572998,4.4235423501959303e-07,0
2670,0.8417425155639648,0.1582571119070053,4.1800817029979953e-07,0
2671,0.8574022650718689,0.14259734749794006,4.446324055606965e-07,0
2672,0.8593137860298157,0.14068587124347687,4.5158876105233503e-07,0
2673,0.864355742931366,0.1356438547372818,4.4416094624466496e-07,0
2674,0.8528910875320435,0.14710848033428192,4.06822607601498e-07,0
2675,0.8674572110176086,0.13254234194755554,4.296136921766447e-07,0
2676,0.8725425004959106,0.12745708227157593,4.395161568027106e-07,0
2677,0.8712101578712463,0.12878935039043427,4.3087899825877685e-07,0
2678,0.8588783144950867,0.1411212980747223,4.052447479807597e-07,0
2679,0.8645022511482239,0.13549722731113434,4.640573081360344e-07,0
2680,0.8780018091201782,0.12199774384498596,4.638552866254031e-07,0
2681,0.8796639442443848,0.12033554166555405,4.729148201931821e-07,0
2682,0.8732950091362,0.12670445442199707,5.138596748111013e-07,0
2683,0.8578265905380249,0.1421726942062378,6.06321407303767e-07,0
2684,0.8646575808525085,0.13534177839756012,5.992803835397353e-07,0
2685,0.8655956387519836,0.13440372049808502,6.224141770871938e-07,0
2686,0.8785648345947266,0.12143454700708389,5.787359214082244e-07,0
2687,0.8927621245384216,0.10723739862442017,5.176537456463848e-07,0
2688,0.8882443308830261,0.11175510287284851,5.528598876480828e-07,0
2689,0.8882381319999695,0.11176134645938873,5.668422886628832e-07,0
2690,0.8985254168510437,0.10147403180599213,5.18940055371786e-07,0
2691,0.901776134967804,0.09822328388690948,5.072267299510713e-07,0
2692,0.9032995700836182,0.09669990837574005,5.04297531733755e-07,0
2693,0.9215348362922668,0.07846473157405853,3.997922419785027e-07,0
2694,0.9128429889678955,0.08715672791004181,3.1407657274939993e-07,0
2695,0.9136255383491516,0.08637415617704391,3.297135151569819e-07,0
2696,0.913594126701355,0.08640547096729279,3.5470651482683024e-07,0
2697,0.9106943607330322,0.08930530399084091,3.5975929790765804e-07,0
2698,0.9057651162147522,0.09423457831144333,3.739970395599812e-07,0
2699,0.8973237872123718,0.10267573595046997,4.851429480368097e-07,0
2700,0.9009003043174744,0.09909927099943161,4.7658136281825136e-07,0
2701,0.8957196474075317,0.1042797863483429,5.159996021575353e-07,0
2702,0.9066479206085205,0.09335168451070786,4.648353524316917e-07,0
2703,0.9109232425689697,0.08907637000083923,4.4649820551967423e-07,0
2704,0.903792142868042,0.096207395195961,4.925960865875822e-07,0
2705,0.9120404124259949,0.08795914053916931,4.513165947628295e-07,0
2706,0.9110856056213379,0.0889139175415039,4.6054410063334217e-07,0
2707,0.9168738126754761,0.08312571793794632,4.2961980284417223e-07,0
2708,0.9241483211517334,0.0758511871099472,3.871260503274243e-07,0
2709,0.9295561909675598,0.07044345140457153,3.5306032941662124e-07,0
2710,0.9113094806671143,0.0886901393532753,4.5324952679948183e-07,0
2711,0.9205888509750366,0.07941070944070816,4.008581697689806e-07,0
2712,0.9150034189224243,0.08499615639448166,4.3102360791635874e-07,0
2713,0.9125078916549683,0.08749175816774368,4.451548534234462e-07,0
2714,0.8995720744132996,0.10042732954025269,5.218755632085958e-07,0
2715,0.9023754596710205,0.09762398898601532,5.110059646540321e-07,0
2716,0.8998903632164001,0.10010908544063568,5.306264370119607e-07,0
2717,0.8986441493034363,0.1013554111123085,5.44287900083873e-07,0
2718,0.8798707127571106,0.12012862414121628,6.704287898173789e-07,0
2719,0.8843204379081726,0.11567888408899307,6.595889772142982e-07,0
2720,0.9034205079078674,0.0965789332985878,5.433567480395141e-07,0
2721,0.9043623805046082,0.09563706070184708,5.406325840340287e-07,0
2722,0.9013211131095886,0.0986783429980278,5.624246455226967e-07,0
2723,0.9081277847290039,0.09187163412570953,5.224022743277601e-07,0
2724,0.8960649967193604,0.1039344072341919,6.020147225171968e-07,0
2725,0.9124209880828857,0.08757849782705307,5.007909180676506e-07,0
2726,0.8937972187995911,0.10620224475860596,6.229304290172877e-07,0
2727,0.8921133875846863,0.10788597911596298,6.434499368879187e-07,0
2728,0.8932600617408752,0.10673925280570984,6.46844284801773e-07,0
2729,0.9092977046966553,0.0907018631696701,5.451756805996411e-07,0
2730,0.9137395620346069,0.08625989407300949,5.160746923138504e-07,0
2731,0.9155185222625732,0.0844809040427208,5.032722469877626e-07,0
2732,0.9055507779121399,0.09444860368967056,5.707452146452852e-07,0
2733,0.9163342714309692,0.0836651623249054,4.99963789479807e-07,0
2734,0.9239746332168579,0.0760248452425003,4.473143349059683e-07,0
2735,0.9227580428123474,0.07724147289991379,4.51266771506198e-07,0
2736,0.9342176914215088,0.06578194350004196,3.744337959687982e-07,0
2737,0.9390990138053894,0.06090060994029045,3.3243674124605604e-07,0
2738,0.9394768476486206,0.06052286922931671,3.2560933505010325e-07,0
2739,0.9311994910240173,0.06880021840333939,3.131920607302163e-07,0
2740,0.9260702729225159,0.07392939180135727,3.038696263502061e-07,0
2741,0.9177047610282898,0.08229496330022812,2.8583821176653146e-07,0
2742,0.9354010224342346,0.0645987018942833,3.1718846571493486e-07,0
2743,0.9301258325576782,0.06987389177083969,3.56187399574992e-07,0
2744,0.9238253235816956,0.0761743113398552,3.220021653760341e-07,0
2745,0.9178298115730286,0.08216987550258636,3.1101475883588137e-07,0
2746,0.9156277179718018,0.08437196910381317,3.0814425144853885e-07,0
2747,0.9098988771438599,0.09010078012943268,3.057610342693806e-07,0
2748,0.9083603620529175,0.09163926541805267,2.920728263688943e-07,0
2749,0.8973364233970642,0.10266327857971191,2.8824550213357725e-07,0
2750,0.9071201086044312,0.09287961572408676,2.8965686738047225e-07,0
2751,0.9081621170043945,0.09183761477470398,2.898004822782241e-07,0
2752,0.9094451665878296,0.09055449813604355,2.947696486899076e-07,0
2753,0.8999072909355164,0.10009244829416275,2.917836923188588e-07,0
2754,0.8986760973930359,0.10132354497909546,3.099291063790588e-07,0
2755,0.8855534791946411,0.11444617807865143,2.888197059291997e-07,0
2756,0.8942921757698059,0.10570747405290604,3.029544757282565e-07,0
2757,0.878487765789032,0.12151194363832474,2.869815318717883e-07,0
2758,0.877632737159729,0.1223670095205307,3.160321284667589e-07,0
2759,0.8782538771629333,0.12174586951732635,3.1884323448139185e-07,0
2760,0.8699419498443604,0.13005775213241577,3.15318231969286e-07,0
2761,0.857970654964447,0.1420290619134903,3.0263544203990023e-07,0
2762,0.8415135145187378,0.15848618745803833,2.8453658273974725e-07,0
2763,0.830727756023407,0.16927196085453033,2.8455707479224657e-07,0
2764,0.8339214324951172,0.16607829928398132,3.234399628126994e-07,0
2765,0.8273153901100159,0.17268429696559906,3.243859794110904e-07,0
2766,0.8131552934646606,0.18684440851211548,2.897384376865375e-07,0
2767,0.8201112747192383,0.17988842725753784,3.179053180701885e-07,0
2768,0.8002665042877197,0.1997331976890564,3.0143107210278686e-07,0
2769,0.787548303604126,0.21245145797729492,2.976170492274832e-07,0
2770,0.7515488862991333,0.24845074117183685,2.69407166797464e-07,0
2771,0.7493041157722473,0.25069549679756165,2.941957575330889e-07,0
2772,0.7390040755271912,0.2609955370426178,2.975688744299987e-07,0
2773,0.7221962809562683,0.2778033912181854,2.933301175289671e-07,0
2774,0.7297027707099915,0.2702968716621399,3.244997515139403e-07,0
2775,0.7086598873138428,0.29133978486061096,3.0363926839527267e-07,0
2776,0.6280258297920227,0.37197378277778625,2.660818552158162e-07,0
2777,0.668350100517273,0.3316496014595032,3.540131103818567e-07,0
2778,0.6796969175338745,0.32030272483825684,3.5823276789415104e-07,0
2779,0.6717349290847778,0.3282647132873535,3.4976599749825255e-07,0
2780,0.6900328993797302,0.3099668622016907,3.6526463986774615e-07,0
2781,0.7132011651992798,0.2867983877658844,4.003344145075971e-07,0
2782,0.7091003060340881,0.2908993065357208,3.71260142628671e-07,0
2783,0.7234447598457336,0.27655497193336487,3.857488195535552e-07,0
2784,0.7365942597389221,0.26340532302856445,3.9879662949715566e-07,0
2785,0.7331379055976868,0.26686176657676697,3.8899389664948103e-07,0
2786,0.7522455453872681,0.2477540671825409,4.2174775671810494e-07,0
2787,0.7960289120674133,0.2039705216884613,4.927866825710225e-07,0
2788,0.800299882888794,0.19969962537288666,4.5679271920562314e-07,0
2789,0.8057180643081665,0.1942814141511917,4.5168758333602455e-07,0
2790,0.8096462488174438,0.19035327434539795,4.63900249769722e-07,0
2791,0.83283531665802,0.1671641319990158,4.841535314881185e-07,0
2792,0.8214927911758423,0.17850671708583832,4.6649978457935504e-07,0
2793,0.825806200504303,0.1741933375597,4.697782003404427e-07,0
2794,0.8436791896820068,0.15632027387619019,5.37425421498483e-07,0
2795,0.8485031127929688,0.15149641036987305,5.363846753425605e-07,0
2796,0.8484087586402893,0.15159083902835846,5.553710025196779e-07,0
2797,0.847967267036438,0.15203215181827545,5.78410606522084e-07,0
2798,0.8613658547401428,0.138633593916893,5.398262601374881e-07,0
2799,0.8752421140670776,0.12475737929344177,4.913100610792753e-07,0
2800,0.8413718342781067,0.15862762928009033,4.5875563614572457e-07,0
2801,0.8128542900085449,0.1871453821659088,3.323942507904576e-07,0
2802,0.8214904069900513,0.17850928008556366,3.627314697496331e-07,0
2803,0.7984972596168518,0.20150239765644073,3.4873875165430945e-07,0
2804,0.8023931384086609,0.1976064294576645,3.5665343034452235e-07,0
2805,0.7889429926872253,0.2110566943883896,3.2431611884931044e-07,0
2806,0.7656868696212769,0.23431280255317688,3.2358818202737893e-07,0
2807,0.7610973715782166,0.238902285695076,3.218256665604713e-07,0
2808,0.7741082310676575,0.22589147090911865,3.532223900037934e-07,0
2809,0.7725380659103394,0.2274615466594696,3.6206603226673906e-07,0
2810,0.773050844669342,0.2269488275051117,3.518737230479019e-07,0
2811,0.8038491606712341,0.19615037739276886,3.839778059955279e-07,0
2812,0.7990745306015015,0.20092515647411346,3.8204888141990523e-07,0
2813,0.8084558844566345,0.19154371321201324,4.021678137178242e-07,0
2814,0.8031590580940247,0.19684061408042908,3.7774776728838333e-07,0
2815,0.7989632487297058,0.20103631913661957,3.6140866654932324e-07,0
2816,0.7875224351882935,0.21247731149196625,3.5497527051120414e-07,0
2817,0.781561017036438,0.21843867003917694,3.4974635809703614e-07,0
2818,0.8002066016197205,0.19979292154312134,3.6478397191785916e-07,0
2819,0.8085096478462219,0.19148996472358704,3.791938070207834e-07,0
2820,0.8137297034263611,0.1862698197364807,3.75363157445463e-07,0
2821,0.8012775778770447,0.1987220197916031,3.4363660006420105e-07,0
2822,0.7691102623939514,0.23088957369327545,3.089852498305845e-07,0
2823,0.7640114426612854,0.23598821461200714,3.20285579391566e-07,0
2824,0.7666934728622437,0.2333061844110489,3.44056843459839e-07,0
2825,0.7598573565483093,0.24014222621917725,3.7042127587483265e-07,0
2826,0.7609720826148987,0.2390275001525879,3.5122664598929987e-07,0
2827,0.7380203008651733,0.2619793713092804,3.2507790592717356e-07,0
2828,0.8014509081840515,0.19854865968227386,4.356357123924681e-07,0
2829,0.7702097296714783,0.22978989779949188,3.833614812265296e-07,0
2830,0.7623764872550964,0.2376231998205185,3.724803434579371e-07,0
2831,0.8063514828681946,0.19364804029464722,4.5582061147797504e-07,0
2832,0.8301799893379211,0.16981950402259827,4.711812380264746e-07,0
2833,0.848586916923523,0.15141257643699646,4.921826075587887e-07,0
2834,0.8434088826179504,0.15659062564373016,4.6513665097336343e-07,0
2835,0.8380433320999146,0.16195625066757202,4.1455456312178285e-07,0
2836,0.8348685503005981,0.16513104736804962,4.0626821373734856e-07,0
2837,0.8571949601173401,0.14280453324317932,5.139102086104685e-07,0
2838,0.8673714399337769,0.13262811303138733,4.822439336749085e-07,0
2839,0.8627418875694275,0.13725775480270386,4.5722134700554307e-07,0
2840,0.8709031939506531,0.1290963590145111,4.815389047507779e-07,0
2841,0.8719655871391296,0.12803387641906738,4.841707550440333e-07,0
2842,0.8675304055213928,0.13246910274028778,4.4085379613534315e-07,0
2843,0.8759069442749023,0.12409266084432602,4.497088355037704e-07,0
2844,0.8666962385177612,0.13330315053462982,5.210912377151544e-07,0
2845,0.8653318881988525,0.1346675604581833,5.363879722608544e-07,0
2846,0.8718318939208984,0.12816767394542694,5.161965077604691e-07,0
2847,0.876316249370575,0.1236833781003952,4.522285905750323e-07,0
2848,0.8820706009864807,0.11792893707752228,4.5355673705671506e-07,0
2849,0.8792683482170105,0.12073123455047607,4.330124454554607e-07,0
2850,0.8790083527565002,0.12099125236272812,4.4096157125750324e-07,0
2851,0.873615026473999,0.126384437084198,5.249705736787291e-07,0
2852,0.866919994354248,0.13307954370975494,5.634396416098753e-07,0
2853,0.8761923313140869,0.12380726635456085,4.1021559127329965e-07,0
2854,0.8617392182350159,0.13826024532318115,3.909264876256202e-07,0
2855,0.8818408250808716,0.11815868318080902,3.9911611793286284e-07,0
2856,0.8135737180709839,0.18642602860927582,2.7944332714469056e-07,0
2857,0.8246718645095825,0.17532776296138763,2.857195511296595e-07,0
2858,0.8249803781509399,0.17501941323280334,2.9834444603693555e-07,0
2859,0.8114471435546875,0.1885526180267334,3.028263222404348e-07,0
2860,0.8467325568199158,0.15326695144176483,3.909167389792856e-07,0
2861,0.8258146047592163,0.1741851419210434,3.159528034757386e-07,0
2862,0.8400658369064331,0.15993385016918182,3.608112137953867e-07,0
2863,0.8458309769630432,0.15416865050792694,3.8131599922053283e-07,0
2864,0.8786608576774597,0.12133876979351044,4.5091627498550224e-07,0
2865,0.8607166409492493,0.13928285241127014,5.619102125820064e-07,0
2866,0.8636709451675415,0.13632847368717194,5.690524176316103e-07,0
2867,0.8627173900604248,0.13728201389312744,5.954012181064172e-07,0
2868,0.8782090544700623,0.12179040908813477,5.373920544116118e-07,0
2869,0.8897155523300171,0.1102840006351471,4.904257480120577e-07,0
2870,0.8975471258163452,0.10245251655578613,4.562283493214636e-07,0
2871,0.8944942355155945,0.1055053323507309,4.750245921059104e-07,0
2872,0.8965433239936829,0.10345622152090073,4.6882257720426423e-07,0
2873,0.893815815448761,0.10618370026350021,4.867467282565485e-07,0
2874,0.865983247756958,0.134016215801239,6.481875516328728e-07,0
2875,0.8809071779251099,0.11909214407205582,5.85903592309478e-07,0
2876,0.9015083312988281,0.09849122911691666,4.792693175659224e-07,0
2877,0.900390625,0.0996088981628418,4.86684029965545e-07,0
2878,0.9041117429733276,0.09588787704706192,4.671389888244448e-07,0
2879,0.9061886072158813,0.09381099790334702,4.5520974367718736e-07,0
2880,0.9059149026870728,0.09408465027809143,4.5606807930198556e-07,0
2881,0.8966579437255859,0.10334154218435287,5.097195980852121e-07,0
2882,0.9004312753677368,0.0995681881904602,4.935739070788259e-07,0
2883,0.9144402742385864,0.08555930107831955,4.0696352243685396e-07,0
2884,0.8990651369094849,0.1009344756603241,3.4447643315616006e-07,0
2885,0.8730440735816956,0.12695564329624176,3.466250007022609e-07,0
2886,0.8747788071632385,0.12522092461585999,3.4983020213985583e-07,0
2887,0.8870587348937988,0.11294089257717133,3.7675474118259444e-07,0
2888,0.8885114789009094,0.11148826032876968,3.605005645113124e-07,0
2889,0.8885430097579956,0.11145670711994171,3.4166717455264006e-07,0
2890,0.8799305558204651,0.12006911635398865,3.2508873459846654e-07,0
2891,0.8906967639923096,0.10930287837982178,3.5327130376572313e-07,0
2892,0.883504331111908,0.11649535596370697,3.490757762847352e-07,0
2893,0.87687748670578,0.12312217801809311,3.4849045960072544e-07,0
2894,0.8642986416816711,0.13570114970207214,3.3489087059024314e-07,0
2895,0.8647500276565552,0.13524965941905975,3.3914218988684297e-07,0
2896,0.8611279129981995,0.13887180387973785,3.406659345728258e-07,0
2897,0.8232446312904358,0.17675507068634033,2.944773029867065e-07,0
2898,0.8415102362632751,0.15848949551582336,3.0146688345666917e-07,0
2899,0.8326025605201721,0.16739720106124878,3.088786684202205e-07,0
2900,0.8104071617126465,0.18959252536296844,3.108419548425445e-07,0
2901,0.8067534565925598,0.19324633479118347,3.1815233114684816e-07,0
2902,0.8028509616851807,0.1971486657857895,3.3559592793608317e-07,0
2903,0.8070481419563293,0.1929515153169632,3.691226311275386e-07,0
2904,0.8012520670890808,0.19874753057956696,3.558206742582115e-07,0
2905,0.819642186164856,0.18035739660263062,3.806509312198614e-07,0
2906,0.82767254114151,0.17232707142829895,3.9846449340075196e-07,0
2907,0.7982558608055115,0.2017437070608139,3.539884403380711e-07,0
2908,0.7776358723640442,0.22236379981040955,3.470734668553632e-07,0
2909,0.800152063369751,0.1998475342988968,4.097379360246123e-07,0
2910,0.7965448498725891,0.20345480740070343,3.862300275159214e-07,0
2911,0.7502102851867676,0.24978944659233093,3.215141077816952e-07,0
2912,0.7499133944511414,0.2500861585140228,3.467972078396997e-07,0
2913,0.7410827279090881,0.25891685485839844,3.467195313078264e-07,0
2914,0.7426748871803284,0.25732478499412537,3.6498411759566807e-07,0
2915,0.7296478748321533,0.2703518271446228,3.388455809272273e-07,0
2916,0.6973249316215515,0.30267471075057983,3.204350491614605e-07,0
2917,0.6938509345054626,0.30614882707595825,3.297348598607641e-07,0
2918,0.6652200818061829,0.33477962017059326,3.158419303872506e-07,0
2919,0.6114406585693359,0.388558954000473,2.868810327072424e-07,0
2920,0.5393664240837097,0.46063321828842163,2.5773957190722285e-07,0
2921,0.43030762672424316,0.5696921348571777,2.2665300036806002e-07,1
2922,0.432306706905365,0.5676931142807007,2.654979880389874e-07,1
2923,0.3748589754104614,0.6251407861709595,2.3131906345952302e-07,1
2924,0.2896392345428467,0.7103606462478638,1.9497895209497074e-07,1
2925,0.2640053331851959,0.7359945178031921,1.9539794493539375e-07,1
2926,0.22805070877075195,0.7719492316246033,1.766613877407508e-07,1
2927,0.19678787887096405,0.8032119274139404,1.604853991921118e-07,1
2928,0.17188085615634918,0.8281189799308777,1.4865644004657952e-07,1
2929,0.15851953625679016,0.8414803743362427,1.418450921164549e-07,1
2930,0.14913350343704224,0.8508663773536682,1.380853262844539e-07,1
2931,0.11145483702421188,0.888545036315918,1.1018932610795673e-07,1
2932,0.08548624068498611,0.9145137071609497,9.074577178580512e-08,1
2933,0.08035210520029068,0.9196478128433228,8.73101697607126e-08,1
2934,0.060168128460645676,0.9398316740989685,7.016014791361158e-08,1
2935,0.039517033845186234,0.9604828953742981,4.8863000756682595e-08,1
2936,0.0331130214035511,0.9668869376182556,4.6152752730677093e-08,1
2937,0.029667051509022713,0.9703329801559448,4.196163061465086e-08,1
2938,0.026144351810216904,0.97385573387146,3.665491377091712e-08,1
2939,0.023832332342863083,0.976167619228363,3.601039111345017e-08,1
2940,0.023179179057478905,0.9768208265304565,3.684534988224186e-08,1
2941,0.02248847857117653,0.9775115251541138,3.506810841713559e-08,1
2942,0.022258397191762924,0.977741539478302,3.5192226022218165e-08,1
2943,0.022551290690898895,0.9774487614631653,3.731552311592168e-08,1
2944,0.016125546768307686,0.9838744401931763,2.3544092897509472e-08,1
2945,0.013714222237467766,0.9862857460975647,2.2068888938520104e-08,1
2946,0.01332730334252119,0.9866726398468018,2.1759698043410935e-08,1
2947,0.012344865128397942,0.9876551628112793,2.088195039107177e-08,1
2948,0.01214511040598154,0.9878548979759216,2.2626887030696707e-08,1
2949,0.013340731151401997,0.9866593480110168,2.5562327365946658e-08,1
2950,0.014481022953987122,0.9855189323425293,2.8280439323680184e-08,1
2951,0.014773466624319553,0.985226571559906,2.789873576602986e-08,1
2952,0.0169481560587883,0.9830519556999207,3.4592336106697985e-08,1
2953,0.01930938847362995,0.9806906580924988,3.915686264122087e-08,1
2954,0.02315729297697544,0.9768426418304443,4.840364553615473e-08,1
2955,0.0283748097717762,0.9716250896453857,6.457795365122365e-08,1
2956,0.036648400127887726,0.9633515477180481,8.978946652860031e-08,1
2957,0.03685928136110306,0.963140606880188,7.619637898415021e-08,1
2958,0.041885871440172195,0.9581140279769897,9.085615459980545e-08,1
2959,0.05099857226014137,0.9490013718605042,1.2808413885068148e-07,1
2960,0.055577851831912994,0.9444221258163452,1.2888548894807172e-07,1
2961,0.06279593706130981,0.9372039437294006,1.4425476990709285e-07,1
2962,0.06533432751893997,0.9346655607223511,1.450895013022091e-07,1
2963,0.07531747967004776,0.9246824383735657,1.6403441804868635e-07,1
2964,0.07603619992733002,0.9239636659622192,1.4907223544469161e-07,1
2965,0.07245587557554245,0.9275439977645874,1.3794139874789835e-07,1
2966,0.07101123034954071,0.9289886951446533,1.3213610827733646e-07,1
2967,0.07806029915809631,0.921939492225647,1.5132569330944534e-07,1
2968,0.07209599018096924,0.9279038906097412,1.6330389485119667e-07,1
2969,0.08808808028697968,0.91191166639328,1.9368445691725356e-07,1
2970,0.09747591614723206,0.9025238156318665,2.0352895546693617e-07,1
2971,0.09549416601657867,0.9045056700706482,1.8558954195668775e-07,1
2972,0.0920315682888031,0.907968282699585,1.6339211583726865e-07,1
2973,0.07942258566617966,0.9205772876739502,1.2937803717250063e-07,1
2974,0.07505210489034653,0.9249478578567505,1.1762127627434893e-07,1
2975,0.06969542056322098,0.9303044080734253,1.1216031481353639e-07,1
2976,0.07793644815683365,0.9220634698867798,1.2799193882528925e-07,1
2977,0.07740847021341324,0.9225913882255554,1.2633901746994525e-07,1
2978,0.08708620071411133,0.9129136800765991,1.488431138341184e-07,1
2979,0.10061836242675781,0.8993814587593079,1.6669916647060745e-07,1
2980,0.12821033596992493,0.8717895150184631,2.1498745184089785e-07,1
2981,0.14592453837394714,0.8540751934051514,2.6611184011926525e-07,1
2982,0.18916764855384827,0.8108319640159607,3.453852173151972e-07,1
2983,0.23579807579517365,0.7642014622688293,3.949702431782498e-07,1
2984,0.24745841324329376,0.7525411248207092,4.360597358754603e-07,1
2985,0.29762208461761475,0.702377438545227,5.286831310513662e-07,1
2986,0.3241106867790222,0.67588871717453,5.573972998718091e-07,1
2987,0.3495754897594452,0.6504239439964294,5.695610525435768e-07,1
2988,0.3497719466686249,0.6502274870872498,5.681772563548293e-07,1
2989,0.38142135739326477,0.6185779571533203,6.414164204215922e-07,1
2990,0.40748968720436096,0.5925096273422241,6.782597097299004e-07,1
2991,0.46531784534454346,0.5346813797950745,7.612954391333915e-07,1
2992,0.4944385290145874,0.5055607557296753,7.271178219525609e-07,1
2993,0.5168032646179199,0.48319604992866516,7.292994723684387e-07,0
2994,0.5333334803581238,0.4666658043861389,7.516266009588435e-07,0
2995,0.5392723679542542,0.46072685718536377,7.67641893162363e-07,0
2996,0.5391832590103149,0.4608159363269806,7.812315629962541e-07,0
2997,0.504676342010498,0.49532297253608704,7.245352549034578e-07,0
2998,0.5072270035743713,0.4927722215652466,7.689372978347819e-07,0
2999,0.5415655970573425,0.4584335684776306,8.339133614754246e-07,0
3000,0.6171606183052063,0.3828384578227997,9.76542423813953e-07,0
3001,0.6389490962028503,0.36104995012283325,9.795278401725227e-07,0
3002,0.7186271548271179,0.28137174248695374,1.119383227887738e-06,0
3003,0.7410680055618286,0.2589309811592102,1.0672140433598543e-06,0
3004,0.7690191268920898,0.2309798300266266,1.058415136867552e-06,0
3005,0.7874616980552673,0.21253731846809387,1.0158798886550358e-06,0
3006,0.7920148968696594,0.20798417925834656,9.262902267437312e-07,0
3007,0.8021079897880554,0.19789105653762817,9.654427230998408e-07,0
3008,0.7770709991455078,0.22292818129062653,8.319375979226606e-07,0
3009,0.7857298254966736,0.21426931023597717,8.581362749282562e-07,0
3010,0.7992367148399353,0.2007623016834259,9.140721886069514e-07,0
3011,0.7865997552871704,0.21339941024780273,8.623491680737061e-07,0
3012,0.7751353979110718,0.22486373782157898,8.295930911117466e-07,0
3013,0.7789263129234314,0.22107285261154175,8.294559847854543e-07,0
3014,0.7733311057090759,0.2266680896282196,8.114903380374017e-07,0
3015,0.7717837691307068,0.22821544110774994,7.944554454297759e-07,0
3016,0.7880111336708069,0.21198800206184387,9.057987426785985e-07,0
3017,0.7493811249732971,0.25061798095703125,7.64656192586699e-07,0
3018,0.735896646976471,0.2641026973724365,7.45550892133906e-07,0
3019,0.7380262613296509,0.26197299361228943,7.639769137313124e-07,0
3020,0.7321234941482544,0.26787564158439636,7.569658464490203e-07,0
3021,0.6878793239593506,0.31211990118026733,7.0511583771804e-07,0
3022,0.6695554256439209,0.33044400811195374,6.636672651438857e-07,0
3023,0.6024391055107117,0.39756035804748535,5.320080731507915e-07,0
3024,0.6443471312522888,0.3556523025035858,5.329525265551638e-07,0
3025,0.6106305122375488,0.38936904072761536,5.059104069005116e-07,0
3026,0.6365875601768494,0.36341190338134766,5.23409369179717e-07,0
3027,0.6335489749908447,0.3664504885673523,5.645092642225791e-07,0
3028,0.634223997592926,0.3657754361629486,5.838060133100953e-07,0
3029,0.5919722318649292,0.4080272912979126,5.186378757571219e-07,0
3030,0.5950312614440918,0.4049680829048157,5.763313879469933e-07,0
3031,0.5694880485534668,0.43051132559776306,5.168199663785344e-07,0
3032,0.5615803599357605,0.4384191036224365,5.925731443312543e-07,0
3033,0.552150309085846,0.4478491246700287,5.590675300481962e-07,0
3034,0.5578054785728455,0.44219398498535156,5.499556436916464e-07,0
3035,0.5387165546417236,0.461282879114151,5.3758225249112e-07,0
3036,0.5110905766487122,0.48890891671180725,5.022932327847229e-07,0
3037,0.5226320624351501,0.4773673117160797,5.455356131278677e-07,0
3038,0.5107054710388184,0.48929399251937866,5.316140345712483e-07,0
3039,0.49063628911972046,0.5093632936477661,5.024591018809588e-07,1
3040,0.5207068920135498,0.47929254174232483,5.295447067510395e-07,0
3041,0.4753691554069519,0.5246303677558899,4.79809784792451e-07,1
3042,0.5417200922966003,0.4582792818546295,6.737823241564911e-07,0
3043,0.5852534770965576,0.4147457182407379,7.606321901221236e-07,0
3044,0.5985514521598816,0.4014478027820587,7.667176760151051e-07,0
3045,0.6309083104133606,0.36909088492393494,8.612093438387092e-07,0
3046,0.6346091032028198,0.36539000272750854,8.476043262817257e-07,0
3047,0.6381950378417969,0.3618040680885315,9.027490364132973e-07,0
3048,0.6183911561965942,0.3816080689430237,8.14359509604401e-07,0
3049,0.6444675326347351,0.3555315434932709,9.243736371900013e-07,0
3050,0.6438738703727722,0.35612523555755615,8.853670578901074e-07,0
3051,0.6347241401672363,0.3652750551700592,8.083132456704334e-07,0
3052,0.6458142399787903,0.35418492555618286,8.260852268904273e-07,0
3053,0.6298184990882874,0.37018057703971863,8.158302193805866e-07,0
3054,0.6444623470306396,0.3555368185043335,8.208125450437365e-07,0
3055,0.6731042265892029,0.3268949091434479,9.739111419548863e-07,0
3056,0.673237681388855,0.32676148414611816,8.780405096331378e-07,0
3057,0.6264299750328064,0.3735693097114563,7.24212554814585e-07,0
3058,0.5487015247344971,0.45129790902137756,5.522940114133235e-07,0
3059,0.4812636375427246,0.518735945224762,4.56883441302125e-07,1
3060,0.4806341230869293,0.5193653702735901,5.076071261100878e-07,1
3061,0.4669445753097534,0.5330548882484436,4.845443868362054e-07,1
3062,0.40757453441619873,0.5924250483512878,4.0907877973950235e-07,1
3063,0.3951978087425232,0.6048017144203186,4.233493200445082e-07,1
3064,0.39642804861068726,0.6035715937614441,4.423182247137447e-07,1
3065,0.3727543354034424,0.627245306968689,4.229449928061513e-07,1
3066,0.39766043424606323,0.6023390889167786,4.278149390302133e-07,1
3067,0.406300812959671,0.5936987400054932,4.5670859094570915e-07,1
3068,0.40778037905693054,0.5922191143035889,4.766852725879289e-07,1
3069,0.4301919937133789,0.5698074698448181,5.251970378594706e-07,1
3070,0.41991671919822693,0.5800827741622925,4.976594709660276e-07,1
3071,0.44083288311958313,0.5591665506362915,5.452416758089385e-07,1
3072,0.39834773540496826,0.6016517877578735,4.5060724573886546e-07,1
3073,0.4065069258213043,0.5934925675392151,4.612977591023082e-07,1
3074,0.3814425766468048,0.6185569763183594,4.2205857653243584e-07,1
3075,0.37344399094581604,0.6265555620193481,4.293081872219773e-07,1
3076,0.38156816363334656,0.6184314489364624,4.5750289245916065e-07,1
3077,0.377400666475296,0.6225988864898682,4.517010268045851e-07,1
3078,0.3289278745651245,0.6710717082023621,3.6038869666299433e-07,1
3079,0.36241620779037476,0.6375833749771118,4.3070542687928537e-07,1
3080,0.3783198297023773,0.6216796636581421,4.835844720219029e-07,1
3081,0.38997820019721985,0.6100212335586548,5.220370553615794e-07,1
3082,0.3646624982357025,0.6353370547294617,4.801106001650624e-07,1
3083,0.32281601428985596,0.6771836280822754,4.0801495515552233e-07,1
3084,0.3635103404521942,0.6364891529083252,4.808701987712993e-07,1
3085,0.3387452960014343,0.6612542867660522,4.241675526373001e-07,1
3086,0.3166459798812866,0.6833535432815552,4.071324042342894e-07,1
3087,0.23333792388439178,0.7666618227958679,2.497272362234071e-07,1
3088,0.32138916850090027,0.6786105036735535,4.375020239422156e-07,1
3089,0.33397677540779114,0.6660227179527283,4.6494542971231567e-07,1
3090,0.34636661410331726,0.6536328196525574,5.062735795036133e-07,1
3091,0.3574056625366211,0.6425938010215759,5.164433787285816e-07,1
3092,0.36684244871139526,0.6331570148468018,5.210322910897958e-07,1
3093,0.35700762271881104,0.6429919600486755,4.734234551051486e-07,1
3094,0.3642926514148712,0.6357067823410034,4.98097506351769e-07,1
3095,0.3126124441623688,0.6873871088027954,3.724936163962411e-07,1
3096,0.23069994151592255,0.7692998051643372,2.575261248694005e-07,1
3097,0.2466605305671692,0.7533392906188965,2.9621196517837234e-07,1
3098,0.31677186489105225,0.6832276582717896,4.663029926632589e-07,1
3099,0.2895955741405487,0.7104039788246155,3.9389496464536933e-07,1
3100,0.2673792839050293,0.732620358467102,3.437106101955578e-07,1
3101,0.3102814257144928,0.6897181868553162,4.4226777617950574e-07,1
3102,0.3116607069969177,0.6883387565612793,4.633789387753495e-07,1
3103,0.31463828682899475,0.6853613257408142,4.3828785578625684e-07,1
3104,0.31533172726631165,0.6846678256988525,4.322722872984741e-07,1
3105,0.3085753321647644,0.6914241909980774,4.0991233163367724e-07,1
3106,0.27947837114334106,0.7205212712287903,3.5649881624522095e-07,1
3107,0.2512512505054474,0.7487483024597168,3.1578792913933285e-07,1
3108,0.2521015405654907,0.7478980422019958,3.166952922128985e-07,1
3109,0.2504211366176605,0.7495784759521484,3.2574467923041084e-07,1
3110,0.27643245458602905,0.7235671281814575,3.893747759775579e-07,1
3111,0.268098384141922,0.731901228427887,4.0769816678221105e-07,1
3112,0.3277517557144165,0.6722477674484253,4.954518431077304e-07,1
3113,0.3534759283065796,0.6465234756469727,5.393997639657755e-07,1
3114,0.4164769649505615,0.583522379398346,6.906545877427561e-07,1
3115,0.3974657952785492,0.6025336980819702,5.93758784361853e-07,1
3116,0.41652148962020874,0.5834779143333435,6.285316089815751e-07,1
3117,0.4566025137901306,0.5433967709541321,7.391843723780767e-07,1
3118,0.46086668968200684,0.5391325950622559,7.121390126485494e-07,1
3119,0.4498133957386017,0.550186038017273,6.875789608784544e-07,1
3120,0.3633166253566742,0.6366828680038452,4.988276032236172e-07,1
3121,0.3808392286300659,0.6191602349281311,5.336669346434064e-07,1
3122,0.3677063286304474,0.6322931051254272,4.472337877814425e-07,1
3123,0.30846184492111206,0.6915377974510193,3.599923275032779e-07,1
3124,0.30116960406303406,0.6988300085067749,3.7555042808889993e-07,1
3125,0.34056001901626587,0.6594395637512207,4.388429886148515e-07,1
3126,0.3298686742782593,0.6701308488845825,4.141830061143992e-07,1
3127,0.32231876254081726,0.6776808500289917,4.1993686750174675e-07,1
3128,0.3378840684890747,0.6621154546737671,4.708813605702744e-07,1
3129,0.340288907289505,0.6597106456756592,4.812393967768003e-07,1
3130,0.33552286028862,0.6644766330718994,4.817739522877673e-07,1
3131,0.29353803396224976,0.7064615488052368,3.989505330537213e-07,1
3132,0.2547224462032318,0.7452772259712219,3.223108251404483e-07,1
3133,0.2563309073448181,0.7436687350273132,3.343449179737945e-07,1
3134,0.27533242106437683,0.7246672511100769,3.593258668388444e-07,1
3135,0.2714258134365082,0.7285737991333008,3.432344044540514e-07,1
3136,0.29258647561073303,0.7074130177497864,3.8900492427274003e-07,1
3137,0.2465733289718628,0.7534264326095581,2.899649302889884e-07,1
3138,0.25789308547973633,0.742106556892395,3.119164091458515e-07,1
3139,0.29699212312698364,0.7030074596405029,4.516059561865404e-07,1
3140,0.3137238025665283,0.6862756013870239,4.770618033944629e-07,1
3141,0.3227229714393616,0.6772764921188354,4.696670430348604e-07,1
3142,0.32535499334335327,0.6746444702148438,4.788199134964088e-07,1
3143,0.37743690609931946,0.6225625276565552,6.173430620037834e-07,1
3144,0.4937604069709778,0.506238579750061,1.0230834277535905e-06,1
3145,0.5025472640991211,0.4974518120288849,9.171500323645887e-07,0
3146,0.5642122626304626,0.4357866048812866,1.0819404678841238e-06,0
3147,0.5708532333374023,0.4291457533836365,1.005210833682213e-06,0
3148,0.593389630317688,0.40660932660102844,9.739001143316273e-07,0
3149,0.5759993195533752,0.42399975657463074,8.18487421838654e-07,0
3150,0.5546547174453735,0.445344477891922,7.562015298390179e-07,0
3151,0.5137410163879395,0.48625829815864563,6.579945193152525e-07,0
3152,0.5231806635856628,0.47681868076324463,7.013211984485679e-07,0
3153,0.5616966485977173,0.43830251693725586,8.141123544191942e-07,0
3154,0.5212118625640869,0.4787874221801758,6.872572271277022e-07,0
3155,0.4694453775882721,0.5305539965629578,5.959605573480076e-07,1
3156,0.4020039439201355,0.5979955196380615,5.039358939029626e-07,1
3157,0.2695545256137848,0.730445146560669,3.315067829134932e-07,1
3158,0.24400877952575684,0.7559908628463745,3.286588707851479e-07,1
3159,0.18349666893482208,0.8165030479431152,2.6105738015758106e-07,1
3160,0.16857923567295074,0.8314204812049866,2.5655862145868014e-07,1
3161,0.1397135704755783,0.8602862358093262,2.1977027131470095e-07,1
3162,0.12446487694978714,0.8755348920822144,1.9519264071732323e-07,1
3163,0.12485034763813019,0.8751494884490967,1.9678741125517263e-07,1
3164,0.1188700869679451,0.881129801273346,1.9870020651069353e-07,1
3165,0.10773668438196182,0.8922631144523621,1.7826087628236564e-07,1
3166,0.10462961345911026,0.8953700661659241,1.841936523305776e-07,1
3167,0.10993509739637375,0.8900646567344666,2.0116195287300798e-07,1
3168,0.11751197278499603,0.8824878334999084,1.9918283555853122e-07,1
3169,0.1155838593840599,0.8844159841537476,2.0190464056213386e-07,1
3170,0.12907642126083374,0.8709232807159424,2.3537126025985344e-07,1
3171,0.12344978004693985,0.8765499591827393,2.1231390689990803e-07,1
3172,0.12296804785728455,0.8770317435264587,2.140179162779532e-07,1
3173,0.13957031071186066,0.8604292869567871,2.984672278216749e-07,1
3174,0.15287037193775177,0.8471294045448303,3.23560783499488e-07,1
3175,0.16160760819911957,0.8383920192718506,3.414833429360442e-07,1
3176,0.18528485298156738,0.814714789390564,4.0683300994714955e-07,1
3177,0.207314595580101,0.7926849722862244,4.3041956132583437e-07,1
3178,0.21428127586841583,0.7857182621955872,4.4406962729226507e-07,1
3179,0.2385292798280716,0.7614701986312866,5.106328444526298e-07,1
3180,0.22307799756526947,0.7769216299057007,4.602150625032664e-07,1
3181,0.20079776644706726,0.7992018461227417,4.2291944168937334e-07,1
3182,0.19297704100608826,0.8070225715637207,3.9329745504801394e-07,1
3183,0.18870466947555542,0.8112949132919312,4.0574974491391913e-07,1
3184,0.19868284463882446,0.8013167381286621,4.254303860307118e-07,1
3185,0.1783744841814041,0.8216251134872437,3.689461038902664e-07,1
3186,0.18357326090335846,0.8164263963699341,4.023175108613941e-07,1
3187,0.16460977494716644,0.8353899717330933,3.275663686963526e-07,1
3188,0.16178497672080994,0.8382146954536438,3.083980857354618e-07,1
3189,0.1440255492925644,0.8559741377830505,2.7097607357973175e-07,1
3190,0.14929427206516266,0.8507054448127747,2.7969750249212666e-07,1
3191,0.15580858290195465,0.8441911339759827,2.859978280866926e-07,1
3192,0.1446172297000885,0.8553824424743652,2.739653268690745e-07,1
3193,0.12458966672420502,0.8754101991653442,1.9782049776040367e-07,1
3194,0.1158006489276886,0.8841991424560547,1.6702202287888213e-07,1
3195,0.10001569241285324,0.8999841809272766,1.5706204692378378e-07,1
3196,0.08523783832788467,0.9147620797157288,1.3467941073486145e-07,1
3197,0.0943339541554451,0.9056659936904907,1.4220776733964158e-07,1
3198,0.08130650222301483,0.9186934232711792,1.449916311457855e-07,1
3199,0.07680313289165497,0.9231967926025391,1.4286352723047457e-07,1
3200,0.07908894121646881,0.9209108352661133,1.7809763619425212e-07,1
3201,0.08040721714496613,0.919592559337616,1.7355620229864144e-07,1
3202,0.07841381430625916,0.9215860962867737,1.6157909499270318e-07,1
3203,0.074123814702034,0.9258760213851929,1.44199574947379e-07,1
3204,0.07344432920217514,0.9265556335449219,1.5618262239058822e-07,1
3205,0.07431948184967041,0.9256803393363953,1.587863920349264e-07,1
3206,0.07776171714067459,0.9222379922866821,1.746669084923269e-07,1
3207,0.08757052570581436,0.9124292731285095,2.0674485767813167e-07,1
3208,0.1021893173456192,0.8978105187416077,2.5388735025444475e-07,1
3209,0.12486345320940018,0.8751362562179565,3.401703168037784e-07,1
3210,0.13431613147258759,0.8656836152076721,3.258437288877758e-07,1
3211,0.14663194119930267,0.8533676266670227,3.688421656988794e-07,1
3212,0.15084563195705414,0.8491539359092712,3.6079879350836563e-07,1
3213,0.162195086479187,0.8378044962882996,3.9871164858595876e-07,1
3214,0.16726428270339966,0.8327353000640869,3.9663385109633964e-07,1
3215,0.15841370820999146,0.8415860533714294,3.4819862548829406e-07,1
3216,0.16077512502670288,0.8392243981361389,3.622908195666241e-07,1
3217,0.1500207483768463,0.8499789237976074,3.411833802147157e-07,1
3218,0.13383273780345917,0.8661670088768005,3.079495627389406e-07,1
3219,0.11324203014373779,0.8867577314376831,2.361681481488631e-07,1
3220,0.10535803437232971,0.8946418762207031,2.3926480707814335e-07,1
3221,0.10316003859043121,0.8968398571014404,2.3945997895680193e-07,1
3222,0.11549282819032669,0.88450688123703,2.695242642403173e-07,1
3223,0.10962659120559692,0.8903731107711792,2.374163727836276e-07,1
3224,0.11814043670892715,0.8818594217300415,2.384609274486138e-07,1
3225,0.11421345174312592,0.885786235332489,2.388646578310727e-07,1
3226,0.10805540531873703,0.891944408416748,2.3108779600988782e-07,1
3227,0.10848115384578705,0.8915186524391174,2.5674532366792846e-07,1
3228,0.12578442692756653,0.8742151260375977,3.02224094639314e-07,1
3229,0.13031262159347534,0.8696871399879456,3.0671793638248346e-07,1
3230,0.15574510395526886,0.8442544937133789,3.9446575783586013e-07,1
3231,0.18633313477039337,0.8136663436889648,4.905385821984964e-07,1
3232,0.1998603343963623,0.8001392483711243,4.7082093601602537e-07,1
3233,0.21901719272136688,0.7809823751449585,4.7133877956184733e-07,1
3234,0.22146925330162048,0.7785301208496094,5.289797400109819e-07,1
3235,0.2362857609987259,0.7637136578559875,5.515368002306786e-07,1
3236,0.2254081815481186,0.774591326713562,5.036723678131239e-07,1
3237,0.24211519956588745,0.7578843235969543,5.599853807325417e-07,1
3238,0.24644353985786438,0.7535557746887207,5.893970751458255e-07,1
3239,0.25061410665512085,0.7493851780891418,6.645543066952087e-07,1
3240,0.271012544631958,0.7289867997169495,7.383131332971971e-07,1
3241,0.2944924235343933,0.7055066823959351,8.59549743381649e-07,1
3242,0.3023952543735504,0.6976038813591003,8.651890652799921e-07,1
3243,0.2880721688270569,0.7119268774986267,8.597333476245694e-07,1
3244,0.3306207060813904,0.6693782806396484,1.0374950534242089e-06,1
3245,0.33982518315315247,0.6601739525794983,9.036303367793153e-07,1
3246,0.33139628171920776,0.6686030626296997,7.39257757231826e-07,1
3247,0.3100108206272125,0.6899886131286621,6.96349104600813e-07,1
3248,0.30641451478004456,0.693584680557251,7.38721951165644e-07,1
3249,0.3025771975517273,0.6974220871925354,7.065102636261145e-07,1
3250,0.28490135073661804,0.7150980234146118,6.214602308318717e-07,1
3251,0.2682933807373047,0.7317060828208923,5.159503757568018e-07,1
3252,0.272755891084671,0.7272436618804932,5.331374950401369e-07,1
3253,0.27607929706573486,0.7239202260971069,5.756197651862749e-07,1
3254,0.2678196132183075,0.7321798205375671,4.884802251581277e-07,1
3255,0.28330543637275696,0.7166940569877625,5.380489369599673e-07,1
3256,0.27810266613960266,0.7218967080116272,5.73867339426215e-07,1
3257,0.2728292942047119,0.7271701693534851,5.894561354580219e-07,1
3258,0.28033870458602905,0.719660758972168,5.817211103931186e-07,1
3259,0.2883731722831726,0.7116262316703796,6.348006422740582e-07,1
3260,0.27155062556266785,0.728448748588562,5.700279643860995e-07,1
3261,0.2872530519962311,0.7127463221549988,6.314322149592044e-07,1
3262,0.2726821303367615,0.7273173332214355,5.412245513980452e-07,1
3263,0.3000182807445526,0.6999810934066772,6.471450433309656e-07,1
3264,0.32124635577201843,0.6787528395652771,7.237539989546349e-07,1
3265,0.3470154404640198,0.6529838442802429,7.807645943103125e-07,1
3266,0.362650990486145,0.6373481750488281,8.36049423469376e-07,1
3267,0.36492618918418884,0.6350729465484619,8.024001090234378e-07,1
3268,0.3713073134422302,0.6286919713020325,7.265691692737164e-07,1
3269,0.33747875690460205,0.6625205874443054,6.382240371749504e-07,1
3270,0.28599846363067627,0.7140009999275208,5.109191079100128e-07,1
3271,0.26943886280059814,0.7305607199668884,4.698236182321125e-07,1
3272,0.2688378095626831,0.7311617136001587,4.480127415718016e-07,1
3273,0.3101980686187744,0.6898012161254883,6.909822900524887e-07,1
3274,0.2475212663412094,0.7524782419204712,4.303524860915786e-07,1
3275,0.2565883994102478,0.743411123752594,5.263942739475169e-07,1
3276,0.25395625829696655,0.7460431456565857,5.054661187386955e-07,1
3277,0.2733873724937439,0.7266119718551636,5.704753789359529e-07,1
3278,0.27900800108909607,0.7209912538528442,6.546505346705089e-07,1
3279,0.27968841791152954,0.7203109264373779,6.138985781944939e-07,1
3280,0.26246824860572815,0.7375311851501465,5.009027859159687e-07,1
3281,0.27498048543930054,0.7250189781188965,5.499018698174041e-07,1
3282,0.28034287691116333,0.7196564078330994,5.86504313559999e-07,1
3283,0.30311158299446106,0.696887731552124,6.731778512403253e-07,1
3284,0.3262242376804352,0.6737750172615051,8.280130714410916e-07,1
3285,0.3493386209011078,0.650660514831543,8.965046731645998e-07,1
3286,0.3312910199165344,0.6687082052230835,8.067205499173724e-07,1
3287,0.3510473966598511,0.6489517688751221,8.372508659704181e-07,1
3288,0.40220680832862854,0.5977920293807983,1.1341101071593584e-06,1
3289,0.41623568534851074,0.583763062953949,1.1486158655316103e-06,1
3290,0.4038006365299225,0.5961984395980835,9.568753966959775e-07,1
3291,0.3932527005672455,0.6067464351654053,9.02674401004333e-07,1
3292,0.38488924503326416,0.615109920501709,9.083636314244359e-07,1
3293,0.3610464930534363,0.6389526724815369,7.820133305358468e-07,1
3294,0.3745901584625244,0.625408947467804,9.333897992291895e-07,1
3295,0.37957924604415894,0.6204198002815247,9.773835927262553e-07,1
3296,0.3863532841205597,0.6136457324028015,1.0350190677854698e-06,1
3297,0.40011245012283325,0.5998865962028503,9.64103946898831e-07,1
3298,0.38125741481781006,0.618741512298584,1.0241199106530985e-06,1
3299,0.39274486899375916,0.607254147529602,9.920588581735501e-07,1
3300,0.3969874382019043,0.6030115485191345,1.028423184834537e-06,1
3301,0.3951834738254547,0.6048155426979065,9.427656664229289e-07,1
3302,0.3902803659439087,0.6097188591957092,8.420323638347327e-07,1
3303,0.383238285779953,0.616760790348053,8.503597541675845e-07,1
3304,0.40345069766044617,0.5965481400489807,1.1038644061045488e-06,1
3305,0.41922569274902344,0.5807730555534363,1.1606185807977454e-06,1
3306,0.43550801277160645,0.564490795135498,1.2249619203430484e-06,1
3307,0.4777405261993408,0.5222581028938293,1.390176066706772e-06,1
3308,0.4723857641220093,0.5276129841804504,1.2433806659828406e-06,1
3309,0.47100549936294556,0.5289933085441589,1.2181467354821507e-06,1
3310,0.5169371366500854,0.4830613434314728,1.4877418834657874e-06,0
3311,0.5373156070709229,0.4626828730106354,1.5210232504614396e-06,0
3312,0.5218971371650696,0.47810104489326477,1.7991020513363765e-06,0
3313,0.5638625025749207,0.43613573908805847,1.7440370356780477e-06,0
3314,0.6173895597457886,0.3826088607311249,1.54725910306297e-06,0
3315,0.6108646392822266,0.38913363218307495,1.6985492266030633e-06,0
3316,0.6499595642089844,0.35003888607025146,1.5629456129317987e-06,0
3317,0.6537055969238281,0.3462928831577301,1.4792806268815184e-06,0
3318,0.6461427807807922,0.35385584831237793,1.3504761682270328e-06,0
3319,0.6573832035064697,0.3426152467727661,1.5825484069864615e-06,0
3320,0.6658438444137573,0.3341546654701233,1.5290916053345427e-06,0
3321,0.661533772945404,0.3384647071361542,1.567048911965685e-06,0
3322,0.6757468581199646,0.32425162196159363,1.4966398111937451e-06,0
3323,0.6686874628067017,0.33131104707717896,1.5383820937131532e-06,0
3324,0.5908775329589844,0.4091203212738037,2.1338526039471617e-06,0
3325,0.5992781519889832,0.40071961283683777,2.3685388441663235e-06,0
3326,0.65091472864151,0.3490830361843109,2.2667231860395987e-06,0
3327,0.6760076880455017,0.32399001717567444,2.2902104319655336e-06,0
3328,0.7068703174591064,0.29312750697135925,2.1778223526780494e-06,0
3329,0.7180156111717224,0.2819821536540985,2.1818220830027713e-06,0
3330,0.7121787667274475,0.28781870007514954,2.4267994831461692e-06,0
3331,0.7273894548416138,0.2726082503795624,2.3818561203370336e-06,0
3332,0.7452567219734192,0.25474095344543457,2.280598209836171e-06,0
3333,0.7559782266616821,0.24401959776878357,2.1631421986967325e-06,0
3334,0.7618693113327026,0.238128662109375,2.081582579194219e-06,0
3335,0.7603659629821777,0.23963198065757751,2.074711119348649e-06,0
3336,0.7582221031188965,0.24177584052085876,2.037874764937442e-06,0
3337,0.7478646636009216,0.252133309841156,2.0547545318549965e-06,0
3338,0.7550702095031738,0.24492789804935455,1.923626314237481e-06,0
3339,0.7517697811126709,0.24822838604450226,1.8911405277322046e-06,0
3340,0.7246649861335754,0.27533289790153503,2.158592224077438e-06,0
3341,0.7378624677658081,0.26213550567626953,2.0416075585671933e-06,0
3342,0.7368751168251038,0.2631227970123291,2.0436682461877353e-06,0
3343,0.6996902823448181,0.30030718445777893,2.499049969628686e-06,0
3344,0.7225084900856018,0.27748915553092957,2.300679625477642e-06,0
3345,0.6857544779777527,0.31424257159233093,2.837051397364121e-06,0
3346,0.722306489944458,0.2776910960674286,2.5332799395982875e-06,0
3347,0.7479808330535889,0.25201693177223206,2.238061597381602e-06,0
3348,0.7680248618125916,0.2319733053445816,1.9602530301199295e-06,0
3349,0.7793212532997131,0.2206769436597824,1.7483579313193331e-06,0
3350,0.772035539150238,0.2279626876115799,1.7093302631110419e-06,0
3351,0.7685642838478088,0.2314341813325882,1.6396097635151818e-06,0
3352,0.746059775352478,0.2539384067058563,1.7434289247830748e-06,0
3353,0.7092547416687012,0.29074323177337646,2.0033903638250194e-06,0
3354,0.7516241669654846,0.24837422370910645,1.606524278940924e-06,0
3355,0.7502973079681396,0.24970123171806335,1.5311871948142652e-06,0
3356,0.749417245388031,0.2505813241004944,1.4527983012158074e-06,0
3357,0.7392191886901855,0.26077938079833984,1.4445503211391042e-06,0
3358,0.7290946841239929,0.2709037959575653,1.4448827414526022e-06,0
3359,0.7140749096870422,0.28592362999916077,1.4868707012283267e-06,0
3360,0.7275301218032837,0.272468626499176,1.1727812534445547e-06,0
3361,0.6981804370880127,0.30181851983070374,1.1664776593534043e-06,0
3362,0.6492547988891602,0.3507440686225891,1.1029153483832488e-06,0
3363,0.6045109629631042,0.39548805356025696,1.0386999065303826e-06,0
3364,0.5594117641448975,0.4405873119831085,8.531571324965626e-07,0
3365,0.5064970850944519,0.49350211024284363,7.705573921157338e-07,0
3366,0.46739462018013,0.5326047539710999,7.280613658622315e-07,1
3367,0.4697299599647522,0.5302694439888,7.226636853374657e-07,1
3368,0.4321187734603882,0.5678805112838745,7.307998544092698e-07,1
3369,0.45711031556129456,0.542888879776001,7.692523240621085e-07,1
3370,0.4286314845085144,0.5713677406311035,7.488886240025749e-07,1
3371,0.396746963262558,0.6032522916793823,6.994244472480204e-07,1
3372,0.371954083442688,0.6280452609062195,6.70925317081128e-07,1
3373,0.3490678071975708,0.6509316563606262,6.40970540644048e-07,1
3374,0.33803635835647583,0.6619629859924316,6.372570169332903e-07,1
3375,0.32854604721069336,0.6714532971382141,6.54997620586073e-07,1
3376,0.3375525176525116,0.6624467968940735,6.761135864508105e-07,1
3377,0.364850252866745,0.6351491212844849,7.066535658850626e-07,1
3378,0.31973573565483093,0.6802637577056885,5.723168214899488e-07,1
3379,0.3026907444000244,0.6973086595535278,5.486160716827726e-07,1
3380,0.2790180444717407,0.7209814786911011,4.933593231726263e-07,1
3381,0.25903329253196716,0.7409663796424866,4.4402912635632674e-07,1
3382,0.24831438064575195,0.7516852617263794,4.467995609047648e-07,1
3383,0.2466576099395752,0.7533419132232666,4.7336328634628444e-07,1
3384,0.22616705298423767,0.7738324999809265,4.3898259605157364e-07,1
3385,0.22682367265224457,0.7731758952140808,4.678036873428937e-07,1
3386,0.23126769065856934,0.7687317132949829,5.198686494622962e-07,1
3387,0.24225275218486786,0.7577466368675232,5.851921400790161e-07,1
3388,0.20533065497875214,0.7946688532829285,4.438077496615733e-07,1
3389,0.20516636967658997,0.7948331236839294,5.04148488289502e-07,1
3390,0.19421423971652985,0.8057852387428284,4.576113781240565e-07,1
3391,0.19480712711811066,0.8051923513412476,4.638480106677889e-07,1
3392,0.20087552070617676,0.7991240620613098,4.554608779017144e-07,1
3393,0.2065051794052124,0.7934942841529846,4.419439108005463e-07,1
3394,0.21432748436927795,0.7856719493865967,4.907394099973317e-07,1
3395,0.24777425825595856,0.7522250413894653,7.433584414684447e-07,1
3396,0.23994454741477966,0.7600548267364502,6.365617082337849e-07,1
3397,0.25292983651161194,0.7470694184303284,7.0738519752922e-07,1
3398,0.270675390958786,0.7293238639831543,7.861788731133856e-07,1
3399,0.2774215340614319,0.722577691078186,7.519029736613447e-07,1
3400,0.285237580537796,0.7147616744041443,7.668491548429301e-07,1
3401,0.3100445866584778,0.6899545788764954,9.113576879826724e-07,1
3402,0.2687057852745056,0.7312934994697571,7.088959250722837e-07,1
3403,0.26518505811691284,0.7348142266273499,6.89469516146346e-07,1
3404,0.26782700419425964,0.7321721315383911,7.560305448350846e-07,1
3405,0.266010582447052,0.7339886426925659,7.86788859841181e-07,1
3406,0.3030659258365631,0.6969329714775085,1.004000750981504e-06,1
3407,0.3147459030151367,0.6852532029151917,9.811295740291825e-07,1
3408,0.30131444334983826,0.698684811592102,8.508025075570913e-07,1
3409,0.31099236011505127,0.6890066862106323,8.63231718994939e-07,1
3410,0.31399112939834595,0.6860080361366272,8.134442168739042e-07,1
3411,0.32027187943458557,0.67972731590271,8.136891551657754e-07,1
3412,0.28605958819389343,0.7139397859573364,6.983196954024606e-07,1
3413,0.30919820070266724,0.6908009648323059,7.992960036062868e-07,1
3414,0.27703598141670227,0.7229634523391724,6.280327511376527e-07,1
3415,0.33917203545570374,0.6608269810676575,1.0462158570589963e-06,1
3416,0.31566810607910156,0.6843309998512268,8.46386797093146e-07,1
3417,0.3068593442440033,0.6931397914886475,8.034114671318093e-07,1
3418,0.3387395143508911,0.6612594127655029,9.740947461978067e-07,1
3419,0.32339906692504883,0.6766002178192139,7.251276201714063e-07,1
3420,0.2966325581073761,0.703366756439209,6.496367177533102e-07,1
3421,0.3284458816051483,0.671553373336792,8.112794489534281e-07,1
3422,0.34400567412376404,0.6559934020042419,8.729240335014765e-07,1
3423,0.29474857449531555,0.7052507996559143,6.205318072716182e-07,1
3424,0.29514363408088684,0.704855740070343,6.378409125318285e-07,1
3425,0.29183652997016907,0.7081629037857056,5.880193612028961e-07,1
3426,0.2842598557472229,0.7157395482063293,6.278942805693077e-07,1
3427,0.29406192898750305,0.7059374451637268,6.918865551597264e-07,1
3428,0.30879831314086914,0.6912009716033936,7.366360250671278e-07,1
3429,0.3066740334033966,0.6933252811431885,7.011507250354043e-07,1
3430,0.32452234625816345,0.6754769682884216,7.147349379010848e-07,1
3431,0.34825682640075684,0.6517422795295715,8.675219191900396e-07,1
3432,0.32807615399360657,0.6719229817390442,7.900442255959206e-07,1
3433,0.35822200775146484,0.641776978969574,9.794424613573938e-07,1
3434,0.3966089189052582,0.6033898591995239,1.307923980675696e-06,1
3435,0.4025534689426422,0.5974451303482056,1.318409545092436e-06,1
3436,0.4176191985607147,0.5823793411254883,1.4839047253190074e-06,1
3437,0.43111759424209595,0.5688809752464294,1.4702213775308337e-06,1
3438,0.4104576110839844,0.5895411968231201,1.2967263955943054e-06,1
3439,0.445822536945343,0.5541762113571167,1.2816753951483406e-06,1
3440,0.4244813621044159,0.5755174160003662,1.231165811077517e-06,1
3441,0.4383069574832916,0.5616916418075562,1.3769813449471258e-06,1
3442,0.4590323269367218,0.5409661531448364,1.441840367988334e-06,1
3443,0.43819335103034973,0.5618053078651428,1.320595629294985e-06,1
3444,0.44853174686431885,0.5514667630195618,1.4226548046281096e-06,1
3445,0.4644269645214081,0.5355716943740845,1.3292006997289718e-06,1
3446,0.46861332654953003,0.5313853621482849,1.267909510715981e-06,1
3447,0.440970778465271,0.559027910232544,1.2128481330364593e-06,1
3448,0.44386255741119385,0.5561361908912659,1.2361208518996136e-06,1
3449,0.4318265914916992,0.5681723356246948,1.1051195087929955e-06,1
3450,0.43317294120788574,0.5668259263038635,1.125707854043867e-06,1
3451,0.4422256648540497,0.5577731132507324,1.2007612895104103e-06,1
3452,0.4377525746822357,0.5622462630271912,1.1246075928283972e-06,1
3453,0.42765113711357117,0.5723477602005005,1.1027850632672198e-06,1
3454,0.4333827793598175,0.5666161179542542,1.1760369034163887e-06,1
3455,0.4504980444908142,0.549500584602356,1.2745904314215295e-06,1
3456,0.4193882942199707,0.5806105732917786,1.0062653927889187e-06,1
3457,0.39442703127861023,0.6055721044540405,8.529182196070906e-07,1
3458,0.3996044397354126,0.6003947257995605,8.47303624595952e-07,1
3459,0.3621129095554352,0.6378864049911499,6.831210157542955e-07,1
3460,0.3356313109397888,0.6643681526184082,5.236362312643905e-07,1
3461,0.3512561023235321,0.6487433314323425,6.023796004228643e-07,1
3462,0.3111964762210846,0.6888030171394348,4.909005610898021e-07,1
3463,0.3079058825969696,0.692093551158905,5.550116952690587e-07,1
3464,0.2970506250858307,0.702948808670044,5.588320277638559e-07,1
3465,0.309941828250885,0.6900574564933777,6.2111053011904e-07,1
3466,0.3104046583175659,0.6895947456359863,6.121069304754201e-07,1
3467,0.30113542079925537,0.6988639831542969,6.149134037514159e-07,1
3468,0.31603172421455383,0.683967649936676,6.686129836452892e-07,1
3469,0.3194590210914612,0.6805402636528015,7.704958306931076e-07,1
3470,0.3049115240573883,0.6950878500938416,6.85638099184871e-07,1
3471,0.2853511571884155,0.7146481871604919,5.900996598029451e-07,1
3472,0.2699245512485504,0.730074942111969,5.253644417280157e-07,1
3473,0.25887802243232727,0.7411214113235474,5.533009925784427e-07,1
3474,0.2677907943725586,0.7322086095809937,6.209617140484625e-07,1
3475,0.279540479183197,0.7204587459564209,6.591858436877374e-07,1
3476,0.2763209939002991,0.7236783504486084,6.562506200680218e-07,1
3477,0.27842286229133606,0.7215763926506042,6.636317380070977e-07,1
3478,0.29871004819869995,0.701289176940918,7.576721259283659e-07,1
3479,0.3093273937702179,0.6906718611717224,7.669422643630242e-07,1
3480,0.3224090039730072,0.6775900721549988,9.192814331981936e-07,1
3481,0.33336466550827026,0.6666342616081238,9.941462622009567e-07,1
3482,0.34495967626571655,0.6550393104553223,1.021770685838419e-06,1
3483,0.36444881558418274,0.6355500221252441,1.2146635981480358e-06,1
3484,0.34210050106048584,0.6578983664512634,1.1503158248160616e-06,1
3485,0.34286293387413025,0.657136082649231,1.0561503813732998e-06,1
3486,0.30727365612983704,0.6927253603935242,9.53569781358965e-07,1
3487,0.2930176854133606,0.7069815397262573,7.629092237948498e-07,1
3488,0.2636207044124603,0.7363786697387695,5.909445235374733e-07,1
3489,0.2701249122619629,0.7298744320869446,6.250267006180366e-07,1
3490,0.24966248869895935,0.7503369450569153,5.495584787240659e-07,1
3491,0.26344966888427734,0.7365496158599854,6.735130568813474e-07,1
3492,0.2773435115814209,0.7226556539535522,7.529457661803463e-07,1
3493,0.283974289894104,0.7160249948501587,7.099183108039142e-07,1
3494,0.2828068137168884,0.7171924114227295,7.912594242043269e-07,1
3495,0.28289034962654114,0.7171087265014648,9.040850272867829e-07,1
3496,0.291530579328537,0.7084683179855347,1.0788817235152237e-06,1
3497,0.29077285528182983,0.7092261910438538,9.61309410740796e-07,1
3498,0.3123471438884735,0.6876518130302429,1.0449060710016056e-06,1
3499,0.30800169706344604,0.6919973492622375,9.810074743654695e-07,1
3500,0.3205828070640564,0.6794159412384033,1.1231099961150903e-06,1
3501,0.3203834891319275,0.6796154379844666,1.0877128033826011e-06,1
3502,0.33808186650276184,0.661916971206665,1.1880259762619971e-06,1
3503,0.3398207724094391,0.6601779460906982,1.22272990665806e-06,1
3504,0.3420661687850952,0.657932698726654,1.107027628677315e-06,1
3505,0.31995096802711487,0.6800481677055359,8.969968803285155e-07,1
3506,0.3114973306655884,0.6885017156600952,8.7493225464641e-07,1
3507,0.320193350315094,0.6798057556152344,8.889400078260223e-07,1
3508,0.31674453616142273,0.6832546591758728,8.839533620630391e-07,1
3509,0.3095608949661255,0.6904382109642029,8.919089395931223e-07,1
3510,0.3147425651550293,0.6852564215660095,9.884785185931833e-07,1
3511,0.31213614344596863,0.6878626346588135,1.249732008545834e-06,1
3512,0.30525389313697815,0.6947450041770935,1.1422902161939419e-06,1
3513,0.2884775698184967,0.7115214467048645,9.086854788620258e-07,1
3514,0.31651532649993896,0.6834834218025208,1.2492744190240046e-06,1
3515,0.3268318772315979,0.6731669902801514,1.1671214679154218e-06,1
3516,0.34010452032089233,0.6598942279815674,1.2204526456116582e-06,1
3517,0.32968759536743164,0.6703112721443176,1.1656322840281064e-06,1
3518,0.27288618683815,0.7271124124526978,1.350606794403575e-06,1
3519,0.28102046251296997,0.7189781665802002,1.3589121863333276e-06,1
3520,0.2746438682079315,0.725354790687561,1.3893055665903375e-06,1
3521,0.2723369896411896,0.7276615500450134,1.4021160268384847e-06,1
3522,0.309762567281723,0.6902360320091248,1.3625275414597127e-06,1
3523,0.28201115131378174,0.7179874181747437,1.4126572978057084e-06,1
3524,0.2620081901550293,0.7379902601242065,1.4656125131295994e-06,1
3525,0.2713572382926941,0.7286412715911865,1.4721862271471764e-06,1
3526,0.27985113859176636,0.7201473712921143,1.4813217603659723e-06,1
3527,0.29623690247535706,0.7037615776062012,1.4734158639839734e-06,1
3528,0.3049613833427429,0.6950370669364929,1.4648478554590838e-06,1
3529,0.3263254463672638,0.6736730337142944,1.4255795122153359e-06,1
3530,0.3300260901451111,0.6699725389480591,1.4213688928066404e-06,1
3531,0.3592745363712311,0.6407241225242615,1.3727119494433282e-06,1
3532,0.31138837337493896,0.6886101961135864,1.4570134680980118e-06,1
3533,0.3264424502849579,0.6735560894012451,1.4389255511559895e-06,1
3534,0.3131386339664459,0.6868599057197571,1.4693254115627497e-06,1
3535,0.32475587725639343,0.6752426624298096,1.4630181794927921e-06,1
3536,0.348274827003479,0.6517237424850464,1.4166223536449252e-06,1
3537,0.37005236744880676,0.6299462914466858,1.3629020259031677e-06,1
3538,0.41956427693367004,0.5804345011711121,1.1918716609216062e-06,1
3539,0.29304197430610657,0.7069565653800964,1.487000872657518e-06,1
3540,0.2014462649822235,0.7985519766807556,1.7117965853685746e-06,1
3541,0.24291203916072845,0.7570863366127014,1.640490609133849e-06,1
3542,0.24436791241168976,0.7556305527687073,1.6612578974672942e-06,1
3543,0.2289704829454422,0.7710278034210205,1.7332644119960605e-06,1
3544,0.2641817629337311,0.7358165383338928,1.6837865359775606e-06,1
3545,0.23777472972869873,0.7622234225273132,1.8057496617984725e-06,1
3546,0.2596007287502289,0.7403974533081055,1.7873047681860044e-06,1
3547,0.3024239242076874,0.697574257850647,1.7350693042317289e-06,1
3548,0.2975415885448456,0.7024567127227783,1.7628037767281057e-06,1
3549,0.314922958612442,0.6850752830505371,1.7399152056896128e-06,1
3550,0.3136918246746063,0.6863064765930176,1.7499676232546335e-06,1
3551,0.3288019597530365,0.6711962223052979,1.7213618548339582e-06,1
3552,0.31197917461395264,0.6880191564559937,1.7613018599149655e-06,1
3553,0.33392587304115295,0.6660723686218262,1.7158000673589413e-06,1
3554,0.3705379366874695,0.6294604539871216,1.6294417264361982e-06,1
3555,0.37239760160446167,0.6276007294654846,1.604793965270801e-06,1
3556,0.34203892946243286,0.6579594612121582,1.6668748230586061e-06,1
3557,0.34997203946113586,0.6500263810157776,1.6448527730972273e-06,1
3558,0.3437274098396301,0.6562709212303162,1.65621941050631e-06,1
3559,0.321252703666687,0.6787455677986145,1.7289828520006267e-06,1
3560,0.35851383209228516,0.6414844393730164,1.6469174397570896e-06,1
3561,0.28030598163604736,0.719692051410675,1.899342692013306e-06,1
3562,0.27950865030288696,0.7204894423484802,1.9234810224588728e-06,1
3563,0.27497532963752747,0.7250226140022278,2.1012381239415845e-06,1
3564,0.3034202456474304,0.6965776085853577,2.0923778265569126e-06,1
3565,0.34327441453933716,0.6567236185073853,1.983228003155091e-06,1
3566,0.35588309168815613,0.6441150307655334,1.9546127987268846e-06,1
3567,0.34017232060432434,0.6598256230354309,2.077242243103683e-06,1
3568,0.3632834255695343,0.6367145776748657,2.012792720051948e-06,1
3569,0.3736589848995209,0.6263390183448792,1.980735532924882e-06,1
3570,0.41580960154533386,0.5841885805130005,1.7980463553612935e-06,1
3571,0.39487412571907043,0.6051241159439087,1.8263790479977615e-06,1
3572,0.3954375386238098,0.6045606136322021,1.8153817791244364e-06,1
3573,0.37078651785850525,0.6292115449905396,1.8812429516401608e-06,1
3574,0.37185245752334595,0.6281455755233765,1.937584784172941e-06,1
3575,0.39071977138519287,0.6092782616615295,1.8619070942804683e-06,1
3576,0.38857316970825195,0.6114245653152466,2.1822238522872794e-06,1
3577,0.41611796617507935,0.5838796496391296,2.328239588678116e-06,1
3578,0.44629091024398804,0.5537065863609314,2.4487335394951515e-06,1
3579,0.48456692695617676,0.5154303312301636,2.625265551614575e-06,1
3580,0.5529595017433167,0.4470381736755371,2.269383230668609e-06,0
3581,0.5862904191017151,0.4137076437473297,2.0332565782155143e-06,0
3582,0.587912380695343,0.4120856821537018,1.968235437743715e-06,0
3583,0.6116382479667664,0.3883599638938904,1.7486723891124711e-06,0
3584,0.6242101788520813,0.3757881820201874,1.568197262713511e-06,0
3585,0.6375880837440491,0.3624105453491211,1.3896934660806437e-06,0
3586,0.6186419129371643,0.38135671615600586,1.3715970226257923e-06,0
3587,0.6374929547309875,0.36250582337379456,1.248259877684177e-06,0
3588,0.6223357319831848,0.3776630163192749,1.2319389952608617e-06,0
3589,0.5833376049995422,0.41666123270988464,1.162075022875797e-06,0
3590,0.5432976484298706,0.45670124888420105,1.0441580116093974e-06,0
3591,0.5309556722640991,0.4690433442592621,1.042080725710548e-06,0
3592,0.5052187442779541,0.49478021264076233,1.029589952850074e-06,0
3593,0.4786597490310669,0.5213392972946167,9.708247716844198e-07,1
3594,0.44253918528556824,0.5574599504470825,9.244291732102283e-07,1
3595,0.4313390851020813,0.5686599612236023,9.003467198454018e-07,1
3596,0.4091222584247589,0.5908769369125366,8.337086683241068e-07,1
3597,0.38327714800834656,0.6167221665382385,7.215115829239949e-07,1
3598,0.3599468171596527,0.6400524973869324,6.756188213330461e-07,1
3599,0.33231866359710693,0.6676807403564453,6.529176630465372e-07,1
3600,0.3537597060203552,0.6462395787239075,7.233985002130794e-07,1
3601,0.3594508469104767,0.6405484676361084,7.166067348407523e-07,1
3602,0.36527591943740845,0.6347232460975647,7.28048917153501e-07,1
3603,0.384419322013855,0.6155799627304077,7.603890708196559e-07,1
3604,0.3722057640552521,0.6277933716773987,8.79720914781501e-07,1
3605,0.3749946057796478,0.6250044703483582,9.657766213422292e-07,1
3606,0.3988737463951111,0.6011251211166382,1.1027411801478593e-06,1
3607,0.390635222196579,0.6093637347221375,1.0482320931259892e-06,1
3608,0.4123729467391968,0.5876258015632629,1.1858168136313907e-06,1
3609,0.4027838706970215,0.5972149968147278,1.1426926675994764e-06,1
3610,0.4271394908428192,0.5728592872619629,1.2823944643969298e-06,1
3611,0.4218071401119232,0.5781916379928589,1.2640359727811301e-06,1
3612,0.4295424222946167,0.5704563856124878,1.2380266980471788e-06,1
3613,0.433076411485672,0.5669223070144653,1.27873693145375e-06,1
3614,0.41920292377471924,0.5807957649230957,1.239439598066383e-06,1
3615,0.42538559436798096,0.5746132135391235,1.2183286344225053e-06,1
3616,0.430325448513031,0.5696733593940735,1.2097409580746898e-06,1
3617,0.42377370595932007,0.5762250423431396,1.2037858141411562e-06,1
3618,0.42408114671707153,0.575917661190033,1.1985342780462815e-06,1
3619,0.4227684736251831,0.5772302746772766,1.1759615290429792e-06,1
3620,0.4190288186073303,0.5809699892997742,1.265427385988005e-06,1
3621,0.3783155083656311,0.6216832995414734,1.1561701285245363e-06,1
3622,0.3623005151748657,0.6376984715461731,1.0740587867985596e-06,1
3623,0.3639329969882965,0.6360659003257751,1.0883831009778078e-06,1
3624,0.37189245223999023,0.6281065344810486,9.68537733569974e-07,1
3625,0.34251582622528076,0.6574833393096924,8.187014941540838e-07,1
3626,0.32879766821861267,0.6712015271186829,7.82176584834815e-07,1
3627,0.32211410999298096,0.677885115146637,7.639575301254808e-07,1
3628,0.35960623621940613,0.6403928399085999,8.521043355358415e-07,1
3629,0.3621639907360077,0.6378352046012878,8.147399057634175e-07,1
3630,0.43904247879981995,0.5609561800956726,1.3916990155848907e-06,1
3631,0.415898859500885,0.5841000080108643,1.2004112477370654e-06,1
3632,0.4084777534008026,0.5915212631225586,9.840683787842863e-07,1
3633,0.41082650423049927,0.5891724824905396,1.0556979077591677e-06,1
3634,0.4262651801109314,0.5737338066101074,1.058801103681617e-06,1
3635,0.41733577847480774,0.5826627016067505,1.464559431951784e-06,1
3636,0.45016852021217346,0.5498301386833191,1.2533668041214696e-06,1
3637,0.4569188952445984,0.5430798530578613,1.2472676189645426e-06,1
3638,0.4529498517513275,0.5470489859580994,1.2218464462421252e-06,1
3639,0.45416659116744995,0.5458321571350098,1.2608809356606798e-06,1
3640,0.4615156948566437,0.5384829044342041,1.3898566066927742e-06,1
3641,0.4657840430736542,0.5342145562171936,1.3881426639272831e-06,1
3642,0.4634588658809662,0.5365399122238159,1.2753426972267334e-06,1
3643,0.404462993144989,0.5955361723899841,8.42821236801683e-07,1
3644,0.42592424154281616,0.5740747451782227,9.420917308489152e-07,1
3645,0.41365718841552734,0.586341917514801,9.577524906489998e-07,1
3646,0.43087682127952576,0.5691220164299011,1.1895061788891326e-06,1
3647,0.4158029556274414,0.5841959714889526,1.033771809488826e-06,1
3648,0.38412949442863464,0.6158695816993713,9.147708510681696e-07,1
3649,0.35460910201072693,0.6453900933265686,8.22473225525755e-07,1
3650,0.33988893032073975,0.6601101756095886,7.535738859587582e-07,1
3651,0.3459831774234772,0.6540159583091736,7.928375680421595e-07,1
3652,0.3294365406036377,0.6705626845359802,6.927563731551345e-07,1
3653,0.3536951243877411,0.6463040113449097,8.696671329744277e-07,1
3654,0.3850562572479248,0.614942729473114,9.238524967258854e-07,1
3655,0.3910911977291107,0.6089078187942505,1.0147102784685558e-06,1
3656,0.3166702687740326,0.6833290457725525,6.218986641215452e-07,1
3657,0.33864694833755493,0.6613523364067078,7.463540327989904e-07,1
3658,0.34693896770477295,0.6530603170394897,8.149438599502901e-07,1
3659,0.343351811170578,0.6566475033760071,6.91134061980847e-07,1
3660,0.2785206735134125,0.7214788794517517,4.5245150204209494e-07,1
3661,0.27591732144355774,0.7240822315216064,4.7042482265169383e-07,1
3662,0.26400306820869446,0.7359965443611145,4.545838123704016e-07,1
3663,0.2634478509426117,0.7365515828132629,4.904530328531109e-07,1
3664,0.267871230840683,0.7321282029151917,5.243772989160789e-07,1
3665,0.27291932702064514,0.7270800471305847,5.853175935044419e-07,1
3666,0.26842108368873596,0.7315784096717834,5.820670025968866e-07,1
3667,0.23870638012886047,0.7612931728363037,5.059228556092421e-07,1
3668,0.24311336874961853,0.7568861246109009,5.156018687557662e-07,1
3669,0.24526982009410858,0.7547295689582825,5.328492989065126e-07,1
3670,0.26974040269851685,0.7302590012550354,6.180674745337456e-07,1
3671,0.26352888345718384,0.7364704608917236,6.052178491700033e-07,1
3672,0.2525804936885834,0.7474190592765808,5.560552267525054e-07,1
3673,0.2567571997642517,0.7432421445846558,6.110413437454554e-07,1
3674,0.2588751018047333,0.7411243319511414,6.284850542215281e-07,1
3675,0.2559332847595215,0.7440661191940308,5.766494268755196e-07,1
3676,0.25411275029182434,0.7458866238594055,5.962063482911617e-07,1
3677,0.23901879787445068,0.7609807252883911,4.6125006747388397e-07,1
3678,0.22986823320388794,0.7701314091682434,4.3988563902530586e-07,1
3679,0.22474618256092072,0.775253415107727,4.2255842913618835e-07,1
3680,0.21153949201107025,0.7884600162506104,4.3489146150932356e-07,1
3681,0.21641579270362854,0.7835837602615356,4.3240430613877834e-07,1
3682,0.21665526926517487,0.7833443880081177,4.257782961758494e-07,1
3683,0.2183067947626114,0.7816927433013916,4.890378022537334e-07,1
3684,0.19923759996891022,0.800761878490448,4.848979529015196e-07,1
3685,0.18181945383548737,0.8181801438331604,3.846170386623271e-07,1
3686,0.17603737115859985,0.8239622712135315,3.8845564631628804e-07,1
3687,0.1827428787946701,0.8172568082809448,4.040843748498446e-07,1
3688,0.1912986934185028,0.8087009191513062,4.308437837607926e-07,1
3689,0.2087557315826416,0.791243851184845,4.702130809164373e-07,1
3690,0.21201196312904358,0.7879875302314758,4.871480427937058e-07,1
3691,0.20869842171669006,0.7913011908531189,5.124614403939631e-07,1
3692,0.2154853790998459,0.7845140695571899,5.466062020786921e-07,1
3693,0.22029253840446472,0.7797069549560547,5.380513243835594e-07,1
3694,0.24495644867420197,0.7550429701805115,6.148754891910357e-07,1
3695,0.2523648142814636,0.7476345896720886,6.588061296497472e-07,1
3696,0.2406824231147766,0.7593169808387756,5.985749567116727e-07,1
3697,0.2478095144033432,0.7521900534629822,5.590989644588262e-07,1
3698,0.25267913937568665,0.7473203539848328,5.72415160604578e-07,1
3699,0.27363595366477966,0.7263632416725159,7.882078421062033e-07,1
3700,0.2858745753765106,0.7141247391700745,8.049382813624106e-07,1
3701,0.238445445895195,0.7615540027618408,6.578447937499732e-07,1
3702,0.210750013589859,0.7892494797706604,4.97732003168494e-07,1
3703,0.23426514863967896,0.7657341361045837,6.68933637371083e-07,1
3704,0.260288268327713,0.7397109866142273,7.518836468989321e-07,1
3705,0.23423299193382263,0.7657663822174072,5.749250249209581e-07,1
3706,0.23036928474903107,0.7696300745010376,5.545493309000449e-07,1
3707,0.23646892607212067,0.7635305523872375,5.130335694047972e-07,1
3708,0.26010802388191223,0.7398913502693176,6.284550977397885e-07,1
3709,0.22799183428287506,0.7720076441764832,5.515937004929583e-07,1
3710,0.2358746975660324,0.7641246914863586,5.857209544046782e-07,1
3711,0.22338522970676422,0.7766143083572388,5.057145813225361e-07,1
3712,0.26037126779556274,0.7396280169487,7.006410100984795e-07,1
3713,0.26944291591644287,0.7305563688278198,7.275366442627273e-07,1
3714,0.31953978538513184,0.680459201335907,1.0821721616594004e-06,1
3715,0.3217276632785797,0.6782713532447815,1.0281027016389999e-06,1
3716,0.3418755829334259,0.658123254776001,1.1546388805072638e-06,1
3717,0.33524248003959656,0.6647563576698303,1.1236664931857376e-06,1
3718,0.3471929132938385,0.6528058648109436,1.154946744463814e-06,1
3719,0.3584376871585846,0.6415610313415527,1.2111526075386791e-06,1
3720,0.36126410961151123,0.6387345194816589,1.3477424545271788e-06,1
3721,0.3454924523830414,0.654506266117096,1.2240396927154507e-06,1
3722,0.3504561483860016,0.6495426893234253,1.1901757943633129e-06,1
3723,0.370418906211853,0.629580020904541,1.1532324606378097e-06,1
3724,0.3683222830295563,0.6316765546798706,1.1457156006144942e-06,1
3725,0.36385396122932434,0.6361449360847473,1.1399646382415085e-06,1
3726,0.3455335199832916,0.6544654369354248,1.130685177486157e-06,1
3727,0.3585355579853058,0.6414632797241211,1.1447330052760663e-06,1
3728,0.3792068362236023,0.6207919716835022,1.0848082183656516e-06,1
3729,0.3632771074771881,0.6367217302322388,1.1463109785836423e-06,1
3730,0.37043797969818115,0.6295608282089233,1.105209548768471e-06,1
3731,0.35971689224243164,0.6402820944786072,1.0884533594435197e-06,1
3732,0.3690929710865021,0.63090580701828,1.1279581713097286e-06,1
3733,0.36985284090042114,0.6301460266113281,1.0856310836970806e-06,1
3734,0.37263941764831543,0.6273594498634338,1.051177378030843e-06,1
3735,0.3713490664958954,0.628649890422821,1.1149785450470517e-06,1
3736,0.3798779249191284,0.6201210021972656,1.0725881338657928e-06,1
3737,0.3780953884124756,0.621903657913208,1.0083243751068949e-06,1
3738,0.3879122734069824,0.6120867133140564,1.0174223916692426e-06,1
3739,0.37948402762413025,0.6205150485038757,9.462318644182233e-07,1
3740,0.39075419306755066,0.6092447638511658,9.923585366777843e-07,1
3741,0.38608336448669434,0.6139156818389893,9.488265391155437e-07,1
3742,0.3309463560581207,0.6690530180931091,6.142479378468124e-07,1
3743,0.431331992149353,0.5686668753623962,1.1550902172530186e-06,1
3744,0.4031093418598175,0.596889853477478,8.061521157287643e-07,1
3745,0.32047712802886963,0.6795223951339722,4.561535433822428e-07,1
3746,0.34571829438209534,0.6542810797691345,5.667056939273607e-07,1
3747,0.33751803636550903,0.662481427192688,5.666367428602825e-07,1
3748,0.34727829694747925,0.6527210474014282,6.288977942858764e-07,1
3749,0.36971160769462585,0.6302875876426697,7.77032198584493e-07,1
3750,0.40077874064445496,0.5992202758789062,9.76164301391691e-07,1
3751,0.4344659745693207,0.565532922744751,1.2065827377227833e-06,1
3752,0.42519211769104004,0.5748066902160645,1.1720442216756055e-06,1
3753,0.40504661202430725,0.5949525237083435,8.883460509423458e-07,1
3754,0.3988020718097687,0.6011970639228821,8.931884849516791e-07,1
3755,0.4071677029132843,0.5928313136100769,9.602496220395551e-07,1
3756,0.4211886525154114,0.5788103342056274,1.0224497373201302e-06,1
3757,0.43056634068489075,0.5694326162338257,1.12737529889273e-06,1
3758,0.42969807982444763,0.5703007578849792,1.133180376200471e-06,1
3759,0.4393582344055176,0.5606405735015869,1.1228052017031587e-06,1
3760,0.4332919418811798,0.5667070150375366,1.1064380487368908e-06,1
3761,0.43191733956336975,0.5680814981460571,1.1428988955231034e-06,1
3762,0.43620219826698303,0.5637967586517334,1.158227632913622e-06,1
3763,0.4203449785709381,0.5796540975570679,1.0451688012835803e-06,1
3764,0.4287257194519043,0.5712732076644897,1.0909028560490697e-06,1
3765,0.42332303524017334,0.5766759514808655,1.0588752274998114e-06,1
3766,0.4104982614517212,0.5895006656646729,1.1021169257219299e-06,1
3767,0.4410921633243561,0.5589066743850708,1.1935752581848647e-06,1
3768,0.41858553886413574,0.5814134478569031,1.079197659237252e-06,1
3769,0.3643357753753662,0.6356632113456726,9.870453823168646e-07,1
3770,0.3766128420829773,0.623386025428772,1.049648403750325e-06,1
3771,0.36210885643959045,0.6378901600837708,9.397772373631597e-07,1
3772,0.37695103883743286,0.623047947883606,1.0226186759609845e-06,1
3773,0.3508610427379608,0.6491382122039795,7.494999181290041e-07,1
3774,0.3623851537704468,0.6376139521598816,7.370699677267112e-07,1
3775,0.3871767222881317,0.6128225326538086,7.781921453897667e-07,1
3776,0.3502761721611023,0.64972323179245,5.910196705372073e-07,1
3777,0.29875805974006653,0.7012413740158081,5.111651830702613e-07,1
3778,0.30366790294647217,0.6963315606117249,5.579514095188642e-07,1
3779,0.3095332682132721,0.6904661655426025,5.592859793068783e-07,1
3780,0.31241774559020996,0.6875815987586975,5.497263941833808e-07,1
3781,0.32042601704597473,0.6795734763145447,5.254250936559401e-07,1
3782,0.3174959421157837,0.6825035214424133,5.096808877169678e-07,1
3783,0.3168812394142151,0.6831181645393372,5.597743779617304e-07,1
3784,0.31709057092666626,0.6829087734222412,5.957122084510047e-07,1
3785,0.32838746905326843,0.6716119647026062,6.623797048632696e-07,1
3786,0.32271501421928406,0.6772843599319458,6.051978971299832e-07,1
3787,0.308702677488327,0.6912966966629028,5.746647389059945e-07,1
3788,0.31805455684661865,0.6819448471069336,6.223731361387763e-07,1
3789,0.31836655735969543,0.6816327571868896,6.513035373245657e-07,1
3790,0.3237839639186859,0.6762152910232544,6.18860383383435e-07,1
3791,0.32771435379981995,0.6722850799560547,5.883417770746746e-07,1
3792,0.3247319161891937,0.6752675771713257,6.549025215463189e-07,1
3793,0.3236148953437805,0.676384449005127,6.615898087147798e-07,1
3794,0.3363257348537445,0.6636736392974854,6.839562729510362e-07,1
3795,0.3398513197898865,0.6601479053497314,7.720310009062814e-07,1
3796,0.369424968957901,0.6305742263793945,9.124808570959431e-07,1
3797,0.3350122570991516,0.6649869680404663,7.716506047472649e-07,1
3798,0.36687514185905457,0.6331239938735962,9.952879054253572e-07,1
3799,0.3828640878200531,0.6171348094940186,1.0798243010867736e-06,1
3800,0.3678187131881714,0.6321800351142883,1.1728434401447885e-06,1
3801,0.3603712320327759,0.6396275758743286,1.1275757287876331e-06,1
3802,0.36512771248817444,0.6348711848258972,1.1034356930395006e-06,1
3803,0.3567473888397217,0.6432515978813171,1.0222322543995688e-06,1
3804,0.3513776659965515,0.6486213207244873,1.0102370424647233e-06,1
3805,0.3408142924308777,0.6591846942901611,1.0345388545829337e-06,1
3806,0.3341373801231384,0.6658614873886108,1.0771642564577633e-06,1
3807,0.3389185667037964,0.6610804200172424,1.0118729960595374e-06,1
3808,0.3401166796684265,0.6598825454711914,8.902209174266318e-07,1
3809,0.33306771516799927,0.6669315695762634,7.029074140518787e-07,1
3810,0.3172309994697571,0.6827682852745056,7.130070116545539e-07,1
3811,0.31725120544433594,0.6827479600906372,7.877656003074662e-07,1
3812,0.33036375045776367,0.6696354746818542,8.55246639730467e-07,1
3813,0.330789178609848,0.6692099571228027,8.14408508631459e-07,1
3814,0.30766406655311584,0.6923352479934692,6.972337018851249e-07,1
3815,0.30101457238197327,0.698984682559967,7.267464638971433e-07,1
3816,0.3135077953338623,0.6864914894104004,7.569127546958043e-07,1
3817,0.32902541756629944,0.6709737181663513,8.717103128219605e-07,1
3818,0.3561955690383911,0.6438032984733582,1.0736015383372433e-06,1
3819,0.3620097041130066,0.6379892230033875,1.046637862600619e-06,1
3820,0.36563411355018616,0.6343648433685303,1.0116317525898921e-06,1
3821,0.2813323438167572,0.7186663746833801,1.312020799559832e-06,1
3822,0.32609662413597107,0.6739020943641663,1.257842086488381e-06,1
3823,0.35715577006340027,0.6428429484367371,1.2253709655851708e-06,1
3824,0.36433351039886475,0.6356652975082397,1.2438221119737136e-06,1
3825,0.40363946557044983,0.5963596105575562,9.484328984399326e-07,1
3826,0.39141467213630676,0.6085844039916992,8.499017667418229e-07,1
3827,0.3856761157512665,0.6143229007720947,8.596782663516933e-07,1
3828,0.38012516498565674,0.6198740005493164,8.359081675735069e-07,1
3829,0.4145169258117676,0.5854820013046265,1.1401807569200173e-06,1
3830,0.41969069838523865,0.580308198928833,1.0684243534342386e-06,1
3831,0.41433316469192505,0.585665762424469,1.0311525784345577e-06,1
3832,0.41411006450653076,0.5858888030052185,1.1033353075617924e-06,1
3833,0.39313560724258423,0.6068632006645203,1.0609113587634056e-06,1
3834,0.3948667049407959,0.6051323413848877,1.030863700179907e-06,1
3835,0.409374862909317,0.5906240940093994,1.0981996183545562e-06,1
3836,0.4184509217739105,0.5815480351448059,1.1285111440884066e-06,1
3837,0.413906455039978,0.5860924124717712,1.0941274695142056e-06,1
3838,0.4033879041671753,0.5966111421585083,1.0748301519925008e-06,1
3839,0.4047606289386749,0.5952382683753967,1.0449674618939753e-06,1
3840,0.38991817831993103,0.610080897808075,8.874405352798931e-07,1
3841,0.3877665102481842,0.6122326254844666,8.659978334435436e-07,1
3842,0.39617782831192017,0.6038213968276978,8.95111611498578e-07,1
3843,0.3850861191749573,0.6149129867553711,8.421085340160062e-07,1
3844,0.3728224039077759,0.627176821231842,7.932688959044754e-07,1
3845,0.379097044467926,0.6209022998809814,6.40460882550542e-07,1
3846,0.36983925104141235,0.6301602125167847,6.252949447116407e-07,1
3847,0.3673999011516571,0.632599413394928,6.560837846336653e-07,1
3848,0.37312668561935425,0.626872718334198,6.735021429449262e-07,1
3849,0.34716498851776123,0.6528342962265015,7.850771339690255e-07,1
3850,0.33778923749923706,0.6622099280357361,8.163564189089811e-07,1
3851,0.3356550335884094,0.6643441319465637,7.718485335317382e-07,1
3852,0.33843502402305603,0.6615641117095947,8.08074503311218e-07,1
3853,0.38192543387413025,0.6180737614631653,8.192020004571532e-07,1
3854,0.380991131067276,0.6190080046653748,9.150342066277517e-07,1
3855,0.3758367598056793,0.6241623163223267,8.954748409450985e-07,1
3856,0.37255486845970154,0.6274443864822388,7.277710665221093e-07,1
3857,0.38319501280784607,0.6168041229248047,8.524633585693664e-07,1
3858,0.3767607510089874,0.6232384443283081,8.300423246510036e-07,1
3859,0.39367106556892395,0.6063281893730164,8.830397177916893e-07,1
3860,0.4106842875480652,0.5893146395683289,9.736700121720787e-07,1
3861,0.3987618386745453,0.6012373566627502,8.851887969285599e-07,1
3862,0.4006537199020386,0.599345326423645,8.981309633782075e-07,1
3863,0.4051210284233093,0.5948780179023743,9.602138106856728e-07,1
3864,0.3903392255306244,0.6096596717834473,1.060555064213986e-06,1
3865,0.37633389234542847,0.6236649751663208,1.1017880297004012e-06,1
3866,0.3962958753108978,0.6037030220031738,1.0695171113184188e-06,1
3867,0.38666898012161255,0.613330066204071,9.393425557391311e-07,1
3868,0.3621886372566223,0.6378105282783508,7.715041761002794e-07,1
3869,0.32531309127807617,0.6746862530708313,7.242952051456086e-07,1
3870,0.3103025555610657,0.689696729183197,6.860237249384227e-07,1
3871,0.2761833667755127,0.7238160967826843,4.927507006868836e-07,1
3872,0.26440829038619995,0.7355911731719971,4.5876748799855704e-07,1
3873,0.2858142852783203,0.7141852378845215,4.6192815261747455e-07,1
3874,0.27717506885528564,0.7228244543075562,3.892890845236252e-07,1
3875,0.2769768238067627,0.7230228185653687,4.089569074494648e-07,1
3876,0.2741903066635132,0.7258093357086182,3.881444001763157e-07,1
3877,0.26929017901420593,0.7307093143463135,4.0208271911978954e-07,1
3878,0.2780250012874603,0.7219746112823486,4.323178188769816e-07,1
3879,0.2700817286968231,0.7299178838729858,4.537694167083828e-07,1
3880,0.24556376039981842,0.7544358968734741,3.8887614550731087e-07,1
3881,0.25703689455986023,0.7429627180099487,4.0807898926686903e-07,1
3882,0.25043150782585144,0.7495680451393127,4.030763705031859e-07,1
3883,0.2478831261396408,0.7521165013313293,4.158119111252745e-07,1
3884,0.24728409945964813,0.7527156472206116,3.961523020734603e-07,1
3885,0.23592667281627655,0.7640730142593384,4.057883131736162e-07,1
3886,0.23019658029079437,0.769802987575531,4.139122324886557e-07,1
3887,0.22897836565971375,0.7710212469100952,3.910726036338019e-07,1
3888,0.2353285700082779,0.7646710276603699,3.8880051533851656e-07,1
3889,0.23426726460456848,0.7657323479652405,3.71102316876204e-07,1
3890,0.22937054932117462,0.7706290483474731,3.6767295341633144e-07,1
3891,0.22170323133468628,0.7782964706420898,3.739153271453688e-07,1
3892,0.21621857583522797,0.7837810516357422,3.736779774499155e-07,1
3893,0.2160334289073944,0.7839662432670593,3.943834485653497e-07,1
3894,0.21676921844482422,0.7832303643226624,3.919721507372742e-07,1
3895,0.21128861606121063,0.7887110114097595,4.156590875936672e-07,1
3896,0.21400748193264008,0.7859921455383301,4.164522806604509e-07,1
3897,0.22345440089702606,0.7765451669692993,4.7385705670421885e-07,1
3898,0.21162186563014984,0.7883775234222412,4.4822266431765456e-07,1
3899,0.2207885980606079,0.7792108654975891,4.989259991816652e-07,1
3900,0.2144135981798172,0.785585880279541,4.914392093269271e-07,1
3901,0.21598687767982483,0.7840126156806946,4.891988396593661e-07,1
3902,0.23338086903095245,0.7666186094284058,5.370546887206729e-07,1
3903,0.24529102444648743,0.7547084093093872,5.44423471637856e-07,1
3904,0.23403431475162506,0.7659651637077332,5.455843279378314e-07,1
3905,0.21333129703998566,0.7866682410240173,4.4852887981505773e-07,1
3906,0.19693107903003693,0.8030685186386108,3.87420413971995e-07,1
3907,0.18767637014389038,0.8123233318328857,3.199586728896975e-07,1
3908,0.19599796831607819,0.8040016889572144,4.092789538390207e-07,1
3909,0.2124258577823639,0.7875735759735107,4.446387720236089e-07,1
3910,0.213857039809227,0.7861425280570984,4.2064928607032925e-07,1
3911,0.22186386585235596,0.7781357765197754,4.836883817915805e-07,1
3912,0.1797393411397934,0.8202603459358215,3.18592640269344e-07,1
3913,0.1495153307914734,0.8504844307899475,2.1999387911364465e-07,1
3914,0.15038278698921204,0.8496170043945312,2.1660054017047514e-07,1
3915,0.15723739564418793,0.8427624702453613,2.2097877661053644e-07,1
3916,0.1584462672472,0.8415535688400269,2.3156783868216735e-07,1
3917,0.16575467586517334,0.8342450261116028,2.5195387820531323e-07,1
3918,0.15767288208007812,0.8423269987106323,2.3455777409253642e-07,1
3919,0.16462238132953644,0.8353774547576904,2.464592512296804e-07,1
3920,0.15993307530879974,0.8400666117668152,2.583950902135257e-07,1
3921,0.15765132009983063,0.8423483967781067,2.797647766783484e-07,1
3922,0.155776709318161,0.844222903251648,2.8053472078681807e-07,1
3923,0.15835876762866974,0.8416408896446228,2.9304112558747875e-07,1
3924,0.1566377729177475,0.8433619141578674,3.110420152552251e-07,1
3925,0.15854573249816895,0.841454029083252,3.1083004614629317e-07,1
3926,0.16154223680496216,0.838457465171814,3.1064578820405586e-07,1
3927,0.16290003061294556,0.8370997309684753,3.155833496748528e-07,1
3928,0.16593964397907257,0.83406001329422,3.3868178661577986e-07,1
3929,0.16145364940166473,0.8385460376739502,3.139258524242905e-07,1
3930,0.16143041849136353,0.8385693430900574,3.177935923304176e-07,1
3931,0.16007278859615326,0.8399268984794617,3.2594698495813645e-07,1
3932,0.1737687587738037,0.8262308835983276,3.4831072071028757e-07,1
3933,0.17936840653419495,0.8206310868263245,3.6121244306741573e-07,1
3934,0.17996269464492798,0.8200368285179138,3.5972303180642484e-07,1
3935,0.19139282405376434,0.808606743812561,3.9178627275759936e-07,1
3936,0.20153982937335968,0.7984597086906433,4.828030455428234e-07,1
3937,0.20036712288856506,0.7996323704719543,5.166916707821656e-07,1
3938,0.20027300715446472,0.7997264266014099,5.402726515058021e-07,1
3939,0.1867603361606598,0.8132391571998596,4.973373393113434e-07,1
3940,0.15924978256225586,0.8407499194145203,3.396242789222015e-07,1
3941,0.16142576932907104,0.8385739326477051,3.4411223737151886e-07,1
3942,0.137661874294281,0.8623377680778503,2.7887205078513944e-07,1
3943,0.17512403428554535,0.8248754739761353,4.880117216998769e-07,1
3944,0.1887037754058838,0.8112956881523132,4.930075760967156e-07,1
3945,0.20040778815746307,0.7995917797088623,4.887735940428684e-07,1
3946,0.22226879000663757,0.7777307033538818,5.701133432012284e-07,1
3947,0.23273548483848572,0.7672639489173889,5.81869983307115e-07,1
3948,0.23913952708244324,0.7608598470687866,5.481443281496468e-07,1
3949,0.26213493943214417,0.7378644347190857,6.511244237117353e-07,1
3950,0.24340161681175232,0.7565978765487671,5.704615659851697e-07,1
3951,0.2613230347633362,0.7386763095855713,6.345986207634269e-07,1
3952,0.28367844223976135,0.7163207530975342,6.762766133761033e-07,1
3953,0.29162684082984924,0.7083724737167358,7.788901257299585e-07,1
3954,0.28591081500053406,0.7140885591506958,7.173175617936067e-07,1
3955,0.3105532228946686,0.689445972442627,7.989166306288098e-07,1
3956,0.28542080521583557,0.7145786285400391,6.4568979496471e-07,1
3957,0.31731364130973816,0.6826856136322021,7.701735853515856e-07,1
3958,0.29295527935028076,0.7070440649986267,6.318919645309506e-07,1
3959,0.31962281465530396,0.680376410484314,6.918866120031453e-07,1
3960,0.36630332469940186,0.6336957216262817,8.297004114865558e-07,1
3961,0.34491056203842163,0.655088484287262,9.342213616037043e-07,1
3962,0.37359023094177246,0.6264088749885559,9.029193961396231e-07,1
3963,0.3790148198604584,0.6209843158721924,9.097356041820603e-07,1
3964,0.37520164251327515,0.6247974634170532,8.520784717802599e-07,1
3965,0.3881183862686157,0.6118806600570679,8.923184964260145e-07,1
3966,0.3793591856956482,0.6206399202346802,8.722118991499883e-07,1
3967,0.4044281244277954,0.5955711007118225,8.637767336949764e-07,1
3968,0.4079345464706421,0.5920645594596863,8.79544927556708e-07,1
3969,0.3928677439689636,0.6071314215660095,8.106553082143364e-07,1
3970,0.3803877532482147,0.6196115612983704,6.978048645578383e-07,1
3971,0.3976699113845825,0.6023293733596802,7.297288107110944e-07,1
3972,0.400697261095047,0.5993018746376038,7.674900643905858e-07,1
3973,0.3658776581287384,0.6341217756271362,6.070587232898106e-07,1
3974,0.3149566650390625,0.6850427389144897,4.842319185627275e-07,1
3975,0.3343341052532196,0.6656653881072998,5.283456516735896e-07,1
3976,0.40936988592147827,0.5906293392181396,7.847081633372e-07,1
3977,0.3146156370639801,0.6853838562965393,4.499329406826291e-07,1
3978,0.3012004792690277,0.6987990140914917,4.300378009247652e-07,1
3979,0.2860261797904968,0.7139735221862793,3.8247415545811236e-07,1
3980,0.2835002839565277,0.7164992094039917,4.010745158211648e-07,1
3981,0.30512022972106934,0.694879412651062,4.4792827225137444e-07,1
3982,0.3137410581111908,0.6862584352493286,5.126551059220219e-07,1
3983,0.32929885387420654,0.6707006096839905,5.568941787714721e-07,1
3984,0.35750508308410645,0.6424943208694458,6.295279035839485e-07,1
3985,0.38613370060920715,0.6138657331466675,6.759319717275503e-07,1
3986,0.3935363292694092,0.6064630150794983,7.01156977811479e-07,1
3987,0.37573888897895813,0.6242604851722717,6.157572443044046e-07,1
3988,0.3960980176925659,0.6039013266563416,7.046356245155039e-07,1
3989,0.3790256679058075,0.6209737062454224,6.239482672754093e-07,1
3990,0.35026535391807556,0.6497341394424438,5.397184281719092e-07,1
3991,0.2989203631877899,0.701079249382019,4.1037040432456706e-07,1
3992,0.30741435289382935,0.692585289478302,4.405325455536513e-07,1
3993,0.34275782108306885,0.657241702079773,5.725367486775212e-07,1
3994,0.3396528661251068,0.6603465676307678,5.744716986555432e-07,1
3995,0.32173657417297363,0.6782629489898682,5.13675217916898e-07,1
3996,0.33271199464797974,0.6672875285148621,5.448615070235974e-07,1
3997,0.3677878975868225,0.632211446762085,6.842885795776965e-07,1
3998,0.349261999130249,0.650737464427948,6.262856686589657e-07,1
3999,0.3462703227996826,0.6537290215492249,6.028512302691524e-07,1
4000,0.3980317711830139,0.601967453956604,7.36535071155231e-07,1
4001,0.33949849009513855,0.6605010628700256,5.829962219650042e-07,1
4002,0.4023371636867523,0.5976619124412537,8.459232390123361e-07,1
4003,0.37223389744758606,0.6277653574943542,7.203290124380146e-07,1
4004,0.3991798758506775,0.6008193492889404,8.13251972431317e-07,1
4005,0.388066828250885,0.6119324564933777,7.456351340806577e-07,1
4006,0.3264096677303314,0.6735898852348328,5.14932594342099e-07,1
4007,0.3600931763648987,0.6399062275886536,6.163302828099404e-07,1
4008,0.3133457601070404,0.6866537928581238,4.687678369919013e-07,1
4009,0.3518369793891907,0.6481624245643616,5.879002742403827e-07,1
4010,0.35722121596336365,0.6427780985832214,6.024253593750473e-07,1
4011,0.3985917270183563,0.6014074683189392,7.609015142406861e-07,1
4012,0.37351173162460327,0.6264875531196594,6.472847644545254e-07,1
4013,0.3515816926956177,0.6484176516532898,5.9424843357192e-07,1
4014,0.3430749773979187,0.6569244861602783,5.866284027433721e-07,1
4015,0.257190078496933,0.7428087592124939,1.1759773315134225e-06,1
4016,0.3218533396720886,0.6781455278396606,1.1314540415696683e-06,1
4017,0.3484407663345337,0.6515581011772156,1.1515876394696534e-06,1
4018,0.3714122176170349,0.6285865902900696,1.1808374438260216e-06,1
4019,0.39973196387290955,0.6002668142318726,1.1921073337362031e-06,1
4020,0.4282688498497009,0.5717299580574036,1.1897716376552125e-06,1
4021,0.4396664798259735,0.5603323578834534,1.229811232406064e-06,1
4022,0.4740375876426697,0.5259612798690796,1.186606482406205e-06,1
4023,0.47443798184394836,0.5255607962608337,1.2376871154629043e-06,1
4024,0.5067552924156189,0.4932435154914856,1.1758020264096558e-06,0
4025,0.50544273853302,0.4945560097694397,1.2094519661332015e-06,0
4026,0.5065745711326599,0.4934241771697998,1.2427212823240552e-06,0
4027,0.5118083953857422,0.48819032311439514,1.266080744244391e-06,0
4028,0.5143953561782837,0.48560336232185364,1.304221200371103e-06,0
4029,0.5253866910934448,0.4746119976043701,1.3103768878863775e-06,0
4030,0.5197553634643555,0.48024335503578186,1.3874065416530357e-06,0
4031,0.5525069236755371,0.4474917948246002,1.3017058790865121e-06,0
4032,0.5735471248626709,0.426451712846756,1.2270551223991788e-06,0
4033,0.5643885135650635,0.43561020493507385,1.2615560081030708e-06,0
4034,0.5734798908233643,0.42651885747909546,1.2281673207326094e-06,0
4035,0.5655632615089417,0.4344354271888733,1.257738745152892e-06,0
4036,0.550836980342865,0.4491617679595947,1.3233449180916068e-06,0
4037,0.5583027005195618,0.441695898771286,1.306113176724466e-06,0
4038,0.5674036741256714,0.43259507417678833,1.2693194548774045e-06,0
4039,0.5629118084907532,0.4370869994163513,1.2780527640643413e-06,0
4040,0.5075927376747131,0.4924057126045227,1.4751931303180754e-06,0
4041,0.503452479839325,0.49654608964920044,1.5116606846277136e-06,0
4042,0.522880494594574,0.47711804509162903,1.4566348909283988e-06,0
4043,0.5203527808189392,0.47964581847190857,1.4783389588046703e-06,0
4044,0.5351470112800598,0.4648515582084656,1.4318119383460726e-06,0
4045,0.5478058457374573,0.4521926939487457,1.3858144711775822e-06,0
4046,0.5929126739501953,0.4070861339569092,1.2097008266209741e-06,0
4047,0.582444429397583,0.4175543785095215,1.2246518963365816e-06,0
4048,0.6020827889442444,0.3979160189628601,1.135771981353173e-06,0
4049,0.5966899991035461,0.4033088684082031,1.12729844659043e-06,0
4050,0.5945974588394165,0.4054013788700104,1.1130629218314425e-06,0
4051,0.5638918876647949,0.4361068904399872,1.1933788073292817e-06,0
4052,0.5837849378585815,0.4162139892578125,1.1154587582495878e-06,0
4053,0.5631816387176514,0.4368171691894531,1.1631316283455817e-06,0
4054,0.5308946967124939,0.46910399198532104,1.252849187949323e-06,0
4055,0.4802865982055664,0.519711971282959,1.415253109371406e-06,1
4056,0.52849280834198,0.47150591015815735,1.2616429785339278e-06,0
4057,0.5384773015975952,0.4615214765071869,1.2220863254697178e-06,0
4058,0.525096595287323,0.4749021828174591,1.2533297422123724e-06,0
4059,0.5671504735946655,0.4328484535217285,1.114192286877369e-06,0
4060,0.5782071352005005,0.4217918813228607,1.064816956386494e-06,0
4061,0.4387362003326416,0.5612623691558838,1.483363348597777e-06,1
4062,0.5293563604354858,0.47064241766929626,1.2070479442627402e-06,0
4063,0.664765477180481,0.3352336585521698,8.031236689021171e-07,0
4064,0.6566908955574036,0.34330835938453674,8.002401727935649e-07,0
4065,0.5385447144508362,0.46145424246788025,1.0994851891155122e-06,0
4066,0.5575497150421143,0.4424492418766022,1.0362309694755822e-06,0
4067,0.46565884351730347,0.534339964389801,1.2775005870935274e-06,1
4068,0.47774538397789,0.5222534537315369,1.2495797818701249e-06,1
4069,0.47165897488594055,0.5283398032188416,1.273480279451178e-06,1
4070,0.5203120112419128,0.4796869158744812,1.1320059911668068e-06,0
4071,0.5131327509880066,0.4868660569190979,1.1462402653705794e-06,0
4072,0.5245106816291809,0.4754882752895355,1.108505557567696e-06,0
4073,0.5522500872612,0.44774892926216125,1.0232099612039747e-06,0
4074,0.5650418400764465,0.43495726585388184,9.755934797794907e-07,0
4075,0.5629926919937134,0.437006413936615,9.666593996371375e-07,0
4076,0.5553098320960999,0.4446891248226166,9.733198567118961e-07,0
4077,0.5824135541915894,0.4175855815410614,8.926852501645044e-07,0
4078,0.6143184900283813,0.3856807053089142,7.995910209501744e-07,0
4079,0.6108584403991699,0.3891408443450928,7.038993885544187e-07,0
4080,0.596575915813446,0.4034233093261719,7.259471885845414e-07,0
4081,0.5901958346366882,0.40980350971221924,7.444617722285329e-07,0
4082,0.5674723386764526,0.43252697587013245,6.9667009938712e-07,0
4083,0.5674919486045837,0.4325072765350342,7.492743065995455e-07,0
4084,0.5548111796379089,0.44518813490867615,7.390743235191621e-07,0
4085,0.4952322244644165,0.5047667622566223,9.471517614656477e-07,1
4086,0.5257478356361389,0.4742511808872223,8.77496063367289e-07,0
4087,0.5267954468727112,0.4732036590576172,8.726160558580887e-07,0
4088,0.49988460540771484,0.5001144409179688,9.393766049470287e-07,1
4089,0.5230160355567932,0.47698330879211426,6.022954721629503e-07,0
4090,0.5541558265686035,0.44584354758262634,6.888816415084875e-07,0
4091,0.5608860850334167,0.43911322951316833,6.551264277732116e-07,0
4092,0.5678744316101074,0.43212488293647766,7.00220141425234e-07,0
4093,0.5690591335296631,0.4309401512145996,7.251459237522795e-07,0
4094,0.5577781200408936,0.44222119450569153,6.594840442630812e-07,0
4095,0.5609706044197083,0.43902865052223206,7.16733040917461e-07,0
4096,0.5647850632667542,0.43521425127983093,6.911738523740496e-07,0
4097,0.5179386138916016,0.48206061124801636,7.851532473068801e-07,0
4098,0.514766275882721,0.485232949256897,7.896585998423689e-07,0
4099,0.4758751094341278,0.524124026298523,8.630232741779764e-07,1
4100,0.4673019349575043,0.5326972603797913,8.821229471323022e-07,1
4101,0.48904505372047424,0.5109540820121765,8.412029046667158e-07,1
4102,0.46128228306770325,0.5387168526649475,8.958056127994496e-07,1
4103,0.4610348641872406,0.5389642715454102,8.992469133772829e-07,1
4104,0.4417666494846344,0.5582323670387268,9.422249718227249e-07,1
4105,0.47193580865859985,0.5280633568763733,8.866213079272711e-07,1
4106,0.5277411341667175,0.4722581207752228,7.77373202254239e-07,0
4107,0.5426862835884094,0.4573129117488861,7.443413778673857e-07,0
4108,0.5071826577186584,0.4928165376186371,8.073357093962841e-07,0
4109,0.46657267212867737,0.5334264039993286,8.855047894940071e-07,1
4110,0.5030703544616699,0.49692878127098083,8.150628900693846e-07,0
4111,0.4690680503845215,0.5309309959411621,8.791628829385445e-07,1
4112,0.4844025671482086,0.5155966281890869,8.157000479513954e-07,1
4113,0.4508519172668457,0.5491471290588379,8.772040018811822e-07,1
4114,0.4687683582305908,0.5312307476997375,8.459099944957416e-07,1
4115,0.48566409945487976,0.5143350958824158,7.999269655556418e-07,1
4116,0.5091816782951355,0.4908179044723511,4.5763471234749886e-07,0
4117,0.4853765070438385,0.5146230459213257,4.1384805626876187e-07,1
4118,0.5301872491836548,0.46981215476989746,5.484326948135276e-07,0
4119,0.5437001585960388,0.4562992453575134,5.760806516263983e-07,0
4120,0.5215789079666138,0.47842052578926086,5.383002417147509e-07,0
4121,0.5158716440200806,0.48412784934043884,5.045643547418877e-07,0
4122,0.5087459683418274,0.4912535846233368,4.978397782906541e-07,0
4123,0.5313662886619568,0.46863314509391785,5.435694561128912e-07,0
4124,0.543559193611145,0.4564402997493744,5.803874500998063e-07,0
4125,0.5465478301048279,0.45345160365104675,6.107190415605146e-07,0
4126,0.505574643611908,0.4944247603416443,6.76917522923759e-07,0
4127,0.5271726250648499,0.47282674908638,6.451296030718368e-07,0
4128,0.488305926322937,0.5116933584213257,7.099450272107788e-07,1
4129,0.4675331711769104,0.5324659943580627,7.495551130887179e-07,1
4130,0.4771288335323334,0.5228703618049622,7.395407237709151e-07,1
4131,0.48953887820243835,0.510460376739502,7.232617349473003e-07,1
4132,0.47850754857063293,0.5214917063713074,7.454742672052816e-07,1
4133,0.5091500878334045,0.49084922671318054,6.966806154196092e-07,0
4134,0.5001164674758911,0.4998828172683716,7.116620395208884e-07,0
4135,0.5373407602310181,0.4626586437225342,6.495054662991606e-07,0
4136,0.5211262106895447,0.4788731336593628,6.73251861371682e-07,0
4137,0.5268064737319946,0.47319281101226807,6.619224564019532e-07,0
4138,0.48671379685401917,0.5132854580879211,7.256489311657788e-07,1
4139,0.478595107793808,0.5214041471481323,7.396221803901426e-07,1
4140,0.4591089189052582,0.5408902764320374,7.733410711807664e-07,1
4141,0.4005451798439026,0.5994539260864258,8.790023571236816e-07,1
4142,0.38240182399749756,0.6175971627235413,9.242803571396507e-07,1
4143,0.4476703107357025,0.5523290038108826,8.184827606783074e-07,1
4144,0.5628065466880798,0.4371928572654724,6.173978590595652e-07,0
4145,0.4433477222919464,0.5566514134407043,8.234567303588847e-07,1
4146,0.35662832856178284,0.6433706283569336,9.94871811599296e-07,1
4147,0.3575115501880646,0.6424875259399414,1.020576974042342e-06,1
4148,0.4298870265483856,0.5701120495796204,9.011423571791966e-07,1
4149,0.4065946340560913,0.5934044122695923,9.623162213756586e-07,1
4150,0.3871951699256897,0.6128038167953491,1.0288391649737605e-06,1
4151,0.429237425327301,0.5707617402076721,9.677763728177524e-07,1
4152,0.42573627829551697,0.5742626786231995,9.990085345634725e-07,1
4153,0.42369046807289124,0.57630854845047,1.033853095577797e-06,1
4154,0.4167359173297882,0.5832629799842834,1.092060870178102e-06,1
4155,0.4248625934123993,0.5751362442970276,1.138233301389846e-06,1
4156,0.46858304738998413,0.5314158797264099,1.0767364528874168e-06,1
4157,0.4992923140525818,0.5007066130638123,1.0274850410496583e-06,1
4158,0.5252522230148315,0.4747467339038849,9.748854381541605e-07,0
4159,0.5413912534713745,0.4586077332496643,9.366897870677349e-07,0
4160,0.5290960669517517,0.4709029197692871,9.824777862377232e-07,0
4161,0.5335929989814758,0.4664060175418854,9.792164519240032e-07,0
4162,0.5369223356246948,0.46307674050331116,9.77495233200898e-07,0
4163,0.5449205040931702,0.45507848262786865,9.612698477212689e-07,0
4164,0.5937776565551758,0.40622153878211975,8.290577966363344e-07,0
4165,0.6059438586235046,0.3940553367137909,7.807103088453005e-07,0
4166,0.6143849492073059,0.3856143057346344,7.404325970128411e-07,0
4167,0.6028345227241516,0.3971647024154663,7.484779871447245e-07,0
4168,0.6015999913215637,0.398399293422699,7.38162043489865e-07,0
4169,0.6122082471847534,0.3877910375595093,7.040890181997383e-07,0
4170,0.6190710663795471,0.3809282183647156,6.778615215807804e-07,0
4171,0.6192554831504822,0.3807438611984253,6.656787832071132e-07,0
4172,0.6423970460891724,0.3576023578643799,6.071770144444599e-07,0
4173,0.6227278113365173,0.37727150321006775,6.340798108794843e-07,0
4174,0.6281082034111023,0.3718913197517395,6.135936700957245e-07,0
4175,0.6067679524421692,0.3932313919067383,6.454939693867345e-07,0
4176,0.6113203763961792,0.38867896795272827,6.296918968473619e-07,0
4177,0.623976469039917,0.3760230839252472,5.437199206426158e-07,0
4178,0.6279231905937195,0.3720761835575104,5.716104851671844e-07,0
4179,0.5993304252624512,0.4006689786911011,6.130405836302089e-07,0
4180,0.5706099271774292,0.4293892979621887,6.589329473172256e-07,0
4181,0.601496696472168,0.3985026478767395,5.988682119095756e-07,0
4182,0.6032140254974365,0.39678534865379333,5.876372028978949e-07,0
4183,0.6037891507148743,0.39621031284332275,5.705530838895356e-07,0
4184,0.5941784977912903,0.4058210253715515,5.80190715027129e-07,0
4185,0.5863444805145264,0.4136550724506378,5.194118557483307e-07,0
4186,0.5424981117248535,0.45750153064727783,4.489054674650106e-07,0
4187,0.536617636680603,0.46338188648223877,4.697933206898597e-07,0
4188,0.5125074982643127,0.4874921143054962,4.728671569864673e-07,0
4189,0.5024058222770691,0.49759364128112793,4.770214445670717e-07,0
4190,0.48202359676361084,0.517975926399231,4.5506382662097167e-07,1
4191,0.49554431438446045,0.5044552087783813,4.799622956852545e-07,1
4192,0.5033652186393738,0.49663427472114563,4.9918173772312e-07,0
4193,0.4869997799396515,0.5129996538162231,4.7596839181096584e-07,1
4194,0.4838806092739105,0.5161188840866089,4.835544018533255e-07,1
4195,0.4758182168006897,0.5241813063621521,4.7504641997875297e-07,1
4196,0.4720020294189453,0.5279974937438965,4.942911573380115e-07,1
4197,0.4807431697845459,0.5192563533782959,4.949804406351177e-07,1
4198,0.47634628415107727,0.5236532092094421,4.97219048156694e-07,1
4199,0.46059712767601013,0.5394023656845093,4.4245493313610496e-07,1
4200,0.4562198221683502,0.543779730796814,4.49045160166861e-07,1
4201,0.46831825375556946,0.5316811800003052,5.687803650289425e-07,1
4202,0.4797114431858063,0.5202879905700684,5.693851221622026e-07,1
4203,0.464526891708374,0.5354723930358887,6.411484605450823e-07,1
4204,0.4531126618385315,0.546886682510376,6.662394298473373e-07,1
4205,0.3977111577987671,0.6022884249687195,3.492538951377355e-07,1
4206,0.37916940450668335,0.6208301782608032,3.358988465151924e-07,1
4207,0.3626961410045624,0.6373035311698914,3.2807918159960536e-07,1
4208,0.37530776858329773,0.6246917843818665,3.694598831316398e-07,1
4209,0.38066792488098145,0.6193315982818604,4.169013436694513e-07,1
4210,0.34355708956718445,0.6564425826072693,3.5987372370982484e-07,1
4211,0.34013140201568604,0.6598682999610901,3.5438355894257256e-07,1
4212,0.34384921193122864,0.6561504006385803,3.806690926921874e-07,1
4213,0.34066110849380493,0.6593384742736816,3.8147061331983423e-07,1
4214,0.322627991437912,0.6773716807365417,3.5542285559131415e-07,1
4215,0.30199679732322693,0.698002815246582,3.2044295039668214e-07,1
4216,0.31571441888809204,0.6842851638793945,3.7244438999550766e-07,1
4217,0.3016752600669861,0.6983243823051453,3.498135470181296e-07,1
4218,0.30730026960372925,0.6926994323730469,3.701943569467403e-07,1
4219,0.3096429705619812,0.6903565526008606,3.789051277180988e-07,1
4220,0.3121523857116699,0.6878471970558167,3.7914176687081635e-07,1
4221,0.32130181789398193,0.6786978244781494,4.0339565998692706e-07,1
4222,0.32670289278030396,0.6732967495918274,4.105003768017923e-07,1
4223,0.33187705278396606,0.6681225299835205,4.3084355638711713e-07,1
4224,0.37068337202072144,0.6293160915374756,5.243549594524666e-07,1
4225,0.39791440963745117,0.6020849943161011,5.302350132296851e-07,1
4226,0.40845900774002075,0.5915403962135315,5.382882477533713e-07,1
4227,0.3800548017024994,0.6199448108673096,4.44624447482056e-07,1
4228,0.27724888920783997,0.7227508425712585,2.6279676035301236e-07,1
4229,0.2979743182659149,0.702025294303894,3.4502645007705723e-07,1
4230,0.3505071997642517,0.6494923830032349,4.779359983331233e-07,1
4231,0.2701035439968109,0.729896068572998,3.0583538546125055e-07,1
4232,0.2693409025669098,0.730658769607544,2.998222328187694e-07,1
4233,0.27176278829574585,0.7282369136810303,3.0109723070381733e-07,1
4234,0.2839864194393158,0.7160132527351379,3.4470104992578854e-07,1
4235,0.2559700608253479,0.7440296411514282,2.934478118277184e-07,1
4236,0.2729671001434326,0.7270325422286987,3.2881550282581884e-07,1
4237,0.28954029083251953,0.7104593515396118,3.6797237612518074e-07,1
4238,0.3193666338920593,0.6806328892707825,4.4272516674936924e-07,1
4239,0.3148435652256012,0.6851560473442078,4.341597446000378e-07,1
4240,0.3055150508880615,0.694484531879425,3.802932155849703e-07,1
4241,0.2780870497226715,0.7219126224517822,3.2869465371732076e-07,1
4242,0.28583067655563354,0.7141689658164978,3.4330764719925355e-07,1
4243,0.3003861606121063,0.6996133923530579,3.765900942198641e-07,1
4244,0.2874746322631836,0.7125250697135925,3.4881989563473326e-07,1
4245,0.2867051661014557,0.7132944464683533,3.4290098938072333e-07,1
4246,0.287678986787796,0.7123206257820129,3.475498431271262e-07,1
4247,0.3069268465042114,0.6930727958679199,3.8710038552380865e-07,1
4248,0.30374783277511597,0.6962518692016602,3.5514187857188517e-07,1
4249,0.30231615900993347,0.6976835131645203,3.58143751100215e-07,1
4250,0.29105237126350403,0.7089472413063049,3.3762273687898414e-07,1
4251,0.2915867865085602,0.7084130048751831,3.540937996149296e-07,1
4252,0.3120405673980713,0.6879589557647705,4.3269392335787416e-07,1
4253,0.32339581847190857,0.6766037344932556,4.207069252970541e-07,1
4254,0.33276787400245667,0.6672316193580627,4.011963881112024e-07,1
4255,0.30047842860221863,0.6995213031768799,3.6052350083082274e-07,1
4256,0.28347668051719666,0.7165229916572571,3.410320914554177e-07,1
4257,0.3180769681930542,0.6819226741790771,4.2912364506264566e-07,1
4258,0.32315465807914734,0.6768449544906616,4.1539206563356856e-07,1
4259,0.2885509729385376,0.711448609828949,3.517645552619797e-07,1
4260,0.27946528792381287,0.7205343246459961,3.213310719729634e-07,1
4261,0.2871321141719818,0.7128675580024719,3.2748286571404606e-07,1
4262,0.312901109457016,0.6870985627174377,3.6099933709010656e-07,1
4263,0.3215792775154114,0.6784203052520752,3.869878071327548e-07,1
4264,0.29215046763420105,0.7078492045402527,3.3858063375191705e-07,1
4265,0.32857638597488403,0.671423077583313,4.526852421804506e-07,1
4266,0.3510614037513733,0.6489380598068237,4.959410944138654e-07,1
4267,0.3655860424041748,0.6344133019447327,6.97064990617946e-07,1
4268,0.3635694086551666,0.6364299058914185,7.250858402585436e-07,1
4269,0.29034706950187683,0.7096520066261292,8.856380304678169e-07,1
4270,0.37832555174827576,0.6216736435890198,7.905256325102528e-07,1
4271,0.3693685233592987,0.630630612373352,8.454847488792439e-07,1
4272,0.40605637431144714,0.5939427614212036,8.195502232410945e-07,1
4273,0.405422180891037,0.5945769548416138,8.565941698179813e-07,1
4274,0.41925138235092163,0.5807477235794067,8.683618943905458e-07,1
4275,0.45982277393341064,0.5401763916015625,8.177152039934299e-07,1
4276,0.4529934525489807,0.5470056533813477,8.526739065928268e-07,1
4277,0.48530057072639465,0.5146986246109009,8.052057864915696e-07,1
4278,0.4644153118133545,0.5355837941169739,8.63639684212103e-07,1
4279,0.47578614950180054,0.5242129564285278,8.61197179347073e-07,1
4280,0.4550444483757019,0.5449545979499817,9.36541482587927e-07,1
4281,0.473825603723526,0.52617347240448,9.286869726565783e-07,1
4282,0.4861924350261688,0.5138066411018372,9.282103405894304e-07,1
4283,0.5165478587150574,0.483451247215271,8.747985589252494e-07,0
4284,0.5052016377449036,0.4947974383831024,9.139210419562005e-07,0
4285,0.5142245292663574,0.48577457666397095,9.076639457816782e-07,0
4286,0.5298507213592529,0.4701484143733978,8.801102353572787e-07,0
4287,0.5602996349334717,0.4396995007991791,8.09758262221294e-07,0
4288,0.5839987397193909,0.41600048542022705,7.490528446396638e-07,0
4289,0.613701581954956,0.3862977921962738,6.326881134555151e-07,0
4290,0.6063710451126099,0.3936282992362976,6.429399377338996e-07,0
4291,0.5659905076026917,0.43400880694389343,7.447633834090084e-07,0
4292,0.489804744720459,0.5101943016052246,9.076417768483225e-07,1
4293,0.5147228837013245,0.4852762520313263,8.672170110912703e-07,0
4294,0.47452181577682495,0.5254772305488586,9.663805258242064e-07,1
4295,0.45502740144729614,0.5449715852737427,1.0328642474632943e-06,1
4296,0.4050193428993225,0.594979465007782,1.1975779443673673e-06,1
4297,0.4551498591899872,0.5448490381240845,1.1211594710403006e-06,1
4298,0.4645845890045166,0.5354142785072327,1.137958065555722e-06,1
4299,0.4506393373012543,0.5493595004081726,1.2304216170377913e-06,1
4300,0.5071958303451538,0.49280303716659546,1.1158385859744158e-06,0
4301,0.543641209602356,0.4563576877117157,1.0306956710337545e-06,0
4302,0.5979564189910889,0.40204280614852905,8.772983619564911e-07,0
4303,0.5848144292831421,0.4151846170425415,8.960190598372719e-07,0
4304,0.5747900605201721,0.42520901560783386,9.040525128511945e-07,0
4305,0.6014650464057922,0.3985341191291809,8.213003184209811e-07,0
4306,0.572658360004425,0.4273408353328705,8.77792558640067e-07,0
4307,0.58062744140625,0.41937169432640076,8.479460689159168e-07,0
4308,0.5583707094192505,0.4416283965110779,8.955985322245397e-07,0
4309,0.4735397398471832,0.5264591574668884,1.1394334933356731e-06,1
4310,0.47349977493286133,0.5264990925788879,1.2013023251711274e-06,1
4311,0.48599502444267273,0.5140037536621094,1.233803573086334e-06,1
4312,0.48201319575309753,0.517985463142395,1.3346468676900258e-06,1
4313,0.515961766242981,0.48403698205947876,1.3021708582527936e-06,0
4314,0.5503197908401489,0.44967907667160034,1.2339096429059282e-06,0
4315,0.575334370136261,0.42466455698013306,1.1701636140060145e-06,0
4316,0.5816101431846619,0.4183886647224426,1.1584934327402152e-06,0
4317,0.5951136946678162,0.4048851430416107,1.1137573210362461e-06,0
4318,0.6510141491889954,0.34898486733436584,9.057504826159857e-07,0
4319,0.672326922416687,0.32767221331596375,7.958793730722391e-07,0
4320,0.6679370403289795,0.3320621848106384,7.60303692004527e-07,0
4321,0.6392382383346558,0.36076101660728455,7.994547672751651e-07,0
4322,0.6208236217498779,0.3791755437850952,8.209968314076832e-07,0
4323,0.622879147529602,0.3771200180053711,7.904935159785964e-07,0
4324,0.5860740542411804,0.41392508149147034,8.697875841789937e-07,0
4325,0.601154625415802,0.3988446295261383,8.204162895708578e-07,0
4326,0.6093102693557739,0.39068886637687683,7.843300409149379e-07,0
4327,0.5789908170700073,0.42100831866264343,8.514168143847201e-07,0
4328,0.6008134484291077,0.3991858661174774,7.871690854699409e-07,0
4329,0.5395784378051758,0.460420697927475,9.452119797970227e-07,0
4330,0.5748534202575684,0.42514559626579285,8.688259072187066e-07,0
4331,0.5779820084571838,0.42201706767082214,8.642569468975125e-07,0
4332,0.5869089961051941,0.41309013962745667,8.42785709664895e-07,0
4333,0.5573220252990723,0.44267702102661133,9.217534966410312e-07,0
4334,0.5790744423866272,0.420924574136734,8.702582476871612e-07,0
4335,0.5624538660049438,0.43754518032073975,9.119753485720139e-07,0
4336,0.524992048740387,0.4750068783760071,1.0163209935853956e-06,0
4337,0.5234854221343994,0.47651347517967224,1.031845840770984e-06,0
4338,0.5183979868888855,0.48160091042518616,1.0546190196691896e-06,0
4339,0.5240159034729004,0.47598299384117126,1.0475985163793666e-06,0
4340,0.5191046595573425,0.4808943271636963,1.0675548764993437e-06,0
4341,0.5082546472549438,0.4917442500591278,1.1081773436671938e-06,0
4342,0.5329040884971619,0.4670947790145874,1.0484125141374534e-06,0
4343,0.5574029088020325,0.4425960183143616,9.791758657229366e-07,0
4344,0.5645031332969666,0.4354959726333618,9.514726002635143e-07,0
4345,0.5922286510467529,0.4077706038951874,8.670430702295562e-07,0
4346,0.640289306640625,0.3597099781036377,7.284637035809283e-07,0
4347,0.6423833966255188,0.3576159179210663,7.001283961471927e-07,0
4348,0.6515792608261108,0.3484201431274414,6.572465167664632e-07,0
4349,0.6492746472358704,0.3507246971130371,6.411731874322868e-07,0
4350,0.6342933773994446,0.3657059371471405,6.558493055308645e-07,0
4351,0.6471396088600159,0.35285985469818115,6.142702773104247e-07,0
4352,0.6114057302474976,0.3885938227176666,5.284814506012481e-07,0
4353,0.626595675945282,0.37340378761291504,4.957322516929707e-07,0
4354,0.5969583988189697,0.4030410647392273,4.989328772353474e-07,0
4355,0.5971097946166992,0.4028896391391754,5.565934202422795e-07,0
4356,0.578802227973938,0.42119723558425903,5.458832106342015e-07,0
4357,0.5927606821060181,0.40723881125450134,5.617787905976002e-07,0
4358,0.5843445062637329,0.4156549274921417,6.019196803208615e-07,0
4359,0.5811592936515808,0.4188401401042938,6.241085088731779e-07,0
4360,0.593450129032135,0.40654921531677246,5.973053589514166e-07,0
4361,0.5651047229766846,0.43489450216293335,6.442548396989878e-07,0
4362,0.5740764141082764,0.42592301964759827,6.268954280130856e-07,0
4363,0.5582513809204102,0.4417479634284973,6.537345598189859e-07,0
4364,0.5486079454421997,0.4513913691043854,6.72375506383105e-07,0
4365,0.5403915643692017,0.4596077501773834,6.894786679367826e-07,0
4366,0.548346757888794,0.4516526162624359,6.761259783161222e-07,0
4367,0.52610844373703,0.47389084100723267,7.164502449086285e-07,0
4368,0.5171146988868713,0.4828845262527466,7.347942982960376e-07,0
4369,0.5052503347396851,0.4947488605976105,7.583012120448984e-07,0
4370,0.514712929725647,0.48528629541397095,7.431590915984998e-07,0
4371,0.5362793207168579,0.4637199640274048,7.044882295303978e-07,0
4372,0.5167956352233887,0.4832036793231964,7.379557587228192e-07,0
4373,0.4574444591999054,0.5425546169281006,8.504899255967757e-07,1
4374,0.47457849979400635,0.5254207253456116,8.262661594926612e-07,1
4375,0.4554664194583893,0.5445327162742615,8.693618838151451e-07,1
4376,0.48491132259368896,0.5150878429412842,8.21295031983027e-07,1
4377,0.5187581777572632,0.4812411069869995,7.603769631714385e-07,0
4378,0.43390795588493347,0.5660910606384277,9.258696422875801e-07,1
4379,0.4815153181552887,0.5184838175773621,8.438436793767323e-07,1
4380,0.4690324664115906,0.5309666395187378,8.732029641578265e-07,1
4381,0.46132299304008484,0.5386760830879211,8.946766456574551e-07,1
4382,0.420348197221756,0.5796508193016052,9.873891713141347e-07,1
4383,0.44831547141075134,0.5516836047172546,9.441239399166079e-07,1
4384,0.44417911767959595,0.5558199286460876,9.632883575250162e-07,1
4385,0.4128991365432739,0.5870999097824097,1.0469977951288456e-06,1
4386,0.4299071133136749,0.5700919032096863,1.0318333352188347e-06,1
4387,0.45957255363464355,0.5404264330863953,9.854061318037566e-07,1
4388,0.4513194262981415,0.548679530620575,1.0210600294158212e-06,1
4389,0.48396989703178406,0.5160290598869324,9.63650677476835e-07,1
4390,0.48365795612335205,0.5163410902023315,9.758340411281097e-07,1
4391,0.5152873992919922,0.4847116470336914,9.133001981354028e-07,0
4392,0.4989008903503418,0.5010981559753418,9.56520693762286e-07,1
4393,0.4936693608760834,0.5063296556472778,9.787916042114375e-07,1
4394,0.49689534306526184,0.5031036734580994,9.825267852647812e-07,1
4395,0.523462176322937,0.4765368402004242,9.280175277126546e-07,0
4396,0.5033687949180603,0.4966302514076233,9.806999514694326e-07,0
4397,0.5514887571334839,0.4485102891921997,8.729026603759849e-07,0
4398,0.6078841686248779,0.39211514592170715,7.400859090012091e-07,0
4399,0.5919398069381714,0.40805941820144653,7.644666197847982e-07,0
4400,0.5730681419372559,0.4269310534000397,7.969544526531536e-07,0
4401,0.5965975522994995,0.40340179204940796,7.413942171297094e-07,0
4402,0.5290148854255676,0.4709842801094055,8.833480933390092e-07,0
4403,0.47596976161003113,0.5240293145179749,1.0080574384119245e-06,1
4404,0.5308483242988586,0.46915069222450256,8.926685381993593e-07,0
4405,0.48915794491767883,0.5108410716056824,9.898255939333467e-07,1
4406,0.6100923418998718,0.3899068534374237,7.260289862642821e-07,0
4407,0.6042799353599548,0.39571937918663025,7.317199788303697e-07,0
4408,0.48858362436294556,0.5114153623580933,9.798598057386698e-07,1
4409,0.5270816683769226,0.47291743755340576,8.992462312562566e-07,0
4410,0.472967267036438,0.527031660079956,1.0245996691082837e-06,1
4411,0.5527146458625793,0.4472844898700714,8.504601964887115e-07,0
4412,0.648280680179596,0.3517186641693115,6.418360385396227e-07,0
4413,0.6069851517677307,0.39301440119743347,4.991451305613737e-07,0
4414,0.6385315656661987,0.36146774888038635,5.83526400532719e-07,0
4415,0.6372963190078735,0.3627030849456787,6.120021680544596e-07,0
4416,0.6111717820167542,0.3888276517391205,5.536757043955731e-07,0
4417,0.624722957611084,0.3752763867378235,5.954357220616657e-07,0
4418,0.6019917726516724,0.3980076313018799,5.5399021903213e-07,0
4419,0.6075763702392578,0.39242297410964966,5.949491423962172e-07,0
4420,0.5924097895622253,0.4075896739959717,5.581794653153338e-07,0
4421,0.5846335887908936,0.41536590456962585,5.75400008528959e-07,0
4422,0.5640541315078735,0.43594539165496826,5.668062499353255e-07,0
4423,0.5780836343765259,0.42191576957702637,6.046863632036548e-07,0
4424,0.5805142521858215,0.4194851219654083,6.102405905039632e-07,0
4425,0.5761234164237976,0.42387598752975464,5.70924555631791e-07,0
4426,0.5910277962684631,0.40897154808044434,5.870185759704327e-07,0
4427,0.5662069916725159,0.4337924122810364,6.273911594689707e-07,0
4428,0.4986039400100708,0.5013953447341919,7.486801223421935e-07,1
4429,0.5216359496116638,0.47836336493492126,7.163518489505805e-07,0
4430,0.49190840125083923,0.5080908536911011,7.767656029500358e-07,1
4431,0.4989877939224243,0.5010114908218384,7.735123972452129e-07,1
4432,0.4555487334728241,0.5444504022598267,8.661803008180868e-07,1
4433,0.49343204498291016,0.5065671801567078,8.053016244957689e-07,1
4434,0.4974323511123657,0.5025668740272522,8.020095947358641e-07,1
4435,0.5327418446540833,0.4672572910785675,7.364657221842208e-07,0
4436,0.4962541162967682,0.5037450790405273,8.034306802073843e-07,1
4437,0.49318602681159973,0.5068131685256958,8.122263466248114e-07,1
4438,0.5004960298538208,0.4995032548904419,8.022531119422638e-07,0
4439,0.48984241485595703,0.5101566910743713,8.26589712232817e-07,1
4440,0.4977785050868988,0.5022206902503967,8.159218509717903e-07,1
4441,0.4948117434978485,0.5051873326301575,8.264217399300833e-07,1
4442,0.5160629749298096,0.4839361906051636,7.888969548730529e-07,0
4443,0.5366649031639099,0.463334321975708,7.503485335291771e-07,0
4444,0.542396605014801,0.4576026499271393,7.380736519735365e-07,0
4445,0.5434933304786682,0.45650601387023926,7.347722430495196e-07,0
4446,0.5447971820831299,0.45520204305648804,7.312389129765506e-07,0
4447,0.5931468605995178,0.4068525433540344,6.40995438061509e-07,0
4448,0.6100901961326599,0.3899092376232147,6.065396860321925e-07,0
4449,0.5906851887702942,0.4093140959739685,6.023600462867762e-07,0
4450,0.5910854339599609,0.40891391038894653,6.096018978496431e-07,0
4451,0.5812011361122131,0.4187983572483063,5.738286290579708e-07,0
4452,0.6157745122909546,0.3842248022556305,5.839611390001664e-07,0
4453,0.5969671010971069,0.4030323624610901,5.767684569946141e-07,0
4454,0.6156310439109802,0.384368360042572,5.826169626743649e-07,0
4455,0.5427819490432739,0.45721733570098877,7.071673167047265e-07,0
4456,0.43904271721839905,0.5609564781188965,8.982319741335232e-07,1
4457,0.4955827593803406,0.5044164061546326,7.992645123522379e-07,1
4458,0.4902580678462982,0.5097410678863525,8.117248171402025e-07,1
4459,0.5648132562637329,0.4351862072944641,6.789428539377695e-07,0
4460,0.6135414838790894,0.3864578902721405,5.717449198527902e-07,0
4461,0.5936222076416016,0.4063771069049835,6.235022738110274e-07,0
4462,0.5942897796630859,0.40570971369743347,6.200053803695482e-07,0
4463,0.609424352645874,0.39057502150535583,5.918611805100227e-07,0
4464,0.5783608555793762,0.42163851857185364,6.422410478990059e-07,0
4465,0.4709942042827606,0.5290048718452454,8.309850727528101e-07,1
4466,0.5458716750144958,0.45412760972976685,6.99570023243723e-07,0
4467,0.6054506301879883,0.39454877376556396,5.671723783962079e-07,0
4468,0.6036522388458252,0.39634719491004944,5.699799316971621e-07,0
4469,0.5992704629898071,0.4007289707660675,5.608799256151542e-07,0
4470,0.6010815501213074,0.3989178538322449,5.925729169575789e-07,0
4471,0.5743230581283569,0.42567628622055054,6.351049250952201e-07,0
4472,0.5732026696205139,0.4267967641353607,6.429324912460288e-07,0
4473,0.5696896314620972,0.43030983209609985,5.317859290698834e-07,0
4474,0.5451256036758423,0.4548739194869995,4.657980809952278e-07,0
4475,0.5191777944564819,0.48082172870635986,4.167407610111695e-07,0
4476,0.5431503653526306,0.45684921741485596,4.755216025387199e-07,0
4477,0.5543400049209595,0.44565925002098083,6.523328579532972e-07,0
4478,0.5388287901878357,0.461170494556427,6.807881050008291e-07,0
4479,0.3706885576248169,0.6293104887008667,9.953191693057306e-07,1
4480,0.36465033888816833,0.6353486180305481,1.0428348105051555e-06,1
4481,0.38788145780563354,0.6121174693107605,1.059682404047635e-06,1
4482,0.4219578802585602,0.5780409574508667,1.0718587191149709e-06,1
4483,0.4795089066028595,0.5204901099205017,9.838066716838512e-07,1
4484,0.48206669092178345,0.5179322957992554,1.0355469157730113e-06,1
4485,0.5075563192367554,0.49244269728660583,1.0261360330332536e-06,0
4486,0.5262575149536133,0.4737413227558136,1.073256953532109e-06,0
4487,0.5522603988647461,0.44773852825164795,1.0746158523033955e-06,0
4488,0.5757132172584534,0.42428573966026306,1.0746251746240887e-06,0
4489,0.6020349264144897,0.3979640305042267,1.0351866421842715e-06,0
4490,0.6119091510772705,0.3880898058414459,1.0794528861879371e-06,0
4491,0.6352381110191345,0.3647608160972595,1.0387688007540419e-06,0
4492,0.6635512709617615,0.3364478349685669,9.572612498232047e-07,0
4493,0.6687025427818298,0.331296443939209,9.442229611522635e-07,0
4494,0.6905532479286194,0.30944597721099854,8.624007250546128e-07,0
4495,0.6841916441917419,0.31580737233161926,8.727398039809486e-07,0
4496,0.6729736924171448,0.327025443315506,9.141118084698974e-07,0
4497,0.6753007769584656,0.3246983289718628,9.081766734198027e-07,0
4498,0.6733060479164124,0.3266930878162384,9.183476663565671e-07,0
4499,0.6872457265853882,0.312753289937973,8.705836762601393e-07,0
4500,0.7261922955513,0.27380701899528503,7.302591029656469e-07,0
4501,0.724423348903656,0.2755759656429291,7.167486160142289e-07,0
4502,0.7386818528175354,0.26131749153137207,6.558452128047065e-07,0
4503,0.7469202876091003,0.2530791163444519,6.176173314997868e-07,0
4504,0.7405607104301453,0.259438693523407,6.206929583640886e-07,0
4505,0.728478193283081,0.2715211808681488,6.419538749469211e-07,0
4506,0.7467655539512634,0.25323382019996643,5.821880222356413e-07,0
4507,0.7532684803009033,0.2467309534549713,5.525838560060947e-07,0
4508,0.7523815035820007,0.24761788547039032,5.2937502914574e-07,0
4509,0.7462480664253235,0.2537514269351959,5.420843081083149e-07,0
4510,0.7179207801818848,0.2820785641670227,6.003894554851286e-07,0
4511,0.7097885608673096,0.2902107834815979,6.125501954556967e-07,0
4512,0.7098483443260193,0.29015108942985535,6.04990930241911e-07,0
4513,0.6994516849517822,0.30054765939712524,6.224914272934257e-07,0
4514,0.6924363970756531,0.3075628876686096,6.333630722110684e-07,0
4515,0.6865531206130981,0.3134462535381317,6.415197617570811e-07,0
4516,0.6586589217185974,0.3413403630256653,7.025174681984936e-07,0
4517,0.6596021056175232,0.3403971195220947,6.9831423843425e-07,0
4518,0.6354557275772095,0.36454352736473083,7.533322445851809e-07,0
4519,0.6657204031944275,0.3342788517475128,6.816945870014024e-07,0
4520,0.5997840762138367,0.4002150297164917,8.379203109143418e-07,0
4521,0.6016666293144226,0.39833250641822815,8.366172323803767e-07,0
4522,0.541062593460083,0.4589364230632782,9.880642437565257e-07,0
4523,0.5649620890617371,0.43503692746162415,9.338762083643815e-07,0
4524,0.5164334177970886,0.48356547951698303,1.064535581463133e-06,0
4525,0.5053831338882446,0.4946156442165375,1.118245904763171e-06,0
4526,0.5600307583808899,0.4399682581424713,9.94879201243748e-07,0
4527,0.5655835866928101,0.43441540002822876,9.951958190868027e-07,0
4528,0.5947700142860413,0.4052290618419647,9.28476765693631e-07,0
4529,0.6274189352989197,0.37258026003837585,8.44652390696865e-07,0
4530,0.6341207027435303,0.3658784329891205,8.243018214670883e-07,0
4531,0.6532387137413025,0.34676048159599304,7.699836146457528e-07,0
4532,0.6590446829795837,0.340954452753067,7.480291515093995e-07,0
4533,0.6641284823417664,0.3358707129955292,7.28129748495121e-07,0
4534,0.6862907409667969,0.3137085735797882,6.655976676483988e-07,0
4535,0.688971757888794,0.3110276162624359,6.494728381767345e-07,0
4536,0.6738861799240112,0.32611316442489624,6.770289360247261e-07,0
4537,0.6452705264091492,0.3547287583351135,7.405141673189064e-07,0
4538,0.650466799736023,0.34953248500823975,7.264831083375611e-07,0
4539,0.6394867300987244,0.36051252484321594,7.511059152420785e-07,0
4540,0.6033042669296265,0.3966948688030243,8.396499424634385e-07,0
4541,0.5760380029678345,0.4239611327648163,9.135577556662611e-07,0
4542,0.5793069005012512,0.42069217562675476,9.15346902274905e-07,0
4543,0.5991232395172119,0.40087589621543884,8.725598945602542e-07,0
4544,0.5872747302055359,0.41272440552711487,9.044471767083451e-07,0
4545,0.6260673999786377,0.37393176555633545,8.113379976748547e-07,0
4546,0.6681329011917114,0.3318663537502289,7.059661584207788e-07,0
4547,0.6959917545318604,0.30400756001472473,6.334574322863773e-07,0
4548,0.7270547151565552,0.27294471859931946,5.533270837076998e-07,0
4549,0.7326855063438416,0.2673138380050659,5.131062152941013e-07,0
4550,0.7171682715415955,0.2828312814235687,5.533475473384897e-07,0
4551,0.6795783638954163,0.3204210102558136,6.282093067966343e-07,0
4552,0.7015713453292847,0.29842808842658997,5.738198183280474e-07,0
4553,0.6917386651039124,0.30826085805892944,5.315009161677153e-07,0
4554,0.662492573261261,0.3375069797039032,4.805158937415399e-07,0
4555,0.6305926442146301,0.36940687894821167,4.4401969034879585e-07,0
4556,0.6218640208244324,0.37813544273376465,4.4871256932310644e-07,0
4557,0.6220161318778992,0.3779834806919098,4.773885393660748e-07,0
4558,0.6108558773994446,0.3891436457633972,4.894121730103507e-07,0
4559,0.60843425989151,0.391565203666687,5.032233048041235e-07,0
4560,0.6119140386581421,0.3880854845046997,5.031824912293814e-07,0
4561,0.6141483187675476,0.3858512043952942,4.82746031593706e-07,0
4562,0.6060255169868469,0.3939739465713501,4.778508468916698e-07,0
4563,0.6054629683494568,0.39453649520874023,4.7546942028020567e-07,0
4564,0.6127570867538452,0.3872424364089966,4.66157786149779e-07,0
4565,0.6175957322120667,0.3824038505554199,4.5728219788543356e-07,0
4566,0.5812118649482727,0.41878774762153625,4.0543443446949823e-07,0
4567,0.5635747909545898,0.4364248216152191,4.0117700450537086e-07,0
4568,0.5729427933692932,0.4270567297935486,4.2443576830919483e-07,0
4569,0.5639345645904541,0.43606504797935486,4.3246228642601636e-07,0
4570,0.5523282289505005,0.44767138361930847,4.311667680667597e-07,0
4571,0.5454533696174622,0.4545462131500244,4.345552611084713e-07,0
4572,0.5397236347198486,0.4602758586406708,4.630958585494227e-07,0
4573,0.536483883857727,0.46351566910743713,4.6730156100238673e-07,0
4574,0.544640302658081,0.45535919070243835,4.658256500533753e-07,0
4575,0.5659728646278381,0.4340267479419708,4.882588200416649e-07,0
4576,0.5485060214996338,0.451493501663208,4.595705433985131e-07,0
4577,0.5467548966407776,0.4532446265220642,4.7489515964116435e-07,0
4578,0.5537519454956055,0.4462474584579468,5.385030021898274e-07,0
4579,0.5554230809211731,0.444576233625412,5.672058023264981e-07,0
4580,0.5682474970817566,0.43175190687179565,6.003262456033553e-07,0
4581,0.5576704740524292,0.4423290193080902,5.286920554681274e-07,0
4582,0.5145354270935059,0.4854641854763031,4.2757196183629276e-07,0
4583,0.5216090083122253,0.478390634059906,4.457691318293655e-07,0
4584,0.5485192537307739,0.45148026943206787,5.221726269155624e-07,0
4585,0.5114051699638367,0.4885943830013275,4.4221965822544007e-07,0
4586,0.505915641784668,0.494083970785141,4.3951683892373694e-07,0
4587,0.4503965675830841,0.5496031641960144,3.5137347254021734e-07,1
4588,0.4306789040565491,0.5693208575248718,3.3258228882004914e-07,1
4589,0.43558529019355774,0.564414381980896,3.5328599778949865e-07,1
4590,0.40887343883514404,0.5911261439323425,3.3860317216749536e-07,1
4591,0.4006498456001282,0.599349856376648,2.9681456226171576e-07,1
4592,0.41973695158958435,0.5802626013755798,3.266480348429468e-07,1
4593,0.4456283152103424,0.5543712973594666,3.9249036376531876e-07,1
4594,0.4735091030597687,0.5264903903007507,4.583750978781609e-07,1
4595,0.4830884635448456,0.516910970211029,4.6683999244123697e-07,1
4596,0.5129696726799011,0.4870298206806183,5.041659392190923e-07,0
4597,0.47533348202705383,0.5246660709381104,4.124513850456424e-07,1
4598,0.4751151502132416,0.5248844027519226,4.159572029038827e-07,1
4599,0.498950719833374,0.5010488033294678,4.5919085778223234e-07,1
4600,0.46936094760894775,0.5306386947631836,4.069012788932014e-07,1
4601,0.4877956807613373,0.5122039318084717,4.4161257051200664e-07,1
4602,0.4826265573501587,0.5173730254173279,4.094852954494854e-07,1
4603,0.4968050420284271,0.5031945705413818,4.332626986069954e-07,1
4604,0.5231017470359802,0.4768977165222168,4.786230647368939e-07,0
4605,0.4567379951477051,0.5432615876197815,3.706972790951113e-07,1
4606,0.45264631509780884,0.5473532676696777,3.872881393363059e-07,1
4607,0.4824408292770386,0.517558753490448,4.416590684286348e-07,1
4608,0.4969857335090637,0.5030138492584229,4.4497065232462774e-07,1
4609,0.5451009273529053,0.4548984467983246,5.919999352954619e-07,0
4610,0.5053333640098572,0.4946659803390503,6.667493153145188e-07,0
4611,0.5147392749786377,0.4852602183818817,4.798120585292054e-07,0
4612,0.5467742681503296,0.4532252252101898,5.517214844985574e-07,0
4613,0.5140016078948975,0.48599761724472046,6.781592105653544e-07,0
4614,0.5199899077415466,0.48000937700271606,6.83799953549169e-07,0
4615,0.5182201266288757,0.48177921772003174,7.021694727882277e-07,0
4616,0.5136523842811584,0.48634693026542664,7.417891083605355e-07,0
4617,0.5524204969406128,0.4475788474082947,6.884982894916902e-07,0
4618,0.5196347236633301,0.48036453127861023,7.635381393811258e-07,0
4619,0.49459436535835266,0.5054047703742981,8.35362527595862e-07,1
4620,0.4925161600112915,0.5074829459190369,8.713000738680421e-07,1
4621,0.5129437446594238,0.48705539107322693,8.625628993286227e-07,0
4622,0.5323691368103027,0.4676300585269928,8.528524517714686e-07,0
4623,0.5296069383621216,0.4703921377658844,8.947797027758497e-07,0
4624,0.5828338265419006,0.4171654284000397,7.994033808245149e-07,0
4625,0.5840167999267578,0.4159823954105377,8.148260235429916e-07,0
4626,0.5617097616195679,0.4382893443107605,8.958666626313061e-07,0
4627,0.5520821213722229,0.44791680574417114,9.654704626882449e-07,0
4628,0.581807553768158,0.418191522359848,9.315371585216781e-07,0
4629,0.6192683577537537,0.3807307183742523,8.564488211959542e-07,0
4630,0.6243278980255127,0.37567123770713806,8.593239613219339e-07,0
4631,0.6272815465927124,0.3727175295352936,8.672473086335231e-07,0
4632,0.6481410264968872,0.3518582284450531,8.191753408937075e-07,0
4633,0.6469756364822388,0.3530235290527344,8.284395107693854e-07,0
4634,0.628984808921814,0.3710143566131592,8.919500942283776e-07,0
4635,0.6111865043640137,0.38881251215934753,9.684406450105598e-07,0
4636,0.6130812168121338,0.38691776990890503,1.0014017561843502e-06,0
4637,0.6579457521438599,0.3420533537864685,8.827170177028165e-07,0
4638,0.6505047678947449,0.34949421882629395,9.152692541647411e-07,0
4639,0.6521599292755127,0.3478391766548157,9.21523280794645e-07,0
4640,0.6340480446815491,0.36595094203948975,1.0564347121544415e-06,0
4641,0.6408141851425171,0.35918453335762024,1.1875894188051461e-06,0
4642,0.6699149012565613,0.3300839364528656,1.2011603303108132e-06,0
4643,0.7208383083343506,0.27916064858436584,1.034097294905223e-06,0
4644,0.7193012237548828,0.2806977331638336,1.081556092685787e-06,0
4645,0.7249725461006165,0.2750263512134552,1.102022565646621e-06,0
4646,0.7403866052627563,0.2596122920513153,1.0684884728107136e-06,0
4647,0.7524486780166626,0.24755027890205383,1.0390090210421477e-06,0
4648,0.7619651556015015,0.2380337417125702,1.124101686400536e-06,0
4649,0.792361319065094,0.2076374888420105,1.2252122587597114e-06,0
4650,0.8376467823982239,0.16235210001468658,1.2213040463393554e-06,0
4651,0.8683024048805237,0.13169653713703156,1.0649634987203171e-06,0
4652,0.8768465518951416,0.1231522485613823,1.1014292340405518e-06,0
4653,0.8952803015708923,0.10471873730421066,9.715764690554352e-07,0
4654,0.904517412185669,0.0954817458987236,8.939222198023344e-07,0
4655,0.9113839864730835,0.08861520886421204,8.119826020447363e-07,0
4656,0.9081365466117859,0.09186262637376785,8.430482125731942e-07,0
4657,0.9094994068145752,0.09049972146749496,8.245771141446312e-07,0
4658,0.9156196117401123,0.08437967300415039,7.375425070677011e-07,0
4659,0.9120293259620667,0.08796990662813187,7.526425633841427e-07,0
4660,0.9105934500694275,0.08940576016902924,7.502861194552679e-07,0
4661,0.909978449344635,0.0900207906961441,7.413269713651971e-07,0
4662,0.9139761924743652,0.08602317422628403,6.818546012254956e-07,0
4663,0.9210265874862671,0.07897286117076874,5.860902660970169e-07,0
4664,0.9192520976066589,0.08074723929166794,5.584085442933429e-07,0
4665,0.9180055856704712,0.08199388533830643,5.36119841854088e-07,0
4666,0.9187582731246948,0.08124116063117981,4.986999897482747e-07,0
4667,0.9243993759155273,0.07560015469789505,4.2650881937333907e-07,0
4668,0.9144943952560425,0.08550514280796051,4.6127416908348096e-07,0
4669,0.9198672771453857,0.08013226836919785,4.0112615806719987e-07,0
4670,0.9178565144538879,0.08214311301708221,3.841693683170888e-07,0
4671,0.9115639328956604,0.08843564242124557,3.9305336940742563e-07,0
4672,0.9041742086410522,0.09582538157701492,4.103092976492917e-07,0
4673,0.9012833833694458,0.09871610254049301,4.0527197597839404e-07,0
4674,0.8897804617881775,0.1102190762758255,4.4505674168249243e-07,0
4675,0.8855904936790466,0.11440905183553696,4.5345640842242574e-07,0
4676,0.8745807409286499,0.12541866302490234,4.969139126842492e-07,0
4677,0.8436678051948547,0.15633156895637512,6.458274697251909e-07,0
4678,0.8565835356712341,0.1434159278869629,5.931099735789758e-07,0
4679,0.8369541168212891,0.16304513812065125,6.98507392371539e-07,0
4680,0.8407033681869507,0.1592959463596344,6.938669230294181e-07,0
4681,0.8412904143333435,0.1587088257074356,7.001404469519912e-07,0
4682,0.8612842559814453,0.13871513307094574,6.079125682845188e-07,0
4683,0.8564786911010742,0.14352069795131683,6.271948223002255e-07,0
4684,0.8578590154647827,0.14214038848876953,6.145106681287871e-07,0
4685,0.8541091084480286,0.1458902657032013,6.256904612200742e-07,0
4686,0.8619980216026306,0.13800138235092163,5.779932621408079e-07,0
4687,0.8522438406944275,0.14775551855564117,6.153304070721788e-07,0
4688,0.8547747731208801,0.14522463083267212,6.034376838215394e-07,0
4689,0.8534783720970154,0.1465209573507309,6.035985506969155e-07,0
4690,0.8599866628646851,0.140012726187706,5.660961051034974e-07,0
4691,0.8490127921104431,0.15098662674427032,6.113511972216656e-07,0
4692,0.8440450429916382,0.15595436096191406,6.340762297440961e-07,0
4693,0.827938437461853,0.17206083238124847,7.159805477385817e-07,0
4694,0.8504617810249329,0.149537593126297,6.142598749647732e-07,0
4695,0.8586733937263489,0.14132599532604218,5.72792885122908e-07,0
4696,0.8560383319854736,0.1439610868692398,5.800304165859416e-07,0
4697,0.8535941243171692,0.14640532433986664,5.869391088708653e-07,0
4698,0.8707185983657837,0.12928088009357452,5.063800472271396e-07,0
4699,0.8646271228790283,0.1353723704814911,5.263106572783727e-07,0
4700,0.8664506673812866,0.13354884088039398,5.13360362219828e-07,0
4701,0.8828803896903992,0.11711929738521576,4.3895633439205994e-07,0
4702,0.8542677164077759,0.1457318365573883,5.505769991032139e-07,0
4703,0.8639497756958008,0.1360498070716858,5.063079129286052e-07,0
4704,0.8554035425186157,0.14459598064422607,5.354310701477516e-07,0
4705,0.8452179431915283,0.15478146076202393,5.718408147004084e-07,0
4706,0.8575635552406311,0.14243604242801666,5.17522551035654e-07,0
4707,0.8603109121322632,0.13968878984451294,4.018245078896143e-07,0
4708,0.8675360083580017,0.13246364891529083,4.446224863841053e-07,0
4709,0.8411610126495361,0.15883852541446686,3.9080137526070757e-07,0
4710,0.8512312173843384,0.1487683802843094,4.488925071655103e-07,0
4711,0.8392664790153503,0.1607331931591034,4.1178390119966934e-07,0
4712,0.850347101688385,0.1496523767709732,4.982259724783944e-07,0
4713,0.8050040006637573,0.19499535858631134,6.66439234464633e-07,0
4714,0.8057200312614441,0.19427929818630219,6.676429507024295e-07,0
4715,0.8561844229698181,0.14381521940231323,4.4885689476359403e-07,0
4716,0.8408664464950562,0.15913309156894684,5.321947469383304e-07,0
4717,0.8229452967643738,0.17705413699150085,5.962444333817984e-07,0
4718,0.7920863628387451,0.20791290700435638,7.110439810276148e-07,0
4719,0.817588210105896,0.18241119384765625,6.16893601090851e-07,0
4720,0.8179872035980225,0.182012140750885,6.145716042738059e-07,0
4721,0.8408826589584351,0.1591167449951172,5.284326221044466e-07,0
4722,0.8501689434051514,0.1498306393623352,4.5994130459803273e-07,0
4723,0.8496053218841553,0.15039420127868652,4.590165474382957e-07,0
4724,0.8366813659667969,0.16331812739372253,4.3612715217022924e-07,0
4725,0.8207119703292847,0.17928758263587952,4.2610832906575524e-07,0
4726,0.8062490224838257,0.1937505155801773,3.826073111667938e-07,0
4727,0.8209841251373291,0.17901553213596344,4.3647312963912555e-07,0
4728,0.834300696849823,0.16569872200489044,4.7234914291038876e-07,0
4729,0.81088787317276,0.18911178410053253,4.178350252459495e-07,0
4730,0.8070067763328552,0.19299277663230896,4.2410468381604005e-07,0
4731,0.813652753829956,0.18634672462940216,4.767900634305988e-07,0
4732,0.8072729706764221,0.19272641837596893,5.873001782674692e-07,0
4733,0.8249090909957886,0.17509043216705322,5.12334906943579e-07,0
4734,0.7717348337173462,0.22826454043388367,7.145837912503339e-07,0
4735,0.7321058511734009,0.2678931951522827,8.705079039827979e-07,0
4736,0.7560717463493347,0.24392740428447723,8.062521601459594e-07,0
4737,0.7750766277313232,0.22492261230945587,7.523978524659469e-07,0
4738,0.7786563634872437,0.22134296596050262,7.529015988438914e-07,0
4739,0.7907372117042542,0.20926211774349213,7.193284545792267e-07,0
4740,0.8231633305549622,0.1768360733985901,6.016420570631453e-07,0
4741,0.8131135702133179,0.1868857741355896,6.427166567846143e-07,0
4742,0.8140242099761963,0.1859750598669052,6.43588691673358e-07,0
4743,0.8084378838539124,0.19156137108802795,6.709192916787288e-07,0
4744,0.8208411931991577,0.17915821075439453,6.270080348258489e-07,0
4745,0.842964768409729,0.1570347547531128,5.400131044552836e-07,0
4746,0.8464539051055908,0.15354563295841217,5.22159325555549e-07,0
4747,0.8422641754150391,0.1577354073524475,5.341256610336131e-07,0
4748,0.8444348573684692,0.1555645912885666,5.227083192949067e-07,0
4749,0.8464645147323608,0.15353496372699738,4.92670096718939e-07,0
4750,0.8354222178459167,0.1645772010087967,5.490726380230626e-07,0
4751,0.844367265701294,0.15563227236270905,5.013479835724866e-07,0
4752,0.8339711427688599,0.16602833569049835,4.6291705757539603e-07,0
4753,0.7966203093528748,0.20337940752506256,4.171370733274671e-07,0
4754,0.7888838648796082,0.211115762591362,4.216839784021431e-07,0
4755,0.768869161605835,0.2311304211616516,3.845839557925501e-07,0
4756,0.7679235339164734,0.23207612335681915,3.687088678816508e-07,0
4757,0.7229831218719482,0.2770165503025055,3.2236442848443403e-07,0
4758,0.7368022203445435,0.2631974220275879,3.117778817340877e-07,0
4759,0.7667719125747681,0.2332277148962021,3.577260940801352e-07,0
4760,0.7759143710136414,0.22408521175384521,4.046154344905517e-07,0
4761,0.7881610989570618,0.21183836460113525,4.4475669369603565e-07,0
4762,0.7856055498123169,0.21439401805400848,4.282809697997436e-07,0
4763,0.7952232956886292,0.2047763168811798,4.524792132087896e-07,0
4764,0.7941959500312805,0.20580348372459412,5.792772412860359e-07,0
4765,0.7962409853935242,0.20375846326351166,5.861383556293731e-07,0
4766,0.8005365133285522,0.19946284592151642,5.834978651364509e-07,0
4767,0.821830689907074,0.17816881835460663,5.200426471674291e-07,0
4768,0.8319091796875,0.16809026896953583,4.883046926806855e-07,0
4769,0.8132941126823425,0.18670529127120972,5.506387878995156e-07,0
4770,0.8226739764213562,0.1773255616426468,5.224592314334586e-07,0
4771,0.8149451017379761,0.18505430221557617,5.500983775164059e-07,0
4772,0.8078794479370117,0.1921200007200241,5.774418241344392e-07,0
4773,0.8083636164665222,0.191635861992836,5.803259455205989e-07,0
4774,0.8205083608627319,0.17949113249778748,5.416110866462986e-07,0
4775,0.82813960313797,0.17185990512371063,5.152544986231078e-07,0
4776,0.8107050657272339,0.18929432332515717,5.745388307332178e-07,0
4777,0.8165395855903625,0.18345974385738373,5.571646397584118e-07,0
4778,0.8148588538169861,0.18514062464237213,5.651633045999915e-07,0
4779,0.8180181980133057,0.18198120594024658,5.56575685095595e-07,0
4780,0.8206160664558411,0.1793832629919052,5.493997150551877e-07,0
4781,0.8110716342926025,0.18892784416675568,5.243232408247422e-07,0
4782,0.7858248353004456,0.21417467296123505,5.150949959897844e-07,0
4783,0.7951104640960693,0.20488905906677246,5.127741360411164e-07,0
4784,0.7923219799995422,0.2076774686574936,4.667851669637457e-07,0
4785,0.7688149809837341,0.2311846911907196,4.0069772921924596e-07,0
4786,0.7331647872924805,0.26683491468429565,3.7708389299950795e-07,0
4787,0.7270379066467285,0.27296182513237,3.626523721322883e-07,0
4788,0.7659963965415955,0.2340032458305359,3.375869823685207e-07,0
4789,0.7657002210617065,0.2342994511127472,3.4171182505815523e-07,0
4790,0.7573176622390747,0.24268195033073425,3.3607395266699314e-07,0
4791,0.7431527972221375,0.2568468153476715,3.410993940633489e-07,0
4792,0.7388366460800171,0.26116296648979187,3.578188056962972e-07,0
4793,0.7550307512283325,0.24496881663799286,3.4754947364490363e-07,0
4794,0.7556895017623901,0.24431006610393524,3.8586347272939747e-07,0
4795,0.7360303401947021,0.263969361782074,3.314790149033797e-07,0
4796,0.7512609958648682,0.248738631606102,3.746331742604525e-07,0
4797,0.7564300298690796,0.24356958270072937,3.9215456126839854e-07,0
4798,0.7464190125465393,0.2535806894302368,3.8792413192823005e-07,0
4799,0.7357982397079468,0.2642013728618622,3.787683340306103e-07,0
4800,0.7561407089233398,0.2438589334487915,3.7897004290243785e-07,0
4801,0.7558669447898865,0.2441326379776001,3.8941468005759816e-07,0
4802,0.7398908138275146,0.2601088285446167,3.538990824836219e-07,0
4803,0.7458542585372925,0.2541453242301941,3.9513500382781785e-07,0
4804,0.7361444234848022,0.2638552188873291,3.790756011312624e-07,0
4805,0.762930154800415,0.23706936836242676,4.7122009050326596e-07,0
4806,0.7503828406333923,0.2496168315410614,4.4152750433568144e-07,0
4807,0.7322296500205994,0.26776987314224243,3.9900675119497464e-07,0
4808,0.7240030765533447,0.2759966254234314,3.7847721046091465e-07,0
4809,0.7428832650184631,0.25711631774902344,4.331773482135759e-07,0
4810,0.7474622130393982,0.25253725051879883,4.43567557795177e-07,0
4811,0.7865951657295227,0.21340426802635193,5.293191520649998e-07,0
4812,0.7669556736946106,0.23304389417171478,4.846727961194119e-07,0
4813,0.6763734221458435,0.3236256539821625,8.796779411568423e-07,0
4814,0.7822074890136719,0.21779197454452515,5.791137027699733e-07,0
4815,0.7671216726303101,0.2328779101371765,4.702961575731024e-07,0
4816,0.7438772320747375,0.2561222314834595,4.2561160285004007e-07,0
4817,0.7666133642196655,0.23338593542575836,6.289831162575865e-07,0
4818,0.771359920501709,0.2286393642425537,6.241862138267606e-07,0
4819,0.7517339587211609,0.2482655793428421,4.44387978859595e-07,0
4820,0.7640976309776306,0.23590187728405,4.580064114634297e-07,0
4821,0.7509504556655884,0.24904920160770416,4.3060697407781845e-07,0
4822,0.740924596786499,0.25907501578330994,4.207732899885741e-07,0
4823,0.7280431389808655,0.2719564437866211,4.089953336006147e-07,0
4824,0.7035423517227173,0.2964571416378021,3.7814845654793316e-07,0
4825,0.7186823487281799,0.2813171446323395,4.0442918702865427e-07,0
4826,0.7093929052352905,0.29060664772987366,4.0961703007269534e-07,0
4827,0.707406759262085,0.2925927937030792,3.937799419873045e-07,0
4828,0.7260028123855591,0.2739967405796051,4.3589272991084727e-07,0
4829,0.6942684054374695,0.30573123693466187,3.5793092934000015e-07,0
4830,0.7121723890304565,0.2878270745277405,4.0090841935125354e-07,0
4831,0.7120278477668762,0.2879718244075775,4.1321948174299905e-07,0
4832,0.6889473795890808,0.31105220317840576,3.8378874478439684e-07,0
4833,0.6893233060836792,0.3106762766838074,3.750781445432949e-07,0
4834,0.6917045712471008,0.30829504132270813,3.8117849499030854e-07,0
4835,0.7135080695152283,0.28649142384529114,4.0755233499112364e-07,0
4836,0.7090393304824829,0.29096028208732605,4.0583222471468616e-07,0
4837,0.7489488124847412,0.2510507106781006,4.171024841070903e-07,0
4838,0.7467610239982605,0.2532385587692261,4.3920621806137206e-07,0
4839,0.7355144619941711,0.26448512077331543,4.365652443993895e-07,0
4840,0.6906093955039978,0.30939027667045593,3.6702860484183475e-07,0
4841,0.7312978506088257,0.2687017619609833,3.5511101259544375e-07,0
4842,0.744514524936676,0.25548499822616577,3.8184990103218297e-07,0
4843,0.6752183437347412,0.3247813284397125,2.9449921612467733e-07,0
4844,0.6381681561470032,0.3618316352367401,2.489494193014252e-07,0
4845,0.6435452699661255,0.35645443201065063,2.563404848388018e-07,0
4846,0.6539822816848755,0.3460174798965454,2.809527757108299e-07,0
4847,0.6617382168769836,0.3382614254951477,3.1538024813926313e-07,0
4848,0.6499673128128052,0.35003235936164856,3.1376811193695175e-07,0
4849,0.6786562204360962,0.32134339213371277,3.759404023639945e-07,0
4850,0.6810193061828613,0.3189803957939148,3.7286679344106233e-07,0
4851,0.6719708442687988,0.3280288279056549,3.593820849800977e-07,0
4852,0.6940813064575195,0.30591827630996704,3.8518095379913575e-07,0
4853,0.7182922959327698,0.28170716762542725,4.6437725131909247e-07,0
4854,0.7159515023231506,0.28404805064201355,4.196452607629908e-07,0
4855,0.7298441529273987,0.2701554596424103,4.3363198187762464e-07,0
4856,0.7388373613357544,0.2611622214317322,4.523961081304151e-07,0
4857,0.7606496214866638,0.23934994637966156,4.938734150528035e-07,0
4858,0.7675471901893616,0.23245222866535187,5.529373083845712e-07,0
4859,0.7624551653862,0.23754440248012543,5.857770588590938e-07,0
4860,0.7780974507331848,0.2219020277261734,5.58829128749494e-07,0
4861,0.7944885492324829,0.20551089942455292,5.234737727732863e-07,0
4862,0.7834364771842957,0.21656297147274017,5.661639193021983e-07,0
4863,0.7929809093475342,0.20701852440834045,5.482732490236231e-07,0
4864,0.8069325089454651,0.1930670440196991,5.131155944582133e-07,0
4865,0.8125638365745544,0.18743567168712616,5.000319447390211e-07,0
4866,0.8008607625961304,0.19913870096206665,5.390159572016273e-07,0
4867,0.8088465929031372,0.19115294516086578,5.173473027753062e-07,0
4868,0.8111003041267395,0.1888992190361023,5.127408826410829e-07,0
4869,0.8194531202316284,0.180546373128891,4.861923343923991e-07,0
4870,0.8158774375915527,0.18412217497825623,5.038112362854008e-07,0
4871,0.8247274160385132,0.17527203261852264,4.802230932909879e-07,0
4872,0.818418562412262,0.18158093094825745,4.5600526732414437e-07,0
4873,0.8274485468864441,0.17255106568336487,4.397626582886005e-07,0
4874,0.8087218403816223,0.19127772748470306,4.055242470712983e-07,0
4875,0.7737948894500732,0.2262047976255417,3.716877756687609e-07,0
4876,0.7687519192695618,0.23124773800373077,3.633439291661489e-07,0
4877,0.8176003098487854,0.18239927291870117,4.0772800957711297e-07,0
4878,0.7907491326332092,0.20925049483776093,3.9215944980242057e-07,0
4879,0.7086954116821289,0.291304349899292,2.74604843752968e-07,0
4880,0.7093793153762817,0.29062047600746155,2.75630299029217e-07,0
4881,0.7267902493476868,0.27320942282676697,2.80026512200493e-07,0
4882,0.7471685409545898,0.25283125042915344,2.8650893568737956e-07,0
4883,0.741830587387085,0.2581692039966583,2.819612632265489e-07,0
4884,0.736756443977356,0.26324331760406494,2.9293903480720473e-07,0
4885,0.7312341332435608,0.26876547932624817,3.223149462883157e-07,0
4886,0.7384802103042603,0.2615193724632263,3.236769430259301e-07,0
4887,0.7348936200141907,0.2651059627532959,3.2895724189074826e-07,0
4888,0.7281073331832886,0.2718922793865204,3.3061283488677873e-07,0
4889,0.7223412394523621,0.2776583731174469,3.297503496924037e-07,0
4890,0.7364243865013123,0.2635752260684967,3.498276726077165e-07,0
4891,0.735234260559082,0.2647653818130493,3.4903555956589116e-07,0
4892,0.7454683184623718,0.2545313239097595,3.7957431686663767e-07,0
4893,0.7429150342941284,0.2570846378803253,3.713251714998478e-07,0
4894,0.762238621711731,0.23776109516620636,4.0145238244804204e-07,0
4895,0.7593737244606018,0.2406260371208191,3.873665832543338e-07,0
4896,0.7661020159721375,0.2338976114988327,4.029150204587495e-07,0
4897,0.7673084139823914,0.23269127309322357,3.968567625634023e-07,0
4898,0.762019693851471,0.2379799485206604,3.907982204509608e-07,0
4899,0.7655447721481323,0.23445482552051544,4.0513552335141867e-07,0
4900,0.7755948305130005,0.2244047224521637,4.172722753992275e-07,0
4901,0.7902171611785889,0.2097824513912201,4.1143542262034316e-07,0
4902,0.7755168080329895,0.22448274493217468,4.908341111331538e-07,0
4903,0.7794458270072937,0.22055377066135406,4.3797601279038645e-07,0
4904,0.7586352825164795,0.24136421084403992,5.404602347880427e-07,0
4905,0.7789331674575806,0.22106634080410004,4.964045388078375e-07,0
4906,0.7653433680534363,0.23465615510940552,4.307232188693888e-07,0
4907,0.7687592506408691,0.23124025762081146,4.664472044169088e-07,0
4908,0.7612887024879456,0.2387108951807022,4.4715324065691675e-07,0
4909,0.7633408308029175,0.2366587519645691,4.19953721575439e-07,0
4910,0.78998202085495,0.21001745760440826,4.769585189023928e-07,0
4911,0.7858903408050537,0.21410919725894928,4.604557943821419e-07,0
4912,0.7804674506187439,0.21953213214874268,4.4921037556377996e-07,0
4913,0.7780744433403015,0.22192510962486267,4.497011616422242e-07,0
4914,0.7602261304855347,0.23977351188659668,3.9136253349170147e-07,0
4915,0.6442607045173645,0.35573893785476685,2.713642572871322e-07,0
4916,0.7188763618469238,0.28112325072288513,3.1438068504030525e-07,0
4917,0.7320273518562317,0.26797229051589966,3.4277601912435784e-07,0
4918,0.7837898135185242,0.21620987355709076,3.932154299945978e-07,0
4919,0.7643411159515381,0.23565861582756042,3.7583004086627625e-07,0
4920,0.7277129888534546,0.27228665351867676,3.101853565112833e-07,0
4921,0.6901238560676575,0.3098759055137634,2.769646414435556e-07,0
4922,0.7245994806289673,0.27540016174316406,3.257163143643993e-07,0
4923,0.7421112656593323,0.2578883171081543,3.4305168128412333e-07,0
4924,0.766533374786377,0.23346620798110962,3.793543612573558e-07,0
4925,0.7404630780220032,0.25953659415245056,3.3895659612426243e-07,0
4926,0.7495465874671936,0.25045299530029297,3.364920360127144e-07,0
4927,0.7558659315109253,0.24413371086120605,3.613960757320456e-07,0
4928,0.7642682194709778,0.23573143780231476,3.437851887611032e-07,0
4929,0.7182920575141907,0.28170761466026306,2.8272654617467197e-07,0
4930,0.7419365048408508,0.25806325674057007,3.4060607845276536e-07,0
4931,0.7494137287139893,0.2505858838558197,3.2684766892998596e-07,0
4932,0.7824210524559021,0.21757858991622925,3.962171888360899e-07,0
4933,0.7818353176116943,0.21816426515579224,3.9136355667324096e-07,0
4934,0.787672221660614,0.2123272716999054,4.879385642198031e-07,0
4935,0.7918470501899719,0.2081523984670639,4.835696927329991e-07,0
4936,0.7713778614997864,0.22862157225608826,5.42830377980863e-07,0
4937,0.8163959980010986,0.18360355496406555,4.300700879866781e-07,0
4938,0.8202332854270935,0.17976632714271545,4.1017034391188645e-07,0
4939,0.8039219975471497,0.1960776150226593,4.652835912111186e-07,0
4940,0.7940660119056702,0.20593352615833282,4.946886065226863e-07,0
4941,0.7833529114723206,0.2166464626789093,5.276689876154705e-07,0
4942,0.7624264359474182,0.2375730574131012,5.904989279770234e-07,0
4943,0.7528162002563477,0.24718321859836578,6.255442599467642e-07,0
4944,0.7358180284500122,0.2641812860965729,6.85955797052884e-07,0
4945,0.7585485577583313,0.24145080149173737,6.329567554530513e-07,0
4946,0.7730847597122192,0.22691461443901062,6.00786620452709e-07,0
4947,0.7845905423164368,0.21540898084640503,5.750108584834379e-07,0
4948,0.804581344127655,0.19541819393634796,5.205960178500391e-07,0
4949,0.81202232837677,0.18797717988491058,5.00669500524964e-07,0
4950,0.7882530689239502,0.21174633502960205,5.761941110904445e-07,0
4951,0.8009835481643677,0.19901582598686218,5.439246137939335e-07,0
4952,0.8090947866439819,0.19090476632118225,5.303303964865336e-07,0
4953,0.805812656879425,0.19418677687644958,5.431402314570732e-07,0
4954,0.8433091044425964,0.15669041872024536,4.2938509636769595e-07,0
4955,0.820372462272644,0.17962715029716492,4.988472142031242e-07,0
4956,0.8102683424949646,0.1897311508655548,5.320592322277662e-07,0
4957,0.8123790621757507,0.18762052059173584,5.285181714498322e-07,0
4958,0.8072221875190735,0.19277715682983398,5.480152367454139e-07,0
4959,0.8140425682067871,0.1859569102525711,5.297979441820644e-07,0
4960,0.8129434585571289,0.18705599009990692,5.360856221159338e-07,0
4961,0.8108622431755066,0.18913720548152924,5.45124237305572e-07,0
4962,0.7907896041870117,0.20920972526073456,6.131826921773609e-07,0
4963,0.7998306155204773,0.20016887784004211,5.88772877563315e-07,0
4964,0.8092654943466187,0.1907339245080948,5.612245104202884e-07,0
4965,0.8184687495231628,0.18153077363967896,5.331090164872876e-07,0
4966,0.8170645236968994,0.18293489515781403,5.384066525948583e-07,0
4967,0.7553425431251526,0.24465665221214294,7.456131925209775e-07,0
4968,0.7853202819824219,0.2146790474653244,6.531109875140828e-07,0
4969,0.8206607699394226,0.17933864891529083,5.388125146055245e-07,0
4970,0.8289070725440979,0.17109249532222748,5.117634032103524e-07,0
4971,0.8559203743934631,0.14407914876937866,4.227026408898382e-07,0
4972,0.8413668274879456,0.15863274037837982,4.669776956234273e-07,0
4973,0.789181113243103,0.21081820130348206,6.384731818798173e-07,0
4974,0.8203505873680115,0.1796487420797348,5.385323333939596e-07,0
4975,0.8224225640296936,0.1775769591331482,5.321958269632887e-07,0
4976,0.8186927437782288,0.18130670487880707,5.457664542518614e-07,0
4977,0.8046172261238098,0.19538219273090363,5.942387701907137e-07,0
4978,0.7860707640647888,0.21392850577831268,6.594735282305919e-07,0
4979,0.8066156506538391,0.19338367879390717,5.938541676187015e-07,0
4980,0.8004159331321716,0.199583500623703,6.17211753706215e-07,0
4981,0.8323060274124146,0.16769351065158844,5.110459824209101e-07,0
4982,0.821590006351471,0.1784093827009201,5.46262810985354e-07,0
4983,0.8099164962768555,0.19008296728134155,5.860759983988828e-07,0
4984,0.8425072431564331,0.15749229490756989,4.770981831825338e-07,0
4985,0.8598864674568176,0.14011314511299133,4.1793686023083865e-07,0
4986,0.8324363827705383,0.16756309568881989,5.05475725276483e-07,0
4987,0.8283737897872925,0.1716257631778717,5.181027518119663e-07,0
4988,0.7961010336875916,0.2038983702659607,6.263756517910224e-07,0
4989,0.7994320392608643,0.2005673497915268,6.17877390141075e-07,0
4990,0.8351462483406067,0.1648532748222351,4.993667062080931e-07,0
4991,0.8261464238166809,0.1738530993461609,5.284044277686917e-07,0
4992,0.8555700778961182,0.1444295048713684,4.301780620608042e-07,0
4993,0.8749827742576599,0.1250169277191162,3.647431583431171e-07,0
4994,0.8759743571281433,0.12402530759572983,3.582010208447173e-07,0
4995,0.8522527813911438,0.14774692058563232,3.405288282465335e-07,0
4996,0.8240392804145813,0.1759604960680008,2.9405876489363436e-07,0
4997,0.8419541120529175,0.15804557502269745,2.8226278914189606e-07,0
4998,0.8326408267021179,0.1673589050769806,2.8522757133941923e-07,0
4999,0.8421167135238647,0.157882958650589,4.3790797121801006e-07,0
5000,0.8092790842056274,0.19072039425373077,5.410960284280009e-07,0
5001,0.8227190971374512,0.1772805005311966,5.030086640545051e-07,0
5002,0.7888652682304382,0.211134135723114,6.139371180324815e-07,0
5003,0.8252248764038086,0.1747746765613556,5.026632834415068e-07,0
5004,0.8432897329330444,0.15670982003211975,4.4650684571934107e-07,0
5005,0.8664931058883667,0.13350649178028107,3.73258359331885e-07,0
5006,0.8310175538063049,0.1689819097518921,4.811651592717681e-07,0
5007,0.8421949744224548,0.15780459344387054,4.4649232222582214e-07,0
5008,0.82175213098526,0.17824730277061462,5.102709792481619e-07,0
5009,0.8520352244377136,0.14796440303325653,4.1618636714702006e-07,0
5010,0.8429291844367981,0.1570703536272049,4.4298420220911794e-07,0
5011,0.854388415813446,0.14561127126216888,4.0655780253473495e-07,0
5012,0.8308094143867493,0.16919013857841492,4.77932019293803e-07,0
5013,0.778023898601532,0.2219754457473755,6.475775649050775e-07,0
5014,0.7467838525772095,0.25321537256240845,7.632460210516001e-07,0
5015,0.7774628400802612,0.22253663837909698,6.751718046871247e-07,0
5016,0.7819975018501282,0.21800194680690765,6.718826170981629e-07,0
5017,0.8280340433120728,0.17196553945541382,5.212845621827e-07,0
5018,0.8258893489837646,0.17411023378372192,5.294625680107856e-07,0
5019,0.8280030488967896,0.17199648916721344,5.234629156802839e-07,0
5020,0.8459877371788025,0.15401175618171692,4.625697727078659e-07,0
5021,0.8390120267868042,0.16098755598068237,4.841272129851859e-07,0
5022,0.8163255453109741,0.18367385864257812,5.606719355455425e-07,0
5023,0.7874592542648315,0.21254010498523712,6.661888392045512e-07,0
5024,0.7780293822288513,0.2219698280096054,7.168538900259591e-07,0
5025,0.8048008680343628,0.1951984167098999,6.32470516848116e-07,0
5026,0.8233820796012878,0.17661741375923157,5.713673090212978e-07,0
5027,0.8309484124183655,0.16905102133750916,5.464505647978513e-07,0
5028,0.8360700607299805,0.16392944753170013,5.289214186632307e-07,0
5029,0.8508830070495605,0.14911651611328125,4.7499210609203146e-07,0
5030,0.8571265935897827,0.14287295937538147,4.5010486360297364e-07,0
5031,0.8685517907142639,0.13144773244857788,4.064907273004792e-07,0
5032,0.8589734435081482,0.1410260796546936,4.3508111957635265e-07,0
5033,0.8626608848571777,0.13733862340450287,4.194744747110235e-07,0
5034,0.8789361119270325,0.12106349319219589,3.617625452534412e-07,0
5035,0.8756535053253174,0.12434624880552292,3.5693142308446113e-07,0
5036,0.8488456010818481,0.15115396678447723,4.533777655524318e-07,0
5037,0.8692237138748169,0.13077589869499207,3.861484287881467e-07,0
5038,0.8849932551383972,0.11500640213489532,3.3298135804216145e-07,0
5039,0.8798761367797852,0.12012353539466858,3.272977266988164e-07,0
5040,0.8734076619148254,0.12659205496311188,3.6177522133584716e-07,0
5041,0.8699881434440613,0.13001158833503723,3.3852771252895764e-07,0
5042,0.868078887462616,0.13192079961299896,3.3548261058058415e-07,0
5043,0.8548441529273987,0.14515554904937744,3.1146467449616466e-07,0
5044,0.8455791473388672,0.15442053973674774,3.16087010787669e-07,0
5045,0.8417458534240723,0.15825380384922028,3.0528573802257597e-07,0
5046,0.8636471033096313,0.1363525390625,3.4367099033261184e-07,0
5047,0.8692732453346252,0.13072648644447327,3.258770107095188e-07,0
5048,0.8674184679985046,0.1325811743736267,2.9212577601356315e-07,0
5049,0.8640870451927185,0.13591268658638,3.011210196746106e-07,0
5050,0.8661612868309021,0.13383848965168,3.25264551293003e-07,0
5051,0.8543363809585571,0.14566323161125183,3.0759008495806484e-07,0
5052,0.8516368865966797,0.14836281538009644,3.086630897541909e-07,0
5053,0.8577852845191956,0.14221440255641937,3.414168645576865e-07,0
5054,0.8428191542625427,0.15718050301074982,3.1816225032343937e-07,0
5055,0.8341072797775269,0.16589240729808807,3.1483750717598014e-07,0
5056,0.816215991973877,0.18378376960754395,2.75692968898511e-07,0
5057,0.8276973366737366,0.17230232059955597,3.0674314643874823e-07,0
5058,0.8025846481323242,0.19741509854793549,2.7999823259960976e-07,0
5059,0.8072765469551086,0.19272321462631226,2.9154114145057974e-07,0
5060,0.8166467547416687,0.1833529770374298,2.8055367806700815e-07,0
5061,0.8149242997169495,0.18507534265518188,2.930919436039403e-07,0
5062,0.8166987299919128,0.18330101668834686,3.168887872107007e-07,0
5063,0.8223527669906616,0.1776469200849533,3.3873908478199155e-07,0
5064,0.8194513916969299,0.18054839968681335,3.1929232591210166e-07,0
5065,0.8189284205436707,0.18107132613658905,3.273328559316724e-07,0
5066,0.8111290335655212,0.1888705939054489,3.156968375606084e-07,0
5067,0.8134452104568481,0.18655449151992798,3.382871511803387e-07,0
5068,0.8167349100112915,0.18326471745967865,3.4535298709670315e-07,0
5069,0.8085764646530151,0.19142325222492218,3.3613190453252173e-07,0
5070,0.8314883708953857,0.16851133108139038,3.521944904605334e-07,0
5071,0.8331798315048218,0.166819766163826,3.867549480673915e-07,0
5072,0.8105258345603943,0.18947386741638184,3.2993241916301486e-07,0
5073,0.8022405505180359,0.1977592259645462,3.129582353267324e-07,0
5074,0.8050737380981445,0.19492597877979279,3.067490013108909e-07,0
5075,0.7925044894218445,0.20749524235725403,2.973166886022227e-07,0
5076,0.7964364290237427,0.20356334745883942,3.0803636263954104e-07,0
5077,0.8072981834411621,0.1927015632390976,3.128904495497409e-07,0
5078,0.7926483750343323,0.20735129714012146,3.0057572075747885e-07,0
5079,0.7894624471664429,0.21053725481033325,3.009367901540827e-07,0
5080,0.7838212251663208,0.2161785215139389,3.155792285269854e-07,0
5081,0.7962402701377869,0.20375944674015045,3.1370521469398227e-07,0
5082,0.7909125089645386,0.2090870589017868,3.352646729126718e-07,0
5083,0.7969575524330139,0.2030421644449234,3.4331083043070976e-07,0
5084,0.7619391679763794,0.2380605787038803,2.901477955674636e-07,0
5085,0.7849131226539612,0.21508648991584778,3.2898702784223133e-07,0
5086,0.7829172015190125,0.21708257496356964,3.0514408422277484e-07,0
5087,0.8117372989654541,0.18826241791248322,3.477905465842923e-07,0
5088,0.7858853340148926,0.21411436796188354,3.113358104656072e-07,0
5089,0.775429904460907,0.22456978261470795,2.911921512804838e-07,0
5090,0.7588338255882263,0.24116596579551697,2.740960951541638e-07,0
5091,0.7688791155815125,0.23112063109874725,2.760869790563447e-07,0
5092,0.7564603686332703,0.24353940784931183,2.5839131012617145e-07,0
5093,0.7322196364402771,0.26778000593185425,2.3589596764850285e-07,0
5094,0.7510960102081299,0.24890370666980743,2.5959161575883627e-07,0
5095,0.7714669108390808,0.2285328507423401,3.0972725539868406e-07,0
5096,0.7530485391616821,0.24695125222206116,2.9401090273495356e-07,0
5097,0.7736539840698242,0.2263457328081131,3.569128068647842e-07,0
5098,0.7836430072784424,0.21635662019252777,3.7303684052858443e-07,0
5099,0.7768068313598633,0.2231927067041397,4.871959617958055e-07,0
5100,0.8019124269485474,0.19808711111545563,4.372625994619739e-07,0
5101,0.8018108606338501,0.19818860292434692,4.458894409253844e-07,0
5102,0.818384051322937,0.18161553144454956,3.945586684039881e-07,0
5103,0.8153297901153564,0.18466977775096893,4.219632785407157e-07,0
5104,0.7978672981262207,0.2021322250366211,3.410862348118826e-07,0
5105,0.8047939538955688,0.1952056735754013,3.5779322615780984e-07,0
5106,0.8170897364616394,0.18290983140468597,3.7915299344604136e-07,0
5107,0.8179820775985718,0.18201759457588196,3.766560041640332e-07,0
5108,0.8014230132102966,0.19857658445835114,3.556879164534621e-07,0
5109,0.8105679154396057,0.18943166732788086,3.657684430891095e-07,0
5110,0.8221400380134583,0.1778596192598343,4.060006233430613e-07,0
5111,0.8143453001976013,0.18565423786640167,4.295531255138485e-07,0
5112,0.8134379386901855,0.186561718583107,4.3602892674243776e-07,0
5113,0.8212824463844299,0.17871716618537903,4.1921921933862905e-07,0
5114,0.817661464214325,0.18233813345432281,4.318213200349419e-07,0
5115,0.8207448720932007,0.17925477027893066,4.270830800123804e-07,0
5116,0.8293324708938599,0.1706671565771103,4.069885903845716e-07,0
5117,0.8215245604515076,0.17847515642642975,4.3015191408812825e-07,0
5118,0.8019708395004272,0.19802862405776978,4.87243937641324e-07,0
5119,0.820365309715271,0.17963415384292603,4.4247616415304947e-07,0
5120,0.831743061542511,0.1682565063238144,4.064837071382499e-07,0
5121,0.8210871815681458,0.17891237139701843,3.4950451777149283e-07,0
5122,0.8357257843017578,0.16427376866340637,3.724761370449414e-07,0
5123,0.835415780544281,0.16458377242088318,4.079092832398601e-07,0
5124,0.8071267604827881,0.1928727924823761,4.873767238677829e-07,0
5125,0.8097896575927734,0.19020986557006836,4.832823492506577e-07,0
5126,0.8004733324050903,0.19952625036239624,5.124391577737697e-07,0
5127,0.7925224900245667,0.20747698843479156,5.390829755924642e-07,0
5128,0.8419634103775024,0.15803617238998413,3.9845139099270455e-07,0
5129,0.8256810903549194,0.17431850731372833,4.4803260834669345e-07,0
5130,0.7998985052108765,0.2001011222600937,5.233374054114392e-07,0
5131,0.8212193846702576,0.17878016829490662,4.6536709419342515e-07,0
5132,0.794601559638977,0.2053978592157364,5.436553465187899e-07,0
5133,0.8046512007713318,0.19534832239151,5.176745503376878e-07,0
5134,0.8176552057266235,0.18234439194202423,4.825163841815083e-07,0
5135,0.8391481637954712,0.1608516126871109,3.359427580562624e-07,0
5136,0.8482823967933655,0.15171721577644348,3.546585389813117e-07,0
5137,0.8445068001747131,0.15549270808696747,4.042846910579101e-07,0
5138,0.8130562901496887,0.1869432032108307,4.949107506035944e-07,0
5139,0.7740072011947632,0.2259921282529831,6.12374037700647e-07,0
5140,0.7696648836135864,0.23033444583415985,6.309979880825267e-07,0
5141,0.8086651563644409,0.19133438169956207,5.192957814870169e-07,0
5142,0.7835147380828857,0.2164846658706665,5.979755428597855e-07,0
5143,0.7589545845985413,0.2410447597503662,6.797639571232139e-07,0
5144,0.7789484262466431,0.22105087339878082,6.266000696086849e-07,0
5145,0.8002281785011292,0.19977125525474548,5.65354639547877e-07,0
5146,0.7838014960289001,0.21619781851768494,6.216584438334394e-07,0
5147,0.7919968962669373,0.2080024629831314,6.016281872689433e-07,0
5148,0.8057273030281067,0.19427214562892914,5.62664240533195e-07,0
5149,0.8041075468063354,0.1958918273448944,5.715651809623523e-07,0
5150,0.8044328093528748,0.19556668400764465,5.747031650571444e-07,0
5151,0.8274580240249634,0.1725415289402008,5.0328435463598e-07,0
5152,0.8203535079956055,0.17964595556259155,5.270804877000046e-07,0
5153,0.7960518002510071,0.20394760370254517,6.102293923504476e-07,0
5154,0.7957800626754761,0.20421931147575378,6.179781166792964e-07,0
5155,0.7763682007789612,0.2236311435699463,6.940534262867004e-07,0
5156,0.7867990136146545,0.2132003754377365,6.713571565342136e-07,0
5157,0.8137246966362,0.1862747222185135,5.863593059984851e-07,0
5158,0.8200556039810181,0.17994382977485657,5.692598392670334e-07,0
5159,0.8168185949325562,0.1831807643175125,5.836168952555454e-07,0
5160,0.7939392328262329,0.20606014132499695,6.7592350205814e-07,0
5161,0.8167447447776794,0.18325470387935638,6.021803642397572e-07,0
5162,0.808880627155304,0.19111870229244232,6.389142868101771e-07,0
5163,0.8237018585205078,0.17629754543304443,5.90915647080692e-07,0
5164,0.8245571851730347,0.17544220387935638,5.928202426730422e-07,0
5165,0.8286782503128052,0.17132115364074707,5.816511361445009e-07,0
5166,0.8161446452140808,0.18385465443134308,6.357552138069877e-07,0
5167,0.8270247578620911,0.17297464609146118,6.008509672028595e-07,0
5168,0.8297759294509888,0.17022347450256348,5.99064890138834e-07,0
5169,0.8425934910774231,0.1574060022830963,5.521163188859646e-07,0
5170,0.8355491161346436,0.16445031762123108,5.821395916427718e-07,0
5171,0.8321622014045715,0.16783730685710907,5.998573442411725e-07,0
5172,0.8405858278274536,0.15941348671913147,5.697932010662043e-07,0
