,Probability Hold,Probability Buy,Probability Sell,Prediction
0,0.3928288519382477,0.27562764286994934,0.331543505191803,0
1,0.3586215674877167,0.27798905968666077,0.3633893132209778,2
2,0.40480655431747437,0.2529011070728302,0.3422923684120178,0
3,0.27029484510421753,0.4341048300266266,0.29560035467147827,1
4,0.23386743664741516,0.5183457136154175,0.24778689444065094,1
5,0.1983867734670639,0.5289435386657715,0.27266964316368103,1
6,0.207977756857872,0.5316529870033264,0.2603692412376404,1
7,0.30023816227912903,0.4533182382583618,0.24644364416599274,1
8,0.4066149592399597,0.3528291583061218,0.24055592715740204,0
9,0.34140679240226746,0.4342591166496277,0.22433407604694366,1
10,0.2624906301498413,0.4940556585788727,0.24345366656780243,1
11,0.22620023787021637,0.46754005551338196,0.30625975131988525,1
12,0.2385239452123642,0.4680868089199066,0.29338929057121277,1
13,0.25502368807792664,0.43752557039260864,0.30745068192481995,1
14,0.22746215760707855,0.4872998595237732,0.28523799777030945,1
15,0.24144941568374634,0.4693185091018677,0.289232075214386,1
16,0.2457762509584427,0.4741052985191345,0.28011834621429443,1
17,0.2724500894546509,0.47222432494163513,0.25532564520835876,1
18,0.28356221318244934,0.42450517416000366,0.2919325828552246,1
19,0.2791387140750885,0.4432482421398163,0.2776131331920624,1
20,0.260104238986969,0.46481919288635254,0.2750765383243561,1
21,0.2848675549030304,0.44479209184646606,0.2703403830528259,1
22,0.28658685088157654,0.4345580041408539,0.2788551151752472,1
23,0.3426949381828308,0.29967978596687317,0.3576253056526184,2
24,0.2958643436431885,0.3909829556941986,0.31315264105796814,1
25,0.2899872958660126,0.48293226957321167,0.22708037495613098,1
26,0.272198349237442,0.4934360384941101,0.23436561226844788,1
27,0.2328701615333557,0.5045377612113953,0.262592077255249,1
28,0.2544919550418854,0.4749344289302826,0.2705736756324768,1
29,0.31578075885772705,0.3824208676815033,0.3017983138561249,1
30,0.3428979218006134,0.35303911566734314,0.30406293272972107,1
31,0.27303546667099,0.463005006313324,0.26395946741104126,1
32,0.18966469168663025,0.580483078956604,0.22985228896141052,1
33,0.2529464066028595,0.4662112295627594,0.28084230422973633,1
34,0.26691171526908875,0.35257747769355774,0.3805108666419983,2
35,0.22358588874340057,0.27539849281311035,0.5010155439376831,2
36,0.21458914875984192,0.26011228561401367,0.5252985954284668,2
37,0.21893300116062164,0.2934090197086334,0.48765793442726135,2
38,0.22146792709827423,0.27431318163871765,0.5042189359664917,2
39,0.2294478565454483,0.3260926902294159,0.444459468126297,2
40,0.23414291441440582,0.36691147089004517,0.3989456593990326,2
41,0.2293587625026703,0.41687145829200745,0.35376980900764465,1
42,0.2499905675649643,0.394449919462204,0.35555949807167053,1
43,0.25896698236465454,0.38435253500938416,0.3566804826259613,1
44,0.23195156455039978,0.4562416672706604,0.31180673837661743,1
45,0.2423969805240631,0.4347486197948456,0.3228543996810913,1
46,0.23457834124565125,0.3889220952987671,0.37649959325790405,1
47,0.2595386803150177,0.3173935115337372,0.42306774854660034,2
48,0.20789070427417755,0.3947980999946594,0.39731118083000183,2
49,0.22354842722415924,0.4267860949039459,0.34966549277305603,1
50,0.2186734676361084,0.44064196944236755,0.3406846523284912,1
51,0.22478072345256805,0.38590899109840393,0.3893103003501892,2
52,0.23109565675258636,0.322980135679245,0.44592422246932983,2
53,0.23722365498542786,0.32306045293807983,0.43971583247184753,2
54,0.26918652653694153,0.31425705552101135,0.41655635833740234,2
55,0.26596930623054504,0.2980239689350128,0.43600666522979736,2
56,0.28262194991111755,0.30027464032173157,0.4171034097671509,2
57,0.28912684321403503,0.30333152413368225,0.40754157304763794,2
58,0.30178743600845337,0.268023282289505,0.43018919229507446,2
59,0.3319719135761261,0.2586226165294647,0.4094054698944092,2
60,0.36029741168022156,0.250857949256897,0.3888445794582367,2
61,0.37166664004325867,0.22256527841091156,0.40576809644699097,2
62,0.37011370062828064,0.2045109122991562,0.425375372171402,2
63,0.258754700422287,0.16419388353824615,0.5770512819290161,2
64,0.3502914607524872,0.17800500988960266,0.47170352935791016,2
65,0.4858921766281128,0.17218004167079926,0.3419276773929596,0
66,0.3575719892978668,0.2512308359146118,0.39119720458984375,2
67,0.36553749442100525,0.23905085027217865,0.39541158080101013,2
68,0.40036964416503906,0.2389659583568573,0.360664427280426,0
69,0.3577500879764557,0.26394954323768616,0.37830036878585815,2
70,0.3894314765930176,0.23781825602054596,0.3727504014968872,0
71,0.35331282019615173,0.26428133249282837,0.3824058175086975,2
72,0.38350778818130493,0.2587093412876129,0.3577829599380493,0
73,0.3841444253921509,0.2911347448825836,0.3247207999229431,0
74,0.3596426248550415,0.2969764173030853,0.34338101744651794,0
75,0.3981536030769348,0.2562488913536072,0.34559741616249084,0
76,0.4321662485599518,0.23794375360012054,0.3298899233341217,0
77,0.4182523787021637,0.2399374097585678,0.34181028604507446,0
78,0.3467215597629547,0.29321497678756714,0.3600635230541229,2
79,0.36913183331489563,0.2652597725391388,0.36560842394828796,0
80,0.3614785075187683,0.2127455174922943,0.425775945186615,2
81,0.4121207594871521,0.21236957609653473,0.3755095899105072,0
82,0.28081533312797546,0.1782113015651703,0.5409733057022095,2
83,0.3025357127189636,0.1862182319164276,0.5112460255622864,2
84,0.34290194511413574,0.20809152722358704,0.44900667667388916,2
85,0.36439353227615356,0.20841823518276215,0.42718827724456787,2
86,0.32995349168777466,0.18849395215511322,0.4815526008605957,2
87,0.3607349395751953,0.17009800672531128,0.4691670835018158,2
88,0.35481229424476624,0.19135703146457672,0.45383065938949585,2
89,0.2921983301639557,0.25808432698249817,0.4497174024581909,2
90,0.24381990730762482,0.18354502320289612,0.5726351737976074,2
91,0.2573328912258148,0.1848345249891281,0.557832658290863,2
92,0.28277015686035156,0.25391870737075806,0.46331116557121277,2
93,0.2835160493850708,0.22023433446884155,0.4962496757507324,2
94,0.23704048991203308,0.1831076443195343,0.5798517465591431,2
95,0.351055771112442,0.26405733823776245,0.38488686084747314,2
96,0.32690000534057617,0.23400627076625824,0.43909379839897156,2
97,0.2036396563053131,0.13149434328079224,0.664866030216217,2
98,0.2711019814014435,0.176927387714386,0.5519707202911377,2
99,0.35119950771331787,0.21762332320213318,0.4311772286891937,2
100,0.19483213126659393,0.11238685995340347,0.6927809715270996,2
101,0.19931194186210632,0.11309888958930969,0.687589168548584,2
102,0.27824753522872925,0.18051517009735107,0.5412372946739197,2
103,0.2652878165245056,0.15823790431022644,0.5764741897583008,2
104,0.2554527521133423,0.13752804696559906,0.607019305229187,2
105,0.26354023814201355,0.14634890854358673,0.5901107788085938,2
106,0.33607247471809387,0.16586551070213318,0.49806198477745056,2
107,0.34338435530662537,0.16156736016273499,0.4950483441352844,2
108,0.38734957575798035,0.18858590722084045,0.4240644574165344,2
109,0.39656928181648254,0.187792107462883,0.4156385064125061,2
110,0.4163384735584259,0.186403289437294,0.39725828170776367,0
111,0.361751914024353,0.19076195359230042,0.4474860429763794,2
112,0.35743647813796997,0.186970055103302,0.45559343695640564,2
113,0.3429667055606842,0.2328282594680786,0.42420509457588196,2
114,0.39205673336982727,0.20163647830486298,0.40630680322647095,2
115,0.4139429032802582,0.20417660474777222,0.38188058137893677,0
116,0.3700048327445984,0.20485657453536987,0.42513856291770935,2
117,0.3353641927242279,0.2018960863351822,0.4627397358417511,2
118,0.3098917603492737,0.1589432656764984,0.5311648845672607,2
119,0.34455978870391846,0.21927635371685028,0.4361638128757477,2
120,0.366512656211853,0.24202312529087067,0.3914642035961151,2
121,0.4019203186035156,0.21953605115413666,0.378543496131897,0
122,0.516442596912384,0.17002646625041962,0.31353098154067993,0
123,0.4531936049461365,0.1952192336320877,0.351587176322937,0
124,0.49439936876296997,0.15840229392051697,0.34719839692115784,0
125,0.3987060487270355,0.247012197971344,0.3542817533016205,0
126,0.37969881296157837,0.2678523659706116,0.35244885087013245,0
127,0.34444761276245117,0.3132146894931793,0.3423376679420471,0
128,0.34886980056762695,0.3122269809246063,0.3389032483100891,0
129,0.38265323638916016,0.2831314206123352,0.334215372800827,0
130,0.4052870273590088,0.24344515800476074,0.35126790404319763,0
131,0.3747981786727905,0.2651905119419098,0.3600112795829773,0
132,0.3188234865665436,0.3076091706752777,0.3735673129558563,2
133,0.29124146699905396,0.3420204222202301,0.36673805117607117,2
134,0.267802357673645,0.3477630615234375,0.3844344913959503,2
135,0.23283711075782776,0.40793344378471375,0.35922956466674805,1
136,0.24668070673942566,0.3523534834384918,0.40096578001976013,2
137,0.24279865622520447,0.3703460395336151,0.38685527443885803,2
138,0.27174127101898193,0.32863378524780273,0.3996249735355377,2
139,0.25626444816589355,0.36067312955856323,0.3830624520778656,2
140,0.1903592199087143,0.4416006803512573,0.36804020404815674,1
141,0.21130810678005219,0.3471974730491638,0.4414944350719452,2
142,0.20132829248905182,0.4734709560871124,0.3252007067203522,1
143,0.22156395018100739,0.3964062035083771,0.3820299208164215,1
144,0.22196173667907715,0.2762017846107483,0.5018365383148193,2
145,0.2169034779071808,0.2989453375339508,0.48415127396583557,2
146,0.207311749458313,0.34036073088645935,0.4523274302482605,2
147,0.21823446452617645,0.3201991021633148,0.4615665078163147,2
148,0.24355784058570862,0.2872261106967926,0.46921610832214355,2
149,0.28584176301956177,0.2707156240940094,0.44344252347946167,2
150,0.2797568440437317,0.2423846274614334,0.4778585731983185,2
151,0.2846786677837372,0.21120508015155792,0.5041162967681885,2
152,0.2914912700653076,0.20444852113723755,0.5040602087974548,2
153,0.2406570166349411,0.297526478767395,0.4618164300918579,2
154,0.26308220624923706,0.2514949142932892,0.48542284965515137,2
155,0.2691074311733246,0.23851753771305084,0.4923749268054962,2
156,0.25997456908226013,0.2891617715358734,0.45086371898651123,2
157,0.2566453516483307,0.25807303190231323,0.48528167605400085,2
158,0.2639595568180084,0.24061354994773865,0.49542689323425293,2
159,0.26969829201698303,0.21112339198589325,0.5191782116889954,2
160,0.2783801555633545,0.1944846361875534,0.5271351337432861,2
161,0.28522127866744995,0.1991686224937439,0.5156100988388062,2
162,0.2809588611125946,0.18375904858112335,0.5352820158004761,2
163,0.28935298323631287,0.193933367729187,0.5167136788368225,2
164,0.29140210151672363,0.192597433924675,0.5160004496574402,2
165,0.30320945382118225,0.1975596696138382,0.49923086166381836,2
166,0.2953627407550812,0.17399579286575317,0.530641496181488,2
167,0.2870407700538635,0.1539629101753235,0.5589962601661682,2
168,0.3219309151172638,0.15955603122711182,0.518513023853302,2
169,0.34214916825294495,0.1648482233285904,0.4930025637149811,2
170,0.33718714118003845,0.17169581353664398,0.49111711978912354,2
171,0.31380462646484375,0.19534176588058472,0.49085360765457153,2
172,0.3083348274230957,0.24611568450927734,0.44554948806762695,2
173,0.2993595004081726,0.218377023935318,0.4822635054588318,2
174,0.3292558491230011,0.21815751492977142,0.45258674025535583,2
175,0.33099815249443054,0.208893820643425,0.46010804176330566,2
176,0.33216193318367004,0.20022788643836975,0.4676102101802826,2
177,0.3235500454902649,0.2084580510854721,0.46799197793006897,2
178,0.32215115427970886,0.2232208102941513,0.45462796092033386,2
179,0.3864685893058777,0.19549982249736786,0.41803163290023804,2
180,0.4291224479675293,0.16684013605117798,0.4040375053882599,0
181,0.4428711235523224,0.1497887521982193,0.4073401093482971,0
182,0.45012813806533813,0.1219710037112236,0.4279007911682129,0
183,0.40258607268333435,0.1382870227098465,0.45912691950798035,2
184,0.4162770211696625,0.14901432394981384,0.43470868468284607,2
185,0.3863568902015686,0.15000413358211517,0.46363893151283264,2
186,0.369533896446228,0.1614299863576889,0.46903613209724426,2
187,0.4078652560710907,0.16611862182617188,0.4260161519050598,2
188,0.38243040442466736,0.1748741865158081,0.4426954388618469,2
189,0.3624584674835205,0.19375105202198029,0.44379037618637085,2
190,0.3464604914188385,0.22051651775836945,0.43302300572395325,2
191,0.32761040329933167,0.23551063239574432,0.4368789494037628,2
192,0.30979055166244507,0.252088338136673,0.43812111020088196,2
193,0.31411829590797424,0.24304227530956268,0.4428393542766571,2
194,0.3246854543685913,0.2195417284965515,0.4557727873325348,2
195,0.32159820199012756,0.25727418065071106,0.42112767696380615,2
196,0.3188662827014923,0.25811752676963806,0.42301619052886963,2
197,0.3355241119861603,0.23812595009803772,0.4263499975204468,2
198,0.3150827884674072,0.26561403274536133,0.41930314898490906,2
199,0.32600876688957214,0.2503049075603485,0.42368632555007935,2
200,0.2960560619831085,0.2241353839635849,0.4798085689544678,2
201,0.29932498931884766,0.18179212510585785,0.5188827514648438,2
202,0.2599402070045471,0.17079445719718933,0.5692653059959412,2
203,0.2538403272628784,0.16849856078624725,0.5776611566543579,2
204,0.3179689943790436,0.19127634167671204,0.49075472354888916,2
205,0.21130424737930298,0.2173207700252533,0.5713749527931213,2
206,0.2899177670478821,0.2928597927093506,0.41722238063812256,2
207,0.29974228143692017,0.2874281108379364,0.4128296375274658,2
208,0.3182777464389801,0.2916328012943268,0.3900894224643707,2
209,0.2706773579120636,0.24377018213272095,0.48555251955986023,2
210,0.25545406341552734,0.2571250796318054,0.48742085695266724,2
211,0.245998814702034,0.2446969598531723,0.5093042254447937,2
212,0.18420220911502838,0.09252005070447922,0.723277747631073,2
213,0.20223848521709442,0.12854799628257751,0.6692134737968445,2
214,0.217204749584198,0.17563189566135406,0.6071633100509644,2
215,0.20545560121536255,0.1438603550195694,0.650684118270874,2
216,0.19871045649051666,0.10649150609970093,0.6947980523109436,2
217,0.22604253888130188,0.17270156741142273,0.6012558937072754,2
218,0.2064395695924759,0.1406940072774887,0.6528664827346802,2
219,0.22152459621429443,0.18241673707962036,0.59605872631073,2
220,0.21261754631996155,0.14739152789115906,0.6399909257888794,2
221,0.2140641063451767,0.13497094810009003,0.6509649157524109,2
222,0.2409575879573822,0.17344532907009125,0.5855970978736877,2
223,0.27138516306877136,0.18864500522613525,0.5399698615074158,2
224,0.28376099467277527,0.1890079826116562,0.5272310972213745,2
225,0.2911914885044098,0.1938450038433075,0.5149635672569275,2
226,0.3111850619316101,0.2041650265455246,0.4846498668193817,2
227,0.3095439374446869,0.2108718454837799,0.4795842170715332,2
228,0.3043827712535858,0.2109019011259079,0.4847153425216675,2
229,0.3184650242328644,0.21701127290725708,0.4645237624645233,2
230,0.32258936762809753,0.21007800102233887,0.4673326313495636,2
231,0.3190142810344696,0.20800456404685974,0.47298112511634827,2
232,0.3214610815048218,0.20770855247974396,0.4708303213119507,2
233,0.3335120379924774,0.2079753428697586,0.4585125744342804,2
234,0.3106767237186432,0.17760586738586426,0.5117173194885254,2
235,0.39831024408340454,0.15624861419200897,0.4454410672187805,2
236,0.39938148856163025,0.17266440391540527,0.4279540777206421,2
237,0.3978835642337799,0.16726021468639374,0.43485623598098755,2
238,0.38638460636138916,0.17384491860866547,0.43977048993110657,2
239,0.40768054127693176,0.1700967699289322,0.42222270369529724,2
240,0.4089677631855011,0.16748230159282684,0.4235498607158661,2
241,0.3842887878417969,0.17435866594314575,0.4413524568080902,2
242,0.3384207785129547,0.142515629529953,0.5190635323524475,2
243,0.27310019731521606,0.0927046537399292,0.6341952085494995,2
244,0.2975895404815674,0.1056046336889267,0.5968057513237,2
245,0.3302588164806366,0.11356903612613678,0.5561721324920654,2
246,0.37198200821876526,0.16461297869682312,0.463405042886734,2
247,0.36959874629974365,0.1399429440498352,0.49045827984809875,2
248,0.36507540941238403,0.16721346974372864,0.4677111506462097,2
249,0.37503406405448914,0.12809908390045166,0.4968668222427368,2
250,0.3725374937057495,0.1113055944442749,0.5161569118499756,2
251,0.3428262174129486,0.11934272199869156,0.5378310084342957,2
252,0.3705010712146759,0.15940801799297333,0.47009092569351196,2
253,0.334201455116272,0.12041207402944565,0.5453864932060242,2
254,0.2603888213634491,0.10511283576488495,0.6344982981681824,2
255,0.19164414703845978,0.0874343141913414,0.720921516418457,2
256,0.18332341313362122,0.07344427704811096,0.7432323694229126,2
257,0.2909614145755768,0.1562742441892624,0.552764356136322,2
258,0.3067565858364105,0.18635423481464386,0.5068890452384949,2
259,0.28250834345817566,0.13644300401210785,0.5810486078262329,2
260,0.36684751510620117,0.17843565344810486,0.45471683144569397,2
261,0.36472460627555847,0.20201295614242554,0.43326249718666077,2
262,0.37750568985939026,0.19365833699703217,0.4288359582424164,2
263,0.42789027094841003,0.16831116378307343,0.40379858016967773,0
264,0.4568910598754883,0.13256452977657318,0.41054436564445496,0
265,0.5072447657585144,0.10842014849185944,0.38433507084846497,0
266,0.40068113803863525,0.17342767119407654,0.4258911907672882,2
267,0.3886968791484833,0.17999282479286194,0.43131035566329956,2
268,0.3764130771160126,0.21232017874717712,0.4112667143344879,2
269,0.36020180583000183,0.22122730314731598,0.41857093572616577,2
270,0.3548753261566162,0.2429247349500656,0.402199923992157,2
271,0.4193403124809265,0.22504734992980957,0.35561224818229675,0
272,0.3820403516292572,0.2249167263507843,0.3930428624153137,2
273,0.32373473048210144,0.21706178784370422,0.45920342206954956,2
274,0.3238779902458191,0.23859404027462006,0.43752795457839966,2
275,0.3467218279838562,0.2549586594104767,0.3983196020126343,2
276,0.34481072425842285,0.2640644609928131,0.3911248445510864,2
277,0.3398969769477844,0.24292299151420593,0.4171799421310425,2
278,0.2758932113647461,0.3095265328884125,0.41458022594451904,2
279,0.2811912000179291,0.28375351428985596,0.43505534529685974,2
280,0.24391669034957886,0.27625569701194763,0.4798276126384735,2
281,0.22890324890613556,0.23688770830631256,0.5342090129852295,2
282,0.21006406843662262,0.24026381969451904,0.5496720671653748,2
283,0.2274555265903473,0.2263995110988617,0.546144962310791,2
284,0.2513640224933624,0.21942256391048431,0.5292134284973145,2
285,0.2130545675754547,0.19366247951984406,0.5932828783988953,2
286,0.2517509162425995,0.19965574145317078,0.5485933423042297,2
287,0.21455803513526917,0.18729379773139954,0.5981482267379761,2
288,0.20956972241401672,0.1631442755460739,0.6272860169410706,2
289,0.20681063830852509,0.1510416567325592,0.6421477198600769,2
290,0.21317115426063538,0.13401933014392853,0.6528095006942749,2
291,0.20479123294353485,0.11154153198003769,0.6836672425270081,2
292,0.2541838586330414,0.13284346461296082,0.612972617149353,2
293,0.2991044819355011,0.1887434422969818,0.5121520757675171,2
294,0.3049774467945099,0.20334753394126892,0.49167507886886597,2
295,0.3120236396789551,0.2017776519060135,0.4861988425254822,2
296,0.31616130471229553,0.20805996656417847,0.475778728723526,2
297,0.30809909105300903,0.24532881379127502,0.44657209515571594,2
298,0.3084237277507782,0.24087509512901306,0.4507012367248535,2
299,0.3086465001106262,0.24868589639663696,0.44266757369041443,2
300,0.3088076114654541,0.2408597767353058,0.4503326117992401,2
301,0.31226494908332825,0.23372745513916016,0.4540075659751892,2
302,0.3269393742084503,0.21475818753242493,0.45830240845680237,2
303,0.32610633969306946,0.21058666706085205,0.4633069634437561,2
304,0.36971771717071533,0.17637744545936584,0.4539049565792084,2
305,0.40053048729896545,0.16151894629001617,0.43795061111450195,2
306,0.3914071321487427,0.16854840517044067,0.44004446268081665,2
307,0.40333420038223267,0.1610005497932434,0.4356652498245239,2
308,0.39786773920059204,0.1650102734565735,0.4371219873428345,2
309,0.4053032100200653,0.15736910700798035,0.43732762336730957,2
310,0.35386186838150024,0.1916205883026123,0.4545176327228546,2
311,0.4047151505947113,0.16073761880397797,0.4345472455024719,2
312,0.430135041475296,0.139638289809227,0.4302266836166382,2
313,0.43411585688591003,0.13377635180950165,0.4321077764034271,0
314,0.5118037462234497,0.096247598528862,0.3919486105442047,0
315,0.4249522387981415,0.16100923717021942,0.4140385389328003,0
316,0.4625959098339081,0.11672893911600113,0.4206751585006714,0
317,0.39315491914749146,0.15632104873657227,0.4505240321159363,2
318,0.382214218378067,0.18167659640312195,0.43610918521881104,2
319,0.4526577591896057,0.1414441168308258,0.4058980345726013,0
320,0.46938419342041016,0.17249612510204315,0.3581196963787079,0
321,0.38275495171546936,0.24058757722377777,0.3766573965549469,0
322,0.3184751570224762,0.29453104734420776,0.3869938254356384,2
323,0.2970111072063446,0.30808860063552856,0.3949003219604492,2
324,0.28300124406814575,0.3071540594100952,0.4098447263240814,2
325,0.28208065032958984,0.30359402298927307,0.4143252670764923,2
326,0.312417596578598,0.29790863394737244,0.38967373967170715,2
327,0.5001430511474609,0.1610451340675354,0.33881181478500366,0
328,0.5048202276229858,0.15120503306388855,0.343974769115448,0
329,0.513929009437561,0.14298835396766663,0.34308260679244995,0
330,0.4990387558937073,0.14821814000606537,0.35274308919906616,0
331,0.39574578404426575,0.22835363447666168,0.37590065598487854,0
332,0.4056960642337799,0.2202284187078476,0.3740755021572113,0
333,0.49680083990097046,0.15120916068553925,0.3519900441169739,0
334,0.45797795057296753,0.17095090448856354,0.3710711896419525,0
335,0.47978946566581726,0.16381239891052246,0.3563981354236603,0
336,0.4558119475841522,0.17282891273498535,0.3713591694831848,0
337,0.4400378167629242,0.17501461505889893,0.38494759798049927,0
338,0.3924712836742401,0.20550592243671417,0.40202271938323975,2
339,0.37907978892326355,0.20255376398563385,0.4183664619922638,2
340,0.38647082448005676,0.22536517679691315,0.3881639540195465,2
341,0.4006997346878052,0.17861856520175934,0.4206816554069519,2
342,0.3878367245197296,0.19801263511180878,0.41415053606033325,2
343,0.32033708691596985,0.24868521094322205,0.43097764253616333,2
344,0.37251487374305725,0.20342260599136353,0.42406249046325684,2
345,0.3977499008178711,0.19260483980178833,0.4096451699733734,2
346,0.35605716705322266,0.177160382270813,0.4667823612689972,2
347,0.30170348286628723,0.2510463297367096,0.44725021719932556,2
348,0.26579520106315613,0.30916014313697815,0.42504456639289856,2
349,0.251679003238678,0.30129915475845337,0.4470219016075134,2
350,0.23034735023975372,0.34538182616233826,0.42427071928977966,2
351,0.24223940074443817,0.34628134965896606,0.41147923469543457,2
352,0.2137906849384308,0.38869646191596985,0.39751285314559937,2
353,0.23401041328907013,0.41812705993652344,0.34786251187324524,1
354,0.23631834983825684,0.39883536100387573,0.3648463487625122,1
355,0.2089308798313141,0.37456703186035156,0.4165020287036896,2
356,0.19749295711517334,0.32001155614852905,0.4824954867362976,2
357,0.17649678885936737,0.44300591945648193,0.38049739599227905,1
358,0.17872023582458496,0.4519836902618408,0.369296133518219,1
359,0.18431870639324188,0.492500901222229,0.32318034768104553,1
360,0.21917058527469635,0.4537091851234436,0.32712021470069885,1
361,0.3204435110092163,0.3432560861110687,0.33630040287971497,1
362,0.43891793489456177,0.22329212725162506,0.3377898335456848,0
363,0.38875365257263184,0.26401060819625854,0.3472358286380768,0
364,0.3580535352230072,0.2751103341579437,0.36683616042137146,2
365,0.3992127776145935,0.26705214381217957,0.33373504877090454,0
366,0.516642689704895,0.13348810374736786,0.3498691916465759,0
367,0.4793439507484436,0.16843347251415253,0.35222262144088745,0
368,0.43453797698020935,0.20415638387203217,0.3613055944442749,0
369,0.47419506311416626,0.16623719036579132,0.35956764221191406,0
370,0.468458890914917,0.16116029024124146,0.37038078904151917,0
371,0.47380632162094116,0.149065300822258,0.3771284520626068,0
372,0.49086689949035645,0.12949684262275696,0.3796362578868866,0
373,0.4287343919277191,0.18356114625930786,0.3877045512199402,0
374,0.4096352756023407,0.19726711511611938,0.3930976092815399,0
375,0.38595154881477356,0.22844301164150238,0.3856053650379181,0
376,0.325625479221344,0.3147266209125519,0.35964784026145935,2
377,0.36194851994514465,0.2576897442340851,0.3803617060184479,2
378,0.4998520016670227,0.11089015752077103,0.38925787806510925,0
379,0.4020739495754242,0.17663992941379547,0.4212861955165863,2
380,0.3408619463443756,0.2160135805606842,0.44312453269958496,2
381,0.32147854566574097,0.24207833409309387,0.43644312024116516,2
382,0.28995609283447266,0.28490474820137024,0.4251391291618347,2
383,0.2885672152042389,0.29651787877082825,0.4149149954319,2
384,0.35211291909217834,0.23741772770881653,0.41046926379203796,2
385,0.28528591990470886,0.2946515679359436,0.42006251215934753,2
386,0.232202410697937,0.31658899784088135,0.45120856165885925,2
387,0.2201594114303589,0.3086419105529785,0.471198707818985,2
388,0.21200589835643768,0.366717129945755,0.4212769567966461,2
389,0.21042117476463318,0.313081294298172,0.47649750113487244,2
390,0.18703466653823853,0.4459671378135681,0.36699819564819336,1
391,0.18382306396961212,0.41964778304100037,0.3965291976928711,1
392,0.17966023087501526,0.4722352921962738,0.34810447692871094,1
393,0.17523150146007538,0.48296210169792175,0.34180647134780884,1
394,0.17089125514030457,0.49894875288009644,0.330159991979599,1
395,0.15447939932346344,0.550777018070221,0.2947435677051544,1
396,0.3233373165130615,0.330933541059494,0.34572911262512207,2
397,0.20638850331306458,0.42939290404319763,0.36421865224838257,1
398,0.19611364603042603,0.44677501916885376,0.3571113348007202,1
399,0.2080286741256714,0.4624096751213074,0.32956162095069885,1
400,0.1878717839717865,0.4993470013141632,0.3127812445163727,1
401,0.18441878259181976,0.527816116809845,0.2877650558948517,1
402,0.24929507076740265,0.46531882882118225,0.2853860557079315,1
403,0.2534255385398865,0.45514512062072754,0.2914294898509979,1
404,0.32476693391799927,0.35685059428215027,0.31838247179985046,1
405,0.39912158250808716,0.27960360050201416,0.3212747275829315,0
406,0.29391881823539734,0.3685435950756073,0.337537556886673,1
407,0.2831563353538513,0.37178221344947815,0.3450615108013153,1
408,0.3108900785446167,0.36672595143318176,0.3223840594291687,1
409,0.44030946493148804,0.21921655535697937,0.34047403931617737,0
410,0.49819597601890564,0.17219488322734833,0.3296091556549072,0
411,0.44035598635673523,0.18257470428943634,0.37706929445266724,0
412,0.47938644886016846,0.1613914966583252,0.35922202467918396,0
413,0.46492666006088257,0.14895452558994293,0.3861187994480133,0
414,0.4897914230823517,0.136287122964859,0.37392154335975647,0
415,0.4673050343990326,0.13734088838100433,0.3953540027141571,0
416,0.41207224130630493,0.230350062251091,0.35757771134376526,0
417,0.38530951738357544,0.24170786142349243,0.37298259139060974,0
418,0.34343573451042175,0.2840103507041931,0.37255388498306274,2
419,0.3279670178890228,0.32115817070007324,0.35087475180625916,2
420,0.4897691607475281,0.13144604861736298,0.37878483533859253,0
421,0.5365243554115295,0.10381865501403809,0.3596569299697876,0
422,0.4820593297481537,0.13799257576465607,0.37994813919067383,0
423,0.47935935854911804,0.14928670227527618,0.3713540732860565,0
424,0.5005754828453064,0.10790189355611801,0.3915226459503174,0
425,0.4910757541656494,0.12352123111486435,0.385403037071228,0
426,0.5061862468719482,0.11078664660453796,0.3830271065235138,0
427,0.4856557846069336,0.1328652948141098,0.381478875875473,0
428,0.5493918061256409,0.08659286051988602,0.36401522159576416,0
429,0.48612987995147705,0.13104340434074402,0.3828268349170685,0
430,0.5168700814247131,0.1026361808180809,0.38049373030662537,0
431,0.4628048241138458,0.13828179240226746,0.39891335368156433,0
432,0.42973077297210693,0.150709867477417,0.4195593595504761,0
433,0.42402201890945435,0.1616033911705017,0.41437456011772156,0
434,0.42647379636764526,0.1368907392024994,0.43663543462753296,2
435,0.3531307280063629,0.16609519720077515,0.4807741045951843,2
436,0.35499686002731323,0.17421042919158936,0.47079265117645264,2
437,0.3506273329257965,0.1779431849718094,0.4714295268058777,2
438,0.3385832607746124,0.22126373648643494,0.4401530921459198,2
439,0.31908389925956726,0.23086844384670258,0.45004764199256897,2
440,0.38063961267471313,0.20676161348819733,0.41259878873825073,2
441,0.330439954996109,0.24302983283996582,0.42653021216392517,2
442,0.46203911304473877,0.13375799357891083,0.4042028784751892,0
443,0.43565207719802856,0.18230223655700684,0.3820456564426422,0
444,0.3331599235534668,0.2447091042995453,0.4221309423446655,2
445,0.4055561125278473,0.17718243598937988,0.4172614812850952,2
446,0.2982487082481384,0.2532076835632324,0.4485436677932739,2
447,0.3988199532032013,0.1930631399154663,0.4081168472766876,2
448,0.40760791301727295,0.20506305992603302,0.38732898235321045,0
449,0.4108085036277771,0.21823471784591675,0.3709568679332733,0
450,0.2589723467826843,0.324838250875473,0.4161894619464874,2
451,0.2170715630054474,0.3204208016395569,0.4625076353549957,2
452,0.2340879887342453,0.36075884103775024,0.40515318512916565,2
453,0.21287420392036438,0.3683018982410431,0.41882383823394775,2
454,0.21432910859584808,0.39683929085731506,0.38883164525032043,1
455,0.21374967694282532,0.37648987770080566,0.40976038575172424,2
456,0.20551995933055878,0.3629068434238434,0.43157315254211426,2
457,0.23172947764396667,0.31745821237564087,0.45081233978271484,2
458,0.2124127298593521,0.3571624457836151,0.4304247200489044,2
459,0.30550381541252136,0.2523772418498993,0.4421188533306122,2
460,0.3883335590362549,0.20492225885391235,0.4067441523075104,2
461,0.30050018429756165,0.2507254481315613,0.44877439737319946,2
462,0.2225358784198761,0.24706970155239105,0.530394434928894,2
463,0.19561107456684113,0.33800894021987915,0.4663800001144409,2
464,0.19487740099430084,0.3246475160121918,0.4804750978946686,2
465,0.1899731159210205,0.36934322118759155,0.44068363308906555,2
466,0.18974262475967407,0.37637633085250854,0.43388107419013977,2
467,0.20733658969402313,0.37380853295326233,0.41885483264923096,2
468,0.26335257291793823,0.2538887560367584,0.4827585518360138,2
469,0.25505128502845764,0.26863300800323486,0.4763156771659851,2
470,0.2663687765598297,0.25701427459716797,0.47661691904067993,2
471,0.2749650180339813,0.2901977598667145,0.4348371922969818,2
472,0.2912118136882782,0.3016282916069031,0.4071598947048187,2
473,0.28921329975128174,0.3057340383529663,0.40505263209342957,2
474,0.30184951424598694,0.2735370695590973,0.42461344599723816,2
475,0.29898226261138916,0.25586140155792236,0.44515636563301086,2
476,0.3102898597717285,0.25511980056762695,0.43459030985832214,2
477,0.2969968318939209,0.24911507964134216,0.4538881182670593,2
478,0.2852311134338379,0.2858975827693939,0.42887142300605774,2
479,0.3053596019744873,0.2831920385360718,0.4114483892917633,2
480,0.3123914897441864,0.2364446073770523,0.4511638581752777,2
481,0.3191167414188385,0.2195812463760376,0.4613020718097687,2
482,0.30021199584007263,0.2292085438966751,0.47057950496673584,2
483,0.3104318082332611,0.2456333339214325,0.443934828042984,2
484,0.270709753036499,0.30457884073257446,0.4247114658355713,2
485,0.3174993693828583,0.24209396541118622,0.4404067099094391,2
486,0.42520853877067566,0.17285731434822083,0.40193411707878113,0
487,0.38484808802604675,0.2136230617761612,0.40152883529663086,2
488,0.3563157618045807,0.1973109096288681,0.4463733434677124,2
489,0.32663479447364807,0.22672753036022186,0.4466376304626465,2
490,0.34257766604423523,0.22801418602466583,0.42940813302993774,2
491,0.37363487482070923,0.2445043921470642,0.38186073303222656,2
492,0.33944547176361084,0.13888782262802124,0.5216667056083679,2
493,0.4197627604007721,0.19251467287540436,0.3877224922180176,0
494,0.355459988117218,0.21668578684329987,0.42785415053367615,2
495,0.18799415230751038,0.11158137023448944,0.7004244327545166,2
496,0.2161804586648941,0.1144237145781517,0.6693957448005676,2
497,0.2162453830242157,0.11130033433437347,0.6724542379379272,2
498,0.23367896676063538,0.14145267009735107,0.6248683929443359,2
499,0.2328631728887558,0.1519440859556198,0.615192711353302,2
500,0.28743353486061096,0.1530063897371292,0.5595600605010986,2
501,0.3231560289859772,0.19339217245578766,0.48345187306404114,2
502,0.4177943170070648,0.18539276719093323,0.39681288599967957,0
503,0.3976784348487854,0.2045019567012787,0.3978196382522583,2
504,0.3665950298309326,0.20680658519268036,0.4265983998775482,2
505,0.48224058747291565,0.13947176933288574,0.37828758358955383,0
506,0.46670401096343994,0.15447553992271423,0.3788205087184906,0
507,0.3591252863407135,0.23191259801387787,0.4089621305465698,2
508,0.4123428165912628,0.21105049550533295,0.3766067624092102,0
509,0.32321223616600037,0.2410585731267929,0.4357292652130127,2
510,0.30885761976242065,0.2479417771100998,0.44320064783096313,2
511,0.32755425572395325,0.2648797929286957,0.40756601095199585,2
512,0.3155783414840698,0.26503583788871765,0.41938576102256775,2
513,0.36883804202079773,0.2830089330673218,0.3481529653072357,0
514,0.3859468698501587,0.2746582329273224,0.3393949270248413,0
515,0.32086217403411865,0.3200373947620392,0.3591003715991974,2
516,0.3148989975452423,0.28731971979141235,0.3977813422679901,2
517,0.2552425265312195,0.32661235332489014,0.41814514994621277,2
518,0.29938316345214844,0.33937308192253113,0.36124372482299805,2
519,0.326712429523468,0.3001198172569275,0.3731677830219269,2
520,0.2957475185394287,0.3228464424610138,0.3814060688018799,2
521,0.279910147190094,0.29043033719062805,0.42965951561927795,2
522,0.25300195813179016,0.2962380647659302,0.45075997710227966,2
523,0.244215190410614,0.25244513154029846,0.5033396482467651,2
524,0.2466636300086975,0.21603061258792877,0.5373057723045349,2
525,0.24314941465854645,0.20689882338047028,0.5499517917633057,2
526,0.25374045968055725,0.2177741527557373,0.5284853577613831,2
527,0.22915220260620117,0.20898723602294922,0.5618605613708496,2
528,0.20514161884784698,0.18074379861354828,0.61411452293396,2
529,0.20459769666194916,0.16786476969718933,0.6275374889373779,2
530,0.1983575075864792,0.16952961683273315,0.6321128606796265,2
531,0.21059396862983704,0.21005335450172424,0.579352617263794,2
532,0.242838516831398,0.21791008114814758,0.5392513871192932,2
533,0.24647216498851776,0.1705741137266159,0.582953691482544,2
534,0.25800856947898865,0.19766893982887268,0.5443224906921387,2
535,0.2897336184978485,0.2291773110628128,0.48108911514282227,2
536,0.2848827838897705,0.21764180064201355,0.49747538566589355,2
537,0.25280043482780457,0.3009411096572876,0.4462584853172302,2
538,0.24233902990818024,0.39759519696235657,0.360065758228302,1
539,0.2537781000137329,0.4054286777973175,0.340793251991272,1
540,0.3276980221271515,0.24997124075889587,0.4223306477069855,2
541,0.3513968288898468,0.20535357296466827,0.44324955344200134,2
542,0.38003283739089966,0.20723724365234375,0.412729948759079,2
543,0.3429121971130371,0.25468140840530396,0.4024064242839813,2
544,0.34442606568336487,0.2666473388671875,0.3889266550540924,2
545,0.33874446153640747,0.23800456523895264,0.4232510030269623,2
546,0.3371352553367615,0.2546953856945038,0.4081694483757019,2
547,0.32979997992515564,0.2770734429359436,0.39312654733657837,2
548,0.26364558935165405,0.2146487832069397,0.5217055678367615,2
549,0.28982803225517273,0.2240738421678543,0.486098051071167,2
550,0.269694447517395,0.22192928194999695,0.5083763003349304,2
551,0.24788734316825867,0.1534990668296814,0.5986136198043823,2
552,0.23202356696128845,0.1266631782054901,0.6413132548332214,2
553,0.27872875332832336,0.13237543404102325,0.5888957381248474,2
554,0.238387331366539,0.12012222409248352,0.6414904594421387,2
555,0.2800012230873108,0.1275368630886078,0.592461884021759,2
556,0.30755379796028137,0.20166648924350739,0.4907797873020172,2
557,0.3138439655303955,0.23856207728385925,0.44759395718574524,2
558,0.32473650574684143,0.17679177224636078,0.498471736907959,2
559,0.25362807512283325,0.22835227847099304,0.5180196762084961,2
560,0.208302304148674,0.15610092878341675,0.635596752166748,2
561,0.2691349387168884,0.15798477828502655,0.5728803277015686,2
562,0.27694323658943176,0.17964808642864227,0.5434085726737976,2
563,0.2565547823905945,0.23691625893115997,0.5065289735794067,2
564,0.34868863224983215,0.17089702188968658,0.48041433095932007,2
565,0.2568179965019226,0.16494904458522797,0.5782329440116882,2
566,0.2388502061367035,0.16301098465919495,0.5981387495994568,2
567,0.24805770814418793,0.24332287907600403,0.5086193680763245,2
568,0.2429736852645874,0.17601293325424194,0.5810133218765259,2
569,0.24425706267356873,0.1501406878232956,0.6056022047996521,2
570,0.29031267762184143,0.19311216473579407,0.5165751576423645,2
571,0.2738873064517975,0.20145191252231598,0.5246608257293701,2
572,0.2566482424736023,0.13812243938446045,0.6052292585372925,2
573,0.2432430237531662,0.14367567002773285,0.6130813360214233,2
574,0.24512554705142975,0.1496245563030243,0.6052499413490295,2
575,0.3100908696651459,0.17093807458877563,0.5189710259437561,2
576,0.32717445492744446,0.1753857135772705,0.49743983149528503,2
577,0.28984177112579346,0.16334618628025055,0.5468119978904724,2
578,0.22169379889965057,0.13428471982479095,0.6440213918685913,2
579,0.2280353158712387,0.12755520641803741,0.6444094777107239,2
580,0.24824212491512299,0.1598501354455948,0.5919077396392822,2
581,0.2674700915813446,0.17849615216255188,0.5540337562561035,2
582,0.2773958444595337,0.1793023943901062,0.5433017611503601,2
583,0.2609280049800873,0.1921498328447342,0.5469221472740173,2
584,0.2664327025413513,0.20780807733535767,0.5257591009140015,2
585,0.29637759923934937,0.2103993445634842,0.49322301149368286,2
586,0.29007232189178467,0.1992751508951187,0.5106525421142578,2
587,0.29082512855529785,0.21971967816352844,0.4894551932811737,2
588,0.4265235364437103,0.13721968233585358,0.4362568259239197,2
589,0.30891185998916626,0.18905653059482574,0.5020316243171692,2
590,0.30542901158332825,0.17256078124046326,0.5220102071762085,2
591,0.3073858618736267,0.17996440827846527,0.5126498341560364,2
592,0.29361507296562195,0.15482044219970703,0.5515644550323486,2
593,0.30759474635124207,0.15715792775154114,0.5352473258972168,2
594,0.29235148429870605,0.1622321754693985,0.5454163551330566,2
595,0.31376612186431885,0.17975014448165894,0.5064837336540222,2
596,0.30886444449424744,0.1736091673374176,0.5175263285636902,2
597,0.31900373101234436,0.16062650084495544,0.5203697681427002,2
598,0.32448405027389526,0.15436136722564697,0.521154522895813,2
599,0.321432888507843,0.21108105778694153,0.46748611330986023,2
600,0.3269568085670471,0.2142782360315323,0.4587648808956146,2
601,0.3764590919017792,0.17611879110336304,0.4474221169948578,2
602,0.42050766944885254,0.15167564153671265,0.42781662940979004,2
603,0.44001081585884094,0.1343386173248291,0.42565059661865234,0
604,0.5134714841842651,0.08821656554937363,0.3983120322227478,0
605,0.4255010783672333,0.12397319823503494,0.45052579045295715,2
606,0.41415032744407654,0.13387911021709442,0.45197057723999023,2
607,0.44878944754600525,0.13680440187454224,0.4144061207771301,0
608,0.3985585868358612,0.18343210220336914,0.4180092513561249,2
609,0.3866223394870758,0.21526293456554413,0.39811477065086365,2
610,0.3820655345916748,0.17023323476314545,0.44770118594169617,2
611,0.37070170044898987,0.1988278478384018,0.4304704964160919,2
612,0.33654263615608215,0.17640726268291473,0.48705002665519714,2
613,0.3432924449443817,0.1857621818780899,0.4709453582763672,2
614,0.35214412212371826,0.15480205416679382,0.4930538535118103,2
615,0.34314796328544617,0.190389484167099,0.4664625823497772,2
616,0.34714269638061523,0.1648731678724289,0.4879841208457947,2
617,0.3492698073387146,0.1839517056941986,0.46677854657173157,2
618,0.32364580035209656,0.17217804491519928,0.5041761994361877,2
619,0.43998855352401733,0.1199578270316124,0.44005370140075684,2
620,0.45016834139823914,0.11665715277194977,0.4331744909286499,0
621,0.37818560004234314,0.16865593194961548,0.45315849781036377,2
622,0.35144510865211487,0.19105632603168488,0.45749855041503906,2
623,0.3056347966194153,0.2111220359802246,0.4832431375980377,2
624,0.21155747771263123,0.12390770018100739,0.664534866809845,2
625,0.32654500007629395,0.22017796337604523,0.453277051448822,2
626,0.31116193532943726,0.25043368339538574,0.4384044110774994,2
627,0.4527185261249542,0.19742120802402496,0.34986022114753723,0
628,0.3840230107307434,0.2357422560453415,0.3802347779273987,0
629,0.3939600884914398,0.23369741439819336,0.3723425269126892,0
630,0.49954867362976074,0.18199320137500763,0.3184581696987152,0
631,0.4266482889652252,0.24096165597438812,0.33239009976387024,0
632,0.3956397473812103,0.250046968460083,0.3543134331703186,0
633,0.3831443190574646,0.23858731985092163,0.37826836109161377,0
634,0.33961188793182373,0.25170227885246277,0.4086858630180359,2
635,0.36568233370780945,0.24789588153362274,0.3864217698574066,2
636,0.3349449634552002,0.2931228280067444,0.3719322383403778,2
637,0.3854840099811554,0.2583634555339813,0.3561524748802185,0
638,0.38884949684143066,0.2394845336675644,0.3716660439968109,0
639,0.3525954782962799,0.2767704129219055,0.3706340789794922,2
640,0.30081915855407715,0.3008774518966675,0.39830344915390015,2
641,0.2971687912940979,0.30595695972442627,0.39687421917915344,2
642,0.23923824727535248,0.34808555245399475,0.4126761853694916,2
643,0.23254813253879547,0.3678843677043915,0.39956754446029663,2
644,0.24924065172672272,0.35851970314979553,0.39223966002464294,2
645,0.24660541117191315,0.3373619616031647,0.41603267192840576,2
646,0.2620592415332794,0.32727375626564026,0.4106670022010803,2
647,0.2527431845664978,0.32023346424102783,0.4270232915878296,2
648,0.3010043203830719,0.2710552513599396,0.427940309047699,2
649,0.26896631717681885,0.30601686239242554,0.42501676082611084,2
650,0.23054225742816925,0.2542760670185089,0.5151817202568054,2
651,0.23787887394428253,0.33865728974342346,0.4234638512134552,2
652,0.36342838406562805,0.2640984356403351,0.37247321009635925,2
653,0.38080182671546936,0.22083526849746704,0.3983628749847412,2
654,0.36623942852020264,0.24482190608978271,0.38893866539001465,2
655,0.3441850244998932,0.27206557989120483,0.3837493658065796,2
656,0.34676581621170044,0.2706809639930725,0.38255321979522705,2
657,0.32740873098373413,0.27007269859313965,0.40251854062080383,2
658,0.28593501448631287,0.305654913187027,0.4084100127220154,2
659,0.33268702030181885,0.30657297372817993,0.360740065574646,2
660,0.34229913353919983,0.2775133550167084,0.3801875710487366,2
661,0.3326183259487152,0.3087623417377472,0.3586193025112152,2
662,0.3868373930454254,0.2561299502849579,0.3570326268672943,0
663,0.3784663677215576,0.25980913639068604,0.3617245852947235,0
664,0.40183010697364807,0.23874767124652863,0.35942232608795166,0
665,0.38272303342819214,0.2587581276893616,0.3585188388824463,0
666,0.34737831354141235,0.24335671961307526,0.4092648923397064,2
667,0.4754648804664612,0.12292683124542236,0.40160834789276123,0
668,0.3778808116912842,0.20080570876598358,0.42131346464157104,2
669,0.3964120149612427,0.18836504220962524,0.4152229428291321,2
670,0.3101409077644348,0.2775944471359253,0.41226473450660706,2
671,0.279220312833786,0.2951536178588867,0.42562606930732727,2
672,0.2672158181667328,0.28815221786499023,0.44463202357292175,2
673,0.2475718855857849,0.3316085934638977,0.4208195209503174,2
674,0.25054699182510376,0.26039496064186096,0.4890580177307129,2
675,0.4417980909347534,0.17438934743404388,0.3838126063346863,0
676,0.4081134498119354,0.2067672312259674,0.3851192891597748,0
677,0.3660753071308136,0.23546268045902252,0.3984619677066803,2
678,0.3464902341365814,0.22202157974243164,0.4314882159233093,2
679,0.32709017395973206,0.26970207691192627,0.40320780873298645,2
680,0.3555324375629425,0.28333166241645813,0.36113590002059937,2
681,0.4148954451084137,0.2063141018152237,0.3787904679775238,0
682,0.2764451801776886,0.3090573251247406,0.414497435092926,2
683,0.2624228298664093,0.3246041536331177,0.41297292709350586,2
684,0.23683029413223267,0.3486371338367462,0.41453251242637634,2
685,0.22884812951087952,0.3421909213066101,0.4289608895778656,2
686,0.24045486748218536,0.33809953927993774,0.4214455485343933,2
687,0.2784700393676758,0.33326539397239685,0.38826456665992737,2
688,0.2414432317018509,0.3269057273864746,0.4316510558128357,2
689,0.2299904078245163,0.3495922386646271,0.42041724920272827,2
690,0.27297574281692505,0.33743804693222046,0.3895862102508545,2
691,0.29850003123283386,0.3109095096588135,0.39059048891067505,2
692,0.25912925601005554,0.32812702655792236,0.41274380683898926,2
693,0.24017278850078583,0.34668341279029846,0.4131438434123993,2
694,0.2456214725971222,0.3104724884033203,0.4439059793949127,2
695,0.2131493240594864,0.26714587211608887,0.5197048783302307,2
696,0.2199997454881668,0.1938321441411972,0.586168110370636,2
697,0.26280099153518677,0.2517479658126831,0.4854510724544525,2
698,0.2660660743713379,0.2510986030101776,0.4828353226184845,2
699,0.2527156174182892,0.34135156869888306,0.40593287348747253,2
700,0.2633926272392273,0.28984686732292175,0.44676047563552856,2
701,0.2618016004562378,0.2675803005695343,0.47061803936958313,2
702,0.30603963136672974,0.28789380192756653,0.40606653690338135,2
703,0.3311915099620819,0.2892482578754425,0.3795601725578308,2
704,0.4200674593448639,0.27057480812072754,0.30935779213905334,0
705,0.4010438919067383,0.25716495513916016,0.3417910933494568,0
706,0.45784690976142883,0.22122743725776672,0.32092562317848206,0
707,0.46991968154907227,0.21441256999969482,0.31566768884658813,0
708,0.41539233922958374,0.23237571120262146,0.3522319495677948,0
709,0.35182029008865356,0.2737762928009033,0.37440335750579834,2
710,0.324898898601532,0.2977904677391052,0.3773106038570404,2
711,0.36554428935050964,0.2896934747695923,0.34476223587989807,0
712,0.2864775061607361,0.3137059807777405,0.3998164236545563,2
713,0.24873869121074677,0.29011422395706177,0.4611471891403198,2
714,0.2391301393508911,0.32369059324264526,0.437179297208786,2
715,0.25140130519866943,0.3136673867702484,0.43493130803108215,2
716,0.26543769240379333,0.3042202889919281,0.4303419888019562,2
717,0.2854122519493103,0.28011375665664673,0.43447408080101013,2
718,0.2835436761379242,0.23714551329612732,0.47931087017059326,2
719,0.2790737748146057,0.22897426784038544,0.49195191264152527,2
720,0.28265541791915894,0.21195878088474274,0.5053858160972595,2
721,0.2971401810646057,0.23804470896720886,0.46481508016586304,2
722,0.2659699320793152,0.21289850771427155,0.5211315155029297,2
723,0.2658844590187073,0.23436951637268066,0.4997459948062897,2
724,0.2780364751815796,0.24843837320804596,0.47352513670921326,2
725,0.2916082739830017,0.24992699921131134,0.45846471190452576,2
726,0.28659170866012573,0.23301942646503448,0.4803888499736786,2
727,0.24714109301567078,0.2869607210159302,0.4658982753753662,2
728,0.25208356976509094,0.3438219130039215,0.4040945768356323,2
729,0.28534993529319763,0.3504040241241455,0.36424604058265686,2
730,0.26932278275489807,0.3806116580963135,0.3500656187534332,1
731,0.23060095310211182,0.40013837814331055,0.3692606985569,1
732,0.26783087849617004,0.3444405794143677,0.3877285420894623,2
733,0.2923911511898041,0.31424885988235474,0.3933599591255188,2
734,0.24877798557281494,0.3440318703651428,0.40719011425971985,2
735,0.322428435087204,0.32754209637641907,0.3500293791294098,2
736,0.3727257549762726,0.2865851819515228,0.3406890332698822,0
737,0.6040856838226318,0.0882650837302208,0.30764931440353394,0
738,0.5059974789619446,0.16143324971199036,0.33256927132606506,0
739,0.45291849970817566,0.20687955617904663,0.3402019739151001,0
740,0.47881755232810974,0.18458430469036102,0.33659815788269043,0
741,0.4593779742717743,0.2018119841814041,0.3388100862503052,0
742,0.42617252469062805,0.21702726185321808,0.35680022835731506,0
743,0.4546928107738495,0.1794220358133316,0.3658851981163025,0
744,0.3756532371044159,0.25970175862312317,0.36464497447013855,0
745,0.35207217931747437,0.2713054120540619,0.3766224682331085,2
746,0.4705761969089508,0.15163326263427734,0.3777906000614166,0
747,0.4875848591327667,0.1270463615655899,0.38536879420280457,0
748,0.45285534858703613,0.13895323872566223,0.40819138288497925,0
749,0.4281917214393616,0.15362900495529175,0.4181792736053467,0
750,0.4140978753566742,0.16547751426696777,0.42042452096939087,2
751,0.3458423912525177,0.2156859189271927,0.4384717345237732,2
752,0.32980313897132874,0.214752659201622,0.4554443061351776,2
753,0.3279947340488434,0.23307739198207855,0.43892788887023926,2
754,0.31834858655929565,0.26429492235183716,0.4173565208911896,2
755,0.321541965007782,0.27656883001327515,0.40188923478126526,2
756,0.3283974528312683,0.24261239171028137,0.42899012565612793,2
757,0.3191911280155182,0.2521475553512573,0.4286612570285797,2
758,0.4701703190803528,0.1310833990573883,0.39874622225761414,0
759,0.508526086807251,0.11032355576753616,0.38115039467811584,0
760,0.5040853023529053,0.1208997592329979,0.3750148415565491,0
761,0.46919766068458557,0.16559983789920807,0.3652026355266571,0
762,0.4133932888507843,0.21362456679344177,0.37298211455345154,0
763,0.4317587614059448,0.1594081073999405,0.4088331162929535,0
764,0.5130522847175598,0.11949542164802551,0.3674522936344147,0
765,0.434526264667511,0.16186562180519104,0.4036080539226532,0
766,0.4573577046394348,0.14002206921577454,0.40262025594711304,0
767,0.44842323660850525,0.14436742663383484,0.4072093367576599,0
768,0.44595640897750854,0.13521519303321838,0.4188283681869507,0
769,0.38837316632270813,0.1957406848669052,0.41588613390922546,2
770,0.43543753027915955,0.15761394798755646,0.4069485068321228,0
771,0.37605518102645874,0.1845521330833435,0.43939274549484253,2
772,0.3628993332386017,0.18896792829036713,0.44813284277915955,2
773,0.3512454032897949,0.18458488583564758,0.46416977047920227,2
774,0.34484222531318665,0.18228206038475037,0.47287580370903015,2
775,0.33695268630981445,0.19489943981170654,0.46814781427383423,2
776,0.34479862451553345,0.20582330226898193,0.4493780732154846,2
777,0.30536070466041565,0.23510810732841492,0.45953118801116943,2
778,0.3380124270915985,0.22784757614135742,0.4341399073600769,2
779,0.38350582122802734,0.19657494127750397,0.41991928219795227,2
780,0.2541879415512085,0.29474660754203796,0.4510655403137207,2
781,0.23756127059459686,0.34742289781570435,0.41501584649086,2
782,0.21095624566078186,0.3913823068141937,0.3976615071296692,2
783,0.21259787678718567,0.38217419385910034,0.405227929353714,2
784,0.2210325300693512,0.3605925142765045,0.41837501525878906,2
785,0.21688638627529144,0.23129448294639587,0.5518190860748291,2
786,0.21394653618335724,0.278081476688385,0.507972002029419,2
787,0.21056950092315674,0.26648902893066406,0.5229414105415344,2
788,0.21656924486160278,0.23849110305309296,0.5449396967887878,2
789,0.20526164770126343,0.3336891829967499,0.4610491096973419,2
790,0.21530872583389282,0.37095293402671814,0.4137383699417114,2
791,0.32276350259780884,0.27481698989868164,0.40241947770118713,2
792,0.35778868198394775,0.24608995020389557,0.3961213529109955,2
793,0.22639912366867065,0.35322603583335876,0.4203748106956482,2
794,0.3471118211746216,0.29322782158851624,0.35966038703918457,2
795,0.3423808515071869,0.28900769352912903,0.3686114549636841,2
796,0.41722384095191956,0.2584057152271271,0.32437047362327576,0
797,0.3915485441684723,0.28851085901260376,0.31994062662124634,0
798,0.41116687655448914,0.2659303545951843,0.3229028582572937,0
799,0.45461589097976685,0.20744192600250244,0.33794212341308594,0
800,0.3616035580635071,0.23065930604934692,0.4077371060848236,2
801,0.31055691838264465,0.2776520848274231,0.41179099678993225,2
802,0.30910030007362366,0.31433701515197754,0.3765626549720764,2
803,0.24048422276973724,0.40679556131362915,0.3527202010154724,1
804,0.3092813491821289,0.2988998591899872,0.39181891083717346,2
805,0.38035205006599426,0.24366219341754913,0.375985711812973,0
806,0.42615315318107605,0.2052745521068573,0.36857226490974426,0
807,0.38600531220436096,0.22789861261844635,0.3860960900783539,2
808,0.34197095036506653,0.25382372736930847,0.4042053818702698,2
809,0.3075621724128723,0.26863208413124084,0.423805832862854,2
810,0.2604878842830658,0.30630090832710266,0.43321123719215393,2
811,0.23878444731235504,0.3256671130657196,0.43554848432540894,2
812,0.240581676363945,0.30014368891716003,0.459274560213089,2
813,0.23772282898426056,0.2944711744785309,0.46780604124069214,2
814,0.23446209728717804,0.31366947293281555,0.45186832547187805,2
815,0.21210893988609314,0.3015322685241699,0.4863587021827698,2
816,0.20399878919124603,0.25844746828079224,0.5375537276268005,2
817,0.1994679868221283,0.2479218691587448,0.5526101589202881,2
818,0.20474019646644592,0.2695349454879761,0.5257248878479004,2
819,0.21438997983932495,0.27006128430366516,0.5155486464500427,2
820,0.1986619085073471,0.24097980558872223,0.5603582859039307,2
821,0.23292109370231628,0.20551134645938873,0.5615676045417786,2
822,0.2552065849304199,0.24048317968845367,0.5043102502822876,2
823,0.28760090470314026,0.2749859392642975,0.43741318583488464,2
824,0.2838839888572693,0.24976597726345062,0.4663500189781189,2
825,0.27912670373916626,0.25713327527046204,0.4637400209903717,2
826,0.2841883897781372,0.2774541974067688,0.43835747241973877,2
827,0.2965649962425232,0.24656625092029572,0.4568687975406647,2
828,0.30613043904304504,0.27649617195129395,0.4173733592033386,2
829,0.3852870464324951,0.2593468725681305,0.3553660213947296,0
830,0.3229811191558838,0.3063979744911194,0.37062087655067444,2
831,0.3566495478153229,0.2740306258201599,0.36931976675987244,2
832,0.4083947539329529,0.25623804330825806,0.3353671431541443,0
833,0.40342509746551514,0.2577386796474457,0.3388362526893616,0
834,0.3884282410144806,0.24747084081172943,0.36410096287727356,0
835,0.3711250424385071,0.2600499093532562,0.3688250482082367,0
836,0.4051491916179657,0.25461268424987793,0.34023818373680115,0
837,0.40310177206993103,0.24484413862228394,0.35205408930778503,0
838,0.47116222977638245,0.1740136742591858,0.35482412576675415,0
839,0.38164111971855164,0.23692984879016876,0.3814290761947632,0
840,0.34303200244903564,0.2450086772441864,0.41195932030677795,2
841,0.2905389666557312,0.25169047713279724,0.4577704966068268,2
842,0.2717118263244629,0.26031777262687683,0.4679704010486603,2
843,0.28065231442451477,0.2579432427883148,0.461404412984848,2
844,0.31004422903060913,0.2396201193332672,0.45033565163612366,2
845,0.27450987696647644,0.25155583024024963,0.4739343225955963,2
846,0.27807101607322693,0.2483091652393341,0.47361984848976135,2
847,0.26021432876586914,0.29387009143829346,0.4459156095981598,2
848,0.27491164207458496,0.28622233867645264,0.4388660192489624,2
849,0.28810247778892517,0.2872065007686615,0.4246910810470581,2
850,0.27988797426223755,0.30692967772483826,0.41318240761756897,2
851,0.2815357744693756,0.28627121448516846,0.43219298124313354,2
852,0.281881719827652,0.29233577847480774,0.4257824718952179,2
853,0.2794107496738434,0.2895173728466034,0.4310719072818756,2
854,0.21279138326644897,0.25895819067955017,0.5282504558563232,2
855,0.2546791732311249,0.26275965571403503,0.4825611710548401,2
856,0.20311221480369568,0.2478112280368805,0.5490765571594238,2
857,0.2015659660100937,0.20713816583156586,0.5912958383560181,2
858,0.2419174164533615,0.20086191594600677,0.5572206377983093,2
859,0.23567551374435425,0.2029425948858261,0.5613818764686584,2
860,0.2776801884174347,0.24510863423347473,0.47721123695373535,2
861,0.28147244453430176,0.2471117377281189,0.4714159071445465,2
862,0.2839050590991974,0.29739391803741455,0.41870108246803284,2
863,0.284681499004364,0.2592742443084717,0.4560442268848419,2
864,0.34241950511932373,0.23862342536449432,0.41895705461502075,2
865,0.28505223989486694,0.2311141937971115,0.4838334918022156,2
866,0.29395928978919983,0.21056675910949707,0.4954739809036255,2
867,0.27574414014816284,0.21813707053661346,0.5061188340187073,2
868,0.2927040159702301,0.26344034075737,0.4438556134700775,2
869,0.2998161315917969,0.24937210977077484,0.45081189274787903,2
870,0.3050813376903534,0.29421257972717285,0.40070608258247375,2
871,0.2916559875011444,0.2621770203113556,0.4461670219898224,2
872,0.30470532178878784,0.24533116817474365,0.4499634802341461,2
873,0.20261910557746887,0.1796571910381317,0.6177237033843994,2
874,0.2802720069885254,0.2641686797142029,0.4555593430995941,2
875,0.28922417759895325,0.23606368899345398,0.4747121334075928,2
876,0.19756251573562622,0.1641736626625061,0.6382638216018677,2
877,0.2559588551521301,0.1990458220243454,0.5449953079223633,2
878,0.2879232168197632,0.20630262792110443,0.5057740807533264,2
879,0.3061644434928894,0.2091294527053833,0.4847060441970825,2
880,0.25455594062805176,0.1823204755783081,0.5631235241889954,2
881,0.33278077840805054,0.181234672665596,0.4859846532344818,2
882,0.28953173756599426,0.1959851235151291,0.5144832134246826,2
883,0.24357767403125763,0.16954490542411804,0.5868774652481079,2
884,0.2957247197628021,0.1879357397556305,0.5163396000862122,2
885,0.2631441056728363,0.1579638570547104,0.5788920521736145,2
886,0.25554773211479187,0.17683857679367065,0.5676136612892151,2
887,0.23757867515087128,0.16233593225479126,0.6000853776931763,2
888,0.2107105702161789,0.15348422527313232,0.6358052492141724,2
889,0.20258761942386627,0.14355315268039703,0.6538591980934143,2
890,0.2693702280521393,0.17787380516529083,0.5527560114860535,2
891,0.20373515784740448,0.14247539639472961,0.6537895202636719,2
892,0.2723710834980011,0.20067551732063293,0.5269533395767212,2
893,0.2888135313987732,0.20163534581661224,0.5095511674880981,2
894,0.29466623067855835,0.26377028226852417,0.4415634870529175,2
895,0.3423391878604889,0.23641705513000488,0.4212437868118286,2
896,0.32336652278900146,0.2846831679344177,0.3919503390789032,2
897,0.3462006449699402,0.222321555018425,0.4314778745174408,2
898,0.32555150985717773,0.27115607261657715,0.40329235792160034,2
899,0.3492250144481659,0.26620933413505554,0.3845656216144562,2
900,0.4180179238319397,0.22184494137763977,0.3601371645927429,0
901,0.46683695912361145,0.2107999473810196,0.32236310839653015,0
902,0.47253650426864624,0.20726042985916138,0.3202030658721924,0
903,0.48333558440208435,0.22204330563545227,0.294621080160141,0
904,0.3928508758544922,0.27565014362335205,0.33149898052215576,0
905,0.38185223937034607,0.28658199310302734,0.3315657079219818,0
906,0.28826025128364563,0.2523637115955353,0.4593759775161743,2
907,0.2036682814359665,0.18454578518867493,0.6117859482765198,2
908,0.20860156416893005,0.1912151724100113,0.6001831889152527,2
909,0.21480707824230194,0.1991582065820694,0.5860347151756287,2
910,0.24711306393146515,0.22185444831848145,0.5310325026512146,2
911,0.28362837433815,0.22433461248874664,0.4920370578765869,2
912,0.26953673362731934,0.20371422171592712,0.5267490744590759,2
913,0.27326151728630066,0.19389910995960236,0.532839298248291,2
914,0.27457308769226074,0.20791801810264587,0.517508864402771,2
915,0.28326842188835144,0.19622580707073212,0.5205057263374329,2
916,0.28458335995674133,0.241080179810524,0.47433653473854065,2
917,0.2566397488117218,0.22470608353614807,0.5186541676521301,2
918,0.2670659124851227,0.23945467174053192,0.4934794008731842,2
919,0.26494407653808594,0.24442575871944427,0.490630179643631,2
920,0.26180946826934814,0.25796130299568176,0.4802291989326477,2
921,0.26277267932891846,0.25068384408950806,0.4865434467792511,2
922,0.2583301365375519,0.2711520195007324,0.4705177843570709,2
923,0.2567518651485443,0.3047333359718323,0.43851473927497864,2
924,0.2510792016983032,0.3342292010784149,0.41469159722328186,2
925,0.23746244609355927,0.36297184228897095,0.399565726518631,2
926,0.24811094999313354,0.36993440985679626,0.38195478916168213,2
927,0.23936837911605835,0.3871293067932129,0.37350228428840637,1
928,0.24193188548088074,0.37950846552848816,0.3785596489906311,1
929,0.32895615696907043,0.2810039222240448,0.39003986120224,2
930,0.42766034603118896,0.23454327881336212,0.3377964198589325,0
931,0.3385279178619385,0.262309193611145,0.3991629481315613,2
932,0.3451867699623108,0.23292241990566254,0.4218907952308655,2
933,0.3270566165447235,0.23967598378658295,0.4332674741744995,2
934,0.2896977663040161,0.16287575662136078,0.5474265217781067,2
935,0.31502625346183777,0.218658909201622,0.4663148820400238,2
936,0.4942680597305298,0.13935373723506927,0.36637818813323975,0
937,0.53158038854599,0.12946240603923798,0.33895719051361084,0
938,0.48153284192085266,0.12656904757022858,0.3918982148170471,0
939,0.45687490701675415,0.12956777215003967,0.4135573208332062,0
940,0.38365498185157776,0.18110525608062744,0.43523970246315,2
941,0.3747481405735016,0.20805951952934265,0.41719233989715576,2
942,0.3746742308139801,0.2587202489376068,0.3666054904460907,0
943,0.34069588780403137,0.2827434241771698,0.3765607178211212,2
944,0.34107792377471924,0.2817400395870209,0.3771820664405823,2
945,0.3580828905105591,0.3067704737186432,0.33514663577079773,0
946,0.36950257420539856,0.2875117063522339,0.3429858088493347,0
947,0.3555997312068939,0.2726810574531555,0.37171924114227295,2
948,0.35430869460105896,0.2561691701412201,0.38952213525772095,2
949,0.4133107364177704,0.17930206656455994,0.40738725662231445,0
950,0.3629986047744751,0.24772271513938904,0.38927873969078064,2
951,0.3509292006492615,0.25949549674987793,0.3895752429962158,2
952,0.32306480407714844,0.30137282609939575,0.3755623698234558,2
953,0.2892973721027374,0.36073926091194153,0.34996339678764343,1
954,0.2848457396030426,0.3539236783981323,0.3612305521965027,2
955,0.33055391907691956,0.28812023997306824,0.3813258111476898,2
956,0.3333187699317932,0.28883087635040283,0.3778504431247711,2
957,0.3321426510810852,0.28030815720558167,0.3875492513179779,2
958,0.3368915319442749,0.2611375153064728,0.40197092294692993,2
959,0.43213438987731934,0.17375008761882782,0.39411553740501404,0
960,0.3563475012779236,0.2627659738063812,0.38088658452033997,2
961,0.36439061164855957,0.25944608449935913,0.3761632740497589,2
962,0.24786804616451263,0.36703234910964966,0.3850996792316437,2
963,0.27266111969947815,0.33261415362358093,0.39472469687461853,2
964,0.3067784011363983,0.31411999464035034,0.3791016638278961,2
965,0.2638160288333893,0.3475853204727173,0.38859862089157104,2
966,0.2535366415977478,0.375245064496994,0.37121835350990295,1
967,0.2583550810813904,0.43903154134750366,0.30261334776878357,1
968,0.2737252414226532,0.3909645080566406,0.33531031012535095,1
969,0.25304991006851196,0.4648321866989136,0.28211793303489685,1
970,0.24937355518341064,0.4160526692867279,0.3345738649368286,1
971,0.22621724009513855,0.44990503787994385,0.32387775182724,1
972,0.1756141036748886,0.5273981690406799,0.2969876527786255,1
973,0.20914793014526367,0.4787864089012146,0.31206566095352173,1
974,0.1944148689508438,0.5061713457107544,0.299413800239563,1
975,0.23237615823745728,0.45446982979774475,0.31315404176712036,1
976,0.26440292596817017,0.3648325502872467,0.3707645833492279,2
977,0.2380458414554596,0.3523694574832916,0.40958479046821594,2
978,0.22414636611938477,0.34886613488197327,0.4269874691963196,2
979,0.22722584009170532,0.4181145429611206,0.3546596169471741,1
980,0.2106616199016571,0.4388812780380249,0.3504571318626404,1
981,0.2938399910926819,0.3726344108581543,0.33352553844451904,1
982,0.2080237865447998,0.487077921628952,0.30489832162857056,1
983,0.2797413170337677,0.42277538776397705,0.29748326539993286,1
984,0.32589447498321533,0.37813296914100647,0.2959724962711334,1
985,0.28343823552131653,0.4061581790447235,0.31040358543395996,1
986,0.3040866553783417,0.40317216515541077,0.29274117946624756,1
987,0.2349012941122055,0.48797115683555603,0.2771274745464325,1
988,0.22750647366046906,0.4670209586620331,0.30547255277633667,1
989,0.26628565788269043,0.3816105127334595,0.3521038591861725,1
990,0.21296288073062897,0.4685658812522888,0.31847113370895386,1
991,0.22239308059215546,0.4664798676967621,0.31112709641456604,1
992,0.2369503676891327,0.4768933653831482,0.2861563563346863,1
993,0.22006306052207947,0.5294474959373474,0.2504894733428955,1
994,0.24344246089458466,0.39523184299468994,0.36132577061653137,1
995,0.22118766605854034,0.44743961095809937,0.33137261867523193,1
996,0.25852078199386597,0.3764345347881317,0.36504465341567993,1
997,0.29099056124687195,0.35521697998046875,0.3537924587726593,1
998,0.2359578162431717,0.3379371464252472,0.4261050820350647,2
999,0.28544098138809204,0.32527244091033936,0.389286607503891,2
1000,0.29093578457832336,0.3012917935848236,0.40777239203453064,2
1001,0.2782706916332245,0.30936434864997864,0.4123649299144745,2
1002,0.3002355694770813,0.2577573359012604,0.44200706481933594,2
1003,0.2719825804233551,0.3056206703186035,0.422396719455719,2
1004,0.2626190781593323,0.3234497308731079,0.4139311611652374,2
1005,0.23881444334983826,0.3764556646347046,0.38472986221313477,2
1006,0.30585941672325134,0.3485967218875885,0.3455438017845154,1
1007,0.43702372908592224,0.23059840500354767,0.3323777914047241,0
1008,0.4457005262374878,0.21816928684711456,0.33613020181655884,0
1009,0.41800254583358765,0.23313312232494354,0.3488643169403076,0
1010,0.4288305342197418,0.2205570787191391,0.3506123721599579,0
1011,0.5225765705108643,0.12464785575866699,0.35277560353279114,0
1012,0.5380919575691223,0.11354336887598038,0.3483646512031555,0
1013,0.5128015279769897,0.12935183942317963,0.3578466475009918,0
1014,0.4659710228443146,0.17219115793704987,0.36183786392211914,0
1015,0.44204652309417725,0.20894257724285126,0.3490109443664551,0
1016,0.43639859557151794,0.19747386872768402,0.366127610206604,0
1017,0.418879896402359,0.21683242917060852,0.3642876446247101,0
1018,0.4099002480506897,0.2306300848722458,0.3594697415828705,0
1019,0.42630866169929504,0.2114633470773697,0.3622279763221741,0
1020,0.4008219242095947,0.23249374330043793,0.3666843771934509,0
1021,0.38786688446998596,0.23891869187355042,0.3732145130634308,0
1022,0.37483853101730347,0.2505865693092346,0.3745748698711395,0
1023,0.3705846965312958,0.2591952681541443,0.37022000551223755,0
1024,0.3568916916847229,0.2856317162513733,0.3574766218662262,2
1025,0.3607715666294098,0.2626126706600189,0.3766157329082489,2
1026,0.36137065291404724,0.2444033920764923,0.39422595500946045,2
1027,0.357818067073822,0.2753762900829315,0.3668055534362793,2
1028,0.3511170446872711,0.28639236092567444,0.36249062418937683,2
1029,0.3472948372364044,0.28354427218437195,0.369160920381546,2
1030,0.3216511309146881,0.2733432948589325,0.4050055742263794,2
1031,0.33273935317993164,0.3042803406715393,0.36298033595085144,2
1032,0.33017003536224365,0.2882162034511566,0.3816138207912445,2
1033,0.3360145390033722,0.26428839564323425,0.3996969759464264,2
1034,0.4695332944393158,0.19363874197006226,0.3368279039859772,0
1035,0.4985080361366272,0.17059272527694702,0.3308992385864258,0
1036,0.4103761315345764,0.24429216980934143,0.34533175826072693,0
1037,0.49860459566116333,0.1805729866027832,0.320822536945343,0
1038,0.4460325837135315,0.23556075990200043,0.31840670108795166,0
1039,0.4285852611064911,0.23648609220981598,0.3349286615848541,0
1040,0.3809970021247864,0.2645551562309265,0.35444778203964233,0
1041,0.3626028001308441,0.2841411828994751,0.3532560467720032,0
1042,0.3790094256401062,0.25807666778564453,0.36291390657424927,0
1043,0.36031991243362427,0.2758580148220062,0.3638220727443695,2
1044,0.36959871649742126,0.26115280389785767,0.36924847960472107,0
1045,0.3625284731388092,0.26932868361473083,0.36814284324645996,2
1046,0.35082706809043884,0.2731696665287018,0.3760032653808594,2
1047,0.33896246552467346,0.2999403774738312,0.36109715700149536,2
1048,0.33724239468574524,0.29421350359916687,0.3685440421104431,2
1049,0.33169493079185486,0.31632688641548157,0.3519781529903412,2
1050,0.3349071741104126,0.3085767328739166,0.3565160036087036,2
1051,0.3365519642829895,0.2852204144001007,0.3782276213169098,2
1052,0.3186092674732208,0.299490749835968,0.3819000720977783,2
1053,0.33296850323677063,0.27713945508003235,0.389892041683197,2
1054,0.31187117099761963,0.2765803635120392,0.4115484356880188,2
1055,0.3265215754508972,0.30717530846595764,0.36630314588546753,2
1056,0.32149484753608704,0.30920177698135376,0.3693033456802368,2
1057,0.3109329342842102,0.3080015778541565,0.3810655176639557,2
1058,0.28250256180763245,0.2803027927875519,0.43719467520713806,2
1059,0.27645835280418396,0.26060616970062256,0.4629354774951935,2
1060,0.2518921494483948,0.22962825000286102,0.5184796452522278,2
1061,0.2648816406726837,0.2921830415725708,0.44293534755706787,2
1062,0.2829396724700928,0.3267257809638977,0.39033445715904236,2
1063,0.2830319106578827,0.36420440673828125,0.35276368260383606,1
1064,0.276089072227478,0.26124143600463867,0.4626694619655609,2
1065,0.2737591564655304,0.3306332230567932,0.3956076502799988,2
1066,0.2383154034614563,0.433197945356369,0.32848671078681946,1
1067,0.2580832242965698,0.39367368817329407,0.34824317693710327,1
1068,0.2383718192577362,0.455980122089386,0.30564799904823303,1
1069,0.249319389462471,0.4242881238460541,0.32639244198799133,1
1070,0.2510455548763275,0.3771941661834717,0.3717603087425232,1
1071,0.2763005793094635,0.2471730262041092,0.4765263497829437,2
1072,0.2600422501564026,0.21631485223770142,0.5236429572105408,2
1073,0.25889766216278076,0.25405725836753845,0.4870449900627136,2
1074,0.27004942297935486,0.31527596712112427,0.4146745800971985,2
1075,0.23858419060707092,0.42191553115844727,0.3395003080368042,1
1076,0.23266763985157013,0.3913688063621521,0.37596362829208374,1
1077,0.21084478497505188,0.44478827714920044,0.3443669378757477,1
1078,0.2216409593820572,0.430020272731781,0.3483388423919678,1
1079,0.220143124461174,0.4247716963291168,0.35508525371551514,1
1080,0.22829608619213104,0.4035255014896393,0.3681783974170685,1
1081,0.22246862947940826,0.3963659703731537,0.38116544485092163,1
1082,0.22456048429012299,0.41587913036346436,0.35956043004989624,1
1083,0.2095683068037033,0.4420986771583557,0.34833312034606934,1
1084,0.24436897039413452,0.43036749958992004,0.3252635598182678,1
1085,0.2299657016992569,0.4401993751525879,0.3298349976539612,1
1086,0.23391759395599365,0.48588117957115173,0.28020113706588745,1
1087,0.24575933814048767,0.4820786416530609,0.2721620202064514,1
1088,0.25820353627204895,0.48888081312179565,0.2529155910015106,1
1089,0.2739679217338562,0.44465169310569763,0.2813803553581238,1
1090,0.23422494530677795,0.4365922212600708,0.32918277382850647,1
1091,0.22523261606693268,0.44624388217926025,0.3285234272480011,1
1092,0.24963438510894775,0.4187023639678955,0.33166322112083435,1
1093,0.2920351028442383,0.3966626524925232,0.3113022744655609,1
1094,0.23448723554611206,0.4288880527019501,0.3366246819496155,1
1095,0.2530766427516937,0.4140484035015106,0.33287501335144043,1
1096,0.2968956530094147,0.3506242334842682,0.3524801433086395,2
1097,0.2995741069316864,0.3561199903488159,0.3443058729171753,1
1098,0.29453274607658386,0.355165958404541,0.3503013551235199,1
1099,0.2628672420978546,0.3642047345638275,0.37292802333831787,2
1100,0.29592224955558777,0.35025280714035034,0.3538249135017395,2
1101,0.2567638158798218,0.42007312178611755,0.32316306233406067,1
1102,0.282073050737381,0.4033395051956177,0.3145875036716461,1
1103,0.29595983028411865,0.3971625864505768,0.30687764286994934,1
1104,0.3332488238811493,0.3514980971813202,0.3152531087398529,1
1105,0.24045172333717346,0.4266069829463959,0.33294132351875305,1
1106,0.24841727316379547,0.418495237827301,0.3330874443054199,1
1107,0.22409524023532867,0.45873400568962097,0.31717076897621155,1
1108,0.2236233949661255,0.42909857630729675,0.347277969121933,1
1109,0.22993023693561554,0.46379005908966064,0.30627962946891785,1
1110,0.2994716763496399,0.4196412265300751,0.28088706731796265,1
1111,0.32311657071113586,0.4123597741127014,0.26452356576919556,1
1112,0.3079913258552551,0.4271507263183594,0.2648579478263855,1
1113,0.28636634349823,0.4268653094768524,0.28676825761795044,1
1114,0.2873113453388214,0.42137208580970764,0.29131653904914856,1
1115,0.27395910024642944,0.4445239305496216,0.281516969203949,1
1116,0.2633512020111084,0.46069806814193726,0.27595072984695435,1
1117,0.2523292601108551,0.4689542353153229,0.27871638536453247,1
1118,0.2436676323413849,0.47235599160194397,0.28397634625434875,1
1119,0.2747724652290344,0.3947274386882782,0.3305000066757202,1
1120,0.287301242351532,0.33566513657569885,0.37703371047973633,2
1121,0.2626447379589081,0.3581134080886841,0.37924185395240784,2
1122,0.2649574279785156,0.2898906469345093,0.4451518952846527,2
1123,0.21417061984539032,0.4476507306098938,0.3381785452365875,1
1124,0.287213534116745,0.38951733708381653,0.32326918840408325,1
1125,0.2706577479839325,0.39222660660743713,0.33711564540863037,1
1126,0.24694810807704926,0.42437243461608887,0.3286794424057007,1
1127,0.34367457032203674,0.34229937195777893,0.31402596831321716,0
1128,0.3787253499031067,0.3147362172603607,0.3065384030342102,0
1129,0.34963586926460266,0.31223052740097046,0.3381335437297821,0
1130,0.2596822679042816,0.397092342376709,0.3432253897190094,1
1131,0.20739857852458954,0.43301230669021606,0.3595890700817108,1
1132,0.25343555212020874,0.3684293031692505,0.3781351149082184,2
1133,0.2847753167152405,0.3426803648471832,0.37254437804222107,2
1134,0.23683665692806244,0.41585665941238403,0.3473066985607147,1
1135,0.25600337982177734,0.43214428424835205,0.3118523955345154,1
1136,0.27141353487968445,0.405494749546051,0.3230918049812317,1
1137,0.2712782621383667,0.36704033613204956,0.36168140172958374,1
1138,0.24146494269371033,0.38279998302459717,0.3757350444793701,1
1139,0.22747677564620972,0.40749526023864746,0.36502787470817566,1
1140,0.2376183718442917,0.4040125906467438,0.35836899280548096,1
1141,0.26943284273147583,0.3882278501987457,0.34233930706977844,1
1142,0.2372782677412033,0.4112911820411682,0.3514304459095001,1
1143,0.28016766905784607,0.3785727322101593,0.341259628534317,1
1144,0.2972489297389984,0.36688148975372314,0.3358694911003113,1
1145,0.2637057304382324,0.36994218826293945,0.36635205149650574,1
1146,0.2412816286087036,0.3917010426521301,0.36701735854148865,1
1147,0.24722078442573547,0.39939144253730774,0.353387713432312,1
1148,0.25834307074546814,0.33270978927612305,0.4089471399784088,2
1149,0.2281263768672943,0.41816815733909607,0.35370540618896484,1
1150,0.2670591473579407,0.36911559104919434,0.36382532119750977,1
1151,0.2531728744506836,0.274259090423584,0.4725680351257324,2
1152,0.2627359628677368,0.31724342703819275,0.4200206398963928,2
1153,0.2115112692117691,0.42144110798835754,0.36704760789871216,1
1154,0.20188426971435547,0.4423123598098755,0.35580331087112427,1
1155,0.20964935421943665,0.40713566541671753,0.38321492075920105,1
1156,0.25018537044525146,0.40873146057128906,0.3410831689834595,1
1157,0.23532862961292267,0.41858839988708496,0.3460829555988312,1
1158,0.2741183638572693,0.35323911905288696,0.372642457485199,2
1159,0.2851552963256836,0.3756594955921173,0.3391851782798767,1
1160,0.26990342140197754,0.43846502900123596,0.29163146018981934,1
1161,0.23976515233516693,0.4348500072956085,0.32538485527038574,1
1162,0.4244351089000702,0.26814669370651245,0.3074181377887726,0
1163,0.3651396632194519,0.28958186507225037,0.34527841210365295,0
1164,0.2677558362483978,0.3648049533367157,0.3674390912055969,2
1165,0.23433628678321838,0.4125961363315582,0.353067547082901,1
1166,0.24619854986667633,0.4079015552997589,0.3458998501300812,1
1167,0.24168547987937927,0.4207507073879242,0.33756372332572937,1
1168,0.2114284783601761,0.4513070285320282,0.3372644782066345,1
1169,0.23336321115493774,0.4296283721923828,0.3370085060596466,1
1170,0.24054506421089172,0.41747045516967773,0.34198451042175293,1
1171,0.24554243683815002,0.38538336753845215,0.36907416582107544,1
1172,0.2625638544559479,0.345073401927948,0.39236271381378174,2
1173,0.25037482380867004,0.35699203610420227,0.3926330506801605,2
1174,0.27107247710227966,0.32625189423561096,0.40267571806907654,2
1175,0.2997124195098877,0.29779037833213806,0.40249723196029663,2
1176,0.29664990305900574,0.2859027683734894,0.41744735836982727,2
1177,0.27623170614242554,0.32818368077278137,0.39558467268943787,2
1178,0.2398504763841629,0.3460193872451782,0.41413015127182007,2
1179,0.2296048402786255,0.33239689469337463,0.4379982650279999,2
1180,0.2418397068977356,0.3023186922073364,0.45584163069725037,2
1181,0.2654854953289032,0.3770957589149475,0.35741883516311646,1
1182,0.3107283413410187,0.34095779061317444,0.3483138382434845,2
1183,0.3233104348182678,0.3447788655757904,0.3319106698036194,1
1184,0.2971144914627075,0.3689765930175781,0.33390894532203674,1
1185,0.23562262952327728,0.4118953049182892,0.3524820804595947,1
1186,0.1792943924665451,0.44842809438705444,0.37227749824523926,1
1187,0.1806972175836563,0.45434239506721497,0.3649604618549347,1
1188,0.2108815610408783,0.44855231046676636,0.34056615829467773,1
1189,0.22239044308662415,0.45499181747436523,0.32261762022972107,1
1190,0.22813349962234497,0.4579842984676361,0.3138822019100189,1
1191,0.2614342272281647,0.29949790239334106,0.4390678405761719,2
1192,0.24190020561218262,0.29446637630462646,0.4636334776878357,2
1193,0.2808988094329834,0.31484249234199524,0.40425872802734375,2
1194,0.2676708400249481,0.33252203464508057,0.39980706572532654,2
1195,0.2774352729320526,0.32465770840644836,0.397907018661499,2
1196,0.2910750210285187,0.29845455288887024,0.41047048568725586,2
1197,0.2915855944156647,0.2979121208190918,0.4105023145675659,2
1198,0.2344266027212143,0.20394566655158997,0.5616277456283569,2
1199,0.22423583269119263,0.2018314003944397,0.5739327669143677,2
1200,0.20432129502296448,0.15828026831150055,0.6373984813690186,2
1201,0.2264549881219864,0.21804462373256683,0.5555003881454468,2
1202,0.22373154759407043,0.17001736164093018,0.6062511205673218,2
1203,0.20681536197662354,0.29088202118873596,0.5023025870323181,2
1204,0.20119516551494598,0.32075491547584534,0.4780499339103699,2
1205,0.17019228637218475,0.41160911321640015,0.4181986451148987,2
1206,0.16025185585021973,0.4827396273612976,0.35700854659080505,1
1207,0.23018907010555267,0.36267542839050293,0.407135546207428,2
1208,0.20509526133537292,0.39615002274513245,0.3987547755241394,2
1209,0.24950405955314636,0.28874266147613525,0.461753249168396,2
1210,0.20531432330608368,0.34919238090515137,0.4454933702945709,2
1211,0.20626768469810486,0.30054396390914917,0.49318841099739075,2
1212,0.21879112720489502,0.3126186430454254,0.46859025955200195,2
1213,0.22675344347953796,0.3039819300174713,0.46926459670066833,2
1214,0.23126159608364105,0.3041258454322815,0.46461257338523865,2
1215,0.22813883423805237,0.30096328258514404,0.4708978235721588,2
1216,0.24681921303272247,0.28277501463890076,0.4704057276248932,2
1217,0.2290019690990448,0.2978241443634033,0.4731738567352295,2
1218,0.23037593066692352,0.3228718340396881,0.44675225019454956,2
1219,0.24160999059677124,0.3616272509098053,0.3967628479003906,2
1220,0.2546125054359436,0.3614380955696106,0.38394948840141296,2
1221,0.31192949414253235,0.31080392003059387,0.37726664543151855,2
1222,0.3630521893501282,0.2713547646999359,0.3655930161476135,2
1223,0.3774429261684418,0.28549492359161377,0.33706218004226685,0
1224,0.3497150242328644,0.28524357080459595,0.3650413751602173,2
1225,0.4337811768054962,0.24321311712265015,0.32300570607185364,0
1226,0.3162749111652374,0.27960827946662903,0.40411674976348877,2
1227,0.33963093161582947,0.2957763075828552,0.3645928204059601,2
1228,0.32446908950805664,0.2985687851905823,0.3769620954990387,2
1229,0.3421783149242401,0.30742061138153076,0.35040104389190674,2
1230,0.3529086709022522,0.2942879796028137,0.35280340909957886,0
1231,0.37920525670051575,0.302756667137146,0.31803804636001587,0
1232,0.34283632040023804,0.2803175151348114,0.37684622406959534,2
1233,0.36603355407714844,0.2754936218261719,0.3584728240966797,0
1234,0.2763574719429016,0.2944393455982208,0.42920321226119995,2
1235,0.3080814480781555,0.25677958130836487,0.4351389706134796,2
1236,0.2889368534088135,0.24692904949188232,0.4641340970993042,2
1237,0.24929986894130707,0.22529365122318268,0.5254064202308655,2
1238,0.23301571607589722,0.19720807671546936,0.5697761178016663,2
1239,0.24588915705680847,0.2195669561624527,0.5345439314842224,2
1240,0.28206339478492737,0.2391972541809082,0.47873929142951965,2
1241,0.3010157346725464,0.24477696418762207,0.45420733094215393,2
1242,0.2517445981502533,0.24775396287441254,0.5005013942718506,2
1243,0.24040508270263672,0.2535344064235687,0.5060605406761169,2
1244,0.2685849964618683,0.2577807903289795,0.47363412380218506,2
1245,0.26625126600265503,0.291352778673172,0.442395955324173,2
1246,0.2715126574039459,0.3240646421909332,0.40442273020744324,2
1247,0.2872633635997772,0.3035568296909332,0.40917983651161194,2
1248,0.2762485444545746,0.29439327120780945,0.4293581545352936,2
1249,0.24210040271282196,0.34368664026260376,0.4142129421234131,2
1250,0.2465105950832367,0.36503738164901733,0.38845211267471313,2
1251,0.24254809319972992,0.3600158393383026,0.3974360525608063,2
1252,0.23337207734584808,0.35089775919914246,0.41573014855384827,2
1253,0.22176964581012726,0.4282485246658325,0.3499819040298462,1
1254,0.21950146555900574,0.4182323217391968,0.3622661828994751,1
1255,0.23318174481391907,0.401070237159729,0.36574816703796387,1
1256,0.28790929913520813,0.3774220943450928,0.33466866612434387,1
1257,0.2979415953159332,0.2807140350341797,0.4213443100452423,2
1258,0.27783140540122986,0.2714449465274811,0.45072370767593384,2
1259,0.23898960649967194,0.33397868275642395,0.4270317256450653,2
1260,0.3218403458595276,0.31578320264816284,0.3623764216899872,2
1261,0.35362234711647034,0.29902783036231995,0.3473498225212097,0
1262,0.33619627356529236,0.3059983551502228,0.35780543088912964,2
1263,0.29883113503456116,0.30088871717453003,0.4002802073955536,2
1264,0.35344797372817993,0.29110634326934814,0.35544565320014954,2
1265,0.3052343428134918,0.32021668553352356,0.3745489716529846,2
1266,0.3019278049468994,0.32072386145591736,0.3773483633995056,2
1267,0.23433876037597656,0.38203972578048706,0.3836215138435364,2
1268,0.2783567011356354,0.37316253781318665,0.348480761051178,1
1269,0.2619916796684265,0.4041714668273926,0.33383694291114807,1
1270,0.3049878478050232,0.34433072805404663,0.3506813645362854,2
1271,0.28350287675857544,0.32558774948120117,0.39090943336486816,2
1272,0.28054237365722656,0.36238154768943787,0.35707610845565796,1
1273,0.24330772459506989,0.38128137588500977,0.3754109740257263,1
1274,0.2689833641052246,0.2752515971660614,0.4557649493217468,2
1275,0.27682673931121826,0.3272448778152466,0.3959283232688904,2
1276,0.2764718234539032,0.35187071561813354,0.37165752053260803,2
1277,0.31749778985977173,0.3388456106185913,0.34365659952163696,2
1278,0.2911791503429413,0.4331727921962738,0.2756480276584625,1
1279,0.29177185893058777,0.41933733224868774,0.2888908088207245,1
1280,0.296766072511673,0.4322313964366913,0.2710026800632477,1
1281,0.3993743658065796,0.2569018006324768,0.343723863363266,0
1282,0.30442938208580017,0.2581947147846222,0.43737590312957764,2
1283,0.3389465808868408,0.29756227135658264,0.36349114775657654,2
1284,0.26040130853652954,0.2790476381778717,0.46055102348327637,2
1285,0.23483169078826904,0.19286392629146576,0.5723044276237488,2
1286,0.27673226594924927,0.326170414686203,0.3970973491668701,2
1287,0.27606266736984253,0.3680582642555237,0.3558790981769562,1
1288,0.2680269777774811,0.3817991316318512,0.3501739203929901,1
1289,0.2682247757911682,0.3403768539428711,0.3913983702659607,2
1290,0.2583208978176117,0.38760581612586975,0.35407328605651855,1
1291,0.2711060047149658,0.3808627426624298,0.348031222820282,1
1292,0.2544948160648346,0.3818780481815338,0.3636271357536316,1
1293,0.25147268176078796,0.32568854093551636,0.4228387773036957,2
1294,0.28030073642730713,0.31835052371025085,0.401348739862442,2
1295,0.2711135447025299,0.33934152126312256,0.38954493403434753,2
1296,0.3310103118419647,0.3202197551727295,0.34876981377601624,2
1297,0.2842532694339752,0.36971431970596313,0.34603238105773926,1
1298,0.23640374839305878,0.4108797609806061,0.3527165651321411,1
1299,0.25296536087989807,0.4187590181827545,0.3282757103443146,1
1300,0.21771253645420074,0.47526639699935913,0.30702102184295654,1
1301,0.24356652796268463,0.46573182940483093,0.29070165753364563,1
1302,0.221075639128685,0.4888692796230316,0.2900550961494446,1
1303,0.2789343297481537,0.4578983783721924,0.26316723227500916,1
1304,0.2500768005847931,0.48662105202674866,0.26330217719078064,1
1305,0.21924947202205658,0.5189725160598755,0.2617778778076172,1
1306,0.20966391265392303,0.46921736001968384,0.32111865282058716,1
1307,0.1969548910856247,0.5098892450332642,0.29315581917762756,1
1308,0.18910503387451172,0.49134185910224915,0.31955310702323914,1
1309,0.23602798581123352,0.4372204542160034,0.3267515003681183,1
1310,0.21810345351696014,0.4789118766784668,0.30298471450805664,1
1311,0.22226782143115997,0.47079721093177795,0.30693504214286804,1
1312,0.20896226167678833,0.4910605251789093,0.29997724294662476,1
1313,0.21496382355690002,0.5012202858924866,0.283815860748291,1
1314,0.2352350801229477,0.4876100718975067,0.2771548926830292,1
1315,0.230683833360672,0.5017035007476807,0.26761263608932495,1
1316,0.2565360963344574,0.49067580699920654,0.25278815627098083,1
1317,0.22547763586044312,0.5077306032180786,0.26679176092147827,1
1318,0.22595565021038055,0.5196213722229004,0.25442299246788025,1
1319,0.20982404053211212,0.5487179756164551,0.2414579838514328,1
1320,0.2865312695503235,0.4237577021121979,0.28971102833747864,1
1321,0.2654725909233093,0.39691799879074097,0.3376094102859497,1
1322,0.27351921796798706,0.33576297760009766,0.3907178044319153,2
1323,0.25383153557777405,0.39343276619911194,0.35273563861846924,1
1324,0.25577041506767273,0.43868565559387207,0.3055438995361328,1
1325,0.2468784898519516,0.4277538061141968,0.3253677487373352,1
1326,0.2784351706504822,0.48408928513526917,0.23747555911540985,1
1327,0.20587433874607086,0.6115971803665161,0.18252849578857422,1
1328,0.21338483691215515,0.6416285634040833,0.14498655498027802,1
1329,0.24355781078338623,0.5519086122512817,0.20453354716300964,1
1330,0.18877094984054565,0.5780035853385925,0.2332255095243454,1
1331,0.214664027094841,0.4849274158477783,0.3004085421562195,1
1332,0.19207872450351715,0.5176191329956055,0.2903021574020386,1
1333,0.20171143114566803,0.4998874366283417,0.2984011471271515,1
1334,0.19771632552146912,0.4744907021522522,0.32779306173324585,1
1335,0.20716413855552673,0.4828188717365265,0.3100169897079468,1
1336,0.18512120842933655,0.5266343951225281,0.2882445454597473,1
1337,0.17484529316425323,0.5890772342681885,0.23607738316059113,1
1338,0.16592516005039215,0.6277410984039307,0.20633377134799957,1
1339,0.2119227945804596,0.5432984232902527,0.24477878212928772,1
1340,0.21968404948711395,0.5511226654052734,0.22919316589832306,1
1341,0.24770891666412354,0.517587423324585,0.23470371961593628,1
1342,0.19225956499576569,0.5764060616493225,0.23133432865142822,1
1343,0.26485195755958557,0.5001951456069946,0.2349528819322586,1
1344,0.23402003943920135,0.5324256420135498,0.23355434834957123,1
1345,0.22600312530994415,0.5385382175445557,0.23545868694782257,1
1346,0.17423327267169952,0.5898702144622803,0.2358965426683426,1
1347,0.18759703636169434,0.5271211862564087,0.2852817475795746,1
1348,0.17921145260334015,0.5705851316452026,0.2502034306526184,1
1349,0.19722333550453186,0.5562809109687805,0.24649569392204285,1
1350,0.23720312118530273,0.5302527546882629,0.23254413902759552,1
1351,0.21474789083003998,0.5503303408622742,0.23492179811000824,1
1352,0.1918994039297104,0.5825773477554321,0.22552326321601868,1
1353,0.24273408949375153,0.5243028402328491,0.23296301066875458,1
1354,0.26150622963905334,0.4902947247028351,0.24819906055927277,1
1355,0.19173821806907654,0.5616316199302673,0.24663007259368896,1
1356,0.17565739154815674,0.596659243106842,0.22768329083919525,1
1357,0.17336885631084442,0.554095447063446,0.2725358307361603,1
1358,0.18155835568904877,0.54323410987854,0.2752074599266052,1
1359,0.17446056008338928,0.5596414804458618,0.2658979594707489,1
1360,0.18066339194774628,0.5485147833824158,0.270821750164032,1
1361,0.16701090335845947,0.5691653490066528,0.2638237476348877,1
1362,0.17188654839992523,0.5683642625808716,0.2597491443157196,1
1363,0.19261609017848969,0.5620867609977722,0.24529726803302765,1
1364,0.17260196805000305,0.596549928188324,0.23084808886051178,1
1365,0.17865127325057983,0.5756998658180237,0.24564892053604126,1
1366,0.2222777158021927,0.5423460602760315,0.23537608981132507,1
1367,0.21408814191818237,0.5469567179679871,0.23895509541034698,1
1368,0.2048799693584442,0.5735267996788025,0.2215932458639145,1
1369,0.19194960594177246,0.546383261680603,0.2616672217845917,1
1370,0.2280009388923645,0.2704443037509918,0.5015547871589661,2
1371,0.2555639147758484,0.2960558831691742,0.44838017225265503,2
1372,0.24887189269065857,0.3327715992927551,0.4183564782142639,2
1373,0.24031606316566467,0.3992132246494293,0.36047065258026123,1
1374,0.24712195992469788,0.4310344457626343,0.32184356451034546,1
1375,0.22551195323467255,0.5315819382667542,0.2429061233997345,1
1376,0.23196201026439667,0.5398120880126953,0.22822587192058563,1
1377,0.18561920523643494,0.5666994452476501,0.24768131971359253,1
1378,0.14317891001701355,0.6184696555137634,0.23835138976573944,1
1379,0.14519183337688446,0.5762262344360352,0.27858197689056396,1
1380,0.15819384157657623,0.5723226070404053,0.2694835066795349,1
1381,0.17389503121376038,0.4814322292804718,0.3446727395057678,1
1382,0.16868586838245392,0.4936758279800415,0.3376382887363434,1
1383,0.17463892698287964,0.4885511100292206,0.33680999279022217,1
1384,0.1652240753173828,0.5025054216384888,0.3322705328464508,1
1385,0.1788991391658783,0.48552757501602173,0.3355731964111328,1
1386,0.181908518075943,0.4564591646194458,0.3616323471069336,1
1387,0.18467572331428528,0.4573683440685272,0.3579558730125427,1
1388,0.20960776507854462,0.5330677032470703,0.2573244869709015,1
1389,0.2110624760389328,0.5191643834114075,0.2697731852531433,1
1390,0.21212290227413177,0.5126262903213501,0.27525076270103455,1
1391,0.19629625976085663,0.5366199612617493,0.2670837938785553,1
1392,0.19561290740966797,0.5194214582443237,0.2849655747413635,1
1393,0.17523957788944244,0.5052493214607239,0.3195110857486725,1
1394,0.2556031048297882,0.3459373116493225,0.3984594941139221,2
1395,0.24625055491924286,0.36585313081741333,0.3878963887691498,2
1396,0.2681330740451813,0.376153826713562,0.3557131886482239,1
1397,0.29762813448905945,0.36744195222854614,0.334929883480072,1
1398,0.3156510889530182,0.3796863257884979,0.3046625256538391,1
1399,0.2923121750354767,0.42031386494636536,0.28737401962280273,1
1400,0.35717153549194336,0.4039689600467682,0.23885957896709442,1
1401,0.30406421422958374,0.4344557225704193,0.2614801526069641,1
1402,0.29293158650398254,0.3603909909725189,0.34667733311653137,1
1403,0.2915378212928772,0.39606040716171265,0.31240177154541016,1
1404,0.33632370829582214,0.3945309817790985,0.2691452205181122,1
1405,0.2575313448905945,0.4516202509403229,0.29084837436676025,1
1406,0.2573149502277374,0.4602808654308319,0.2824041545391083,1
1407,0.292243629693985,0.4444771409034729,0.2632791996002197,1
1408,0.22455041110515594,0.5017175078392029,0.27373206615448,1
1409,0.21863986551761627,0.5158020257949829,0.2655580937862396,1
1410,0.19998139142990112,0.5361875891685486,0.26383092999458313,1
1411,0.19773082435131073,0.5556526184082031,0.24661657214164734,1
1412,0.2057483196258545,0.5502091646194458,0.24404245615005493,1
1413,0.1835048347711563,0.5629356503486633,0.25355958938598633,1
1414,0.19797265529632568,0.5518887639045715,0.2501385509967804,1
1415,0.21573637425899506,0.5366833209991455,0.24758030474185944,1
1416,0.21608397364616394,0.5187112092971802,0.2652048170566559,1
1417,0.17919334769248962,0.5467802882194519,0.27402642369270325,1
1418,0.18535418808460236,0.5410692691802979,0.2735764980316162,1
1419,0.17649729549884796,0.5480067133903503,0.2754959464073181,1
1420,0.17085641622543335,0.5505006909370422,0.278642863035202,1
1421,0.19449633359909058,0.5354290008544922,0.2700746953487396,1
1422,0.1801244467496872,0.5393562912940979,0.2805192172527313,1
1423,0.2667102515697479,0.48384714126586914,0.24944259226322174,1
1424,0.2115444839000702,0.5436468124389648,0.24480873346328735,1
1425,0.32806429266929626,0.39310184121131897,0.2788338363170624,1
1426,0.1840859353542328,0.5403098464012146,0.2756041884422302,1
1427,0.19962026178836823,0.5442409515380859,0.2561388313770294,1
1428,0.1872454136610031,0.5566246509552002,0.2561299204826355,1
1429,0.1763191670179367,0.5854130387306213,0.23826785385608673,1
1430,0.17162646353244781,0.5847967863082886,0.24357670545578003,1
1431,0.16716788709163666,0.5863444209098816,0.24648770689964294,1
1432,0.20076337456703186,0.5428310632705688,0.2564055323600769,1
1433,0.34173497557640076,0.38920679688453674,0.2690582871437073,1
1434,0.28847938776016235,0.41427943110466003,0.2972412705421448,1
1435,0.2810954749584198,0.395473450422287,0.3234310448169708,1
1436,0.2873171269893646,0.405751496553421,0.30693140625953674,1
1437,0.28204917907714844,0.4086552858352661,0.30929556488990784,1
1438,0.2725149989128113,0.4109012484550476,0.3165838122367859,1
1439,0.24311605095863342,0.44263967871665955,0.31424427032470703,1
1440,0.25163915753364563,0.4162062108516693,0.33215466141700745,1
1441,0.2569942772388458,0.43790310621261597,0.3051025867462158,1
1442,0.2575405538082123,0.44066646695137024,0.3017928898334503,1
1443,0.2508121728897095,0.46137890219688416,0.28780892491340637,1
1444,0.2779181897640228,0.39862561225891113,0.3234562277793884,1
1445,0.2488834410905838,0.45025965571403503,0.30085694789886475,1
1446,0.24612782895565033,0.44458499550819397,0.30928727984428406,1
1447,0.26363736391067505,0.4663470387458801,0.2700156569480896,1
1448,0.29869136214256287,0.4606504738330841,0.24065811932086945,1
1449,0.289667546749115,0.4507409334182739,0.2595914900302887,1
1450,0.2721898555755615,0.48155272006988525,0.24625737965106964,1
1451,0.2881218492984772,0.4227467477321625,0.28913140296936035,1
1452,0.27067285776138306,0.4191894233226776,0.31013771891593933,1
1453,0.29709702730178833,0.4133211672306061,0.2895817756652832,1
1454,0.29356178641319275,0.3922419250011444,0.31419631838798523,1
1455,0.25598078966140747,0.4415472447872162,0.30247193574905396,1
1456,0.30762389302253723,0.37630119919776917,0.3160748779773712,1
1457,0.31085526943206787,0.373363733291626,0.31578096747398376,1
1458,0.25368884205818176,0.41529381275177,0.3310173451900482,1
1459,0.21590006351470947,0.4885472357273102,0.29555270075798035,1
1460,0.20116403698921204,0.535880982875824,0.2629550099372864,1
1461,0.253045916557312,0.4702983498573303,0.27665579319000244,1
1462,0.22718536853790283,0.5323248505592346,0.24048970639705658,1
1463,0.26377934217453003,0.46641403436660767,0.26980656385421753,1
1464,0.22564178705215454,0.5213848352432251,0.252973347902298,1
1465,0.17343510687351227,0.5891945362091064,0.23737040162086487,1
1466,0.22268572449684143,0.5472174882888794,0.23009678721427917,1
1467,0.23929469287395477,0.32133519649505615,0.43937015533447266,2
1468,0.17542393505573273,0.5815330743789673,0.2430429309606552,1
1469,0.1853809803724289,0.5608968138694763,0.2537221610546112,1
1470,0.1993582844734192,0.6134997606277466,0.18714188039302826,1
1471,0.1183871254324913,0.7349860072135925,0.1466270089149475,1
1472,0.19916236400604248,0.6195023655891418,0.18133528530597687,1
1473,0.336719274520874,0.3939777612686157,0.2693028450012207,1
1474,0.308851957321167,0.41847357153892517,0.2726745009422302,1
1475,0.2554680109024048,0.49638283252716064,0.24814921617507935,1
1476,0.26133155822753906,0.49425211548805237,0.24441632628440857,1
1477,0.23151610791683197,0.537571907043457,0.23091194033622742,1
1478,0.3114914000034332,0.44540682435035706,0.24310173094272614,1
1479,0.2535378634929657,0.4669989049434662,0.2794632017612457,1
1480,0.16751714050769806,0.5576374530792236,0.2748454511165619,1
1481,0.18034513294696808,0.44468897581100464,0.3749657869338989,1
1482,0.1651332676410675,0.4715639352798462,0.3633028268814087,1
1483,0.214201420545578,0.35710203647613525,0.4286966025829315,2
1484,0.22980809211730957,0.25377988815307617,0.5164119601249695,2
1485,0.25590217113494873,0.4312361180782318,0.3128616213798523,1
1486,0.2553776502609253,0.3935133218765259,0.35110902786254883,1
1487,0.23032166063785553,0.40436476469039917,0.3653135299682617,1
1488,0.22754500806331635,0.4468316435813904,0.3256232440471649,1
1489,0.13192184269428253,0.5694014430046082,0.29867663979530334,1
1490,0.16587629914283752,0.5599879026412964,0.2741357684135437,1
1491,0.23214761912822723,0.5172041654586792,0.25064817070961,1
1492,0.18676258623600006,0.626078188419342,0.18715925514698029,1
1493,0.1481403410434723,0.6824920177459717,0.169367715716362,1
1494,0.19746233522891998,0.5452514886856079,0.2572861909866333,1
1495,0.14757612347602844,0.585311770439148,0.2671121656894684,1
1496,0.17492473125457764,0.5299146771430969,0.2951606214046478,1
1497,0.18702219426631927,0.5596944689750671,0.2532832622528076,1
1498,0.193161740899086,0.5408468842506409,0.26599135994911194,1
1499,0.19488535821437836,0.5294439792633057,0.2756706476211548,1
1500,0.20391705632209778,0.450693279504776,0.3453896641731262,1
1501,0.2225658893585205,0.3912469744682312,0.38618719577789307,1
1502,0.21381710469722748,0.42392703890800476,0.36225587129592896,1
1503,0.23859477043151855,0.39375215768814087,0.36765310168266296,1
1504,0.3313385248184204,0.29667750000953674,0.37198394536972046,2
1505,0.3431725800037384,0.25959354639053345,0.39723390340805054,2
1506,0.2526719570159912,0.14980629086494446,0.5975217223167419,2
1507,0.22241395711898804,0.2797575891017914,0.4978284239768982,2
1508,0.2485305666923523,0.27052515745162964,0.4809441864490509,2
1509,0.2593270242214203,0.3033078908920288,0.4373650848865509,2
1510,0.2672213613986969,0.38609644770622253,0.34668222069740295,1
1511,0.24103596806526184,0.3580434024333954,0.4009206295013428,2
1512,0.21460604667663574,0.48638930916786194,0.2990046441555023,1
1513,0.17997997999191284,0.48439404368400574,0.3356260061264038,1
1514,0.23914648592472076,0.33175885677337646,0.42909470200538635,2
1515,0.2686833441257477,0.2841336131095886,0.4471830129623413,2
1516,0.3025006949901581,0.3004968464374542,0.3970024883747101,2
1517,0.22924959659576416,0.44174355268478394,0.32900673151016235,1
1518,0.26705464720726013,0.4007067084312439,0.33223870396614075,1
1519,0.2887331545352936,0.37388303875923157,0.3373837471008301,1
1520,0.37153470516204834,0.33405813574790955,0.2944071292877197,0
1521,0.31746095418930054,0.41031962633132935,0.27221938967704773,1
1522,0.22096268832683563,0.539903998374939,0.2391333431005478,1
1523,0.18310394883155823,0.5876308083534241,0.2292652279138565,1
1524,0.27379417419433594,0.530562698841095,0.19564318656921387,1
1525,0.27585357427597046,0.5263784527778625,0.19776804745197296,1
1526,0.2300918698310852,0.5802627205848694,0.1896454095840454,1
1527,0.2629641592502594,0.5244166254997253,0.2126191258430481,1
1528,0.25292444229125977,0.4656466245651245,0.2814289629459381,1
1529,0.21351663768291473,0.5370054244995117,0.24947784841060638,1
1530,0.30987587571144104,0.37647056579589844,0.3136536180973053,1
1531,0.38687533140182495,0.2852267920970917,0.32789796590805054,0
1532,0.1999790519475937,0.5199864506721497,0.2800343930721283,1
1533,0.29518258571624756,0.3746758699417114,0.33014145493507385,1
1534,0.19760477542877197,0.5199375152587891,0.2824576795101166,1
1535,0.17569084465503693,0.5361460447311401,0.28816303610801697,1
1536,0.22916735708713531,0.5342882871627808,0.23654426634311676,1
1537,0.28793177008628845,0.45348167419433594,0.2585866153240204,1
1538,0.25983428955078125,0.395390123128891,0.34477564692497253,1
1539,0.16063572466373444,0.5262744426727295,0.3130897283554077,1
1540,0.16289429366588593,0.521023690700531,0.3160819411277771,1
1541,0.14461612701416016,0.5380954742431641,0.3172883689403534,1
1542,0.24406790733337402,0.5113974213600159,0.24453474581241608,1
1543,0.2346154749393463,0.5606808662414551,0.20470358431339264,1
1544,0.24548974633216858,0.5518942475318909,0.20261599123477936,1
1545,0.1480739712715149,0.5630725622177124,0.28885337710380554,1
1546,0.1851300448179245,0.5392521023750305,0.2756178081035614,1
1547,0.20567436516284943,0.5311672687530518,0.26315838098526,1
1548,0.18887902796268463,0.597183346748352,0.21393771469593048,1
1549,0.15040239691734314,0.6560062766075134,0.19359144568443298,1
1550,0.27824196219444275,0.5088174343109131,0.21294070780277252,1
1551,0.248229518532753,0.5700793266296387,0.18169112503528595,1
1552,0.27384519577026367,0.49756699800491333,0.2285877913236618,1
1553,0.23264656960964203,0.5212513208389282,0.24610218405723572,1
1554,0.2087061107158661,0.5277646780014038,0.26352912187576294,1
1555,0.18935580551624298,0.5764626264572144,0.23418153822422028,1
1556,0.21303096413612366,0.522300660610199,0.2646683156490326,1
1557,0.2716156840324402,0.451363205909729,0.2770211398601532,1
1558,0.26800692081451416,0.48955032229423523,0.24244281649589539,1
1559,0.16442741453647614,0.6005634665489197,0.2350091189146042,1
1560,0.1635819673538208,0.5896508097648621,0.2467672973871231,1
1561,0.147865891456604,0.5383961796760559,0.3137379586696625,1
1562,0.1759464144706726,0.5719556212425232,0.2520979344844818,1
1563,0.18570329248905182,0.6084640622138977,0.20583269000053406,1
1564,0.18043597042560577,0.6444439888000488,0.17511996626853943,1
1565,0.18324942886829376,0.6587684750556946,0.15798220038414001,1
1566,0.2193697839975357,0.6186772584915161,0.1619528979063034,1
1567,0.2286916971206665,0.6182801723480225,0.15302814543247223,1
1568,0.15750011801719666,0.6712192296981812,0.17128078639507294,1
1569,0.15034545958042145,0.6898546814918518,0.15979987382888794,1
1570,0.12517602741718292,0.7396981120109558,0.13512586057186127,1
1571,0.11874641478061676,0.7578774690628052,0.12337607890367508,1
1572,0.1921859234571457,0.5808347463607788,0.2269793599843979,1
1573,0.23530517518520355,0.3436596691608429,0.4210352301597595,2
1574,0.23696690797805786,0.2530103325843811,0.5100226998329163,2
1575,0.18772579729557037,0.4783685803413391,0.3339056968688965,1
1576,0.2821367681026459,0.39752477407455444,0.3203384280204773,1
1577,0.23682917654514313,0.4784674048423767,0.28470343351364136,1
1578,0.2790157198905945,0.4319388270378113,0.28904539346694946,1
1579,0.20318591594696045,0.5404074788093567,0.25640666484832764,1
1580,0.17601099610328674,0.59229975938797,0.23168917000293732,1
1581,0.21986757218837738,0.549746036529541,0.23038643598556519,1
1582,0.1879856139421463,0.5947039723396301,0.21731036901474,1
1583,0.12291651219129562,0.6757076382637024,0.20137572288513184,1
1584,0.08636817336082458,0.6577280759811401,0.25590384006500244,1
1585,0.08313009887933731,0.6618769764900208,0.25499293208122253,1
1586,0.07971075177192688,0.6757439374923706,0.2445453703403473,1
1587,0.08033113181591034,0.6815305352210999,0.2381383776664734,1
1588,0.07799705862998962,0.6901137232780457,0.23188918828964233,1
1589,0.08211366832256317,0.7127776741981506,0.20510868728160858,1
1590,0.08463610708713531,0.732698380947113,0.18266555666923523,1
1591,0.07417981326580048,0.726387083530426,0.1994331181049347,1
1592,0.08143473416566849,0.7510777711868286,0.1674875020980835,1
1593,0.0724351555109024,0.7231947183609009,0.20437003672122955,1
1594,0.07242301851511002,0.7320638298988342,0.19551324844360352,1
1595,0.07207833975553513,0.7705855965614319,0.15733616054058075,1
1596,0.08376872539520264,0.7413893342018127,0.1748419851064682,1
1597,0.12943218648433685,0.7581585645675659,0.11240919679403305,1
1598,0.13384753465652466,0.7500146627426147,0.11613781750202179,1
1599,0.13614197075366974,0.7243738770484924,0.13948416709899902,1
1600,0.08791346102952957,0.7744128108024597,0.13767372071743011,1
1601,0.1157461628317833,0.7505030035972595,0.13375094532966614,1
1602,0.08270599693059921,0.7798423767089844,0.1374516487121582,1
1603,0.10306552797555923,0.7788276076316833,0.11810681223869324,1
1604,0.10271241515874863,0.7633252143859863,0.13396243751049042,1
1605,0.06605365127325058,0.7713581919670105,0.16258807480335236,1
1606,0.06808578968048096,0.7470746040344238,0.18483953177928925,1
1607,0.07544989883899689,0.7279459834098816,0.19660401344299316,1
1608,0.07144392281770706,0.6658464670181274,0.2627096474170685,1
1609,0.08034976571798325,0.6701228022575378,0.24952739477157593,1
1610,0.07565223425626755,0.6757674813270569,0.2485802322626114,1
1611,0.060670845210552216,0.7064777612686157,0.23285147547721863,1
1612,0.07204672694206238,0.6914861798286438,0.23646698892116547,1
1613,0.0771062895655632,0.6966379880905151,0.22625569999217987,1
1614,0.07757125049829483,0.653076708316803,0.2693520486354828,1
1615,0.06809273362159729,0.7296081185340881,0.20229926705360413,1
1616,0.06213385611772537,0.7575607895851135,0.18030545115470886,1
1617,0.06520231068134308,0.7232723832130432,0.21152529120445251,1
1618,0.06412366777658463,0.7554532289505005,0.18042315542697906,1
1619,0.07164021581411362,0.7501580715179443,0.17820177972316742,1
1620,0.08086080849170685,0.6804646253585815,0.2386745661497116,1
1621,0.08654464036226273,0.7147383093833923,0.19871704280376434,1
1622,0.09014637768268585,0.7241323590278625,0.185721293091774,1
1623,0.08977141231298447,0.7304860949516296,0.1797424554824829,1
1624,0.09337770938873291,0.7264224886894226,0.1801997870206833,1
1625,0.09574026614427567,0.7374268770217896,0.16683290898799896,1
1626,0.12409644573926926,0.7318838834762573,0.14401963353157043,1
1627,0.18327109515666962,0.6624487638473511,0.15428011119365692,1
1628,0.16288284957408905,0.6944155693054199,0.14270152151584625,1
1629,0.1318046748638153,0.7081881165504456,0.1600072830915451,1
1630,0.136281356215477,0.6962087750434875,0.16750991344451904,1
1631,0.1351075917482376,0.7070373892784119,0.15785494446754456,1
1632,0.1163017749786377,0.7215063571929932,0.16219180822372437,1
1633,0.11710742115974426,0.7025620937347412,0.18033048510551453,1
1634,0.10967083275318146,0.6934686899185181,0.19686046242713928,1
1635,0.10043017566204071,0.7033966779708862,0.19617310166358948,1
1636,0.09075859934091568,0.7161575555801392,0.19308389723300934,1
1637,0.08846638351678848,0.7916911840438843,0.11984246224164963,1
1638,0.11049297451972961,0.7631292939186096,0.12637768685817719,1
1639,0.07101035118103027,0.8141967058181763,0.11479306221008301,1
1640,0.12893608212471008,0.7322149872779846,0.1388489156961441,1
1641,0.14630456268787384,0.6919134855270386,0.1617819368839264,1
1642,0.0860670655965805,0.7496629357337952,0.16426996886730194,1
1643,0.06968916207551956,0.7830259203910828,0.1472848504781723,1
1644,0.08906874805688858,0.7477958798408508,0.16313530504703522,1
1645,0.11079829931259155,0.6879906058311462,0.201211079955101,1
1646,0.07053662836551666,0.7719373106956482,0.15752609074115753,1
1647,0.07181774079799652,0.7698615193367004,0.15832078456878662,1
1648,0.12058525532484055,0.6700291037559509,0.20938557386398315,1
1649,0.15698368847370148,0.6739487648010254,0.16906757652759552,1
1650,0.11768803000450134,0.7099431753158569,0.1723688393831253,1
1651,0.10876002162694931,0.7387810349464417,0.15245899558067322,1
1652,0.1502230316400528,0.6971675753593445,0.15260939300060272,1
1653,0.14641571044921875,0.6906422972679138,0.1629420816898346,1
1654,0.07716014236211777,0.8037053942680359,0.11913444846868515,1
1655,0.07294277101755142,0.8162904381752014,0.11076680570840836,1
1656,0.12645223736763,0.7232077717781067,0.15033996105194092,1
1657,0.07082508504390717,0.8100200295448303,0.11915485560894012,1
1658,0.10957138240337372,0.7466884851455688,0.1437402069568634,1
1659,0.13934627175331116,0.6947314143180847,0.16592228412628174,1
1660,0.14599394798278809,0.6668322682380676,0.1871737390756607,1
1661,0.13023491203784943,0.6957440376281738,0.17402110993862152,1
1662,0.09654652327299118,0.7440686821937561,0.15938477218151093,1
1663,0.09941931813955307,0.7477641701698303,0.15281660854816437,1
1664,0.14962194859981537,0.6600220203399658,0.1903560906648636,1
1665,0.1431899219751358,0.6657873392105103,0.19102269411087036,1
1666,0.1403372436761856,0.6013329029083252,0.258329838514328,1
1667,0.1390203982591629,0.6112729907035828,0.24970658123493195,1
1668,0.09831798076629639,0.6996227502822876,0.20205920934677124,1
1669,0.09182624518871307,0.7270051836967468,0.18116861581802368,1
1670,0.10471657663583755,0.715996265411377,0.17928722500801086,1
1671,0.3587205111980438,0.4141159653663635,0.22716346383094788,1
1672,0.1884792149066925,0.5975107550621033,0.21401003003120422,1
1673,0.139321967959404,0.661213755607605,0.1994643211364746,1
1674,0.1184769868850708,0.652504563331604,0.229018434882164,1
1675,0.09472701698541641,0.6982170939445496,0.20705591142177582,1
1676,0.08673658967018127,0.6593448519706726,0.2539185881614685,1
1677,0.1054469421505928,0.7240522503852844,0.17050082981586456,1
1678,0.09297995269298553,0.720801830291748,0.18621821701526642,1
1679,0.09204564988613129,0.7130787372589111,0.19487561285495758,1
1680,0.098273865878582,0.6018733978271484,0.29985275864601135,1
1681,0.09994256496429443,0.7363054156303406,0.163752019405365,1
1682,0.15505240857601166,0.6792374849319458,0.16571012139320374,1
1683,0.11062977463006973,0.7395370602607727,0.1498330682516098,1
1684,0.11447477340698242,0.7162691950798035,0.16925601661205292,1
1685,0.12094173580408096,0.6806396245956421,0.19841866195201874,1
1686,0.12055640667676926,0.6735891699790955,0.2058544009923935,1
1687,0.1394157111644745,0.6510416269302368,0.20954255759716034,1
1688,0.15857462584972382,0.6355813145637512,0.20584401488304138,1
1689,0.1512628048658371,0.6529070138931274,0.19583018124103546,1
1690,0.16486439108848572,0.6555996537208557,0.17953582108020782,1
1691,0.1771240532398224,0.6525916457176208,0.17028416693210602,1
1692,0.22230175137519836,0.5972757339477539,0.18042254447937012,1
1693,0.22382952272891998,0.5811305642127991,0.19503988325595856,1
1694,0.288675457239151,0.480589359998703,0.2307351976633072,1
1695,0.11008138209581375,0.7515506744384766,0.13836799561977386,1
1696,0.14877520501613617,0.7006447911262512,0.15058010816574097,1
1697,0.073656365275383,0.806401789188385,0.11994179338216782,1
1698,0.04288999363780022,0.8594789505004883,0.09763103723526001,1
1699,0.06060303747653961,0.8406982421875,0.09869871288537979,1
1700,0.054863736033439636,0.833109974861145,0.1120264008641243,1
1701,0.05682913213968277,0.8217694759368896,0.12140132486820221,1
1702,0.06110673025250435,0.8171133995056152,0.12177982926368713,1
1703,0.10245371609926224,0.7164857983589172,0.1810605376958847,1
1704,0.16148710250854492,0.6013385057449341,0.2371743619441986,1
1705,0.11609632521867752,0.6813006401062012,0.2026030272245407,1
1706,0.09268403053283691,0.6885966658592224,0.2187192440032959,1
1707,0.08617264032363892,0.7433827519416809,0.17044463753700256,1
1708,0.09198974817991257,0.7273736000061035,0.1806366890668869,1
1709,0.09403172880411148,0.6975166201591492,0.20845161378383636,1
1710,0.0902305543422699,0.6456306576728821,0.264138787984848,1
1711,0.09266521036624908,0.6903773546218872,0.21695749461650848,1
1712,0.09048373252153397,0.6738428473472595,0.23567335307598114,1
1713,0.10593545436859131,0.7273379564285278,0.16672655940055847,1
1714,0.16055655479431152,0.6538297533988953,0.18561363220214844,1
1715,0.13123483955860138,0.7017475962638855,0.16701754927635193,1
1716,0.1701737493276596,0.6691634654998779,0.16066282987594604,1
1717,0.27452757954597473,0.5535994172096252,0.17187298834323883,1
1718,0.18074630200862885,0.6192523241043091,0.20000140368938446,1
1719,0.14021173119544983,0.6599510908126831,0.19983714818954468,1
1720,0.09145978093147278,0.6478099226951599,0.26073023676872253,1
1721,0.08860784769058228,0.6638231873512268,0.24756886065006256,1
1722,0.08664140105247498,0.6527071595191956,0.26065146923065186,1
1723,0.0726122334599495,0.5561628937721252,0.37122485041618347,1
1724,0.07619635760784149,0.5896005630493164,0.3342030346393585,1
1725,0.08885544538497925,0.6839532852172852,0.22719120979309082,1
1726,0.12402455508708954,0.6460968255996704,0.22987869381904602,1
1727,0.166024848818779,0.6359327435493469,0.19804246723651886,1
1728,0.10311665385961533,0.6639940738677979,0.23288924992084503,1
1729,0.08038543909788132,0.680785059928894,0.23882949352264404,1
1730,0.07902791351079941,0.6807449460029602,0.2402271330356598,1
1731,0.13212426006793976,0.7003535628318787,0.16752205789089203,1
1732,0.16276994347572327,0.679419994354248,0.15780998766422272,1
1733,0.1614350825548172,0.6820096969604492,0.15655522048473358,1
1734,0.1722646802663803,0.6640903353691101,0.1636449694633484,1
1735,0.16094128787517548,0.656663715839386,0.18239499628543854,1
1736,0.10444922745227814,0.7457863092422485,0.14976441860198975,1
1737,0.1454627513885498,0.6989232897758484,0.15561388432979584,1
1738,0.1927354484796524,0.629770815372467,0.17749369144439697,1
1739,0.15709766745567322,0.6734232902526855,0.16947904229164124,1
1740,0.1291780173778534,0.7079718708992004,0.16285008192062378,1
1741,0.20194731652736664,0.5584006309509277,0.23965205252170563,1
1742,0.15289080142974854,0.638076663017273,0.20903244614601135,1
1743,0.1965024173259735,0.5704675912857056,0.23302993178367615,1
1744,0.22073957324028015,0.5359563231468201,0.243304044008255,1
1745,0.09806749224662781,0.7579054832458496,0.1440270096063614,1
1746,0.07880734652280807,0.7489843368530273,0.17220818996429443,1
1747,0.07904097437858582,0.7036651968955994,0.21729376912117004,1
1748,0.07679584622383118,0.7141161561012268,0.2090880423784256,1
1749,0.09197790175676346,0.7400892972946167,0.16793280839920044,1
1750,0.081150583922863,0.7510725855827332,0.16777680814266205,1
1751,0.06719144433736801,0.7974540591239929,0.13535436987876892,1
1752,0.06117253378033638,0.796920895576477,0.14190655946731567,1
1753,0.05203073471784592,0.806853711605072,0.14111560583114624,1
1754,0.05911511927843094,0.8161337375640869,0.12475112825632095,1
1755,0.1342388391494751,0.6639061570167542,0.20185497403144836,1
1756,0.1291179209947586,0.6915004849433899,0.1793816238641739,1
1757,0.10046609491109848,0.7531580328941345,0.1463758796453476,1
1758,0.09471321851015091,0.7479123473167419,0.15737448632717133,1
1759,0.0919710025191307,0.7243292331695557,0.18369974195957184,1
1760,0.09630096703767776,0.7240543365478516,0.17964468896389008,1
1761,0.11228127777576447,0.7066619396209717,0.18105676770210266,1
1762,0.10012854635715485,0.7282832264900208,0.17158819735050201,1
1763,0.12612707912921906,0.6720892190933228,0.201783686876297,1
1764,0.0950692668557167,0.7407388687133789,0.16419193148612976,1
1765,0.08442815393209457,0.7383965253829956,0.17717528343200684,1
1766,0.08692855387926102,0.6855424046516418,0.22752904891967773,1
1767,0.0959085002541542,0.7323644757270813,0.1717270314693451,1
1768,0.09399134665727615,0.7026122212409973,0.20339645445346832,1
1769,0.1294926255941391,0.7075212597846985,0.1629861742258072,1
1770,0.0817807987332344,0.6900725960731506,0.22814656794071198,1
1771,0.07952619343996048,0.6363600492477417,0.2841137647628784,1
1772,0.0704592615365982,0.6719778180122375,0.2575629651546478,1
1773,0.13081055879592896,0.6476327180862427,0.22155678272247314,1
1774,0.13585202395915985,0.6651710271835327,0.19897682964801788,1
1775,0.10156580805778503,0.7304959297180176,0.1679382622241974,1
1776,0.12194104492664337,0.7113597989082336,0.1666991412639618,1
1777,0.09840195626020432,0.7316942811012268,0.16990377008914948,1
1778,0.09348929673433304,0.7263392210006714,0.18017145991325378,1
1779,0.09118333458900452,0.7443684339523315,0.16444826126098633,1
1780,0.2356737107038498,0.592927873134613,0.17139846086502075,1
1781,0.24837224185466766,0.5531346797943115,0.19849294424057007,1
1782,0.16733762621879578,0.6764292120933533,0.15623319149017334,1
1783,0.11830887943506241,0.7364643216133118,0.14522680640220642,1
1784,0.2944726347923279,0.40148305892944336,0.3040443956851959,1
1785,0.2519015073776245,0.5258585810661316,0.22223997116088867,1
1786,0.23247988522052765,0.5094719529151917,0.25804808735847473,1
1787,0.21042178571224213,0.5760868191719055,0.2134912759065628,1
1788,0.1689758449792862,0.6286465525627136,0.20237764716148376,1
1789,0.13157667219638824,0.6921932101249695,0.17623016238212585,1
1790,0.19243644177913666,0.5478866696357727,0.25967690348625183,1
1791,0.13983413577079773,0.6493024230003357,0.2108634114265442,1
1792,0.0749584287405014,0.7828710675239563,0.14217044413089752,1
1793,0.07321948558092117,0.7931556701660156,0.13362491130828857,1
1794,0.06898066401481628,0.8231011033058167,0.10791826993227005,1
1795,0.1072591170668602,0.7518540620803833,0.1408868283033371,1
1796,0.11145015805959702,0.7527878284454346,0.13576200604438782,1
1797,0.16745471954345703,0.6634685397148132,0.16907677054405212,1
1798,0.14881351590156555,0.6763917803764343,0.17479462921619415,1
1799,0.10084126144647598,0.7599733471870422,0.13918538391590118,1
1800,0.11834568530321121,0.7378118634223938,0.1438423991203308,1
1801,0.1252986192703247,0.720457136631012,0.15424425899982452,1
1802,0.18727707862854004,0.5898805856704712,0.22284233570098877,1
1803,0.21049842238426208,0.5795396566390991,0.2099619209766388,1
1804,0.16625279188156128,0.6243014931678772,0.20944561064243317,1
1805,0.17793753743171692,0.5739478468894958,0.24811464548110962,1
1806,0.1339779943227768,0.6768903136253357,0.1891317069530487,1
1807,0.1674690544605255,0.6091384887695312,0.22339242696762085,1
1808,0.17028148472309113,0.5926036834716797,0.237114816904068,1
1809,0.30720725655555725,0.47202903032302856,0.22076371312141418,1
1810,0.15787822008132935,0.6160863637924194,0.226035475730896,1
1811,0.16733241081237793,0.5969153046607971,0.23575237393379211,1
1812,0.1560894250869751,0.6068242192268372,0.23708634078502655,1
1813,0.14452147483825684,0.6549871563911438,0.20049144327640533,1
1814,0.26463985443115234,0.46726712584495544,0.2680930495262146,1
1815,0.13786077499389648,0.6317802667617798,0.2303590178489685,1
1816,0.13058260083198547,0.6671596169471741,0.20225781202316284,1
1817,0.17955702543258667,0.6179367899894714,0.20250625908374786,1
1818,0.16837313771247864,0.5912150144577026,0.24041175842285156,1
1819,0.29618462920188904,0.39087310433387756,0.3129422664642334,1
1820,0.31065523624420166,0.3805142939090729,0.30883046984672546,1
1821,0.31566983461380005,0.40210336446762085,0.2822267413139343,1
1822,0.27495723962783813,0.39057233929634094,0.33447039127349854,1
1823,0.286058247089386,0.42860037088394165,0.2853412628173828,1
1824,0.2979651689529419,0.4521207809448242,0.2499140352010727,1
1825,0.3005113899707794,0.4475896656513214,0.2518988251686096,1
1826,0.26648378372192383,0.36932751536369324,0.3641887307167053,1
1827,0.25389793515205383,0.4296382665634155,0.316463828086853,1
1828,0.2591221034526825,0.4234473705291748,0.3174304962158203,1
1829,0.1788102239370346,0.6078717112541199,0.21331803500652313,1
1830,0.15526573359966278,0.6277754306793213,0.21695883572101593,1
1831,0.1463315635919571,0.6369223594665527,0.2167460024356842,1
1832,0.18342715501785278,0.5477379560470581,0.2688348591327667,1
1833,0.12083623558282852,0.6353467702865601,0.24381710588932037,1
1834,0.16422997415065765,0.4731966257095337,0.3625732958316803,1
1835,0.13935382664203644,0.6225103139877319,0.2381359040737152,1
1836,0.11990701407194138,0.6913073062896729,0.1887856125831604,1
1837,0.09949535131454468,0.7305779457092285,0.16992667317390442,1
1838,0.13011398911476135,0.6841174960136414,0.18576844036579132,1
1839,0.14747291803359985,0.6857062578201294,0.16682089865207672,1
1840,0.18231162428855896,0.5661924481391907,0.251495897769928,1
1841,0.2184910774230957,0.4321081042289734,0.3494008183479309,1
1842,0.20127984881401062,0.5846096277236938,0.21411041915416718,1
1843,0.18577173352241516,0.5865632891654968,0.227664977312088,1
1844,0.16829685866832733,0.6232047080993652,0.20849840342998505,1
1845,0.14058031141757965,0.6778470277786255,0.18157260119915009,1
1846,0.20802642405033112,0.5819162726402283,0.21005725860595703,1
1847,0.23285004496574402,0.5725802779197693,0.19456961750984192,1
1848,0.24720962345600128,0.5162323713302612,0.2365579605102539,1
1849,0.31838259100914,0.3120943009853363,0.3695231080055237,2
1850,0.24133707582950592,0.42795994877815247,0.33070293068885803,1
1851,0.2735743224620819,0.44393742084503174,0.2824883460998535,1
1852,0.24811671674251556,0.4718768298625946,0.28000643849372864,1
1853,0.26260897517204285,0.4520043730735779,0.2853866517543793,1
1854,0.23631787300109863,0.492063045501709,0.27161914110183716,1
1855,0.32372796535491943,0.43617361783981323,0.24009840190410614,1
1856,0.18839097023010254,0.5604565143585205,0.2511524558067322,1
1857,0.28267428278923035,0.4080637991428375,0.3092620074748993,1
1858,0.21355769038200378,0.5103511214256287,0.27609118819236755,1
1859,0.20545966923236847,0.5344012975692749,0.2601390480995178,1
1860,0.15166690945625305,0.6439625024795532,0.20437055826187134,1
1861,0.11141125112771988,0.5395452976226807,0.3490435481071472,1
1862,0.12181207537651062,0.5177004337310791,0.3604873716831207,1
1863,0.12209746986627579,0.5174584984779358,0.36044400930404663,1
1864,0.1083308756351471,0.5067474246025085,0.3849216401576996,1
1865,0.1130361407995224,0.5475335121154785,0.3394303321838379,1
1866,0.1416875571012497,0.586170494556427,0.27214181423187256,1
1867,0.12435069680213928,0.6138792037963867,0.2617701292037964,1
1868,0.1491197943687439,0.6346865892410278,0.21619361639022827,1
1869,0.13325931131839752,0.6245805621147156,0.24216009676456451,1
1870,0.10829734802246094,0.5995981693267822,0.29210448265075684,1
1871,0.10863016545772552,0.6169800162315369,0.27438974380493164,1
1872,0.10184530913829803,0.5925630331039429,0.3055916726589203,1
1873,0.11100113391876221,0.5897071361541748,0.299291729927063,1
1874,0.10985524952411652,0.6560813188552856,0.23406341671943665,1
1875,0.1024603471159935,0.7208332419395447,0.17670637369155884,1
1876,0.0996137410402298,0.6427960991859436,0.2575901746749878,1
1877,0.11046590656042099,0.6784446239471436,0.21108947694301605,1
1878,0.12885887920856476,0.5989840626716614,0.27215710282325745,1
1879,0.11527684330940247,0.7007173895835876,0.1840057224035263,1
1880,0.08094725012779236,0.7456662654876709,0.1733863800764084,1
1881,0.08922777324914932,0.7262978553771973,0.184474378824234,1
1882,0.09066310524940491,0.6902518272399902,0.21908512711524963,1
1883,0.09480544924736023,0.6505335569381714,0.254660964012146,1
1884,0.09706283360719681,0.6451858878135681,0.25775131583213806,1
1885,0.09115675836801529,0.6720787286758423,0.23676449060440063,1
1886,0.08008252829313278,0.7209445238113403,0.19897295534610748,1
1887,0.0743129700422287,0.6949647665023804,0.2307223528623581,1
1888,0.08474244177341461,0.5775613784790039,0.3376961052417755,1
1889,0.0854581892490387,0.7289897203445435,0.18555206060409546,1
1890,0.0935555100440979,0.7710748314857483,0.1353696584701538,1
1891,0.11024612188339233,0.730177104473114,0.15957672894001007,1
1892,0.1656099557876587,0.6642392873764038,0.17015071213245392,1
1893,0.18932531774044037,0.6623530983924866,0.1483214944601059,1
1894,0.10105156898498535,0.7425418496131897,0.15640656650066376,1
1895,0.19310803711414337,0.6371341943740845,0.16975781321525574,1
1896,0.2352033108472824,0.6010501980781555,0.16374647617340088,1
1897,0.13464200496673584,0.7088893055915833,0.15646858513355255,1
1898,0.11649500578641891,0.7090398669242859,0.1744651347398758,1
1899,0.10277849435806274,0.7078503370285034,0.18937121331691742,1
1900,0.12426269799470901,0.6751605868339539,0.20057670772075653,1
1901,0.1707374006509781,0.6414673328399658,0.18779529631137848,1
1902,0.09484890848398209,0.7231684923171997,0.18198257684707642,1
1903,0.16982486844062805,0.6367174983024597,0.19345757365226746,1
1904,0.2607409656047821,0.5061930418014526,0.2330659180879593,1
1905,0.19702699780464172,0.5951361656188965,0.20783686637878418,1
1906,0.14215202629566193,0.6827574372291565,0.17509058117866516,1
1907,0.25096866488456726,0.26339191198349,0.48563942313194275,2
1908,0.22937338054180145,0.4544602632522583,0.31616640090942383,1
1909,0.21191199123859406,0.5110204219818115,0.27706751227378845,1
1910,0.15535232424736023,0.6485058069229126,0.1961418241262436,1
1911,0.1427304744720459,0.6552056670188904,0.20206399261951447,1
1912,0.17433498799800873,0.5436930060386658,0.2819719910621643,1
1913,0.19304636120796204,0.5606876611709595,0.2462659627199173,1
1914,0.19212858378887177,0.5752013325691223,0.2326701432466507,1
1915,0.18882258236408234,0.5877439379692078,0.2234335094690323,1
1916,0.19043725728988647,0.5986243486404419,0.2109384685754776,1
1917,0.19730333983898163,0.5625751614570618,0.2401214987039566,1
1918,0.15764442086219788,0.6597176194190979,0.18263795971870422,1
1919,0.17334504425525665,0.6324728727340698,0.1941821426153183,1
1920,0.16406327486038208,0.6521694660186768,0.18376721441745758,1
1921,0.19127996265888214,0.5901429653167725,0.21857699751853943,1
1922,0.1833946257829666,0.5817933678627014,0.2348119169473648,1
1923,0.1926296353340149,0.5221130847930908,0.28525736927986145,1
1924,0.13931438326835632,0.6013991832733154,0.25928643345832825,1
1925,0.16102610528469086,0.5779845118522644,0.26098930835723877,1
1926,0.14209328591823578,0.6141610145568848,0.24374563992023468,1
1927,0.1883695125579834,0.5724949836730957,0.23913538455963135,1
1928,0.19640104472637177,0.5344808101654053,0.26911821961402893,1
1929,0.19170531630516052,0.5404179096221924,0.2678767442703247,1
1930,0.27035412192344666,0.5034658908843994,0.22617994248867035,1
1931,0.37675923109054565,0.3904128074645996,0.23282799124717712,1
1932,0.23082812130451202,0.5468305349349976,0.22234126925468445,1
1933,0.16131189465522766,0.44865110516548157,0.39003708958625793,1
1934,0.16397696733474731,0.475869745016098,0.36015328764915466,1
1935,0.14081573486328125,0.44225525856018066,0.4169290065765381,1
1936,0.16975846886634827,0.5112683176994324,0.31897324323654175,1
1937,0.2219105213880539,0.4717775285243988,0.3063119649887085,1
1938,0.2739613950252533,0.41481539607048035,0.3112233281135559,1
1939,0.239157572388649,0.47827550768852234,0.2825669050216675,1
1940,0.17705297470092773,0.5673871040344238,0.2555599510669708,1
1941,0.20787988603115082,0.5517405867576599,0.24037951231002808,1
1942,0.2574560344219208,0.4927396774291992,0.24980434775352478,1
1943,0.21273209154605865,0.5290296673774719,0.258238285779953,1
1944,0.2150721251964569,0.5298894047737122,0.25503847002983093,1
1945,0.18041060864925385,0.5723780393600464,0.24721139669418335,1
1946,0.1904272884130478,0.5531325936317444,0.25644004344940186,1
1947,0.18120478093624115,0.5799965262413025,0.23879869282245636,1
1948,0.28145307302474976,0.45732131600379944,0.2612255811691284,1
1949,0.16001419723033905,0.6028029322624207,0.23718290030956268,1
1950,0.17900091409683228,0.5866394639015198,0.23435959219932556,1
1951,0.18658766150474548,0.5798107981681824,0.23360145092010498,1
1952,0.17414818704128265,0.6086498498916626,0.21720199286937714,1
1953,0.22823624312877655,0.4991767406463623,0.2725870609283447,1
1954,0.13258107006549835,0.6570179462432861,0.21040095388889313,1
1955,0.10033546388149261,0.7103031277656555,0.18936142325401306,1
1956,0.14983110129833221,0.6526277661323547,0.19754119217395782,1
1957,0.08926374465227127,0.6837853789329529,0.22695092856884003,1
1958,0.0984654426574707,0.709373414516449,0.19216112792491913,1
1959,0.1980239748954773,0.5742393732070923,0.227736696600914,1
1960,0.21281254291534424,0.5319002270698547,0.2552872598171234,1
1961,0.22495637834072113,0.4823877513408661,0.2926558554172516,1
1962,0.26776692271232605,0.44533824920654297,0.2868947982788086,1
1963,0.23015131056308746,0.521652102470398,0.24819664657115936,1
1964,0.24521471560001373,0.5023643970489502,0.2524208724498749,1
1965,0.29783177375793457,0.40683484077453613,0.2953333854675293,1
1966,0.28741198778152466,0.37746119499206543,0.3351267874240875,1
1967,0.24377696216106415,0.45266371965408325,0.30355945229530334,1
1968,0.2150888442993164,0.49719250202178955,0.2877185642719269,1
1969,0.22304660081863403,0.4544195532798767,0.32253390550613403,1
1970,0.23079979419708252,0.4479029178619385,0.321297287940979,1
1971,0.16278447210788727,0.5629047155380249,0.2743108570575714,1
1972,0.191890150308609,0.5189886689186096,0.2891211211681366,1
1973,0.20546096563339233,0.49036192893981934,0.30417704582214355,1
1974,0.21046830713748932,0.46374934911727905,0.3257824182510376,1
1975,0.1612384021282196,0.5794928073883057,0.25926870107650757,1
1976,0.134659543633461,0.6253164410591125,0.24002403020858765,1
1977,0.1321272999048233,0.6349189877510071,0.23295369744300842,1
1978,0.16744311153888702,0.6050735712051392,0.22748331725597382,1
1979,0.21369336545467377,0.5316392183303833,0.2546674907207489,1
1980,0.1912720650434494,0.5650644302368164,0.2436634749174118,1
1981,0.2052043080329895,0.5632619857788086,0.2315337210893631,1
1982,0.2682584226131439,0.3994605839252472,0.3322809338569641,1
1983,0.22177766263484955,0.4578450620174408,0.32037729024887085,1
1984,0.23320187628269196,0.45062968134880066,0.31616833806037903,1
1985,0.24271482229232788,0.44395339488983154,0.31333187222480774,1
1986,0.27008917927742004,0.41814884543418884,0.31176191568374634,1
1987,0.16784387826919556,0.5722574591636658,0.2598985731601715,1
1988,0.1519595980644226,0.6053341627120972,0.24270619451999664,1
1989,0.1299925446510315,0.6463758945465088,0.2236315906047821,1
1990,0.13847608864307404,0.6393507719039917,0.22217316925525665,1
1991,0.11689061671495438,0.6739813685417175,0.20912796258926392,1
1992,0.12761080265045166,0.6695738434791565,0.20281533896923065,1
1993,0.19750109314918518,0.5548715591430664,0.24762733280658722,1
1994,0.1661916971206665,0.5977947115898132,0.23601356148719788,1
1995,0.12540410459041595,0.6541798114776611,0.2204160988330841,1
1996,0.12666729092597961,0.6842061877250671,0.18912668526172638,1
1997,0.13779373466968536,0.6538835167884827,0.20832282304763794,1
1998,0.10581114888191223,0.6929807662963867,0.20120802521705627,1
1999,0.12094759196043015,0.6847724318504333,0.19427995383739471,1
2000,0.12095492333173752,0.6652011275291443,0.21384397149085999,1
2001,0.09186464548110962,0.7283375859260559,0.17979779839515686,1
2002,0.07769326865673065,0.754932701587677,0.16737402975559235,1
2003,0.10052306950092316,0.6879990100860596,0.21147793531417847,1
2004,0.1058800145983696,0.6380271315574646,0.25609278678894043,1
2005,0.09335333108901978,0.6558440923690796,0.25080251693725586,1
2006,0.1581670045852661,0.6366087198257446,0.20522427558898926,1
2007,0.2112521380186081,0.5699952840805054,0.21875253319740295,1
2008,0.2632730007171631,0.5090306997299194,0.2276962548494339,1
2009,0.2809918522834778,0.48701590299606323,0.23199228942394257,1
2010,0.30883029103279114,0.44046905636787415,0.2507006525993347,1
2011,0.18490451574325562,0.6341601014137268,0.1809353530406952,1
2012,0.09451580792665482,0.7594246864318848,0.14605948328971863,1
2013,0.11696183681488037,0.7157946825027466,0.16724346578121185,1
2014,0.12966693937778473,0.681134819984436,0.189198300242424,1
2015,0.20198626816272736,0.5309638381004333,0.2670498490333557,1
2016,0.25928494334220886,0.4593369960784912,0.2813780903816223,1
2017,0.2514524757862091,0.47226375341415405,0.2762838304042816,1
2018,0.2066403180360794,0.552379846572876,0.24097982048988342,1
2019,0.1320897489786148,0.6735462546348572,0.1943640559911728,1
2020,0.14508607983589172,0.6999087333679199,0.15500523149967194,1
2021,0.10321059823036194,0.7026281356811523,0.19416137039661407,1
2022,0.086954765021801,0.730689525604248,0.18235567212104797,1
2023,0.07973578572273254,0.7655436992645264,0.1547205001115799,1
2024,0.08507832139730453,0.7507335543632507,0.1641881763935089,1
2025,0.0842137485742569,0.7533587217330933,0.16242755949497223,1
2026,0.0636739432811737,0.7575117945671082,0.17881432175636292,1
2027,0.06505627930164337,0.7559188008308411,0.17902487516403198,1
2028,0.0706789493560791,0.7869787812232971,0.1423422247171402,1
2029,0.07717815041542053,0.7769344449043274,0.14588750898838043,1
2030,0.12564511597156525,0.6696745753288269,0.20468024909496307,1
2031,0.15876269340515137,0.6100261807441711,0.23121105134487152,1
2032,0.10132378339767456,0.6996942758560181,0.19898195564746857,1
2033,0.26685360074043274,0.4853385388851166,0.2478078305721283,1
2034,0.11857114732265472,0.670112133026123,0.21131670475006104,1
2035,0.11341597884893417,0.6984156370162964,0.18816839158535004,1
2036,0.11645513772964478,0.6826772093772888,0.20086754858493805,1
2037,0.13946758210659027,0.6476119756698608,0.21292053163051605,1
2038,0.1783791333436966,0.581165075302124,0.24045583605766296,1
2039,0.16936340928077698,0.5919925570487976,0.23864397406578064,1
2040,0.1126333549618721,0.6854833960533142,0.2018832117319107,1
2041,0.10096053779125214,0.68187016248703,0.21716926991939545,1
2042,0.10942301899194717,0.6684184670448303,0.22215843200683594,1
2043,0.13539336621761322,0.6427873969078064,0.22181932628154755,1
2044,0.2694323658943176,0.45758312940597534,0.27298447489738464,1
2045,0.13249024748802185,0.6301494836807251,0.23736022412776947,1
2046,0.09446613490581512,0.7147276401519775,0.19080616533756256,1
2047,0.08654250204563141,0.6966666579246521,0.2167908251285553,1
2048,0.10155017673969269,0.6495471596717834,0.24890266358852386,1
2049,0.09924215078353882,0.6608622074127197,0.23989564180374146,1
2050,0.08256845921278,0.6162091493606567,0.30122238397598267,1
2051,0.08561059087514877,0.6357550621032715,0.27863430976867676,1
2052,0.08983348309993744,0.6710204482078552,0.23914608359336853,1
2053,0.09343580156564713,0.6406640410423279,0.2659001350402832,1
2054,0.10224083811044693,0.7118259072303772,0.18593324720859528,1
2055,0.22686205804347992,0.5284900069236755,0.24464797973632812,1
2056,0.29112473130226135,0.4253180921077728,0.2835572063922882,1
2057,0.22597166895866394,0.5178067684173584,0.2562215030193329,1
2058,0.124615877866745,0.677240788936615,0.19814340770244598,1
2059,0.1250164657831192,0.6681565642356873,0.20682689547538757,1
2060,0.13886302709579468,0.6445194482803345,0.21661747992038727,1
2061,0.14433734118938446,0.6315921545028687,0.22407051920890808,1
2062,0.22798635065555573,0.48736870288848877,0.28464487195014954,1
2063,0.2106083184480667,0.5166800022125244,0.27271169424057007,1
2064,0.23049096763134003,0.4920782744884491,0.2774307429790497,1
2065,0.20641164481639862,0.5589598417282104,0.23462848365306854,1
2066,0.1379016488790512,0.665473461151123,0.19662490487098694,1
2067,0.25122004747390747,0.4675024449825287,0.28127750754356384,1
2068,0.2792297601699829,0.39573925733566284,0.3250311017036438,1
2069,0.255866140127182,0.3113704025745392,0.4327634572982788,2
2070,0.24926908314228058,0.3554689884185791,0.3952620029449463,2
2071,0.20573490858078003,0.41551676392555237,0.3787483274936676,1
2072,0.14746743440628052,0.5668991208076477,0.28563347458839417,1
2073,0.1759347766637802,0.5350239276885986,0.28904128074645996,1
2074,0.22708827257156372,0.40853431820869446,0.3643774390220642,1
2075,0.1392311453819275,0.626484751701355,0.23428404331207275,1
2076,0.10252438485622406,0.690850019454956,0.20662549138069153,1
2077,0.07424908131361008,0.7628626227378845,0.16288825869560242,1
2078,0.15500257909297943,0.5914030075073242,0.2535945475101471,1
2079,0.19846084713935852,0.5074467658996582,0.2940923571586609,1
2080,0.21261711418628693,0.46250423789024353,0.32487866282463074,1
2081,0.16088905930519104,0.5843022465705872,0.254808634519577,1
2082,0.15086638927459717,0.6155475974082947,0.23358595371246338,1
2083,0.17615902423858643,0.5803731083869934,0.243467777967453,1
2084,0.19619320333003998,0.5138196349143982,0.28998711705207825,1
2085,0.1497674286365509,0.6109696626663208,0.2392629086971283,1
2086,0.1510838270187378,0.5960396528244019,0.2528765797615051,1
2087,0.16992557048797607,0.5674518942832947,0.26262256503105164,1
2088,0.22184202075004578,0.4801905155181885,0.2979675233364105,1
2089,0.1741805523633957,0.5855399966239929,0.2402794361114502,1
2090,0.2783263921737671,0.4098688066005707,0.3118048310279846,1
2091,0.2326967418193817,0.4618682861328125,0.3054349422454834,1
2092,0.18229815363883972,0.5216600894927979,0.2960417568683624,1
2093,0.19498150050640106,0.5120759606361389,0.29294249415397644,1
2094,0.1887228637933731,0.514756977558136,0.2965202033519745,1
2095,0.22999076545238495,0.4985902011394501,0.2714189887046814,1
2096,0.16236504912376404,0.49203336238861084,0.3456016182899475,1
2097,0.13640983402729034,0.5337860584259033,0.32980403304100037,1
2098,0.16705085337162018,0.48557066917419434,0.3473784923553467,1
2099,0.1507541537284851,0.48562899231910706,0.3636167347431183,1
2100,0.1408005952835083,0.4866253733634949,0.3725740313529968,1
2101,0.12646470963954926,0.4749619960784912,0.39857324957847595,1
2102,0.15781307220458984,0.5444893836975098,0.29769760370254517,1
2103,0.18622618913650513,0.5059022307395935,0.30787158012390137,1
2104,0.18275268375873566,0.5355472564697266,0.2817000448703766,1
2105,0.16675247251987457,0.5611039400100708,0.2721436023712158,1
2106,0.19280549883842468,0.5595306754112244,0.24766379594802856,1
2107,0.18876543641090393,0.5785478949546814,0.23268671333789825,1
2108,0.1702745109796524,0.6017774343490601,0.22794802486896515,1
2109,0.16265146434307098,0.5222440958023071,0.31510451436042786,1
2110,0.18594415485858917,0.4920957386493683,0.3219600319862366,1
2111,0.31694772839546204,0.368822306394577,0.31422993540763855,1
2112,0.3005416691303253,0.3468490242958069,0.3526092767715454,2
2113,0.2662237584590912,0.3826504349708557,0.3511258363723755,1
2114,0.28059259057044983,0.3886060118675232,0.33080145716667175,1
2115,0.21376295387744904,0.5320262908935547,0.2542107105255127,1
2116,0.1593521237373352,0.5270637273788452,0.31358420848846436,1
2117,0.18066661059856415,0.4833453595638275,0.33598795533180237,1
2118,0.14642442762851715,0.5858889222145081,0.2676866352558136,1
2119,0.14406560361385345,0.5260529518127441,0.3298814594745636,1
2120,0.1346670687198639,0.4895975589752197,0.375735342502594,1
2121,0.12846432626247406,0.5079345703125,0.3636009991168976,1
2122,0.12532825767993927,0.49508193135261536,0.3795897960662842,1
2123,0.1159832552075386,0.5093317031860352,0.37468504905700684,1
2124,0.11317774653434753,0.4698733389377594,0.41694900393486023,1
2125,0.1139485239982605,0.45376986265182495,0.43228164315223694,1
2126,0.12128095328807831,0.5066861510276794,0.37203291058540344,1
2127,0.12624841928482056,0.593040943145752,0.2807106673717499,1
2128,0.22494541108608246,0.44902142882347107,0.3260331451892853,1
2129,0.13257378339767456,0.5689806938171387,0.298445463180542,1
2130,0.13587678968906403,0.5480794310569763,0.3160437345504761,1
2131,0.1445508599281311,0.4948731064796448,0.36057594418525696,1
2132,0.21167972683906555,0.3991057872772217,0.38921448588371277,1
2133,0.16909770667552948,0.4978114366531372,0.3330909013748169,1
2134,0.1519024670124054,0.4852614402770996,0.362836092710495,1
2135,0.17754024267196655,0.5577760338783264,0.26468372344970703,1
2136,0.15645107626914978,0.5587830543518066,0.28476575016975403,1
2137,0.14863495528697968,0.6239035725593567,0.22746151685714722,1
2138,0.1699032187461853,0.5836162567138672,0.2464805245399475,1
2139,0.14170174300670624,0.6059992909431458,0.25229889154434204,1
2140,0.1947830468416214,0.5171408653259277,0.28807610273361206,1
2141,0.14727728068828583,0.6302200555801392,0.22250264883041382,1
2142,0.16997088491916656,0.6147923469543457,0.21523679792881012,1
2143,0.13183794915676117,0.6113483309745789,0.25681373476982117,1
2144,0.13474950194358826,0.5447297692298889,0.3205207586288452,1
2145,0.12847498059272766,0.480448454618454,0.39107656478881836,1
2146,0.12444685399532318,0.4629773795604706,0.41257578134536743,1
2147,0.12182494252920151,0.4733060896396637,0.4048689603805542,1
2148,0.11194257438182831,0.4983096122741699,0.3897477984428406,1
2149,0.13455377519130707,0.5350813269615173,0.3303649425506592,1
2150,0.14608396589756012,0.581336259841919,0.2725798487663269,1
2151,0.22886361181735992,0.4369513988494873,0.3341849744319916,1
2152,0.16275335848331451,0.6156699061393738,0.22157682478427887,1
2153,0.13262087106704712,0.5990007519721985,0.26837843656539917,1
2154,0.1336452066898346,0.5049166083335876,0.36143818497657776,1
2155,0.14461782574653625,0.528986930847168,0.32639527320861816,1
2156,0.1342557817697525,0.6254685521125793,0.24027560651302338,1
2157,0.12178542464971542,0.6775724291801453,0.2006421685218811,1
2158,0.09913051873445511,0.7228615880012512,0.1780078411102295,1
2159,0.10210012644529343,0.730984628200531,0.1669151932001114,1
2160,0.10978188365697861,0.7333102822303772,0.156907856464386,1
2161,0.19866399466991425,0.5942729711532593,0.20706301927566528,1
2162,0.13530030846595764,0.6651711463928223,0.19952844083309174,1
2163,0.11871935427188873,0.6976651549339294,0.1836155354976654,1
2164,0.09046200662851334,0.7167006731033325,0.19283728301525116,1
2165,0.08416008949279785,0.7567991018295288,0.15904076397418976,1
2166,0.11048565804958344,0.7115737795829773,0.17794065177440643,1
2167,0.14284449815750122,0.6946531534194946,0.16250237822532654,1
2168,0.08361244201660156,0.6992241740226746,0.2171633392572403,1
2169,0.07358341664075851,0.7853788733482361,0.14103776216506958,1
2170,0.0675559714436531,0.7785429954528809,0.15390101075172424,1
2171,0.06264738738536835,0.779258668422699,0.15809400379657745,1
2172,0.06320874392986298,0.7517333030700684,0.18505798280239105,1
2173,0.05908545106649399,0.8026461005210876,0.13826844096183777,1
2174,0.06654447317123413,0.7747222781181335,0.15873323380947113,1
2175,0.07829008996486664,0.7689071893692017,0.15280276536941528,1
2176,0.15544632077217102,0.6193312406539917,0.22522234916687012,1
2177,0.06767788529396057,0.796567440032959,0.13575467467308044,1
2178,0.05418509244918823,0.8133032321929932,0.1325116902589798,1
2179,0.05912104249000549,0.8192809820175171,0.12159799039363861,1
2180,0.05818629637360573,0.7967217564582825,0.14509187638759613,1
2181,0.0684334859251976,0.8107041120529175,0.12086231261491776,1
2182,0.058790985494852066,0.8077979683876038,0.13341107964515686,1
2183,0.06394287198781967,0.7956403493881226,0.14041678607463837,1
2184,0.10659246891736984,0.7513054013252258,0.14210215210914612,1
2185,0.15612511336803436,0.6813069581985474,0.16256795823574066,1
2186,0.10592778772115707,0.7472077012062073,0.14686453342437744,1
2187,0.11678588390350342,0.7280900478363037,0.15512405335903168,1
2188,0.06138768792152405,0.8196125030517578,0.11899984627962112,1
2189,0.07105553150177002,0.800524890422821,0.12841954827308655,1
2190,0.08864842355251312,0.7426339387893677,0.1687176525592804,1
2191,0.07664034515619278,0.7195839881896973,0.20377568900585175,1
2192,0.04682838171720505,0.8062976598739624,0.14687390625476837,1
2193,0.0779009461402893,0.7284509539604187,0.19364815950393677,1
2194,0.05682336166501045,0.7840500473976135,0.1591266542673111,1
2195,0.056658077985048294,0.7940780520439148,0.14926381409168243,1
2196,0.05151475593447685,0.7980671525001526,0.15041813254356384,1
2197,0.05343963950872421,0.8486766815185547,0.0978836789727211,1
2198,0.09301024675369263,0.7418034076690674,0.16518637537956238,1
2199,0.1571967452764511,0.6276068091392517,0.21519634127616882,1
2200,0.061423350125551224,0.8277409076690674,0.11083576828241348,1
2201,0.24197319149971008,0.512901782989502,0.24512505531311035,1
2202,0.08539124578237534,0.7951017022132874,0.11950711160898209,1
2203,0.07988187670707703,0.7856870293617249,0.13443119823932648,1
2204,0.07058802992105484,0.7869786024093628,0.14243336021900177,1
2205,0.07262177765369415,0.769990861415863,0.15738734602928162,1
2206,0.11137933284044266,0.6917982697486877,0.196822389960289,1
2207,0.10367927700281143,0.6699864268302917,0.2263343334197998,1
2208,0.07630695402622223,0.7669352889060974,0.15675778687000275,1
2209,0.08640492707490921,0.7221846580505371,0.19141033291816711,1
2210,0.10635486990213394,0.7371770739555359,0.15646803379058838,1
2211,0.13614971935749054,0.6934365630149841,0.17041373252868652,1
2212,0.09329082071781158,0.7713158130645752,0.1353934109210968,1
2213,0.06734231859445572,0.7661640048027039,0.16649366915225983,1
2214,0.0924687385559082,0.587027907371521,0.32050326466560364,1
2215,0.09032788127660751,0.599530041217804,0.31014204025268555,1
2216,0.07598881423473358,0.6583828330039978,0.2656283378601074,1
2217,0.07504285871982574,0.6614516377449036,0.2635054886341095,1
2218,0.07270217686891556,0.5828008651733398,0.3444969058036804,1
2219,0.0749894455075264,0.6334896683692932,0.29152098298072815,1
2220,0.07012539356946945,0.636125922203064,0.293748676776886,1
2221,0.08518373966217041,0.7323068976402283,0.18250927329063416,1
2222,0.13608622550964355,0.7030453681945801,0.16086836159229279,1
2223,0.2569579780101776,0.4629911780357361,0.28005078434944153,1
2224,0.10654901713132858,0.7463632822036743,0.14708779752254486,1
2225,0.1322876214981079,0.7129555344581604,0.15475678443908691,1
2226,0.13727401196956635,0.6952929496765137,0.1674329936504364,1
2227,0.24035121500492096,0.522930383682251,0.23671838641166687,1
2228,0.1669122576713562,0.6190445423126221,0.21404317021369934,1
2229,0.17355704307556152,0.6103328466415405,0.2161102294921875,1
2230,0.11524242162704468,0.7286919951438904,0.15606555342674255,1
2231,0.09818731248378754,0.7516794800758362,0.15013325214385986,1
2232,0.10079215466976166,0.7373283505439758,0.16187942028045654,1
2233,0.09329765290021896,0.7411985397338867,0.16550377011299133,1
2234,0.21840451657772064,0.5525845289230347,0.22901089489459991,1
2235,0.23997120559215546,0.4893436133861542,0.27068519592285156,1
2236,0.16936816275119781,0.6066662073135376,0.22396567463874817,1
2237,0.09257247298955917,0.7582619786262512,0.1491655558347702,1
2238,0.0830504298210144,0.7747706174850464,0.1421789824962616,1
2239,0.06475435197353363,0.8181679844856262,0.11707761138677597,1
2240,0.051187679171562195,0.8402575850486755,0.1085546687245369,1
2241,0.055653251707553864,0.819553554058075,0.124793142080307,1
2242,0.05074803903698921,0.8275155425071716,0.12173639237880707,1
2243,0.05323190242052078,0.8236875534057617,0.12308048456907272,1
2244,0.060092851519584656,0.812144935131073,0.12776219844818115,1
2245,0.09293748438358307,0.7291938066482544,0.17786869406700134,1
2246,0.2394576370716095,0.49908584356307983,0.26145651936531067,1
2247,0.2020072340965271,0.5352616906166077,0.26273107528686523,1
2248,0.1222870871424675,0.7020114064216614,0.17570145428180695,1
2249,0.08321640640497208,0.7533740401268005,0.16340963542461395,1
2250,0.08843362331390381,0.7423150539398193,0.16925127804279327,1
2251,0.10701704025268555,0.698782742023468,0.1942002922296524,1
2252,0.0948682650923729,0.7152110934257507,0.18992069363594055,1
2253,0.09796977788209915,0.6807901859283447,0.2212400585412979,1
2254,0.10176148265600204,0.7006959319114685,0.1975427120923996,1
2255,0.08134662359952927,0.7649192810058594,0.15373408794403076,1
2256,0.07691001147031784,0.7518852949142456,0.17120467126369476,1
2257,0.12909665703773499,0.6976647973060608,0.1732385754585266,1
2258,0.1915149837732315,0.5995168685913086,0.2089681178331375,1
2259,0.16891445219516754,0.6104521155357361,0.22063352167606354,1
2260,0.20404627919197083,0.5396273136138916,0.25632643699645996,1
2261,0.10120389610528946,0.7175474762916565,0.18124859035015106,1
2262,0.08066698908805847,0.7519874572753906,0.16734559834003448,1
2263,0.0821027085185051,0.7146850824356079,0.20321209728717804,1
2264,0.07068923860788345,0.7549121975898743,0.17439866065979004,1
2265,0.06567443907260895,0.7561017870903015,0.17822377383708954,1
2266,0.07350194454193115,0.77181077003479,0.15468735992908478,1
2267,0.06114782392978668,0.8074881434440613,0.13136404752731323,1
2268,0.05989314988255501,0.8176257014274597,0.12248119711875916,1
2269,0.13938263058662415,0.703166127204895,0.1574513018131256,1
2270,0.09447033703327179,0.7734276056289673,0.1321020871400833,1
2271,0.0905442163348198,0.7655875086784363,0.14386828243732452,1
2272,0.058684565126895905,0.8301093578338623,0.11120610684156418,1
2273,0.06812470406293869,0.8119430541992188,0.11993227154016495,1
2274,0.1768852174282074,0.5650623440742493,0.25805237889289856,1
2275,0.1151038408279419,0.7192462086677551,0.16564996540546417,1
2276,0.10937584191560745,0.7291778326034546,0.16144630312919617,1
2277,0.10272269695997238,0.7347207069396973,0.16255657374858856,1
2278,0.1247306689620018,0.6796396374702454,0.19562964141368866,1
2279,0.10017134249210358,0.7176670432090759,0.18216153979301453,1
2280,0.09866449236869812,0.7128952741622925,0.188440203666687,1
2281,0.15067271888256073,0.6654086112976074,0.18391871452331543,1
2282,0.10622566938400269,0.7073402404785156,0.18643411993980408,1
2283,0.15189129114151,0.655087411403656,0.1930212378501892,1
2284,0.08751910924911499,0.7641579508781433,0.14832301437854767,1
2285,0.16768959164619446,0.610404908657074,0.22190549969673157,1
2286,0.15566575527191162,0.6051216721534729,0.23921267688274384,1
2287,0.1057284027338028,0.6988101005554199,0.1954614669084549,1
2288,0.09038841724395752,0.7109997868537903,0.1986117959022522,1
2289,0.0777793750166893,0.7061694264411926,0.2160511612892151,1
2290,0.07663880288600922,0.7408681511878967,0.18249306082725525,1
2291,0.07737608999013901,0.7105692625045776,0.21205459535121918,1
2292,0.08280833065509796,0.734670877456665,0.18252071738243103,1
2293,0.13765569031238556,0.6714274287223816,0.1909167766571045,1
2294,0.1923530548810959,0.586827278137207,0.22081969678401947,1
2295,0.15894955396652222,0.6307724714279175,0.21027794480323792,1
2296,0.2175631821155548,0.5314642190933228,0.2509726583957672,1
2297,0.08916373550891876,0.7422119379043579,0.16862431168556213,1
2298,0.1140134334564209,0.7053070068359375,0.180679589509964,1
2299,0.12429308146238327,0.6978939175605774,0.17781300842761993,1
2300,0.08671101182699203,0.748086154460907,0.16520284116268158,1
2301,0.08720575273036957,0.7481788992881775,0.16461534798145294,1
2302,0.07308751344680786,0.764274537563324,0.1626378893852234,1
2303,0.06740708649158478,0.7790994644165039,0.15349334478378296,1
2304,0.12855949997901917,0.7059351205825806,0.165505513548851,1
2305,0.10173103958368301,0.7387021780014038,0.1595667451620102,1
2306,0.20803159475326538,0.48829764127731323,0.3036706745624542,1
2307,0.15908250212669373,0.6184179782867432,0.22249959409236908,1
2308,0.12135159224271774,0.6766065955162048,0.202041894197464,1
2309,0.12032593041658401,0.6776536107063293,0.20202039182186127,1
2310,0.06672949343919754,0.7774884104728699,0.1557820737361908,1
2311,0.09086454659700394,0.6990987658500671,0.21003659069538116,1
2312,0.1092107817530632,0.7134950160980225,0.1772942692041397,1
2313,0.08104989677667618,0.7054279446601868,0.21352224051952362,1
2314,0.07310774177312851,0.7060449123382568,0.22084736824035645,1
2315,0.07670547813177109,0.6556798219680786,0.2676146328449249,1
2316,0.0852644219994545,0.724833607673645,0.1899019330739975,1
2317,0.11940369009971619,0.7100127935409546,0.1705835461616516,1
2318,0.2559490203857422,0.43689438700675964,0.30715659260749817,1
2319,0.08588658273220062,0.7489537596702576,0.1651596873998642,1
2320,0.08189421147108078,0.7594431042671204,0.15866269171237946,1
2321,0.0702468678355217,0.7837824821472168,0.14597070217132568,1
2322,0.08043722808361053,0.7638508677482605,0.1557120382785797,1
2323,0.08431725949048996,0.7345956563949585,0.18108703196048737,1
2324,0.12770909070968628,0.6660082340240479,0.20628264546394348,1
2325,0.10294464975595474,0.7163999676704407,0.18065539002418518,1
2326,0.08521538227796555,0.743634045124054,0.17115068435668945,1
2327,0.09673021733760834,0.7276781797409058,0.1755915731191635,1
2328,0.158156156539917,0.6287745237350464,0.21306930482387543,1
2329,0.11169494688510895,0.7099817395210266,0.17832323908805847,1
2330,0.131109818816185,0.6850309371948242,0.1838592290878296,1
2331,0.14270298182964325,0.01995459571480751,0.8373423218727112,2
2332,0.18845924735069275,0.0830664187669754,0.7284743189811707,2
2333,0.14910104870796204,0.05819326639175415,0.7927057147026062,2
2334,0.15731535851955414,0.05082784965634346,0.7918568253517151,2
2335,0.20229536294937134,0.09055527299642563,0.7071493268013,2
2336,0.2114790380001068,0.09395749866962433,0.6945635080337524,2
2337,0.21633975207805634,0.09331708401441574,0.6903432011604309,2
2338,0.21116231381893158,0.09101248532533646,0.6978251338005066,2
2339,0.21374572813510895,0.08530243486166,0.700951874256134,2
2340,0.21678100526332855,0.0725596696138382,0.710659384727478,2
2341,0.20129339396953583,0.05070890113711357,0.7479977011680603,2
2342,0.21414440870285034,0.06069087237119675,0.7251647710800171,2
2343,0.21728697419166565,0.06035102903842926,0.7223620414733887,2
2344,0.2336542159318924,0.06621519476175308,0.7001306414604187,2
2345,0.2233356237411499,0.05799359083175659,0.7186707258224487,2
2346,0.23472072184085846,0.06481913477182388,0.7004601955413818,2
2347,0.23638896644115448,0.06046149134635925,0.7031495571136475,2
2348,0.24592667818069458,0.0631038248538971,0.6909695267677307,2
2349,0.25344642996788025,0.06382978707551956,0.6827237606048584,2
2350,0.2678137719631195,0.06810994446277618,0.6640763282775879,2
2351,0.2799648344516754,0.06615541875362396,0.6538797616958618,2
2352,0.3020969331264496,0.07362623512744904,0.624276876449585,2
2353,0.31189659237861633,0.06728621572256088,0.6208171844482422,2
2354,0.4171028733253479,0.07275655120611191,0.5101405382156372,2
2355,0.19673849642276764,0.0025857740547508,0.8006757497787476,2
2356,0.23403126001358032,0.0035272708628326654,0.7624415159225464,2
2357,0.24855588376522064,0.006189137231558561,0.7452549934387207,2
2358,0.2884926199913025,0.02703801728785038,0.6844694018363953,2
2359,0.27953407168388367,0.025215057656168938,0.6952508687973022,2
2360,0.2758767306804657,0.010505564510822296,0.7136178016662598,2
2361,0.2735324203968048,0.006756470538675785,0.7197110652923584,2
2362,0.27067700028419495,0.005910987500101328,0.723412036895752,2
2363,0.2759292721748352,0.00716810580343008,0.7169026136398315,2
2364,0.2567461431026459,0.008439125493168831,0.7348147034645081,2
2365,0.25915655493736267,0.008746322244405746,0.7320972084999084,2
2366,0.27288907766342163,0.013141728937625885,0.7139692306518555,2
2367,0.26801422238349915,0.009588389657437801,0.7223973870277405,2
2368,0.28429800271987915,0.013653738424181938,0.7020483016967773,2
2369,0.2775130569934845,0.01771809719502926,0.7047688961029053,2
2370,0.2893159091472626,0.013029704801738262,0.6976543664932251,2
2371,0.2743609845638275,0.014093533158302307,0.7115455269813538,2
2372,0.24307560920715332,0.0201595276594162,0.7367648482322693,2
2373,0.21506738662719727,0.02061440423130989,0.7643182277679443,2
2374,0.23332086205482483,0.022965874522924423,0.74371337890625,2
2375,0.28015559911727905,0.06441237777471542,0.6554319858551025,2
2376,0.24992355704307556,0.07518983632326126,0.6748865842819214,2
2377,0.35185059905052185,0.062007803469896317,0.5861415863037109,2
2378,0.3227863609790802,0.07065439969301224,0.6065592169761658,2
2379,0.3448745906352997,0.1000361442565918,0.5550892353057861,2
2380,0.30889439582824707,0.1261606365442276,0.5649450421333313,2
2381,0.3245556950569153,0.09249027818441391,0.5829540491104126,2
2382,0.23031114041805267,0.06891700625419617,0.7007718682289124,2
2383,0.20531205832958221,0.06769846379756927,0.7269894480705261,2
2384,0.2519347369670868,0.09931465983390808,0.6487506628036499,2
2385,0.22506451606750488,0.09149955213069916,0.6834359765052795,2
2386,0.23931677639484406,0.10374541580677032,0.6569377779960632,2
2387,0.23124085366725922,0.0969402864575386,0.6718187928199768,2
2388,0.3002132475376129,0.11527984589338303,0.5845068693161011,2
2389,0.3335062265396118,0.1064658984541893,0.5600278973579407,2
2390,0.39301154017448425,0.1004292294383049,0.5065592527389526,2
2391,0.3538748323917389,0.11502806842327118,0.5310971140861511,2
2392,0.30060479044914246,0.14363375306129456,0.5557613968849182,2
2393,0.33964699506759644,0.13111278414726257,0.5292402505874634,2
2394,0.4727461636066437,0.08223125338554382,0.4450226128101349,0
2395,0.44293150305747986,0.10378263145685196,0.453285813331604,2
2396,0.29195350408554077,0.14758571982383728,0.5604607462882996,2
2397,0.3360438048839569,0.10529652237892151,0.5586596131324768,2
2398,0.2671644687652588,0.15380965173244476,0.57902592420578,2
2399,0.2510666847229004,0.16172800958156586,0.5872053503990173,2
2400,0.27424582839012146,0.15799319744110107,0.5677609443664551,2
2401,0.25808942317962646,0.18357214331626892,0.5583384037017822,2
2402,0.36212587356567383,0.1145268976688385,0.5233472585678101,2
2403,0.3019709587097168,0.10867464542388916,0.589354395866394,2
2404,0.2365855723619461,0.13244904577732086,0.6309654116630554,2
2405,0.21759308874607086,0.1552085429430008,0.6271982789039612,2
2406,0.20237775146961212,0.09300009906291962,0.7046221494674683,2
2407,0.24019935727119446,0.16189618408679962,0.5979044437408447,2
2408,0.2205592840909958,0.19142672419548035,0.5880140066146851,2
2409,0.22243160009384155,0.17934082448482513,0.5982276201248169,2
2410,0.19317980110645294,0.180324524641037,0.6264955997467041,2
2411,0.21141332387924194,0.17750805616378784,0.6110785603523254,2
2412,0.20637790858745575,0.2288140058517456,0.5648080706596375,2
2413,0.4461396336555481,0.10571160912513733,0.448148638010025,2
2414,0.46571630239486694,0.06940068304538727,0.4648829996585846,0
2415,0.32266584038734436,0.12718483805656433,0.5501492619514465,2
2416,0.3512450158596039,0.1341320127248764,0.5146229267120361,2
2417,0.35839274525642395,0.1460975557565689,0.4955097436904907,2
2418,0.43213891983032227,0.10846061259508133,0.4594004154205322,2
2419,0.39236339926719666,0.14624206721782684,0.46139460802078247,2
2420,0.40419840812683105,0.1256021112203598,0.4701995551586151,2
2421,0.359030544757843,0.15690961480140686,0.4840598702430725,2
2422,0.4061185419559479,0.12750905752182007,0.46637243032455444,2
2423,0.3331599235534668,0.21018251776695251,0.4566575288772583,2
2424,0.4849916398525238,0.12169881165027618,0.3933095633983612,0
2425,0.43140748143196106,0.11687515676021576,0.451717346906662,2
2426,0.5166053771972656,0.10581822693347931,0.37757638096809387,0
2427,0.4648353159427643,0.11990262567996979,0.4152619540691376,0
2428,0.428060382604599,0.12811186909675598,0.44382768869400024,2
2429,0.3538913428783417,0.15299800038337708,0.4931105971336365,2
2430,0.4225503206253052,0.12074369937181473,0.4567059874534607,2
2431,0.3506172001361847,0.16289444267749786,0.4864884316921234,2
2432,0.39504632353782654,0.13560673594474792,0.469346821308136,2
2433,0.385272741317749,0.1649058312177658,0.4498215317726135,2
2434,0.37251991033554077,0.1856272965669632,0.44185271859169006,2
2435,0.43749263882637024,0.1137271597981453,0.44878023862838745,2
2436,0.48262104392051697,0.08321765810251236,0.43416136503219604,0
2437,0.3532015085220337,0.10665453970432281,0.5401440262794495,2
2438,0.31796813011169434,0.1491450071334839,0.532886803150177,2
2439,0.3004787564277649,0.21496307849884033,0.48455810546875,2
2440,0.31786760687828064,0.18611353635787964,0.4960188865661621,2
2441,0.30946311354637146,0.17519022524356842,0.5153466463088989,2
2442,0.269722044467926,0.2128806710243225,0.5173972249031067,2
2443,0.2827698290348053,0.1991940587759018,0.5180361270904541,2
2444,0.2432577908039093,0.2394874095916748,0.5172548294067383,2
2445,0.24416190385818481,0.2305188775062561,0.5253191590309143,2
2446,0.3068787157535553,0.1922944039106369,0.5008268356323242,2
2447,0.18631325662136078,0.07300273329019547,0.7406839728355408,2
2448,0.1917698234319687,0.14026501774787903,0.6679651141166687,2
2449,0.17442038655281067,0.1222337856888771,0.7033458352088928,2
2450,0.1905447095632553,0.11816196888685226,0.6912932991981506,2
2451,0.212689608335495,0.16226531565189362,0.6250450611114502,2
2452,0.20448705554008484,0.17410343885421753,0.6214094758033752,2
2453,0.34760281443595886,0.10633177310228348,0.5460653901100159,2
2454,0.37228506803512573,0.14363718032836914,0.4840777814388275,2
2455,0.26804405450820923,0.19875772297382355,0.5331982374191284,2
2456,0.3150845170021057,0.20129291713237762,0.48362258076667786,2
2457,0.19208726286888123,0.2923479974269867,0.5155646800994873,2
2458,0.21173787117004395,0.32574552297592163,0.46251657605171204,2
2459,0.27295467257499695,0.18999165296554565,0.537053644657135,2
2460,0.3160424530506134,0.17516419291496277,0.5087933540344238,2
2461,0.4301389157772064,0.11060118675231934,0.4592597782611847,2
2462,0.4393043518066406,0.09120598435401917,0.4694896638393402,2
2463,0.34781932830810547,0.1257306933403015,0.5264500975608826,2
2464,0.3264008164405823,0.1904430240392685,0.48315611481666565,2
2465,0.385492205619812,0.15537896752357483,0.45912882685661316,2
2466,0.3688364326953888,0.16929200291633606,0.4618716239929199,2
2467,0.43693169951438904,0.11474908888339996,0.44831928610801697,2
2468,0.4529055655002594,0.12604720890522003,0.42104724049568176,0
2469,0.4134211540222168,0.1714109480381012,0.415167897939682,2
2470,0.43427741527557373,0.17924369871616364,0.3864789605140686,0
2471,0.4120550751686096,0.15710090100765228,0.4308439791202545,2
2472,0.378103107213974,0.16291047632694244,0.45898643136024475,2
2473,0.38025712966918945,0.15469619631767273,0.4650466740131378,2
2474,0.5160680413246155,0.10893172770738602,0.3750002086162567,0
2475,0.5251494646072388,0.10625453293323517,0.36859598755836487,0
2476,0.4021887183189392,0.13173912465572357,0.46607208251953125,2
2477,0.40988144278526306,0.13777010142803192,0.452348530292511,2
2478,0.4026854932308197,0.14995138347148895,0.44736310839653015,2
2479,0.444997638463974,0.11206664890050888,0.44293567538261414,0
2480,0.4327342212200165,0.1215786561369896,0.44568708539009094,2
2481,0.4464636743068695,0.10785485059022903,0.44568148255348206,0
2482,0.35973748564720154,0.15058167278766632,0.48968079686164856,2
2483,0.4051276445388794,0.08568648248910904,0.5091859102249146,2
2484,0.4081275165081024,0.0797443762421608,0.5121281147003174,2
2485,0.3562513291835785,0.11174729466438293,0.5320014357566833,2
2486,0.39052486419677734,0.09688153862953186,0.5125936269760132,2
2487,0.3619505763053894,0.13016830384731293,0.5078811645507812,2
2488,0.339852511882782,0.1354578733444214,0.5246896147727966,2
2489,0.3560028076171875,0.13072995841503143,0.5132672190666199,2
2490,0.32764527201652527,0.12701117992401123,0.5453434586524963,2
2491,0.28951436281204224,0.14133118093013763,0.5691545009613037,2
2492,0.3167843222618103,0.1315033882856369,0.5517122745513916,2
2493,0.32066810131073,0.15391920506954193,0.5254126787185669,2
2494,0.3328621983528137,0.1700839102268219,0.49705392122268677,2
2495,0.33397969603538513,0.12543214857578278,0.5405881404876709,2
2496,0.2845592498779297,0.15698501467704773,0.5584557056427002,2
2497,0.5333221554756165,0.0986001044511795,0.36807772517204285,0
2498,0.5684190988540649,0.10841401666402817,0.32316678762435913,0
2499,0.6116479635238647,0.08841874450445175,0.2999332547187805,0
2500,0.5800638794898987,0.0909108966588974,0.3290252685546875,0
2501,0.5469880700111389,0.10568667948246002,0.34732526540756226,0
2502,0.45364516973495483,0.13467279076576233,0.41168203949928284,0
2503,0.4529121220111847,0.12576346099376678,0.4213244616985321,0
2504,0.4395523965358734,0.12843912839889526,0.43200841546058655,0
2505,0.437233567237854,0.12165128439664841,0.4411151111125946,2
2506,0.41386204957962036,0.07634400576353073,0.5097938776016235,2
2507,0.4099079966545105,0.13591933250427246,0.45417264103889465,2
2508,0.4020930528640747,0.1644013226032257,0.4335056245326996,2
2509,0.3791952133178711,0.15782342851161957,0.4629814028739929,2
2510,0.36769673228263855,0.09921945631504059,0.5330837965011597,2
2511,0.3120401203632355,0.22841505706310272,0.4595447778701782,2
2512,0.2423420399427414,0.27791646122932434,0.4797414541244507,2
2513,0.25435930490493774,0.24812737107276917,0.4975133538246155,2
2514,0.24941349029541016,0.261788010597229,0.4887985289096832,2
2515,0.25307711958885193,0.2439955472946167,0.502927303314209,2
2516,0.2398580014705658,0.27589020133018494,0.48425188660621643,2
2517,0.2415313720703125,0.2675851285457611,0.4908835291862488,2
2518,0.21166236698627472,0.3088388442993164,0.4794987142086029,2
2519,0.20318607985973358,0.2894582152366638,0.5073556900024414,2
2520,0.19032874703407288,0.3078172504901886,0.5018539428710938,2
2521,0.19882015883922577,0.3185659348964691,0.4826139509677887,2
2522,0.21125681698322296,0.30888569355010986,0.4798573851585388,2
2523,0.2009301781654358,0.4335918426513672,0.36547794938087463,1
2524,0.1877724528312683,0.47140273451805115,0.34082481265068054,1
2525,0.19299311935901642,0.48137959837913513,0.32562726736068726,1
2526,0.19492362439632416,0.48038625717163086,0.3246900737285614,1
2527,0.21103425323963165,0.4792083203792572,0.30975741147994995,1
2528,0.19624413549900055,0.4767153263092041,0.32704052329063416,1
2529,0.19887609779834747,0.4832668602466583,0.31785696744918823,1
2530,0.18875865638256073,0.4716379940509796,0.33960339426994324,1
2531,0.23122064769268036,0.38222554326057434,0.3865538537502289,2
2532,0.2769460380077362,0.3327711522579193,0.39028269052505493,2
2533,0.3001939058303833,0.29167863726615906,0.4081275761127472,2
2534,0.3475899398326874,0.23248973488807678,0.4199203550815582,2
2535,0.34702068567276,0.24649423360824585,0.4064851701259613,2
2536,0.2734631597995758,0.2820679247379303,0.4444688558578491,2
2537,0.2970336675643921,0.2520986795425415,0.4508676528930664,2
2538,0.24953888356685638,0.30855900049209595,0.44190216064453125,2
2539,0.2770250737667084,0.2902514338493347,0.43272343277931213,2
2540,0.2517476975917816,0.33112406730651855,0.41712823510169983,2
2541,0.18322505056858063,0.15917275846004486,0.6576021313667297,2
2542,0.22689728438854218,0.2946986258029938,0.47840410470962524,2
2543,0.19376127421855927,0.27754223346710205,0.5286965370178223,2
2544,0.17806021869182587,0.15414652228355408,0.6677932739257812,2
2545,0.20219118893146515,0.16851605474948883,0.6292927861213684,2
2546,0.16669586300849915,0.10660757124423981,0.7266965508460999,2
2547,0.21734619140625,0.197123721241951,0.5855301022529602,2
2548,0.20087571442127228,0.25561991333961487,0.5435044169425964,2
2549,0.1907242387533188,0.299949049949646,0.509326696395874,2
2550,0.20109334588050842,0.2786959707736969,0.5202107429504395,2
2551,0.2021910548210144,0.28443384170532227,0.5133751034736633,2
2552,0.20629964768886566,0.2793130874633789,0.5143871903419495,2
2553,0.24301105737686157,0.19624139368534088,0.5607475638389587,2
2554,0.22332677245140076,0.2595835030078888,0.5170897245407104,2
2555,0.254282683134079,0.25235962867736816,0.49335765838623047,2
2556,0.3327570855617523,0.1768060177564621,0.4904368221759796,2
2557,0.3200969398021698,0.214840829372406,0.4650622606277466,2
2558,0.35608845949172974,0.18411493301391602,0.4597966969013214,2
2559,0.36357739567756653,0.19864313304424286,0.4377794861793518,2
2560,0.39808133244514465,0.1583012342453003,0.44361740350723267,2
2561,0.5385183691978455,0.07668953388929367,0.38479214906692505,0
2562,0.4624771177768707,0.1313401311635971,0.4061826467514038,0
2563,0.4885920286178589,0.13972951471805573,0.3716784715652466,0
2564,0.5219460725784302,0.12052836269140244,0.3575255572795868,0
2565,0.4352942407131195,0.1512024849653244,0.4135032296180725,0
2566,0.43111586570739746,0.13522937893867493,0.43365469574928284,2
2567,0.39849984645843506,0.15760529041290283,0.4438948631286621,2
2568,0.45774248242378235,0.1148654893040657,0.42739200592041016,0
2569,0.36047738790512085,0.15077927708625793,0.4887433350086212,2
2570,0.3904096782207489,0.1244257390499115,0.4851645529270172,2
2571,0.43151554465293884,0.11447668075561523,0.45400771498680115,2
2572,0.2697172462940216,0.21183855831623077,0.5184441208839417,2
2573,0.2685457468032837,0.21911928057670593,0.512334942817688,2
2574,0.24288631975650787,0.2470463663339615,0.5100672841072083,2
2575,0.316663920879364,0.16833245754241943,0.5150036215782166,2
2576,0.3043816387653351,0.17950278520584106,0.5161155462265015,2
2577,0.2769070267677307,0.18915830552577972,0.5339346528053284,2
2578,0.32942113280296326,0.160945862531662,0.5096330642700195,2
2579,0.5141595005989075,0.07006766647100449,0.41577279567718506,0
2580,0.6545512676239014,0.048380911350250244,0.29706770181655884,0
2581,0.5982785820960999,0.062135469168424606,0.3395859897136688,0
2582,0.5574786067008972,0.06235359609127045,0.3801678419113159,0
2583,0.5406364798545837,0.06984159350395203,0.38952189683914185,0
2584,0.511768102645874,0.06941518187522888,0.4188167154788971,0
2585,0.5083279609680176,0.07446502894163132,0.4172070324420929,0
2586,0.4785565137863159,0.0640019029378891,0.4574415385723114,0
2587,0.4645540416240692,0.06944631785154343,0.46599963307380676,2
2588,0.45288315415382385,0.07662699371576309,0.47048982977867126,2
2589,0.44319039583206177,0.08482252806425095,0.4719870388507843,2
2590,0.4375065863132477,0.07515106350183487,0.48734232783317566,2
2591,0.45328301191329956,0.07541050016880035,0.47130656242370605,2
2592,0.4788220226764679,0.0714341253042221,0.4497438967227936,0
2593,0.45920512080192566,0.07129363715648651,0.469501256942749,2
2594,0.4505364000797272,0.08372476696968079,0.46573880314826965,2
2595,0.46320840716362,0.0811525508761406,0.4556390047073364,0
2596,0.48039695620536804,0.06601756066083908,0.45358550548553467,0
2597,0.41656526923179626,0.1032230332493782,0.48021164536476135,2
2598,0.3701527714729309,0.149614155292511,0.4802331030368805,2
2599,0.3915308713912964,0.059320852160453796,0.5491482615470886,2
2600,0.36868607997894287,0.07327935844659805,0.5580345988273621,2
2601,0.3329046368598938,0.107913538813591,0.5591817498207092,2
2602,0.24848777055740356,0.22260630130767822,0.5289058685302734,2
2603,0.25065502524375916,0.10425514727830887,0.6450897455215454,2
2604,0.28739404678344727,0.08200843632221222,0.6305974721908569,2
2605,0.2629280090332031,0.10553477704524994,0.6315370798110962,2
2606,0.26085615158081055,0.11418643593788147,0.6249574422836304,2
2607,0.26034778356552124,0.159076988697052,0.5805752873420715,2
2608,0.2660725712776184,0.15694622695446014,0.5769811868667603,2
2609,0.2564910352230072,0.16742472350597382,0.5760841965675354,2
2610,0.237789586186409,0.15033075213432312,0.6118797659873962,2
2611,0.23668277263641357,0.20791833102703094,0.5553989410400391,2
2612,0.23080511391162872,0.22153955698013306,0.5476552844047546,2
2613,0.21890610456466675,0.20051808655261993,0.5805758833885193,2
2614,0.23226748406887054,0.21822772920131683,0.5495046973228455,2
2615,0.24375179409980774,0.2039988934993744,0.5522493720054626,2
2616,0.2808626592159271,0.22245633602142334,0.4966810345649719,2
2617,0.2990180552005768,0.20536336302757263,0.4956185817718506,2
2618,0.26414966583251953,0.22259937226772308,0.5132508873939514,2
2619,0.3168555796146393,0.1988825798034668,0.4842619001865387,2
2620,0.2735966444015503,0.24331897497177124,0.48308441042900085,2
2621,0.2553698718547821,0.2636452317237854,0.4809848666191101,2
2622,0.18414774537086487,0.34721919894218445,0.4686330556869507,2
2623,0.18156583607196808,0.3371569812297821,0.48127713799476624,2
2624,0.1855516880750656,0.26561760902404785,0.5488306879997253,2
2625,0.20219968259334564,0.32329362630844116,0.4745066463947296,2
2626,0.19779790937900543,0.33958539366722107,0.4626167416572571,2
2627,0.23187531530857086,0.21711613237857819,0.5510085821151733,2
2628,0.2804543673992157,0.10952745378017426,0.6100181937217712,2
2629,0.3060488998889923,0.11381040513515472,0.5801406502723694,2
2630,0.2954495847225189,0.14162230491638184,0.5629280805587769,2
2631,0.2144281268119812,0.14669397473335266,0.6388778686523438,2
2632,0.14231780171394348,0.06256701797246933,0.7951151728630066,2
2633,0.15467533469200134,0.06440199166536331,0.7809227705001831,2
2634,0.13769081234931946,0.04270103573799133,0.8196080923080444,2
2635,0.17587339878082275,0.05895419418811798,0.7651724219322205,2
2636,0.21918247640132904,0.08118393272161484,0.6996335387229919,2
2637,0.1798778921365738,0.06453234702348709,0.7555898427963257,2
2638,0.2585282623767853,0.09925490617752075,0.6422169208526611,2
2639,0.2818887531757355,0.1346680372953415,0.5834432244300842,2
2640,0.36611810326576233,0.10911894589662552,0.5247629880905151,2
2641,0.3734504282474518,0.11706412583589554,0.5094854831695557,2
2642,0.3618333339691162,0.12550027668476105,0.5126664042472839,2
2643,0.35652899742126465,0.12123246490955353,0.5222384929656982,2
2644,0.18337567150592804,0.25983572006225586,0.5567885637283325,2
2645,0.17222827672958374,0.29654088616371155,0.5312308669090271,2
2646,0.1607176512479782,0.2928542494773865,0.5464281439781189,2
2647,0.1683177500963211,0.29857146739959717,0.5331107378005981,2
2648,0.1743810474872589,0.3116638660430908,0.5139551162719727,2
2649,0.21193543076515198,0.30301013588905334,0.48505449295043945,2
2650,0.24346677958965302,0.27962782979011536,0.4769054055213928,2
2651,0.4125189185142517,0.12501990795135498,0.4624612033367157,2
2652,0.26512178778648376,0.1624155193567276,0.5724626779556274,2
2653,0.32373812794685364,0.1273193359375,0.548942506313324,2
2654,0.28009897470474243,0.1599971204996109,0.5599039793014526,2
2655,0.26619550585746765,0.14307129383087158,0.5907332301139832,2
2656,0.21204186975955963,0.18919314444065094,0.5987650156021118,2
2657,0.33707013726234436,0.10149779170751572,0.5614321827888489,2
2658,0.33554211258888245,0.09904851764440536,0.5654093027114868,2
2659,0.41862648725509644,0.09601786732673645,0.4853556752204895,2
2660,0.23998576402664185,0.14868754148483276,0.6113266944885254,2
2661,0.20837491750717163,0.13559328019618988,0.6560317873954773,2
2662,0.19618116319179535,0.13955684006214142,0.664262056350708,2
2663,0.32921651005744934,0.13544394075870514,0.5353395938873291,2
2664,0.408322811126709,0.12209305167198181,0.4695841670036316,2
2665,0.22288499772548676,0.1245669350028038,0.65254807472229,2
2666,0.2756566107273102,0.13493460416793823,0.5894087553024292,2
2667,0.2879011929035187,0.15173768997192383,0.5603610873222351,2
2668,0.4020133912563324,0.12386607378721237,0.4741205871105194,2
2669,0.23490439355373383,0.21263110637664795,0.552464485168457,2
2670,0.1707671582698822,0.3213655650615692,0.5078673362731934,2
2671,0.18094411492347717,0.2650279700756073,0.5540279746055603,2
2672,0.21003270149230957,0.2952430844306946,0.49472418427467346,2
2673,0.22035276889801025,0.31378886103630066,0.4658583402633667,2
2674,0.25399526953697205,0.2762260437011719,0.46977874636650085,2
2675,0.37349024415016174,0.16472312808036804,0.461786687374115,2
2676,0.31615227460861206,0.2126162201166153,0.47123149037361145,2
2677,0.30106982588768005,0.22629064321517944,0.4726395308971405,2
2678,0.32673561573028564,0.2074863165616989,0.465778112411499,2
2679,0.2159404754638672,0.27942347526550293,0.5046360492706299,2
2680,0.23261089622974396,0.27074098587036133,0.49664804339408875,2
2681,0.25518712401390076,0.22507421672344208,0.5197386741638184,2
2682,0.35097536444664,0.17438119649887085,0.4746434986591339,2
2683,0.41189196705818176,0.16294360160827637,0.42516443133354187,2
2684,0.34036561846733093,0.17609502375125885,0.48353928327560425,2
2685,0.3372446298599243,0.18462678790092468,0.4781286120414734,2
2686,0.2852221429347992,0.22159290313720703,0.4931849241256714,2
2687,0.3057428002357483,0.1931198537349701,0.501137375831604,2
2688,0.28176364302635193,0.19952720403671265,0.5187091827392578,2
2689,0.2094765603542328,0.19269241392612457,0.5978310108184814,2
2690,0.195926234126091,0.2272392213344574,0.5768345594406128,2
2691,0.1874280869960785,0.215144544839859,0.5974273085594177,2
2692,0.15367908775806427,0.3502258360385895,0.4960950016975403,2
2693,0.16262376308441162,0.3282957971096039,0.5090804100036621,2
2694,0.15274767577648163,0.3275979161262512,0.5196543335914612,2
2695,0.16226767003536224,0.31725484132766724,0.5204774141311646,2
2696,0.167368546128273,0.2944575250148773,0.5381739735603333,2
2697,0.17717993259429932,0.2825767695903778,0.5402432680130005,2
2698,0.1508696973323822,0.3790976405143738,0.4700326919555664,2
2699,0.17687112092971802,0.20313136279582977,0.619997501373291,2
2700,0.17303800582885742,0.14908279478549957,0.6778791546821594,2
2701,0.18922726809978485,0.09779686480760574,0.7129759192466736,2
2702,0.17380692064762115,0.1042717844247818,0.7219212651252747,2
2703,0.16671055555343628,0.18995332717895508,0.6433360576629639,2
2704,0.19016771018505096,0.16374926269054413,0.6460829973220825,2
2705,0.18038561940193176,0.12959344685077667,0.6900209188461304,2
2706,0.1856193095445633,0.16894181072711945,0.6454387903213501,2
2707,0.21015529334545135,0.15068960189819336,0.6391550898551941,2
2708,0.22469331324100494,0.14011597633361816,0.6351907253265381,2
2709,0.25690433382987976,0.1924412101507187,0.5506545305252075,2
2710,0.25439348816871643,0.21421091258525848,0.5313955545425415,2
2711,0.2696983814239502,0.20298920571804047,0.5273123383522034,2
2712,0.370120108127594,0.13069143891334534,0.49918851256370544,2
2713,0.33654969930648804,0.13154499232769012,0.5319053530693054,2
2714,0.2913527190685272,0.13921743631362915,0.569429874420166,2
2715,0.3907627761363983,0.11918771266937256,0.49004945158958435,2
2716,0.2813531458377838,0.23260408639907837,0.48604273796081543,2
2717,0.2604773938655853,0.2785421311855316,0.46098050475120544,2
2718,0.24872101843357086,0.2768862545490265,0.47439274191856384,2
2719,0.5352519154548645,0.060531895607709885,0.40421614050865173,0
2720,0.38620978593826294,0.1314079314470291,0.4823823571205139,2
2721,0.33933645486831665,0.20137956738471985,0.45928406715393066,2
2722,0.28947702050209045,0.2323434203863144,0.47817960381507874,2
2723,0.3365081250667572,0.17666806280612946,0.4868238568305969,2
2724,0.4086717963218689,0.1254924088716507,0.4658358097076416,2
2725,0.4447231590747833,0.12007518112659454,0.43520164489746094,0
2726,0.4008532464504242,0.13409076631069183,0.46505600214004517,2
2727,0.3919171392917633,0.12941007316112518,0.47867289185523987,2
2728,0.48379337787628174,0.0895526334643364,0.42665398120880127,0
2729,0.40797799825668335,0.11571395397186279,0.47630804777145386,2
2730,0.4254634976387024,0.10517963767051697,0.46935686469078064,2
2731,0.3718293309211731,0.11476777493953705,0.5134028196334839,2
2732,0.4229871332645416,0.09827766567468643,0.47873517870903015,2
2733,0.35314103960990906,0.12359079718589783,0.5232682228088379,2
2734,0.36720404028892517,0.11337358504533768,0.5194223523139954,2
2735,0.34194615483283997,0.12466827780008316,0.5333854556083679,2
2736,0.31609687209129333,0.15066686272621155,0.5332362651824951,2
2737,0.3765740990638733,0.12532679736614227,0.498099148273468,2
2738,0.4521913528442383,0.10192427784204483,0.4458844065666199,0
2739,0.4147178530693054,0.12374924123287201,0.46153292059898376,2
2740,0.3846057653427124,0.12656715512275696,0.4888271391391754,2
2741,0.33534902334213257,0.14754512906074524,0.5171058177947998,2
2742,0.3834764063358307,0.14648249745368958,0.47004103660583496,2
2743,0.36028575897216797,0.14600875973701477,0.49370551109313965,2
2744,0.24868443608283997,0.2351931482553482,0.5161224007606506,2
2745,0.23712629079818726,0.2821532189846039,0.4807204306125641,2
2746,0.19837503135204315,0.31867220997810364,0.482952743768692,2
2747,0.2143203318119049,0.1809895634651184,0.6046901345252991,2
2748,0.2075941115617752,0.14696455001831055,0.6454412341117859,2
2749,0.2083640992641449,0.10397613793611526,0.687659740447998,2
2750,0.18851648271083832,0.1968284249305725,0.6146551370620728,2
2751,0.18085257709026337,0.13308554887771606,0.6860619187355042,2
2752,0.20711365342140198,0.15809504687786102,0.6347912549972534,2
2753,0.19744881987571716,0.13700532913208008,0.6655457615852356,2
2754,0.19006244838237762,0.10848861932754517,0.701448917388916,2
2755,0.20241473615169525,0.11606749892234802,0.6815177798271179,2
2756,0.21599560976028442,0.11386428773403168,0.6701402068138123,2
2757,0.21561753749847412,0.10829920321702957,0.6760832667350769,2
2758,0.27355653047561646,0.15252873301506042,0.5739147663116455,2
2759,0.2901754677295685,0.16462399065494537,0.545200526714325,2
2760,0.286432147026062,0.14703711867332458,0.566530704498291,2
2761,0.30109521746635437,0.12672697007656097,0.5721777677536011,2
2762,0.26274940371513367,0.17610526084899902,0.5611453652381897,2
2763,0.29990068078041077,0.17292147874832153,0.5271778106689453,2
2764,0.2439403086900711,0.21520309150218964,0.5408565402030945,2
2765,0.2095833122730255,0.21385905146598816,0.5765576958656311,2
2766,0.1874806135892868,0.3340055048465729,0.47851383686065674,2
2767,0.18780149519443512,0.38849401473999023,0.4237045347690582,2
2768,0.1785522848367691,0.41161662340164185,0.40983113646507263,1
2769,0.19534099102020264,0.4250321686267853,0.3796268701553345,1
2770,0.21109367907047272,0.3925130367279053,0.396393358707428,2
2771,0.2844620943069458,0.2777765095233917,0.4377613365650177,2
2772,0.34799638390541077,0.15650807321071625,0.4954955279827118,2
2773,0.4076540470123291,0.11992046236991882,0.4724256098270416,2
2774,0.40654057264328003,0.12069124728441238,0.4727681875228882,2
2775,0.39711329340934753,0.1909935623407364,0.4118930697441101,2
2776,0.3942943811416626,0.17547370493412018,0.43023186922073364,2
2777,0.40160274505615234,0.12861204147338867,0.46978524327278137,2
2778,0.37583160400390625,0.1547359675168991,0.46943241357803345,2
2779,0.39855313301086426,0.15863877534866333,0.44280806183815,2
2780,0.45736101269721985,0.09901949763298035,0.4436194896697998,0
2781,0.43879762291908264,0.1335826814174652,0.42761966586112976,0
2782,0.3701189458370209,0.16879531741142273,0.461085706949234,2
2783,0.3479262590408325,0.18081587553024292,0.47125792503356934,2
2784,0.28587788343429565,0.21760237216949463,0.49651962518692017,2
2785,0.37076252698898315,0.15635527670383453,0.4728822708129883,2
2786,0.38548582792282104,0.14061607420444489,0.4738982021808624,2
2787,0.31934812664985657,0.1677110642194748,0.5129408240318298,2
2788,0.34457316994667053,0.15843667089939117,0.4969901740550995,2
2789,0.28658053278923035,0.18317610025405884,0.5302433967590332,2
2790,0.26693493127822876,0.19337350130081177,0.5396916270256042,2
2791,0.29894793033599854,0.1939689666032791,0.5070830583572388,2
2792,0.20874977111816406,0.28578850626945496,0.5054617524147034,2
2793,0.21785622835159302,0.2612093985080719,0.5209342837333679,2
2794,0.23055778443813324,0.24019993841648102,0.5292422771453857,2
2795,0.36207228899002075,0.14940394461154938,0.48852381110191345,2
2796,0.3538767695426941,0.1500101536512375,0.49611300230026245,2
2797,0.35029906034469604,0.15161830186843872,0.49808263778686523,2
2798,0.3496638238430023,0.14955128729343414,0.5007849335670471,2
2799,0.40577083826065063,0.13678453862667084,0.4574447274208069,2
2800,0.5450696349143982,0.08138961344957352,0.3735407292842865,0
2801,0.4721074104309082,0.11514810472726822,0.412744402885437,0
2802,0.46396949887275696,0.11408430337905884,0.42194628715515137,0
2803,0.4009024202823639,0.13527722656726837,0.4638203978538513,2
2804,0.2687116861343384,0.2046767622232437,0.5266115069389343,2
2805,0.32114067673683167,0.16070300340652466,0.5181562900543213,2
2806,0.23116445541381836,0.25266388058662415,0.5161716341972351,2
2807,0.20932871103286743,0.21317696571350098,0.5774943828582764,2
2808,0.18581685423851013,0.09800273180007935,0.7161803841590881,2
2809,0.18190652132034302,0.10876674205064774,0.7093267440795898,2
2810,0.17927733063697815,0.11159265786409378,0.7091299891471863,2
2811,0.18054479360580444,0.12337465584278107,0.6960804462432861,2
2812,0.16199752688407898,0.09686823934316635,0.7411342263221741,2
2813,0.16979725658893585,0.14736051857471466,0.6828421950340271,2
2814,0.16787046194076538,0.1203475296497345,0.7117820382118225,2
2815,0.16708697378635406,0.2155470997095108,0.6173658967018127,2
2816,0.16720667481422424,0.32369300723075867,0.5091002583503723,2
2817,0.16385269165039062,0.33676907420158386,0.4993782341480255,2
2818,0.18313820660114288,0.314736932516098,0.5021248459815979,2
2819,0.3320571184158325,0.12019997835159302,0.5477429032325745,2
2820,0.27413204312324524,0.12536559998989105,0.6005023717880249,2
2821,0.26586946845054626,0.14126786589622498,0.5928625464439392,2
2822,0.2678508758544922,0.1454576551914215,0.5866914391517639,2
2823,0.2318698763847351,0.18446166813373566,0.5836684107780457,2
2824,0.2920052707195282,0.18418048322200775,0.5238142013549805,2
2825,0.39112967252731323,0.10222432762384415,0.506645917892456,2
2826,0.3539517819881439,0.11436719447374344,0.5316810011863708,2
2827,0.302768737077713,0.13856257498264313,0.5586686134338379,2
2828,0.22807252407073975,0.2076786458492279,0.5642488598823547,2
2829,0.2550574243068695,0.19341516494750977,0.5515274405479431,2
2830,0.25421667098999023,0.2049040049314499,0.5408792495727539,2
2831,0.29286396503448486,0.1746535748243332,0.5324824452400208,2
2832,0.3038160800933838,0.14202988147735596,0.5541539788246155,2
2833,0.2616691589355469,0.17739132046699524,0.5609394907951355,2
2834,0.20458057522773743,0.15290303528308868,0.6425163149833679,2
2835,0.2791859209537506,0.1783444583415985,0.5424696207046509,2
2836,0.4539318084716797,0.07969187945127487,0.46637630462646484,2
2837,0.34772789478302,0.17461293935775757,0.4776591658592224,2
2838,0.2295045554637909,0.2679322361946106,0.5025631785392761,2
2839,0.2426324188709259,0.2368028610944748,0.5205646753311157,2
2840,0.27755555510520935,0.19228310883045197,0.5301613807678223,2
2841,0.27238261699676514,0.20745937526226044,0.5201579332351685,2
2842,0.28586870431900024,0.22409453988075256,0.4900367259979248,2
2843,0.407714307308197,0.09925494343042374,0.49303072690963745,2
2844,0.33826157450675964,0.09437878429889679,0.5673596262931824,2
2845,0.29992714524269104,0.2013574242591858,0.49871546030044556,2
2846,0.2720445394515991,0.1276634931564331,0.600291907787323,2
2847,0.2230076640844345,0.16836561262607574,0.6086267828941345,2
2848,0.18359404802322388,0.3556618094444275,0.46074411273002625,2
2849,0.24280546605587006,0.2631527781486511,0.4940416216850281,2
2850,0.20347899198532104,0.30042192339897156,0.4960990250110626,2
2851,0.20986416935920715,0.31446120142936707,0.4756746292114258,2
2852,0.20450294017791748,0.29734838008880615,0.49814867973327637,2
2853,0.1858798861503601,0.34192851185798645,0.47219160199165344,2
2854,0.18989785015583038,0.35139787197113037,0.4587041735649109,2
2855,0.19892726838588715,0.3094339966773987,0.4916386902332306,2
2856,0.26185911893844604,0.1676577627658844,0.5704831480979919,2
2857,0.3468048572540283,0.136883944272995,0.5163112878799438,2
2858,0.3231752812862396,0.12195749580860138,0.5548672080039978,2
2859,0.3839975893497467,0.12810781598091125,0.48789459466934204,2
2860,0.3305886685848236,0.15151570737361908,0.5178955793380737,2
2861,0.28591302037239075,0.1705792248249054,0.5435078144073486,2
2862,0.22535428404808044,0.20502445101737976,0.5696212649345398,2
2863,0.22396250069141388,0.2142276018857956,0.5618098974227905,2
2864,0.2511395514011383,0.21043485403060913,0.538425624370575,2
2865,0.324955016374588,0.17565129697322845,0.4993937015533447,2
2866,0.3600046634674072,0.1492334008216858,0.4907618463039398,2
2867,0.468891441822052,0.07493805885314941,0.45617058873176575,0
2868,0.42600998282432556,0.12043292075395584,0.45355716347694397,2
2869,0.41416090726852417,0.11789359897375107,0.46794557571411133,2
2870,0.3529038429260254,0.13520196080207825,0.511894166469574,2
2871,0.26691052317619324,0.19585515558719635,0.537234365940094,2
2872,0.31037986278533936,0.185724675655365,0.5038954615592957,2
2873,0.2575272023677826,0.262005478143692,0.4804673492908478,2
2874,0.21292106807231903,0.2700616419315338,0.5170172452926636,2
2875,0.21793828904628754,0.2861658036708832,0.49589601159095764,2
2876,0.19241324067115784,0.2922811508178711,0.5153055787086487,2
2877,0.19631165266036987,0.32204604148864746,0.48164230585098267,2
2878,0.20430073142051697,0.31184664368629456,0.4838526248931885,2
2879,0.2627946436405182,0.24262814223766327,0.4945771396160126,2
2880,0.21264488995075226,0.3242722451686859,0.46308282017707825,2
2881,0.2904071509838104,0.2670685946941376,0.4425243139266968,2
2882,0.20816940069198608,0.3182588517665863,0.4735717177391052,2
2883,0.2948440611362457,0.26135778427124023,0.4437982141971588,2
2884,0.18530316650867462,0.3647953271865845,0.44990143179893494,2
2885,0.15281395614147186,0.3641524612903595,0.48303353786468506,2
2886,0.16467633843421936,0.37038454413414,0.4649392366409302,2
2887,0.15493209660053253,0.34460002183914185,0.5004678964614868,2
2888,0.15448160469532013,0.40847793221473694,0.4370405077934265,2
2889,0.17667028307914734,0.19271989166736603,0.6306097507476807,2
2890,0.181065171957016,0.2615312337875366,0.5574036240577698,2
2891,0.18945598602294922,0.10630357265472412,0.7042403221130371,2
2892,0.16378718614578247,0.054245445877313614,0.7819674015045166,2
2893,0.1761247217655182,0.0790306031703949,0.7448446154594421,2
2894,0.1931900531053543,0.0874122679233551,0.7193976044654846,2
2895,0.19448521733283997,0.0964178517460823,0.7090969085693359,2
2896,0.22874300181865692,0.13489340245723724,0.6363635659217834,2
2897,0.30387383699417114,0.12980397045612335,0.5663220882415771,2
2898,0.27761217951774597,0.11043594032526016,0.6119518876075745,2
2899,0.27674537897109985,0.13392335176467896,0.589331328868866,2
2900,0.24737431108951569,0.1476116180419922,0.6050141453742981,2
2901,0.21102848649024963,0.19757507741451263,0.5913964509963989,2
2902,0.20158641040325165,0.24664050340652466,0.5517730712890625,2
2903,0.21937665343284607,0.23219192028045654,0.548431396484375,2
2904,0.26827794313430786,0.2227269411087036,0.5089950561523438,2
2905,0.2837826609611511,0.22257080674171448,0.4936465620994568,2
2906,0.2511165142059326,0.24337458610534668,0.5055088996887207,2
2907,0.23188066482543945,0.27360472083091736,0.4945145547389984,2
2908,0.188640296459198,0.2938975393772125,0.5174621939659119,2
2909,0.18446926772594452,0.3211345374584198,0.4943962097167969,2
2910,0.17904086410999298,0.3344384729862213,0.4865206480026245,2
2911,0.18528592586517334,0.3392961919307709,0.4754178822040558,2
2912,0.19306786358356476,0.40029004216194153,0.4066420793533325,2
2913,0.21658219397068024,0.29962801933288574,0.4837898015975952,2
2914,0.2152351438999176,0.3075087368488312,0.4772562086582184,2
2915,0.35995760560035706,0.15198688209056854,0.4880554676055908,2
2916,0.37329238653182983,0.12803533673286438,0.4986723065376282,2
2917,0.30087170004844666,0.1835852563381195,0.5155430436134338,2
2918,0.2005307823419571,0.2829485833644867,0.516520619392395,2
2919,0.18929395079612732,0.29197606444358826,0.518730103969574,2
2920,0.18575844168663025,0.25568804144859314,0.5585535168647766,2
2921,0.2295854538679123,0.24573753774166107,0.5246769785881042,2
2922,0.26655080914497375,0.21824632585048676,0.5152028203010559,2
2923,0.3245723843574524,0.1810046136379242,0.4944230318069458,2
2924,0.2808021605014801,0.1219823881983757,0.597215473651886,2
2925,0.1948821246623993,0.1768476665019989,0.628270149230957,2
2926,0.19813917577266693,0.17794986069202423,0.6239109635353088,2
2927,0.24669665098190308,0.1433684378862381,0.6099349856376648,2
2928,0.26574769616127014,0.18732886016368866,0.5469234585762024,2
2929,0.32171446084976196,0.1753140389919281,0.5029714107513428,2
2930,0.258257120847702,0.1840580850839615,0.5576847791671753,2
2931,0.2901577353477478,0.1804194152355194,0.5294228196144104,2
2932,0.265274316072464,0.20599465072155,0.528731107711792,2
2933,0.19472050666809082,0.08201511949300766,0.7232644557952881,2
2934,0.24494622647762299,0.10257936269044876,0.6524744033813477,2
2935,0.19666539132595062,0.1766989380121231,0.626635730266571,2
2936,0.1984630972146988,0.23828095197677612,0.5632559657096863,2
2937,0.20872335135936737,0.2942812144756317,0.49699535965919495,2
2938,0.20936524868011475,0.2993931174278259,0.4912416934967041,2
2939,0.34193751215934753,0.1354878544807434,0.5225746631622314,2
2940,0.38613805174827576,0.12824051082134247,0.4856213629245758,2
2941,0.2847774624824524,0.22050602734088898,0.49471643567085266,2
2942,0.44877681136131287,0.18050454556941986,0.3707185685634613,0
2943,0.42156872153282166,0.20786774158477783,0.37056347727775574,0
2944,0.3229297995567322,0.23806312680244446,0.43900710344314575,2
2945,0.27520784735679626,0.28202521800994873,0.4427669644355774,2
2946,0.35152468085289,0.23708410561084747,0.4113912582397461,2
2947,0.4399539530277252,0.13730758428573608,0.4227384626865387,0
2948,0.32484152913093567,0.2173302322626114,0.4578282833099365,2
2949,0.4594108760356903,0.12638702988624573,0.41420218348503113,0
2950,0.39427241683006287,0.1411028355360031,0.4646247923374176,2
2951,0.524620532989502,0.09994495660066605,0.3754344582557678,0
2952,0.4352532625198364,0.15864808857440948,0.40609869360923767,0
2953,0.43736207485198975,0.15041695535182953,0.4122210144996643,0
2954,0.43171194195747375,0.1442902535200119,0.42399775981903076,0
2955,0.42321816086769104,0.1440897136926651,0.43269214034080505,2
2956,0.42228806018829346,0.11871889233589172,0.4589930772781372,2
2957,0.4084005057811737,0.11426099389791489,0.4773385226726532,2
2958,0.38397759199142456,0.11135092377662659,0.5046714544296265,2
2959,0.3478882908821106,0.12270589917898178,0.5294058322906494,2
2960,0.2990410327911377,0.1703486293554306,0.5306103825569153,2
2961,0.2784525156021118,0.20735114812850952,0.5141962766647339,2
2962,0.3056521415710449,0.17904970049858093,0.5152981877326965,2
2963,0.45087113976478577,0.05558476969599724,0.4935440719127655,2
2964,0.5088889002799988,0.07522817701101303,0.41588294506073,0
2965,0.43285006284713745,0.11192893981933594,0.4552210867404938,2
2966,0.4105464518070221,0.13766704499721527,0.45178651809692383,2
2967,0.3746849596500397,0.15959687530994415,0.46571823954582214,2
2968,0.3544178009033203,0.17341235280036926,0.47216978669166565,2
2969,0.4076325297355652,0.12930284440517426,0.46306467056274414,2
2970,0.4851686954498291,0.10392654687166214,0.41090476512908936,0
2971,0.4554767608642578,0.09729500114917755,0.447228342294693,0
2972,0.4266573190689087,0.1289185881614685,0.4444240927696228,2
2973,0.43302616477012634,0.1186005175113678,0.44837337732315063,2
2974,0.3965429961681366,0.14872708916664124,0.4547298848628998,2
2975,0.566746711730957,0.0820384994149208,0.351214736700058,0
2976,0.5196932554244995,0.08325087279081345,0.39705580472946167,0
2977,0.4727992117404938,0.11514188349246979,0.41205891966819763,0
2978,0.44272512197494507,0.12287275493144989,0.43440207839012146,0
2979,0.41577839851379395,0.12850698828697205,0.4557146430015564,2
2980,0.30897411704063416,0.23294050991535187,0.45808538794517517,2
2981,0.35574913024902344,0.2066025733947754,0.4376482367515564,2
2982,0.3325183391571045,0.25854939222335815,0.40893226861953735,2
2983,0.3068550229072571,0.30459970235824585,0.38854533433914185,2
2984,0.2775644361972809,0.32799088954925537,0.39444464445114136,2
2985,0.3109191656112671,0.27655521035194397,0.41252562403678894,2
2986,0.4944375157356262,0.13412991166114807,0.3714326024055481,0
2987,0.6292524337768555,0.06259031593799591,0.3081572353839874,0
2988,0.5715603232383728,0.09429129213094711,0.3341483771800995,0
2989,0.6071213483810425,0.0792296826839447,0.3136489689350128,0
2990,0.5297223329544067,0.12486386299133301,0.34541377425193787,0
2991,0.5322132110595703,0.11723915487527847,0.3505476713180542,0
2992,0.5222228169441223,0.11262741684913635,0.3651498556137085,0
2993,0.509584367275238,0.12498701363801956,0.3654286563396454,0
2994,0.4905673563480377,0.13785944879055023,0.37157320976257324,0
2995,0.5060420036315918,0.13277894258499146,0.361178994178772,0
2996,0.47575870156288147,0.15897037088871002,0.3652709722518921,0
2997,0.44929078221321106,0.18303893506526947,0.3676702380180359,0
2998,0.4312627613544464,0.1985762119293213,0.3701609671115875,0
2999,0.42692384123802185,0.20001716911792755,0.3730590045452118,0
3000,0.38458216190338135,0.23546279966831207,0.3799549341201782,0
3001,0.4225674569606781,0.19515670835971832,0.38227587938308716,0
3002,0.40596893429756165,0.21220533549785614,0.38182565569877625,0
3003,0.4003559947013855,0.21624796092510223,0.3833960294723511,0
3004,0.35834452509880066,0.2566090226173401,0.38504642248153687,2
3005,0.3589077889919281,0.22739876806735992,0.413693368434906,2
3006,0.3268956243991852,0.2300417572259903,0.44306260347366333,2
3007,0.30203068256378174,0.25027570128440857,0.44769367575645447,2
3008,0.28841057419776917,0.2561357617378235,0.4554535746574402,2
3009,0.2878096103668213,0.25892218947410583,0.45326825976371765,2
3010,0.28267449140548706,0.2646273672580719,0.45269814133644104,2
3011,0.29411637783050537,0.08312863111495972,0.6227549314498901,2
3012,0.2797628343105316,0.1553151160478592,0.5649220943450928,2
3013,0.29748213291168213,0.20963597297668457,0.4928818941116333,2
3014,0.3286665380001068,0.25850141048431396,0.4128320813179016,2
3015,0.31512242555618286,0.27713608741760254,0.40774157643318176,2
3016,0.31324660778045654,0.24408896267414093,0.44266441464424133,2
3017,0.29069650173187256,0.33256515860557556,0.37673839926719666,2
3018,0.28431737422943115,0.2677905261516571,0.44789206981658936,2
3019,0.27880555391311646,0.2610117793083191,0.46018272638320923,2
3020,0.28402984142303467,0.18326853215694427,0.5327015519142151,2
3021,0.26664161682128906,0.19807356595993042,0.5352848172187805,2
3022,0.24076636135578156,0.340951532125473,0.41828203201293945,2
3023,0.2329948991537094,0.31847769021987915,0.44852742552757263,2
3024,0.25088196992874146,0.29494449496269226,0.4541735351085663,2
3025,0.2339155673980713,0.3514010012149811,0.41468337178230286,2
3026,0.23456986248493195,0.313846617937088,0.4515835642814636,2
3027,0.23115301132202148,0.20390182733535767,0.5649452209472656,2
3028,0.2108675241470337,0.2721136808395386,0.517018735408783,2
3029,0.20965734124183655,0.29033610224723816,0.5000065565109253,2
3030,0.19664280116558075,0.3306005597114563,0.47275665402412415,2
3031,0.22409510612487793,0.2706555128097534,0.5052493214607239,2
3032,0.22593386471271515,0.3012949526309967,0.4727711081504822,2
3033,0.2163897007703781,0.28728190064430237,0.4963284730911255,2
3034,0.22187979519367218,0.3294591009616852,0.44866111874580383,2
3035,0.32113316655158997,0.1359550952911377,0.54291170835495,2
3036,0.2469891607761383,0.2119607925415039,0.5410500764846802,2
3037,0.23352591693401337,0.23543740808963776,0.5310366153717041,2
3038,0.2511337697505951,0.2585248053073883,0.4903413951396942,2
3039,0.2660137116909027,0.3009575307369232,0.4330286979675293,2
3040,0.24459509551525116,0.2819303572177887,0.47347456216812134,2
3041,0.2629934251308441,0.27340808510780334,0.46359848976135254,2
3042,0.28773730993270874,0.2220620959997177,0.49020063877105713,2
3043,0.27937906980514526,0.2488783746957779,0.47174254059791565,2
3044,0.2758745551109314,0.24901270866394043,0.4751127362251282,2
3045,0.2246200293302536,0.27068689465522766,0.5046930909156799,2
3046,0.24930238723754883,0.26448947191238403,0.4862080514431,2
3047,0.2952861785888672,0.2620753049850464,0.4426385164260864,2
3048,0.4860738217830658,0.12645462155342102,0.3874715268611908,0
3049,0.49030229449272156,0.14733746647834778,0.3623603582382202,0
3050,0.4204097390174866,0.18866096436977386,0.390929251909256,0
3051,0.3053603768348694,0.2280065417289734,0.4666331112384796,2
3052,0.27512073516845703,0.2401992380619049,0.48468005657196045,2
3053,0.2551480531692505,0.23752561211585999,0.5073263049125671,2
3054,0.23164556920528412,0.22220395505428314,0.5461503863334656,2
3055,0.24936437606811523,0.22212228178977966,0.5285133123397827,2
3056,0.29059097170829773,0.21085171401500702,0.49855732917785645,2
3057,0.2226831465959549,0.17873266339302063,0.5985842347145081,2
3058,0.22705382108688354,0.17704233527183533,0.5959038734436035,2
3059,0.5154885649681091,0.09841249883174896,0.38609904050827026,0
3060,0.3756648302078247,0.2082556039094925,0.416079580783844,2
3061,0.29954642057418823,0.25524577498435974,0.44520777463912964,2
3062,0.27249088883399963,0.26471278071403503,0.46279624104499817,2
3063,0.2100178301334381,0.3621039390563965,0.4278782904148102,2
3064,0.19471697509288788,0.34666135907173157,0.4586217403411865,2
3065,0.23071998357772827,0.3287130892276764,0.44056692719459534,2
3066,0.3511732518672943,0.23764504492282867,0.4111817181110382,2
3067,0.18781889975070953,0.14196272194385529,0.670218288898468,2
3068,0.2323286086320877,0.1876610517501831,0.5800103545188904,2
3069,0.2639305889606476,0.18563564121723175,0.5504336953163147,2
3070,0.21110770106315613,0.1454455703496933,0.643446683883667,2
3071,0.28627705574035645,0.16668395698070526,0.5470389127731323,2
3072,0.3028213381767273,0.14739030599594116,0.5497883558273315,2
3073,0.3685048222541809,0.17716938257217407,0.45432591438293457,2
3074,0.34930986166000366,0.19960984587669373,0.4510802626609802,2
3075,0.34454479813575745,0.1943347454071045,0.46112048625946045,2
3076,0.39010146260261536,0.1761769950389862,0.4337215721607208,2
3077,0.35717320442199707,0.17594045400619507,0.466886430978775,2
3078,0.32580891251564026,0.21409444510936737,0.46009665727615356,2
3079,0.32216790318489075,0.20046447217464447,0.4773675799369812,2
3080,0.3577934503555298,0.18750964105129242,0.45469698309898376,2
3081,0.2948036193847656,0.2723141610622406,0.4328821003437042,2
3082,0.28015372157096863,0.3039530813694,0.41589322686195374,2
3083,0.3504972457885742,0.14946088194847107,0.5000418424606323,2
3084,0.27056390047073364,0.24900449812412262,0.48043161630630493,2
3085,0.3199285566806793,0.23918063938617706,0.4408907890319824,2
3086,0.31921708583831787,0.250721275806427,0.4300616681575775,2
3087,0.3612925410270691,0.22391846776008606,0.41478899121284485,2
3088,0.32495445013046265,0.2578926086425781,0.41715294122695923,2
3089,0.359639972448349,0.21938595175743103,0.42097407579421997,2
3090,0.33943185210227966,0.23357266187667847,0.42699554562568665,2
3091,0.4095236659049988,0.12337824702262878,0.46709802746772766,2
3092,0.3523216247558594,0.1346510648727417,0.5130272507667542,2
3093,0.344309538602829,0.14991162717342377,0.5057787895202637,2
3094,0.34781381487846375,0.13812687993049622,0.5140593647956848,2
3095,0.38834860920906067,0.12040024250745773,0.4912511110305786,2
3096,0.3778887689113617,0.1322774440050125,0.4898337125778198,2
3097,0.35665133595466614,0.17824217677116394,0.4651065766811371,2
3098,0.3308286964893341,0.19930168986320496,0.46986958384513855,2
3099,0.33243563771247864,0.18636421859264374,0.48120012879371643,2
3100,0.36917975544929504,0.21137726306915283,0.4194430410861969,2
3101,0.2648983299732208,0.269452840089798,0.4656488299369812,2
3102,0.2555321753025055,0.24000544846057892,0.5044623613357544,2
3103,0.2912028431892395,0.24519503116607666,0.46360206604003906,2
3104,0.3301357328891754,0.17757226526737213,0.49229201674461365,2
3105,0.3222488760948181,0.19124560058116913,0.4865054786205292,2
3106,0.49217307567596436,0.15228883922100067,0.3555380702018738,0
3107,0.49218684434890747,0.09442786872386932,0.4133853018283844,0
3108,0.2724706828594208,0.20454013347625732,0.5229891538619995,2
3109,0.3702562749385834,0.15986520051956177,0.46987852454185486,2
3110,0.28092145919799805,0.14591650664806366,0.5731620192527771,2
3111,0.16587533056735992,0.05719156563282013,0.7769330739974976,2
3112,0.2523772716522217,0.11930113285779953,0.6283215880393982,2
3113,0.24311497807502747,0.09557609260082245,0.6613088846206665,2
3114,0.3386249542236328,0.1467410773038864,0.5146340131759644,2
3115,0.34866607189178467,0.1364632546901703,0.5148706436157227,2
3116,0.3615625202655792,0.13398711383342743,0.5044503211975098,2
3117,0.32674872875213623,0.12267577648162842,0.5505755543708801,2
3118,0.3537933826446533,0.13099339604377747,0.515213131904602,2
3119,0.3685142695903778,0.14343096315860748,0.4880547523498535,2
3120,0.35442906618118286,0.14841629564762115,0.49715468287467957,2
3121,0.3779333829879761,0.1699570268392563,0.4521094858646393,2
3122,0.31466999650001526,0.14634397625923157,0.5389860272407532,2
3123,0.2964492738246918,0.13309413194656372,0.5704565644264221,2
3124,0.2846725881099701,0.16736526787281036,0.5479621291160583,2
3125,0.3385199010372162,0.1773678958415985,0.48411211371421814,2
3126,0.3208082318305969,0.16738446056842804,0.5118072628974915,2
3127,0.33286160230636597,0.17433936893939972,0.49279898405075073,2
3128,0.3585565984249115,0.17395226657390594,0.46749117970466614,2
3129,0.38326454162597656,0.17300920188426971,0.4437263011932373,2
3130,0.383015513420105,0.17403660714626312,0.4429478645324707,2
3131,0.29663047194480896,0.1736225038766861,0.529746949672699,2
3132,0.25870320200920105,0.14328625798225403,0.5980105996131897,2
3133,0.37765029072761536,0.18066343665122986,0.44168633222579956,2
3134,0.42608803510665894,0.18461674451828003,0.3892953097820282,0
3135,0.4671737849712372,0.13563434779644012,0.3971919119358063,0
3136,0.43468308448791504,0.15514607727527618,0.41017091274261475,0
3137,0.4073205590248108,0.15598884224891663,0.4366905987262726,2
3138,0.3031444847583771,0.1636933982372284,0.5331620573997498,2
3139,0.30744341015815735,0.16096003353595734,0.5315966010093689,2
3140,0.3156067132949829,0.17126302421092987,0.5131301879882812,2
3141,0.30138617753982544,0.18431207537651062,0.5143016576766968,2
3142,0.3029680550098419,0.16439534723758698,0.5326366424560547,2
3143,0.2231137454509735,0.07306938618421555,0.7038169503211975,2
3144,0.35198235511779785,0.1747909039258957,0.4732266962528229,2
3145,0.4075382649898529,0.19519346952438354,0.39726823568344116,0
3146,0.5268068909645081,0.15294940769672394,0.32024356722831726,0
3147,0.3824356496334076,0.19257190823554993,0.4249924421310425,2
3148,0.28441470861434937,0.22116199135780334,0.4944232702255249,2
3149,0.3045591413974762,0.23031365871429443,0.46512725949287415,2
3150,0.3704066872596741,0.20192301273345947,0.42767027020454407,2
3151,0.30696117877960205,0.21215136349201202,0.4808874726295471,2
3152,0.25273624062538147,0.18919532001018524,0.5580685138702393,2
3153,0.3675752580165863,0.23458456993103027,0.39784008264541626,2
3154,0.406087189912796,0.2570090591907501,0.33690381050109863,0
3155,0.3878619968891144,0.16949065029621124,0.4426473379135132,2
3156,0.22928985953330994,0.32455554604530334,0.44615456461906433,2
3157,0.2533552646636963,0.33755961060523987,0.40908515453338623,2
3158,0.2682868242263794,0.3415624499320984,0.39015069603919983,2
3159,0.2701728940010071,0.33837664127349854,0.3914504647254944,2
3160,0.2288292497396469,0.31635192036628723,0.4548187553882599,2
3161,0.2132682502269745,0.36533379554748535,0.42139801383018494,2
3162,0.33163872361183167,0.2870394289493561,0.3813219368457794,2
3163,0.2595606744289398,0.34615540504455566,0.3942839205265045,2
3164,0.2637842297554016,0.3304411768913269,0.4057745337486267,2
3165,0.2251087725162506,0.3561806082725525,0.4187105596065521,2
3166,0.23445989191532135,0.3445187509059906,0.421021431684494,2
3167,0.24084164202213287,0.3152453303337097,0.4439130425453186,2
3168,0.3098854422569275,0.21109730005264282,0.4790171980857849,2
3169,0.2907189428806305,0.25554248690605164,0.4537384510040283,2
3170,0.2735261917114258,0.2817617952823639,0.4447120130062103,2
3171,0.25790339708328247,0.21311724185943604,0.5289793610572815,2
3172,0.24509486556053162,0.25640013813972473,0.4985049366950989,2
3173,0.2177807241678238,0.18510182201862335,0.5971174240112305,2
3174,0.2117420732975006,0.30690711736679077,0.4813508093357086,2
3175,0.2167002409696579,0.3578316271305084,0.42546820640563965,2
3176,0.24594850838184357,0.3771229386329651,0.37692856788635254,1
3177,0.19392159581184387,0.4270388185977936,0.37903955578804016,1
3178,0.1789821982383728,0.41461893916130066,0.4063988924026489,1
3179,0.2679010331630707,0.13649238646030426,0.5956066250801086,2
3180,0.229026198387146,0.20706744492053986,0.5639063715934753,2
3181,0.33970874547958374,0.21245834231376648,0.4478329122066498,2
3182,0.2837294340133667,0.258188933134079,0.45808157324790955,2
3183,0.3173128366470337,0.3017999827861786,0.3808872103691101,2
3184,0.2870773375034332,0.24089594185352325,0.47202667593955994,2
3185,0.2938005328178406,0.26832082867622375,0.43787863850593567,2
3186,0.2549944221973419,0.3185426890850067,0.42646288871765137,2
3187,0.28852301836013794,0.34395235776901245,0.3675246834754944,2
3188,0.2337634563446045,0.2810216546058655,0.48521485924720764,2
3189,0.2657620906829834,0.27931591868400574,0.45492199063301086,2
3190,0.2533281743526459,0.3531216084957123,0.393550306558609,2
3191,0.25924789905548096,0.3212791085243225,0.4194730222225189,2
3192,0.2934345602989197,0.20250459015369415,0.5040608644485474,2
3193,0.27628427743911743,0.17711494863033295,0.5466006994247437,2
3194,0.3058708608150482,0.2198987752199173,0.4742303490638733,2
3195,0.2261672019958496,0.2039986252784729,0.5698341727256775,2
3196,0.2274937927722931,0.08889294415712357,0.6836133003234863,2
3197,0.21566025912761688,0.18718813359737396,0.5971515774726868,2
3198,0.1782480776309967,0.2861694395542145,0.535582423210144,2
3199,0.17447739839553833,0.31183671951293945,0.5136858224868774,2
3200,0.2029998004436493,0.29693832993507385,0.5000618696212769,2
3201,0.21547377109527588,0.2929234206676483,0.4916028082370758,2
3202,0.23470112681388855,0.25600478053092957,0.5092940330505371,2
3203,0.27910929918289185,0.12584906816482544,0.5950415134429932,2
3204,0.2759879231452942,0.15982592105865479,0.5641860961914062,2
3205,0.31869417428970337,0.16109372675418854,0.5202121734619141,2
3206,0.3234037458896637,0.21119867265224457,0.46539753675460815,2
3207,0.31080400943756104,0.24608314037322998,0.44311293959617615,2
3208,0.34769299626350403,0.1797417402267456,0.47256526350975037,2
3209,0.3434079885482788,0.1790468841791153,0.4775451123714447,2
3210,0.35081252455711365,0.1712297648191452,0.4779576361179352,2
3211,0.32406774163246155,0.1829206347465515,0.4930116534233093,2
3212,0.34858644008636475,0.16163265705108643,0.48978087306022644,2
3213,0.3072015941143036,0.19242720305919647,0.5003712177276611,2
3214,0.2937491536140442,0.22768405079841614,0.4785667955875397,2
3215,0.35681986808776855,0.19123220443725586,0.4519479274749756,2
3216,0.38758936524391174,0.2032354176044464,0.40917515754699707,2
3217,0.35622280836105347,0.21898753941059113,0.4247896671295166,2
3218,0.29234856367111206,0.23878933489322662,0.4688620865345001,2
3219,0.27991119027137756,0.25323206186294556,0.46685680747032166,2
3220,0.2550795376300812,0.20238277316093445,0.5425375699996948,2
3221,0.2265169769525528,0.19267012178897858,0.580812931060791,2
3222,0.2030835747718811,0.14676204323768616,0.6501543521881104,2
3223,0.2076263725757599,0.1726769208908081,0.6196966171264648,2
3224,0.27087661623954773,0.1981227844953537,0.531000554561615,2
3225,0.32243964076042175,0.14273692667484283,0.5348234176635742,2
3226,0.3140602707862854,0.1506107747554779,0.5353289246559143,2
3227,0.24083401262760162,0.09857050329446793,0.6605954766273499,2
3228,0.3107992708683014,0.1501035839319229,0.5390971899032593,2
3229,0.2523285150527954,0.12265116721391678,0.6250202655792236,2
3230,0.26727741956710815,0.15210971236228943,0.58061283826828,2
3231,0.269258975982666,0.16419626772403717,0.566544771194458,2
3232,0.33139610290527344,0.16375261545181274,0.5048512816429138,2
3233,0.29724016785621643,0.14178535342216492,0.5609745383262634,2
3234,0.2960303723812103,0.13179121911525726,0.5721784234046936,2
3235,0.3607470691204071,0.1462715119123459,0.4929814040660858,2
3236,0.3536425232887268,0.15329056978225708,0.4930669069290161,2
3237,0.31731703877449036,0.16410133242607117,0.5185815691947937,2
3238,0.337376207113266,0.17627762258052826,0.48634615540504456,2
3239,0.3166050612926483,0.19898700714111328,0.4844079613685608,2
3240,0.3534349799156189,0.17554183304309845,0.4710231423377991,2
3241,0.3349907696247101,0.16797064244747162,0.4970386028289795,2
3242,0.30191224813461304,0.194627046585083,0.503460705280304,2
3243,0.302114874124527,0.18057577311992645,0.517309308052063,2
3244,0.2975759506225586,0.2141229659318924,0.48830118775367737,2
3245,0.2649754583835602,0.25378963351249695,0.4812348484992981,2
3246,0.2822711765766144,0.2521588206291199,0.46556997299194336,2
3247,0.2769375443458557,0.2844732999801636,0.4385891854763031,2
3248,0.3411691188812256,0.1959894299507141,0.4628413915634155,2
3249,0.2413632720708847,0.11301111429929733,0.6456255316734314,2
3250,0.2405659705400467,0.1439742147922516,0.6154597997665405,2
3251,0.241612508893013,0.07803609222173691,0.6803513765335083,2
3252,0.22670197486877441,0.09114882349967957,0.6821491122245789,2
3253,0.2495921403169632,0.09901287406682968,0.6513949036598206,2
3254,0.24825924634933472,0.10936320573091507,0.6423775553703308,2
3255,0.333098828792572,0.12438573688268661,0.5425154566764832,2
3256,0.3861190974712372,0.12478969991207123,0.4890911877155304,2
3257,0.35183361172676086,0.13649514317512512,0.5116711854934692,2
3258,0.3372359275817871,0.15833961963653564,0.5044244527816772,2
3259,0.35857442021369934,0.1847379207611084,0.4566875994205475,2
3260,0.27647829055786133,0.23037150502204895,0.49315011501312256,2
3261,0.2822764217853546,0.26561787724494934,0.45210573077201843,2
3262,0.254944384098053,0.30116525292396545,0.4438903331756592,2
3263,0.29029011726379395,0.286690354347229,0.42301955819129944,2
3264,0.30496928095817566,0.3070942759513855,0.38793647289276123,2
3265,0.4046308696269989,0.2207612693309784,0.3746079206466675,0
3266,0.37961849570274353,0.2094762772321701,0.41090527176856995,2
3267,0.36230045557022095,0.19827395677566528,0.4394255578517914,2
3268,0.25906461477279663,0.30166250467300415,0.43927282094955444,2
3269,0.18800848722457886,0.2121066302061081,0.5998848080635071,2
3270,0.22408965229988098,0.2247961163520813,0.5511142015457153,2
3271,0.26772746443748474,0.19828809797763824,0.533984363079071,2
3272,0.30619171261787415,0.21131737530231476,0.4824908971786499,2
3273,0.38041457533836365,0.1464693397283554,0.473116010427475,2
3274,0.3630112409591675,0.14217594265937805,0.4948127567768097,2
3275,0.2978058159351349,0.1345556527376175,0.5676385760307312,2
3276,0.30374494194984436,0.1246575340628624,0.5715975761413574,2
3277,0.37032586336135864,0.144477978348732,0.48519617319107056,2
3278,0.34860551357269287,0.13851520419120789,0.5128793120384216,2
3279,0.2831788659095764,0.16423022747039795,0.5525908470153809,2
3280,0.2621568739414215,0.16751308739185333,0.5703299641609192,2
3281,0.2646721303462982,0.17794087529182434,0.5573870539665222,2
3282,0.2625914216041565,0.22305549681186676,0.5143530368804932,2
3283,0.29828283190727234,0.19503429532051086,0.506682813167572,2
3284,0.2730121314525604,0.21873363852500916,0.5082541704177856,2
3285,0.26258623600006104,0.24991804361343384,0.4874958097934723,2
3286,0.3000679612159729,0.21951019763946533,0.48042187094688416,2
3287,0.310075968503952,0.21152925491333008,0.47839483618736267,2
3288,0.3030768632888794,0.1309768259525299,0.5659463405609131,2
3289,0.3102347254753113,0.12865042686462402,0.5611147880554199,2
3290,0.3369079530239105,0.13690558075904846,0.526186466217041,2
3291,0.3173837959766388,0.1557934582233429,0.5268226265907288,2
3292,0.2558691203594208,0.16925586760044098,0.5748750567436218,2
3293,0.3116264343261719,0.14136956632137299,0.547003984451294,2
3294,0.25279712677001953,0.1458967626094818,0.6013060212135315,2
3295,0.26027384400367737,0.23362258076667786,0.506103515625,2
3296,0.36431974172592163,0.22196239233016968,0.4137178659439087,2
3297,0.3787035048007965,0.22398868203163147,0.39730772376060486,2
3298,0.3824915885925293,0.2117377668619156,0.4057706594467163,2
3299,0.37365496158599854,0.12792839109897614,0.49841660261154175,2
3300,0.26665642857551575,0.21479587256908417,0.5185477137565613,2
3301,0.31201761960983276,0.20158874988555908,0.48639366030693054,2
3302,0.3070622980594635,0.20853812992572784,0.48439955711364746,2
3303,0.2724125385284424,0.2326711118221283,0.4949164092540741,2
3304,0.30702024698257446,0.2374001145362854,0.4555795192718506,2
3305,0.36326926946640015,0.1864447295665741,0.45028597116470337,2
3306,0.3145056366920471,0.25478512048721313,0.43070924282073975,2
3307,0.3426409065723419,0.20230050384998322,0.45505863428115845,2
3308,0.4573546350002289,0.2036333978176117,0.3390120565891266,0
3309,0.45499083399772644,0.21451690793037415,0.33049219846725464,0
3310,0.37232184410095215,0.26067161560058594,0.3670065999031067,0
3311,0.304616242647171,0.26121559739112854,0.4341682195663452,2
3312,0.31844377517700195,0.26897290349006653,0.41258329153060913,2
3313,0.3289220929145813,0.2672502100467682,0.4038276970386505,2
3314,0.4146627187728882,0.218303844332695,0.3670335114002228,0
3315,0.32431426644325256,0.27220380306243896,0.40348193049430847,2
3316,0.3392893075942993,0.2691183090209961,0.3915923535823822,2
3317,0.3351616859436035,0.22473813593387604,0.4401002526283264,2
3318,0.312577486038208,0.20046056807041168,0.48696187138557434,2
3319,0.28316155076026917,0.22100576758384705,0.49583280086517334,2
3320,0.3111955225467682,0.2137908935546875,0.4750135540962219,2
3321,0.29644185304641724,0.24683085083961487,0.4567272961139679,2
3322,0.2599497437477112,0.3243647515773773,0.41568541526794434,2
3323,0.40084317326545715,0.1389777511358261,0.46017906069755554,2
3324,0.3478330969810486,0.18602612614631653,0.4661407768726349,2
3325,0.29421335458755493,0.2598455250263214,0.44594115018844604,2
3326,0.3104337453842163,0.25994133949279785,0.42962485551834106,2
3327,0.2894001007080078,0.3014398515224457,0.4091600775718689,2
3328,0.25993648171424866,0.3045259714126587,0.4355376362800598,2
3329,0.2586619257926941,0.2904636859893799,0.450874388217926,2
3330,0.32811012864112854,0.26057323813438416,0.4113166332244873,2
3331,0.3700696527957916,0.18963885307312012,0.44029149413108826,2
3332,0.34100064635276794,0.27124181389808655,0.38775742053985596,2
3333,0.2958483099937439,0.2940707206726074,0.41008099913597107,2
3334,0.32992762327194214,0.2532293200492859,0.4168429970741272,2
3335,0.26073336601257324,0.32558149099349976,0.4136852025985718,2
3336,0.2683284878730774,0.2960282862186432,0.43564319610595703,2
3337,0.29960641264915466,0.14283883571624756,0.5575547814369202,2
3338,0.2923852205276489,0.20022954046726227,0.5073851943016052,2
3339,0.2728502154350281,0.16300435364246368,0.5641454458236694,2
3340,0.26576268672943115,0.23995067179203033,0.49428659677505493,2
3341,0.2217598259449005,0.44149458408355713,0.33674561977386475,1
3342,0.2288651019334793,0.33703240752220154,0.43410250544548035,2
3343,0.2427501678466797,0.33343780040740967,0.4238120913505554,2
3344,0.1924746036529541,0.4861850142478943,0.3213403820991516,1
3345,0.21529927849769592,0.4560737609863281,0.3286268711090088,1
3346,0.17068393528461456,0.5047553777694702,0.32456058263778687,1
3347,0.30488696694374084,0.1823359727859497,0.5127770900726318,2
3348,0.1901826560497284,0.38573068380355835,0.42408671975135803,2
3349,0.21996796131134033,0.388668417930603,0.3913636803627014,2
3350,0.19330061972141266,0.5101839303970337,0.29651540517807007,1
3351,0.1475886106491089,0.5471177101135254,0.3052936792373657,1
3352,0.20155587792396545,0.3991662561893463,0.3992779552936554,2
3353,0.1688031256198883,0.5001292824745178,0.33106762170791626,1
3354,0.15564942359924316,0.5715842843055725,0.2727663815021515,1
3355,0.19369366765022278,0.5215038061141968,0.28480249643325806,1
3356,0.16005755960941315,0.5305445790290833,0.3093978464603424,1
3357,0.16923286020755768,0.5434291958808899,0.2873379588127136,1
3358,0.190609410405159,0.44334977865219116,0.36604082584381104,1
3359,0.2019815295934677,0.4694536626338959,0.32856485247612,1
3360,0.250675231218338,0.41284704208374023,0.33647775650024414,1
3361,0.26691144704818726,0.39971670508384705,0.3333718180656433,1
3362,0.280998170375824,0.27714332938194275,0.4418584108352661,2
3363,0.3097459375858307,0.17414283752441406,0.5161112546920776,2
3364,0.23809681832790375,0.2497558295726776,0.5121473670005798,2
3365,0.19019222259521484,0.3541083335876465,0.45569944381713867,2
3366,0.21541328728199005,0.272881418466568,0.5117053389549255,2
3367,0.19922702014446259,0.3118536174297333,0.48891934752464294,2
3368,0.2434757500886917,0.3147856593132019,0.4417386054992676,2
3369,0.27315688133239746,0.2968684434890747,0.4299747347831726,2
3370,0.3457473814487457,0.31060490012168884,0.34364771842956543,0
3371,0.3324195444583893,0.1258876770734787,0.5416927933692932,2
3372,0.24827948212623596,0.17047089338302612,0.5812497138977051,2
3373,0.29023119807243347,0.18983227014541626,0.5199365615844727,2
3374,0.33525675535202026,0.2509589195251465,0.413784384727478,2
3375,0.33141329884529114,0.20247699320316315,0.4661096930503845,2
3376,0.3751247823238373,0.21577908098697662,0.40909621119499207,2
3377,0.27175402641296387,0.2132936269044876,0.5149523615837097,2
3378,0.24152188003063202,0.2553669810295105,0.5031111240386963,2
3379,0.22883842885494232,0.2761341333389282,0.49502742290496826,2
3380,0.2357003092765808,0.32952848076820374,0.4347711503505707,2
3381,0.22412189841270447,0.32354727387428284,0.4523308277130127,2
3382,0.20361442863941193,0.3919045329093933,0.40448111295700073,2
3383,0.22372464835643768,0.37263837456703186,0.40363702178001404,2
3384,0.28661662340164185,0.3474559783935547,0.3659273386001587,2
3385,0.3334956467151642,0.23841798305511475,0.4280863404273987,2
3386,0.3244103491306305,0.2446146160364151,0.43097513914108276,2
3387,0.2820878326892853,0.23672430217266083,0.48118776082992554,2
3388,0.2322283685207367,0.2779654860496521,0.48980623483657837,2
3389,0.3383377492427826,0.22699855268001556,0.43466365337371826,2
3390,0.22950683534145355,0.2859141528606415,0.4845789968967438,2
3391,0.27038508653640747,0.17398864030838013,0.5556262135505676,2
3392,0.2559889554977417,0.1774221658706665,0.566588819026947,2
3393,0.31084761023521423,0.20698270201683044,0.48216962814331055,2
3394,0.291869580745697,0.21926738321781158,0.48886311054229736,2
3395,0.2328941971063614,0.09654087573289871,0.6705648899078369,2
3396,0.25518926978111267,0.10899803787469864,0.6358127593994141,2
3397,0.25798240303993225,0.11899236589670181,0.6230252981185913,2
3398,0.33661362528800964,0.17016471922397614,0.4932216703891754,2
3399,0.25400444865226746,0.21668608486652374,0.5293093919754028,2
3400,0.28288203477859497,0.2401304990053177,0.47698742151260376,2
3401,0.29670655727386475,0.2367965579032898,0.46649691462516785,2
3402,0.2572474181652069,0.2952013313770294,0.44755128026008606,2
3403,0.2483079731464386,0.3361866772174835,0.4155053198337555,2
3404,0.2746760845184326,0.30656397342681885,0.41875991225242615,2
3405,0.2685154676437378,0.25556981563568115,0.4759146571159363,2
3406,0.197550967335701,0.32110217213630676,0.48134687542915344,2
3407,0.26105061173439026,0.2654503881931305,0.47349897027015686,2
3408,0.2943893074989319,0.20772312581539154,0.497887521982193,2
3409,0.23317024111747742,0.31279414892196655,0.45403558015823364,2
3410,0.2348369061946869,0.3438534140586853,0.42130959033966064,2
3411,0.2142237275838852,0.3297062814235687,0.4560699760913849,2
3412,0.18485397100448608,0.38148605823516846,0.4336599111557007,2
3413,0.19072622060775757,0.3743760287761688,0.434897780418396,2
3414,0.1855279803276062,0.3151019215583801,0.4993700683116913,2
3415,0.17782850563526154,0.2620539367198944,0.5601174831390381,2
3416,0.17639127373695374,0.22944259643554688,0.5941662192344666,2
3417,0.17464303970336914,0.21725477278232574,0.6081022024154663,2
3418,0.18953219056129456,0.20634910464286804,0.6041187644004822,2
3419,0.28603795170783997,0.24078141152858734,0.4731805622577667,2
3420,0.28199657797813416,0.2315332591533661,0.48647016286849976,2
3421,0.2569412589073181,0.2445669174194336,0.49849194288253784,2
3422,0.2339811474084854,0.3198838233947754,0.446135014295578,2
3423,0.28621751070022583,0.2274826020002365,0.48629996180534363,2
3424,0.30167070031166077,0.2289106845855713,0.46941861510276794,2
3425,0.277429461479187,0.27199316024780273,0.45057737827301025,2
3426,0.24344414472579956,0.3094920217990875,0.4470638036727905,2
3427,0.28194376826286316,0.37005937099456787,0.3479967713356018,1
3428,0.3454899489879608,0.2696015238761902,0.384908527135849,2
3429,0.2618630528450012,0.175663560628891,0.5624732971191406,2
3430,0.27746716141700745,0.1991022229194641,0.523430585861206,2
3431,0.26107582449913025,0.15098272264003754,0.5879414677619934,2
3432,0.36722007393836975,0.18016324937343597,0.4526166021823883,2
3433,0.30250808596611023,0.23764847218990326,0.4598434865474701,2
3434,0.32783982157707214,0.27463093400001526,0.39752933382987976,2
3435,0.3141338527202606,0.29005032777786255,0.3958158493041992,2
3436,0.2464248687028885,0.3491412103176117,0.4044339060783386,2
3437,0.20713546872138977,0.3665933310985565,0.4262712597846985,2
3438,0.23509112000465393,0.36869198083877563,0.39621701836586,2
3439,0.16423851251602173,0.36477407813072205,0.4709874093532562,2
3440,0.16536523401737213,0.3825443685054779,0.45209038257598877,2
3441,0.15791794657707214,0.3703989088535309,0.4716831147670746,2
3442,0.16090752184391022,0.3718617260456085,0.46723076701164246,2
3443,0.331296443939209,0.25231465697288513,0.41638895869255066,2
3444,0.2040412575006485,0.4214487671852112,0.37450990080833435,1
3445,0.20467859506607056,0.3887019157409668,0.40661945939064026,2
3446,0.17655199766159058,0.44417765736579895,0.3792702555656433,1
3447,0.1678846925497055,0.4583333730697632,0.37378188967704773,1
3448,0.18581508100032806,0.45347297191619873,0.3607119023799896,1
3449,0.1849992871284485,0.43208450078964233,0.3829161822795868,1
3450,0.18803831934928894,0.43238213658332825,0.3795795440673828,1
3451,0.23562531173229218,0.3485722541809082,0.41580238938331604,2
3452,0.22360609471797943,0.35541319847106934,0.4209806025028229,2
3453,0.22127269208431244,0.3422481417655945,0.4364790916442871,2
3454,0.22463694214820862,0.3210093080997467,0.45435377955436707,2
3455,0.27013149857521057,0.2560853362083435,0.4737831652164459,2
3456,0.27225393056869507,0.29740414023399353,0.4303419888019562,2
3457,0.2835322320461273,0.22221532464027405,0.49425241351127625,2
3458,0.2279963344335556,0.3472997546195984,0.4247038960456848,2
3459,0.17703202366828918,0.45162490010261536,0.37134304642677307,1
3460,0.1589706838130951,0.46955108642578125,0.37147825956344604,1
3461,0.26743966341018677,0.27898430824279785,0.453575998544693,2
3462,0.2241460084915161,0.24683314561843872,0.5290209054946899,2
3463,0.17396636307239532,0.3118290603160858,0.5142045617103577,2
3464,0.3131565451622009,0.2526331841945648,0.43421030044555664,2
3465,0.27560362219810486,0.1941244900226593,0.5302718877792358,2
3466,0.27722668647766113,0.21351037919521332,0.5092629194259644,2
3467,0.26582464575767517,0.319682776927948,0.41449257731437683,2
3468,0.5450686812400818,0.13424302637577057,0.3206883370876312,0
3469,0.3711737096309662,0.22002612054347992,0.4088001549243927,2
3470,0.3362652659416199,0.1976490318775177,0.4660857617855072,2
3471,0.31672266125679016,0.26904502511024475,0.4142322838306427,2
3472,0.31754717230796814,0.29055339097976685,0.3918994069099426,2
3473,0.30811554193496704,0.30612725019454956,0.3857572674751282,2
3474,0.32251524925231934,0.2614589333534241,0.4160257875919342,2
3475,0.30997273325920105,0.2557068169116974,0.4343204200267792,2
3476,0.3084816336631775,0.2601673901081085,0.4313510060310364,2
3477,0.3328184187412262,0.26958104968070984,0.39760056138038635,2
3478,0.3237502872943878,0.2332351803779602,0.443014532327652,2
3479,0.3223065733909607,0.24033084511756897,0.43736258149147034,2
3480,0.33082684874534607,0.257978618144989,0.4111945629119873,2
3481,0.34274822473526,0.22445139288902283,0.43280044198036194,2
3482,0.2960066795349121,0.2825964391231537,0.4213969111442566,2
3483,0.3200521767139435,0.23279760777950287,0.44715017080307007,2
3484,0.32218554615974426,0.207353875041008,0.4704606235027313,2
3485,0.359535276889801,0.17455460131168365,0.4659101068973541,2
3486,0.3287823796272278,0.2155255377292633,0.4556920826435089,2
3487,0.31770920753479004,0.24720284342765808,0.43508800864219666,2
3488,0.3290691077709198,0.262753963470459,0.40817686915397644,2
3489,0.3314126133918762,0.26106759905815125,0.4075198769569397,2
3490,0.34110599756240845,0.2660524547100067,0.392841637134552,2
3491,0.27328020334243774,0.3569349944591522,0.36978480219841003,2
3492,0.2874412536621094,0.29513734579086304,0.4174214005470276,2
3493,0.277982622385025,0.2778256833553314,0.44419169425964355,2
3494,0.24486644566059113,0.4275619387626648,0.3275716304779053,1
3495,0.242449089884758,0.4876938462257385,0.26985710859298706,1
3496,0.24945068359375,0.4358820617198944,0.3146671950817108,1
3497,0.27789244055747986,0.2544662058353424,0.4676413834095001,2
3498,0.2525332570075989,0.3666386306285858,0.38082805275917053,2
3499,0.2725909352302551,0.31167253851890564,0.415736585855484,2
3500,0.2545091509819031,0.3662005066871643,0.37929028272628784,2
3501,0.2091846764087677,0.4509386122226715,0.33987677097320557,1
3502,0.1840827316045761,0.5154897570610046,0.30042746663093567,1
3503,0.206367626786232,0.40251368284225464,0.39111870527267456,1
3504,0.20314717292785645,0.39815831184387207,0.39869454503059387,2
3505,0.22800809144973755,0.37480005621910095,0.3971918225288391,2
3506,0.18037129938602448,0.4434952139854431,0.376133531332016,1
3507,0.1662934422492981,0.4654417037963867,0.36826491355895996,1
3508,0.1515657752752304,0.4789186716079712,0.36951544880867004,1
3509,0.1279393583536148,0.5575655698776245,0.31449511647224426,1
3510,0.12845057249069214,0.5537047386169434,0.3178446590900421,1
3511,0.12950584292411804,0.5613492727279663,0.30914485454559326,1
3512,0.1533181369304657,0.49015092849731445,0.35653093457221985,1
3513,0.13326722383499146,0.5422678589820862,0.32446494698524475,1
3514,0.13528499007225037,0.5195236206054688,0.3451913893222809,1
3515,0.13210433721542358,0.5422529578208923,0.32564273476600647,1
3516,0.1521843522787094,0.5301027894020081,0.31771278381347656,1
3517,0.21954751014709473,0.4010186195373535,0.379433810710907,1
3518,0.15550243854522705,0.5229312181472778,0.32156631350517273,1
3519,0.19673468172550201,0.49234527349472046,0.3109200894832611,1
3520,0.20354744791984558,0.4313329756259918,0.36511966586112976,1
3521,0.25313717126846313,0.2853221297264099,0.46154066920280457,2
3522,0.24924130737781525,0.3038993179798126,0.4468594491481781,2
3523,0.2562127113342285,0.33979228138923645,0.4039950370788574,2
3524,0.22489924728870392,0.3812345862388611,0.3938662111759186,2
3525,0.17517289519309998,0.47423243522644043,0.35059458017349243,1
3526,0.20772972702980042,0.4271276593208313,0.3651425540447235,1
3527,0.24147705733776093,0.34821778535842896,0.4103051722049713,2
3528,0.27348029613494873,0.2192084938287735,0.507311224937439,2
3529,0.2252458930015564,0.3813234567642212,0.3934306204319,2
3530,0.23002804815769196,0.415194034576416,0.354777991771698,1
3531,0.20169483125209808,0.37459346652030945,0.42371171712875366,2
3532,0.19374409317970276,0.4283342957496643,0.3779216706752777,1
3533,0.15620489418506622,0.37760183215141296,0.46619319915771484,2
3534,0.19096380472183228,0.3800542652606964,0.4289819598197937,2
3535,0.29780271649360657,0.2555053234100342,0.44669193029403687,2
3536,0.25067421793937683,0.2103578746318817,0.5389679074287415,2
3537,0.19489219784736633,0.3276682496070862,0.4774395227432251,2
3538,0.23201505839824677,0.35552549362182617,0.41245946288108826,2
3539,0.2885344922542572,0.3686951994895935,0.3427703082561493,1
3540,0.2291564792394638,0.43594664335250854,0.33489683270454407,1
3541,0.24737080931663513,0.37394094467163086,0.3786883056163788,2
3542,0.19842392206192017,0.41031768918037415,0.3912583887577057,1
3543,0.3288927376270294,0.3151445984840393,0.3559626638889313,2
3544,0.27564090490341187,0.3505691587924957,0.37378984689712524,2
3545,0.2161286473274231,0.41498786211013794,0.3688834309577942,1
3546,0.24099212884902954,0.3901093304157257,0.36889857053756714,1
3547,0.18210458755493164,0.42865926027297974,0.38923612236976624,1
3548,0.1632956564426422,0.4153174161911011,0.4213868975639343,2
3549,0.1502663493156433,0.4226231873035431,0.4271104633808136,2
3550,0.1854914128780365,0.41089585423469543,0.40361276268959045,1
3551,0.16910099983215332,0.3515011966228485,0.47939786314964294,2
3552,0.1876659095287323,0.307140976190567,0.5051931142807007,2
3553,0.3030064105987549,0.258451372385025,0.43854212760925293,2
3554,0.2930217981338501,0.3050023317337036,0.4019758403301239,2
3555,0.2575726807117462,0.28360795974731445,0.45881929993629456,2
3556,0.16066427528858185,0.3484712541103363,0.49086448550224304,2
3557,0.1569446474313736,0.3895779550075531,0.4534774124622345,2
3558,0.15213173627853394,0.2755281627178192,0.5723400712013245,2
3559,0.14513717591762543,0.2709643840789795,0.5838984847068787,2
3560,0.17811524868011475,0.23234595358371735,0.5895388722419739,2
3561,0.18523769080638885,0.2259882539510727,0.5887740850448608,2
3562,0.18410085141658783,0.32411423325538635,0.4917849898338318,2
3563,0.2800832986831665,0.31705498695373535,0.4028617739677429,2
3564,0.26550647616386414,0.3401426672935486,0.39435091614723206,2
3565,0.28361088037490845,0.1899612694978714,0.5264278650283813,2
3566,0.281875342130661,0.30148839950561523,0.41663628816604614,2
3567,0.2297363430261612,0.4445492923259735,0.3257143199443817,1
3568,0.28678572177886963,0.38422393798828125,0.3289903998374939,1
3569,0.27367889881134033,0.3442476689815521,0.38207343220710754,2
3570,0.2847093641757965,0.2954709529876709,0.41981959342956543,2
3571,0.2899124026298523,0.1993638128042221,0.510723888874054,2
3572,0.2703442871570587,0.16299888491630554,0.5666568279266357,2
3573,0.2747756242752075,0.18955445289611816,0.5356698036193848,2
3574,0.23536236584186554,0.3387688994407654,0.4258686602115631,2
3575,0.22180874645709991,0.3560870587825775,0.42210426926612854,2
3576,0.2967388927936554,0.2854427695274353,0.4178182780742645,2
3577,0.2430417239665985,0.36299416422843933,0.39396417140960693,2
3578,0.21718589961528778,0.3972173035144806,0.3855968117713928,1
3579,0.21686846017837524,0.4049709439277649,0.3781605660915375,1
3580,0.16670696437358856,0.41051027178764343,0.4227828085422516,2
3581,0.14204135537147522,0.3993309438228607,0.45862776041030884,2
3582,0.14578965306282043,0.3909464180469513,0.4632638692855835,2
3583,0.14383944869041443,0.35611262917518616,0.5000478625297546,2
3584,0.15707337856292725,0.35672494769096375,0.4862017035484314,2
3585,0.14681829512119293,0.3342781066894531,0.5189034938812256,2
3586,0.1466982215642929,0.33247533440589905,0.520826518535614,2
3587,0.19605028629302979,0.43322598934173584,0.370723694562912,1
3588,0.39737096428871155,0.2518671154975891,0.35076189041137695,0
3589,0.23427563905715942,0.3668782711029053,0.3988461196422577,2
3590,0.2809497117996216,0.3297896981239319,0.3892606198787689,2
3591,0.21589119732379913,0.36986973881721497,0.41423913836479187,2
3592,0.2691701650619507,0.30487293004989624,0.4259569048881531,2
3593,0.4115295112133026,0.1662440448999405,0.4222264289855957,2
3594,0.3232806324958801,0.17902474105358124,0.4976947009563446,2
3595,0.2959769666194916,0.24961671233177185,0.45440635085105896,2
3596,0.30575209856033325,0.21572810411453247,0.4785197973251343,2
3597,0.28412771224975586,0.2518216669559479,0.46405062079429626,2
3598,0.24496150016784668,0.2887961268424988,0.46624240279197693,2
3599,0.31505078077316284,0.1967344582080841,0.4882148206233978,2
3600,0.31017112731933594,0.21396346390247345,0.4758654832839966,2
3601,0.28283411264419556,0.2805624008178711,0.43660351634025574,2
3602,0.33355090022087097,0.22553309798240662,0.4409160912036896,2
3603,0.34029167890548706,0.2733131945133209,0.38639506697654724,2
3604,0.22448574006557465,0.43029752373695374,0.34521669149398804,1
3605,0.1970209926366806,0.3014187216758728,0.5015602111816406,2
3606,0.2126479595899582,0.21178863942623138,0.5755634903907776,2
3607,0.22507275640964508,0.2366093546152115,0.5383179187774658,2
3608,0.18571127951145172,0.27418285608291626,0.5401058793067932,2
3609,0.17751489579677582,0.3589145541191101,0.46357056498527527,2
3610,0.16607005894184113,0.3418372571468353,0.4920925796031952,2
3611,0.176230326294899,0.37900006771087646,0.44476956129074097,2
3612,0.15595091879367828,0.45874378085136414,0.38530534505844116,1
3613,0.16287708282470703,0.4472636282444,0.38985928893089294,1
3614,0.18479330837726593,0.4463857412338257,0.36882102489471436,1
3615,0.18265628814697266,0.39720332622528076,0.4201403260231018,2
3616,0.21000801026821136,0.4382903277873993,0.35170164704322815,1
3617,0.24382564425468445,0.44690340757369995,0.3092710077762604,1
3618,0.29825660586357117,0.36706969141960144,0.3346736431121826,1
3619,0.2803032100200653,0.35260117053985596,0.36709558963775635,2
3620,0.20747467875480652,0.4149091839790344,0.37761616706848145,1
3621,0.2515151798725128,0.3700151741504669,0.3784696161746979,2
3622,0.3331475257873535,0.2595723867416382,0.4072800874710083,2
3623,0.27929335832595825,0.3016323745250702,0.41907432675361633,2
3624,0.22753657400608063,0.40135833621025085,0.3711051642894745,1
3625,0.1700000911951065,0.48997414112091064,0.3400258719921112,1
3626,0.3166712820529938,0.26116088032722473,0.4221678078174591,2
3627,0.23108381032943726,0.2850293815135956,0.4838866889476776,2
3628,0.1911235749721527,0.28498375415802,0.5238927006721497,2
3629,0.20071618258953094,0.2840197682380676,0.5152640342712402,2
3630,0.19470080733299255,0.379079669713974,0.42621952295303345,2
3631,0.23258505761623383,0.344950795173645,0.4224641025066376,2
3632,0.2696002125740051,0.22737520933151245,0.5030245184898376,2
3633,0.2720528244972229,0.24869030714035034,0.47925683856010437,2
3634,0.31161123514175415,0.20793958008289337,0.4804491698741913,2
3635,0.3001905083656311,0.2607952654361725,0.439014196395874,2
3636,0.35108432173728943,0.19102105498313904,0.45789453387260437,2
3637,0.3439926207065582,0.19617752730846405,0.4598299264907837,2
3638,0.30550891160964966,0.25421157479286194,0.440279483795166,2
3639,0.3122987151145935,0.2716401219367981,0.416061133146286,2
3640,0.2837188243865967,0.33556339144706726,0.38071781396865845,2
3641,0.2621524930000305,0.37387484312057495,0.363972544670105,1
3642,0.29403436183929443,0.3582085371017456,0.3477570116519928,1
3643,0.3106229603290558,0.3331161439418793,0.35626092553138733,2
3644,0.37863969802856445,0.20673806965351105,0.4146222472190857,2
3645,0.400956928730011,0.2026001662015915,0.39644286036491394,0
3646,0.2220524549484253,0.43440863490104675,0.3435388505458832,1
3647,0.23476091027259827,0.4202306568622589,0.3450084924697876,1
3648,0.21711362898349762,0.5312126278877258,0.25167378783226013,1
3649,0.21440733969211578,0.5421673059463501,0.24342535436153412,1
3650,0.22328218817710876,0.49441856145858765,0.28229930996894836,1
3651,0.2734721601009369,0.3339724838733673,0.3925553858280182,2
3652,0.23689652979373932,0.4027213156223297,0.3603820502758026,1
3653,0.2195025086402893,0.4184742271900177,0.362023264169693,1
3654,0.22157038748264313,0.3986416459083557,0.37978801131248474,1
3655,0.21211977303028107,0.42526715993881226,0.3626130223274231,1
3656,0.21866753697395325,0.40975916385650635,0.371573269367218,1
3657,0.2318366914987564,0.4147469699382782,0.3534163534641266,1
3658,0.216659814119339,0.41792112588882446,0.36541905999183655,1
3659,0.25490304827690125,0.3997284173965454,0.34536850452423096,1
3660,0.3618042469024658,0.2714393436908722,0.3667563796043396,2
3661,0.33804333209991455,0.2948087155818939,0.36714795231819153,2
3662,0.33801889419555664,0.3454621434211731,0.31651899218559265,1
3663,0.3207862973213196,0.3297206163406372,0.3494931161403656,2
3664,0.28530263900756836,0.363065630197525,0.35163170099258423,1
3665,0.2742787003517151,0.280507355928421,0.4452139735221863,2
3666,0.259968638420105,0.31199294328689575,0.42803847789764404,2
3667,0.27517595887184143,0.35727381706237793,0.367550253868103,2
3668,0.3075018525123596,0.2492474913597107,0.44325071573257446,2
3669,0.3030902147293091,0.29079464077949524,0.4061150848865509,2
3670,0.3188195824623108,0.23953218758106232,0.4416482448577881,2
3671,0.35922256112098694,0.2966621220111847,0.34411534667015076,0
3672,0.28443044424057007,0.3520025908946991,0.36356690526008606,2
3673,0.27028217911720276,0.3970673978328705,0.33265045285224915,1
3674,0.2929285168647766,0.34455159306526184,0.36251989006996155,2
3675,0.2533313035964966,0.4406367838382721,0.30603206157684326,1
3676,0.2459869086742401,0.4428142309188843,0.311198890209198,1
3677,0.27239376306533813,0.41493505239486694,0.3126712143421173,1
3678,0.2709486186504364,0.4054129719734192,0.3236384391784668,1
3679,0.266623318195343,0.43181681632995605,0.30155980587005615,1
3680,0.26355278491973877,0.4412228763103485,0.2952243685722351,1
3681,0.26437729597091675,0.45925119519233704,0.2763715088367462,1
3682,0.26824435591697693,0.44990190863609314,0.28185373544692993,1
3683,0.2930331826210022,0.4140213131904602,0.29294541478157043,1
3684,0.19618837535381317,0.47766533493995667,0.32614627480506897,1
3685,0.325310617685318,0.3128807842731476,0.3618086278438568,2
3686,0.364228755235672,0.30977702140808105,0.32599422335624695,0
3687,0.3900466561317444,0.20872892439365387,0.4012244939804077,2
3688,0.35393303632736206,0.18058066070079803,0.46548622846603394,2
3689,0.3448150157928467,0.17493535578250885,0.4802496135234833,2
3690,0.33389943838119507,0.18242257833480835,0.48367801308631897,2
3691,0.29471197724342346,0.3049030005931854,0.40038496255874634,2
3692,0.270694762468338,0.32839760184288025,0.4009076654911041,2
3693,0.2723587453365326,0.354585200548172,0.3730560839176178,2
3694,0.2423921525478363,0.4113979637622833,0.34620997309684753,1
3695,0.2471858561038971,0.4216350018978119,0.331179141998291,1
3696,0.2759438753128052,0.411073237657547,0.3129828870296478,1
3697,0.2998610734939575,0.3387208580970764,0.3614180386066437,2
3698,0.29043588042259216,0.32595086097717285,0.3836132884025574,2
3699,0.30516794323921204,0.33313795924186707,0.3616941571235657,2
3700,0.30550312995910645,0.3261970579624176,0.3682997524738312,2
3701,0.32642465829849243,0.2769872844219208,0.39658814668655396,2
3702,0.2992842197418213,0.3297472894191742,0.37096846103668213,2
3703,0.3209955394268036,0.3090840280056,0.36992040276527405,2
3704,0.31073227524757385,0.3029826283454895,0.38628512620925903,2
3705,0.31195172667503357,0.29694220423698425,0.39110609889030457,2
3706,0.2889244854450226,0.363016277551651,0.34805917739868164,1
3707,0.2952288091182709,0.2902488112449646,0.4145223796367645,2
3708,0.4643373191356659,0.1813819408416748,0.3542807400226593,0
3709,0.3994240462779999,0.21658162772655487,0.3839942514896393,0
3710,0.4037065804004669,0.22736819088459015,0.3689252734184265,0
3711,0.3981834352016449,0.23797738552093506,0.36383911967277527,0
3712,0.3798117935657501,0.2668898105621338,0.35329845547676086,0
3713,0.3256804943084717,0.3545483946800232,0.31977108120918274,1
3714,0.3021235764026642,0.38102826476097107,0.31684815883636475,1
3715,0.3415788412094116,0.29374226927757263,0.36467888951301575,2
3716,0.3380451798439026,0.33121389150619507,0.3307409882545471,0
3717,0.35733893513679504,0.2936394214630127,0.34902164340019226,0
3718,0.45380347967147827,0.15865734219551086,0.38753923773765564,0
3719,0.3878694474697113,0.2667519450187683,0.3453786075115204,0
3720,0.3682727515697479,0.3062751889228821,0.32545205950737,0
3721,0.3608569800853729,0.3242266774177551,0.3149164021015167,0
3722,0.3602156639099121,0.32016971707344055,0.31961458921432495,0
3723,0.36189523339271545,0.30850091576576233,0.3296038806438446,0
3724,0.3559488356113434,0.33148193359375,0.312569260597229,0
3725,0.331612765789032,0.38604745268821716,0.28233978152275085,1
3726,0.3315482437610626,0.3858907222747803,0.2825610339641571,1
3727,0.32482755184173584,0.4057624340057373,0.2694099247455597,1
3728,0.32957857847213745,0.39454978704452515,0.2758716344833374,1
3729,0.3287075459957123,0.40612852573394775,0.26516395807266235,1
3730,0.33876919746398926,0.38144949078559875,0.279781311750412,1
3731,0.3279241919517517,0.4091188907623291,0.2629569172859192,1
3732,0.3213644325733185,0.42222994565963745,0.2564055919647217,1
3733,0.31160587072372437,0.4367646872997284,0.25162941217422485,1
3734,0.30651941895484924,0.4440457224845886,0.2494349330663681,1
3735,0.3029543459415436,0.4496658742427826,0.24737980961799622,1
3736,0.3380843698978424,0.3635607957839966,0.2983548045158386,1
3737,0.3443978428840637,0.3474291265010834,0.30817297101020813,1
3738,0.33750489354133606,0.37280744314193726,0.2896876037120819,1
3739,0.3416389524936676,0.36429670453071594,0.29406431317329407,1
3740,0.34883812069892883,0.3634238541126251,0.2877379059791565,1
3741,0.3435869812965393,0.38053929805755615,0.27587366104125977,1
3742,0.35420405864715576,0.2684882879257202,0.3773077130317688,2
3743,0.3589002788066864,0.36595866084098816,0.2751411497592926,1
3744,0.354676216840744,0.36332178115844727,0.2820020020008087,1
3745,0.3443555533885956,0.3878417909145355,0.26780274510383606,1
3746,0.3731684982776642,0.3471740782260895,0.27965742349624634,0
3747,0.34145596623420715,0.3897875249385834,0.2687564790248871,1
3748,0.32977473735809326,0.3260610103607178,0.34416434168815613,2
3749,0.3483116924762726,0.2794135808944702,0.3722747266292572,2
3750,0.370413601398468,0.19978146255016327,0.42980489134788513,2
3751,0.2749849855899811,0.33541205525398254,0.38960301876068115,2
3752,0.23878610134124756,0.3482690453529358,0.41294485330581665,2
3753,0.20653048157691956,0.399068683385849,0.39440086483955383,1
3754,0.2393847405910492,0.33796676993370056,0.42264851927757263,2
3755,0.26649242639541626,0.29107654094696045,0.4424310028553009,2
3756,0.2795953154563904,0.2754457890987396,0.4449589252471924,2
3757,0.27283769845962524,0.24482817947864532,0.48233407735824585,2
3758,0.2660500407218933,0.25935715436935425,0.47459280490875244,2
3759,0.3127378225326538,0.4079771935939789,0.2792849540710449,1
3760,0.2611145079135895,0.5728644132614136,0.16602113842964172,1
3761,0.26965364813804626,0.5704643130302429,0.1598820686340332,1
3762,0.22745385766029358,0.3362152874469757,0.4363308846950531,2
3763,0.12783575057983398,0.5087295770645142,0.36343464255332947,1
3764,0.15728077292442322,0.4541800022125244,0.38853925466537476,1
3765,0.15005707740783691,0.49888306856155396,0.3510598838329315,1
3766,0.34961479902267456,0.17227265238761902,0.4781125485897064,2
3767,0.2575564682483673,0.259224534034729,0.4832189679145813,2
3768,0.29838091135025024,0.2203318476676941,0.48128727078437805,2
3769,0.3191528618335724,0.2547054886817932,0.4261416792869568,2
3770,0.3953496515750885,0.2049168199300766,0.39973360300064087,2
3771,0.4203648865222931,0.21154522895812988,0.36808979511260986,0
3772,0.3740835189819336,0.226078063249588,0.399838387966156,2
3773,0.35408908128738403,0.24745221436023712,0.39845871925354004,2
3774,0.32174333930015564,0.28284281492233276,0.3954138159751892,2
3775,0.3872474431991577,0.18231160938739777,0.4304409921169281,2
3776,0.3656403124332428,0.22479981184005737,0.40955984592437744,2
3777,0.3259548246860504,0.3065164387226105,0.36752864718437195,2
3778,0.31558409333229065,0.324354887008667,0.36006104946136475,2
3779,0.39480289816856384,0.3353637754917145,0.26983338594436646,0
3780,0.42139407992362976,0.33395108580589294,0.24465475976467133,0
3781,0.3610616624355316,0.3307878077030182,0.3081505000591278,0
3782,0.30346816778182983,0.28348544239997864,0.41304636001586914,2
3783,0.2743891775608063,0.2866687774658203,0.43894195556640625,2
3784,0.3499120771884918,0.21925322711467743,0.4308347702026367,2
3785,0.19744549691677094,0.2962838113307953,0.5062706470489502,2
3786,0.24086332321166992,0.2890540361404419,0.4700825810432434,2
3787,0.21659496426582336,0.3326979875564575,0.4507070779800415,2
3788,0.22317181527614594,0.3381136357784271,0.4387145936489105,2
3789,0.20249000191688538,0.3429250717163086,0.45458489656448364,2
3790,0.21827566623687744,0.3449269235134125,0.4367973506450653,2
3791,0.334468275308609,0.2859809398651123,0.3795508146286011,2
3792,0.3384539484977722,0.2834221422672272,0.3781239688396454,2
3793,0.2549090087413788,0.3459182381629944,0.3991727828979492,2
3794,0.209731787443161,0.3860372006893158,0.40423107147216797,2
3795,0.21822300553321838,0.3928840160369873,0.3888929486274719,1
3796,0.2512262165546417,0.35369279980659485,0.3950808644294739,2
3797,0.24514871835708618,0.34765464067459106,0.407196581363678,2
3798,0.3458632826805115,0.27078863978385925,0.3833479881286621,2
3799,0.28610217571258545,0.320914089679718,0.39298373460769653,2
3800,0.2665829658508301,0.317156583070755,0.4162605106830597,2
3801,0.23309503495693207,0.3239080607891083,0.44299688935279846,2
3802,0.3496064841747284,0.16904596984386444,0.48134759068489075,2
3803,0.3455623984336853,0.25675928592681885,0.39767834544181824,2
3804,0.26246798038482666,0.23869049549102783,0.4988415241241455,2
3805,0.2709108293056488,0.1993197351694107,0.5297693610191345,2
3806,0.26356419920921326,0.20306546986103058,0.5333703756332397,2
3807,0.22231616079807281,0.3075478971004486,0.4701358377933502,2
3808,0.1522465944290161,0.3877556324005127,0.4599977433681488,2
3809,0.14744846522808075,0.3686002492904663,0.4839514195919037,2
3810,0.1598714292049408,0.3523898720741272,0.487738698720932,2
3811,0.1969260424375534,0.25625553727149963,0.5468184351921082,2
3812,0.22644349932670593,0.08796124905347824,0.6855952143669128,2
3813,0.210638165473938,0.15015719830989838,0.6392046213150024,2
3814,0.20430424809455872,0.14940357208251953,0.6462922096252441,2
3815,0.2165832221508026,0.1375977247953415,0.6458190679550171,2
3816,0.24398840963840485,0.14003118872642517,0.6159803867340088,2
3817,0.21694068610668182,0.16590671241283417,0.6171525716781616,2
3818,0.27702754735946655,0.11729706078767776,0.6056753396987915,2
3819,0.23217028379440308,0.1724788099527359,0.5953509211540222,2
3820,0.27298104763031006,0.14007891714572906,0.5869399905204773,2
3821,0.2417103499174118,0.17272010445594788,0.5855696201324463,2
3822,0.26932817697525024,0.11802025884389877,0.6126515865325928,2
3823,0.23847652971744537,0.13954751193523407,0.6219758987426758,2
3824,0.28372517228126526,0.11784745007753372,0.5984273552894592,2
3825,0.3322944939136505,0.15320463478565216,0.5145009160041809,2
3826,0.2689281404018402,0.16200433671474457,0.5690675377845764,2
3827,0.31669867038726807,0.1242690235376358,0.5590323209762573,2
3828,0.3463527262210846,0.10175695270299911,0.5518903136253357,2
3829,0.2808605134487152,0.1968226134777069,0.5223168730735779,2
3830,0.26086315512657166,0.1584869772195816,0.5806499123573303,2
3831,0.21635165810585022,0.23817062377929688,0.5454777479171753,2
3832,0.1994844377040863,0.33862805366516113,0.46188750863075256,2
3833,0.18264561891555786,0.3428778648376465,0.47447657585144043,2
3834,0.20040301978588104,0.3473331034183502,0.45226386189460754,2
3835,0.1904096156358719,0.268939346075058,0.5406509637832642,2
3836,0.1954299360513687,0.19473549723625183,0.6098344922065735,2
3837,0.1742095798254013,0.19382010400295258,0.6319702863693237,2
3838,0.251146525144577,0.20331205427646637,0.5455413460731506,2
3839,0.2620857059955597,0.2095281481742859,0.528386116027832,2
3840,0.2761862576007843,0.22313079237937927,0.5006829500198364,2
3841,0.27313193678855896,0.21114766597747803,0.5157203078269958,2
3842,0.20396462082862854,0.34374019503593445,0.4522951543331146,2
3843,0.1941673755645752,0.26588574051856995,0.539946973323822,2
3844,0.23219971358776093,0.24469637870788574,0.5231038928031921,2
3845,0.2645017206668854,0.23660637438297272,0.4988918900489807,2
3846,0.28143030405044556,0.22447653114795685,0.49409323930740356,2
3847,0.25495386123657227,0.24047352373600006,0.5045726299285889,2
3848,0.26538893580436707,0.2110772728919983,0.5235337615013123,2
3849,0.21667321026325226,0.22018852829933167,0.5631381869316101,2
3850,0.21425434947013855,0.24502812325954437,0.5407175421714783,2
3851,0.22826039791107178,0.2664678394794464,0.5052717328071594,2
3852,0.23148559033870697,0.14365610480308533,0.6248582601547241,2
3853,0.2516482174396515,0.10844410955905914,0.639907717704773,2
3854,0.17954924702644348,0.259545236825943,0.560905396938324,2
3855,0.15483500063419342,0.3305368721485138,0.5146281123161316,2
3856,0.16992369294166565,0.3545069396495819,0.4755694568157196,2
3857,0.1566869020462036,0.34171274304389954,0.5016003847122192,2
3858,0.1610405445098877,0.33412492275238037,0.5048344731330872,2
3859,0.16895435750484467,0.3002021908760071,0.5308434367179871,2
3860,0.19714197516441345,0.3124830722808838,0.490374892950058,2
3861,0.20504778623580933,0.375367134809494,0.41958513855934143,2
3862,0.20076704025268555,0.3344843089580536,0.46474868059158325,2
3863,0.1814626157283783,0.3655286431312561,0.4530088007450104,2
3864,0.19019539654254913,0.288741797208786,0.5210627317428589,2
3865,0.17302000522613525,0.351340115070343,0.47563982009887695,2
3866,0.17594926059246063,0.3323718011379242,0.49167898297309875,2
3867,0.23253898322582245,0.270810067653656,0.4966509938240051,2
3868,0.22928616404533386,0.22754360735416412,0.5431702733039856,2
3869,0.20622192323207855,0.26283571124076843,0.5309423804283142,2
3870,0.21590201556682587,0.29406213760375977,0.49003592133522034,2
3871,0.2319457083940506,0.3209415376186371,0.4471127390861511,2
3872,0.23285216093063354,0.3089446723461151,0.4582030773162842,2
3873,0.27722129225730896,0.3245333731174469,0.39824533462524414,2
3874,0.27433937788009644,0.35337623953819275,0.3722843825817108,2
3875,0.2879517674446106,0.30584609508514404,0.4062020480632782,2
3876,0.2417619377374649,0.29898667335510254,0.45925140380859375,2
3877,0.1776861548423767,0.27591297030448914,0.5464009046554565,2
3878,0.147771418094635,0.2486005574464798,0.6036279201507568,2
3879,0.1368791162967682,0.2359624207019806,0.6271584033966064,2
3880,0.13773146271705627,0.2678093910217285,0.5944591164588928,2
3881,0.20216962695121765,0.27458420395851135,0.523246169090271,2
3882,0.14829498529434204,0.27391353249549866,0.5777914524078369,2
3883,0.17808672785758972,0.3024994432926178,0.5194138288497925,2
3884,0.1830286979675293,0.2610933482646942,0.5558779835700989,2
3885,0.23241469264030457,0.32002905011177063,0.4475562870502472,2
3886,0.25123775005340576,0.3613060712814331,0.3874562084674835,2
3887,0.2403562068939209,0.35231032967567444,0.40733346343040466,2
3888,0.2561769485473633,0.33789315819740295,0.4059300124645233,2
3889,0.23880015313625336,0.31190916895866394,0.4492906630039215,2
3890,0.3047437369823456,0.31208541989326477,0.3831707835197449,2
3891,0.25553810596466064,0.32585451006889343,0.41860735416412354,2
3892,0.3491824269294739,0.2476188987493515,0.4031986892223358,2
3893,0.3256884813308716,0.27140089869499207,0.40291064977645874,2
3894,0.2869550883769989,0.3111172616481781,0.4019276201725006,2
3895,0.31588324904441833,0.23879581689834595,0.4453209340572357,2
3896,0.3006902039051056,0.21719233691692352,0.48211756348609924,2
3897,0.289925217628479,0.25982362031936646,0.45025116205215454,2
3898,0.3294612467288971,0.2436009645462036,0.4269378185272217,2
3899,0.31101444363594055,0.167014017701149,0.5219715237617493,2
3900,0.2844453752040863,0.24125482141971588,0.4742998480796814,2
3901,0.24492967128753662,0.32855409383773804,0.42651617527008057,2
3902,0.2288159430027008,0.39429035782814026,0.37689363956451416,1
3903,0.19332636892795563,0.33200308680534363,0.4746706485748291,2
3904,0.1856151670217514,0.33669227361679077,0.477692574262619,2
3905,0.18117280304431915,0.3709743618965149,0.44785284996032715,2
3906,0.15309730172157288,0.36700019240379333,0.4799024164676666,2
3907,0.14830023050308228,0.4216131865978241,0.4300864636898041,2
3908,0.1850833296775818,0.4087209403514862,0.4061957895755768,1
3909,0.18358951807022095,0.37225738167762756,0.4441530108451843,2
3910,0.24976377189159393,0.36508244276046753,0.38515380024909973,2
3911,0.24947360157966614,0.3058623671531677,0.4446640610694885,2
3912,0.24126647412776947,0.29817840456962585,0.4605551064014435,2
3913,0.18586547672748566,0.3370290696620941,0.47710537910461426,2
3914,0.16954989731311798,0.3713270127773285,0.4591231644153595,2
3915,0.19756455719470978,0.34232425689697266,0.46011117100715637,2
3916,0.187150776386261,0.3431636095046997,0.4696856439113617,2
3917,0.20086868107318878,0.3397577702999115,0.45937350392341614,2
3918,0.2422734647989273,0.2936442494392395,0.4640823304653168,2
3919,0.21204474568367004,0.30480846762657166,0.48314669728279114,2
3920,0.15993154048919678,0.24567951261997223,0.5943889617919922,2
3921,0.18872791528701782,0.29771754145622253,0.5135545134544373,2
3922,0.19953398406505585,0.2876589596271515,0.5128070116043091,2
3923,0.2463926374912262,0.2691492736339569,0.4844580888748169,2
3924,0.16641198098659515,0.2873026728630066,0.5462853908538818,2
3925,0.28677889704704285,0.28440195322036743,0.42881911993026733,2
3926,0.24089524149894714,0.31588125228881836,0.4432235360145569,2
3927,0.1857120245695114,0.37190723419189453,0.4423806965351105,2
3928,0.20657901465892792,0.3588844835758209,0.43453648686408997,2
3929,0.16612619161605835,0.29271531105041504,0.5411584973335266,2
3930,0.16087524592876434,0.358489453792572,0.48063531517982483,2
3931,0.1754569113254547,0.32273632287979126,0.5018067955970764,2
3932,0.19573771953582764,0.2628922760486603,0.5413699746131897,2
3933,0.20070263743400574,0.29065290093421936,0.5086444020271301,2
3934,0.17850585281848907,0.2756759226322174,0.5458181500434875,2
3935,0.21213600039482117,0.3202294111251831,0.4676346182823181,2
3936,0.19608831405639648,0.3722122609615326,0.4316994845867157,2
3937,0.18173742294311523,0.3300418257713318,0.4882206916809082,2
3938,0.17046578228473663,0.33656200766563416,0.49297216534614563,2
3939,0.20758530497550964,0.38855740427970886,0.40385735034942627,2
3940,0.19522124528884888,0.42097505927085876,0.38380375504493713,1
3941,0.2449980080127716,0.3601149916648865,0.39488694071769714,2
3942,0.23091880977153778,0.3728909492492676,0.3961902856826782,2
3943,0.24082031846046448,0.3662364184856415,0.39294326305389404,2
3944,0.19983504712581635,0.39358606934547424,0.406578928232193,2
3945,0.29366493225097656,0.2980837821960449,0.4082512855529785,2
3946,0.4369039535522461,0.26492440700531006,0.298171728849411,0
3947,0.3205975592136383,0.32096967101097107,0.35843273997306824,2
3948,0.20230358839035034,0.40179187059402466,0.3959046006202698,1
3949,0.18514326214790344,0.26503846049308777,0.5498182773590088,2
3950,0.14515404403209686,0.2418898642063141,0.6129560470581055,2
3951,0.153789222240448,0.322467565536499,0.5237431526184082,2
3952,0.15453460812568665,0.22894072532653809,0.6165247559547424,2
3953,0.15598659217357635,0.22914192080497742,0.6148715019226074,2
3954,0.1674215942621231,0.2070530205965042,0.6255254745483398,2
3955,0.1791992336511612,0.3011486530303955,0.5196521282196045,2
3956,0.19270874559879303,0.3276877999305725,0.47960349917411804,2
3957,0.24586862325668335,0.3622770607471466,0.39185428619384766,2
3958,0.1816675215959549,0.3959905803203583,0.422341912984848,2
3959,0.21602663397789001,0.38531118631362915,0.3986622095108032,2
3960,0.200948104262352,0.3668939471244812,0.432157963514328,2
3961,0.19084802269935608,0.3522531986236572,0.45689883828163147,2
3962,0.21704304218292236,0.3682221472263336,0.41473478078842163,2
3963,0.29332369565963745,0.3046583831310272,0.4020179808139801,2
3964,0.22007860243320465,0.301632285118103,0.47828900814056396,2
3965,0.16953924298286438,0.30904021859169006,0.5214205980300903,2
3966,0.19164308905601501,0.33858704566955566,0.46976983547210693,2
3967,0.1749391406774521,0.333269864320755,0.4917910099029541,2
3968,0.1773495376110077,0.35441967844963074,0.4682306945323944,2
3969,0.30395880341529846,0.2294914275407791,0.46654975414276123,2
3970,0.22542351484298706,0.27573344111442566,0.49884313344955444,2
3971,0.19657716155052185,0.3196730613708496,0.48374977707862854,2
3972,0.18722793459892273,0.32103559374809265,0.491736501455307,2
3973,0.17946557700634003,0.33541300892829895,0.48512136936187744,2
3974,0.21908892691135406,0.3267373740673065,0.454173743724823,2
3975,0.30817416310310364,0.28827014565467834,0.4035557508468628,2
3976,0.2111893743276596,0.28891512751579285,0.49989554286003113,2
3977,0.16852246224880219,0.2283618152141571,0.6031157970428467,2
3978,0.17036931216716766,0.254023015499115,0.5756075978279114,2
3979,0.18630041182041168,0.24501223862171173,0.5686874389648438,2
3980,0.19988194108009338,0.2274666279554367,0.5726515054702759,2
3981,0.24514618515968323,0.20316313207149506,0.5516906380653381,2
3982,0.25836625695228577,0.2338598668575287,0.5077739357948303,2
3983,0.29616644978523254,0.2813411355018616,0.4224924147129059,2
3984,0.2623291015625,0.27277448773384094,0.46489638090133667,2
3985,0.24357996881008148,0.28728505969047546,0.4691348969936371,2
3986,0.23975974321365356,0.2968207001686096,0.4634195864200592,2
3987,0.2423124760389328,0.3175521194934845,0.44013530015945435,2
3988,0.22776497900485992,0.3289627730846405,0.4432721734046936,2
3989,0.23795373737812042,0.31207937002182007,0.4499669075012207,2
3990,0.241234689950943,0.3019650876522064,0.4568001925945282,2
3991,0.252799391746521,0.2938365042209625,0.4533641040325165,2
3992,0.2783426344394684,0.2856956124305725,0.43596169352531433,2
3993,0.3134145736694336,0.25398364663124084,0.4326017498970032,2
3994,0.3169729709625244,0.250581830739975,0.4324451684951782,2
3995,0.2823367714881897,0.2771897315979004,0.44047337770462036,2
3996,0.2772963047027588,0.2844931185245514,0.43821051716804504,2
3997,0.2921670377254486,0.2973943054676056,0.4104386270046234,2
3998,0.359661728143692,0.22046832740306854,0.41986995935440063,2
3999,0.2528708279132843,0.33950063586235046,0.4076285660266876,2
4000,0.2043043076992035,0.3587629497051239,0.43693268299102783,2
4001,0.19243788719177246,0.41504237055778503,0.3925197124481201,1
4002,0.17316073179244995,0.4280974864959717,0.3987417221069336,1
4003,0.18333853781223297,0.3951224684715271,0.42153891921043396,2
4004,0.17182615399360657,0.3992990255355835,0.4288747310638428,2
4005,0.14475364983081818,0.4852279722690582,0.3700183033943176,1
4006,0.13452687859535217,0.4844323396682739,0.3810407519340515,1
4007,0.14455021917819977,0.4373890459537506,0.41806066036224365,1
4008,0.12229341268539429,0.4817321002483368,0.3959744870662689,1
4009,0.1424127221107483,0.4419735372066498,0.41561365127563477,1
4010,0.13338425755500793,0.45406922698020935,0.4125465154647827,1
4011,0.13675083220005035,0.46693676710128784,0.3963123857975006,1
4012,0.1328694373369217,0.481305330991745,0.3858252763748169,1
4013,0.18010097742080688,0.46147432923316956,0.3584248125553131,1
4014,0.20065319538116455,0.4130125939846039,0.3863341510295868,1
4015,0.189903125166893,0.4169040322303772,0.3931927978992462,1
4016,0.22240647673606873,0.3921314775943756,0.3854621350765228,1
4017,0.15778093039989471,0.4882691204547882,0.3539499342441559,1
4018,0.21037094295024872,0.40352025628089905,0.38610875606536865,1
4019,0.15967880189418793,0.4806066155433655,0.3597145974636078,1
4020,0.1617959439754486,0.5154368877410889,0.3227671682834625,1
4021,0.26193666458129883,0.3254735767841339,0.4125896394252777,2
4022,0.19155043363571167,0.46545329689979553,0.3429962396621704,1
4023,0.1274845153093338,0.546699047088623,0.32581645250320435,1
4024,0.12300336360931396,0.48828211426734924,0.3887144923210144,1
4025,0.1174054890871048,0.49394461512565613,0.3886498510837555,1
4026,0.10177690535783768,0.5193013548851013,0.3789217174053192,1
4027,0.09495285153388977,0.5636792182922363,0.34136807918548584,1
4028,0.09132182598114014,0.6218029260635376,0.2868752181529999,1
4029,0.08514030277729034,0.6505364775657654,0.2643232047557831,1
4030,0.09585889428853989,0.5299230813980103,0.37421807646751404,1
4031,0.10572626441717148,0.6207669377326965,0.27350693941116333,1
4032,0.0944981500506401,0.5705797076225281,0.33492207527160645,1
4033,0.10225995630025864,0.5286555290222168,0.36908456683158875,1
4034,0.11495068669319153,0.5783745050430298,0.3066747784614563,1
4035,0.0986066535115242,0.5499978065490723,0.35139551758766174,1
4036,0.10541591048240662,0.523120641708374,0.37146347761154175,1
4037,0.12360185384750366,0.5344181060791016,0.34198009967803955,1
4038,0.149015411734581,0.512994110584259,0.33799049258232117,1
4039,0.15720166265964508,0.5418686866760254,0.3009297251701355,1
4040,0.12376094609498978,0.5622625350952148,0.313976526260376,1
4041,0.2143608182668686,0.388530969619751,0.39710819721221924,2
4042,0.16008791327476501,0.5374195575714111,0.30249252915382385,1
4043,0.1387716680765152,0.5525926351547241,0.30863574147224426,1
4044,0.152908593416214,0.5088609457015991,0.3382304608821869,1
4045,0.1332077533006668,0.5337957143783569,0.3329966068267822,1
4046,0.14196661114692688,0.506731390953064,0.3513019382953644,1
4047,0.12166662514209747,0.5183164477348328,0.36001700162887573,1
4048,0.11611664295196533,0.5085648894309998,0.3753184974193573,1
4049,0.1067919135093689,0.4826357066631317,0.41057243943214417,1
4050,0.11101557314395905,0.4007457196712494,0.48823875188827515,2
4051,0.11898525804281235,0.4472814202308655,0.4337332248687744,1
4052,0.1432434618473053,0.38317573070526123,0.4735807478427887,2
4053,0.17857711017131805,0.3971647322177887,0.42425817251205444,2
4054,0.145591139793396,0.5137898325920105,0.34061896800994873,1
4055,0.157911017537117,0.4466553032398224,0.3954337537288666,1
4056,0.20521928369998932,0.4651849865913391,0.329595685005188,1
4057,0.16266554594039917,0.506898045539856,0.3304362893104553,1
4058,0.22598248720169067,0.3954693377017975,0.37854814529418945,1
4059,0.24808254837989807,0.3350489139556885,0.41686850786209106,2
4060,0.22978660464286804,0.42647847533226013,0.34373489022254944,1
4061,0.22138948738574982,0.4017612040042877,0.3768494129180908,1
4062,0.37139269709587097,0.2625150680541992,0.36609217524528503,0
4063,0.37791088223457336,0.2292959839105606,0.39279308915138245,2
4064,0.35636863112449646,0.26641273498535156,0.3772185742855072,2
4065,0.4273272454738617,0.20180262625217438,0.3708702027797699,0
4066,0.36884012818336487,0.2260352522134781,0.405124694108963,2
4067,0.3229670524597168,0.13950657844543457,0.5375263690948486,2
4068,0.33432966470718384,0.12857836484909058,0.5370920300483704,2
4069,0.2753866910934448,0.19439327716827393,0.530220091342926,2
4070,0.27385082840919495,0.1662096083164215,0.5599395632743835,2
4071,0.2706567943096161,0.13584938645362854,0.5934938192367554,2
4072,0.24355952441692352,0.14429809153079987,0.6121423244476318,2
4073,0.2184251844882965,0.13998927175998688,0.6415855288505554,2
4074,0.1684504598379135,0.16355736553668976,0.667992115020752,2
4075,0.1714358925819397,0.17188526690006256,0.6566787958145142,2
4076,0.1623041331768036,0.2600656747817993,0.5776301622390747,2
4077,0.2174357920885086,0.19329828023910522,0.5892658233642578,2
4078,0.21169431507587433,0.1977228969335556,0.5905828475952148,2
4079,0.22663770616054535,0.18920868635177612,0.5841535925865173,2
4080,0.23327311873435974,0.15601573884487152,0.6107112169265747,2
4081,0.21944659948349,0.16689623892307281,0.6136571764945984,2
4082,0.22226588428020477,0.18257470428943634,0.5951594114303589,2
4083,0.25580471754074097,0.14311204850673676,0.6010832190513611,2
4084,0.24193282425403595,0.1447920948266983,0.6132751107215881,2
4085,0.30291643738746643,0.12546229362487793,0.571621298789978,2
4086,0.2711244225502014,0.20637352764606476,0.522502064704895,2
4087,0.3091440200805664,0.19449226558208466,0.49636369943618774,2
4088,0.27984485030174255,0.23785103857517242,0.48230406641960144,2
4089,0.29823562502861023,0.11691052466630936,0.5848538875579834,2
4090,0.283853679895401,0.10546351969242096,0.6106827259063721,2
4091,0.3894113004207611,0.07871157675981522,0.5318771600723267,2
4092,0.3016965091228485,0.0693402960896492,0.6289631128311157,2
4093,0.23256917297840118,0.10016493499279022,0.6672658920288086,2
4094,0.26605355739593506,0.07288005203008652,0.661066472530365,2
4095,0.2493123561143875,0.08245208859443665,0.6682355999946594,2
4096,0.21529963612556458,0.07315527647733688,0.7115450501441956,2
4097,0.2415166050195694,0.09415792673826218,0.664325475692749,2
4098,0.22361119091510773,0.09326328337192535,0.6831254959106445,2
4099,0.24901552498340607,0.10098540037870407,0.6499990224838257,2
4100,0.2460326999425888,0.09093182533979416,0.6630354523658752,2
4101,0.3027876913547516,0.07543288916349411,0.6217794418334961,2
4102,0.3949790894985199,0.07124362140893936,0.5337773561477661,2
4103,0.4180881679058075,0.06513671576976776,0.5167751908302307,2
4104,0.31401121616363525,0.056394267827272415,0.6295945644378662,2
4105,0.285897821187973,0.04592648148536682,0.6681756973266602,2
4106,0.3232865035533905,0.0581829659640789,0.6185305714607239,2
4107,0.3013609051704407,0.05342062935233116,0.6452184319496155,2
4108,0.3020092248916626,0.05423472076654434,0.6437560319900513,2
4109,0.3675532937049866,0.05466112866997719,0.5777854919433594,2
4110,0.3424708843231201,0.052635807543992996,0.6048932671546936,2
4111,0.34019961953163147,0.05947446450591087,0.600325882434845,2
4112,0.3095586597919464,0.05534989759325981,0.6350914835929871,2
4113,0.30584046244621277,0.05224311351776123,0.6419165134429932,2
4114,0.38418182730674744,0.047876957803964615,0.5679412484169006,2
4115,0.40167951583862305,0.06469034403562546,0.5336301326751709,2
4116,0.333938866853714,0.06089874729514122,0.6051623821258545,2
4117,0.22948533296585083,0.058805279433727264,0.7117093801498413,2
4118,0.19813507795333862,0.04526913911104202,0.7565957903862,2
4119,0.27081358432769775,0.052415840327739716,0.6767705082893372,2
4120,0.2878900170326233,0.044205859303474426,0.6679041981697083,2
4121,0.30882728099823,0.042483944445848465,0.6486887335777283,2
4122,0.3308684527873993,0.04194195568561554,0.627189576625824,2
4123,0.33794280886650085,0.03981561213731766,0.6222415566444397,2
4124,0.3658597469329834,0.04967344552278519,0.584466814994812,2
4125,0.4010757505893707,0.06017328053712845,0.538750946521759,2
4126,0.3878888487815857,0.06995327025651932,0.5421579480171204,2
4127,0.42923855781555176,0.07054167240858078,0.5002197623252869,2
4128,0.4025782346725464,0.06348471343517303,0.5339370965957642,2
4129,0.3976919949054718,0.04855213686823845,0.5537559390068054,2
4130,0.4273412227630615,0.04563838243484497,0.5270203351974487,2
4131,0.44057509303092957,0.05323150008916855,0.5061933398246765,2
4132,0.46356117725372314,0.05289299413561821,0.48354578018188477,2
4133,0.49295657873153687,0.04554304480552673,0.4615003168582916,0
4134,0.4922116696834564,0.04336639493703842,0.4644218683242798,0
4135,0.48187583684921265,0.03506537154316902,0.4830588102340698,2
4136,0.5015265345573425,0.03432365134358406,0.4641498327255249,0
4137,0.4704621434211731,0.03292984515428543,0.4966079890727997,2
4138,0.4969090521335602,0.04251663386821747,0.4605742394924164,0
4139,0.4952492117881775,0.047360483556985855,0.45739036798477173,0
4140,0.5202972888946533,0.04255291074514389,0.43714988231658936,0
4141,0.5266079306602478,0.03205118700861931,0.4413408041000366,0
4142,0.41876786947250366,0.01851232349872589,0.5627197623252869,2
4143,0.41583573818206787,0.030933158472180367,0.5532311201095581,2
4144,0.37604549527168274,0.01840496063232422,0.6055495738983154,2
4145,0.2871324419975281,0.01036694273352623,0.7025004625320435,2
4146,0.33113452792167664,0.010944738052785397,0.657920777797699,2
4147,0.3495519757270813,0.010730854235589504,0.639717161655426,2
4148,0.389242559671402,0.011826063506305218,0.5989313721656799,2
4149,0.4548116624355316,0.01883433759212494,0.5263539552688599,2
4150,0.48848387598991394,0.012849847786128521,0.49866625666618347,2
4151,0.4750668704509735,0.018242713063955307,0.5066904425621033,2
4152,0.39002543687820435,0.011103262193500996,0.5988712906837463,2
4153,0.3508831560611725,0.012896481901407242,0.6362202763557434,2
4154,0.3934624493122101,0.024170763790607452,0.5823667049407959,2
4155,0.35479500889778137,0.017405347898602486,0.6277997493743896,2
4156,0.3570164442062378,0.02661420777440071,0.616369366645813,2
4157,0.4468952417373657,0.04114576056599617,0.5119590163230896,2
4158,0.42631563544273376,0.039584506303071976,0.534099817276001,2
4159,0.452083021402359,0.043042007833719254,0.5048748850822449,2
4160,0.44133299589157104,0.04388437047600746,0.5147826671600342,2
4161,0.4354138672351837,0.042875539511442184,0.5217105746269226,2
4162,0.4997826814651489,0.04204823076725006,0.45816919207572937,0
4163,0.5076330304145813,0.040814634412527084,0.4515523612499237,0
4164,0.44992300868034363,0.06409183889627457,0.4859851598739624,2
4165,0.4207038879394531,0.0765165165066719,0.5027795433998108,2
4166,0.4214606285095215,0.04196789115667343,0.5365713834762573,2
4167,0.38564634323120117,0.045645423233509064,0.5687082409858704,2
4168,0.2675930857658386,0.0351233072578907,0.6972836256027222,2
4169,0.21371157467365265,0.024708062410354614,0.7615803480148315,2
4170,0.19602647423744202,0.021950142458081245,0.7820234298706055,2
4171,0.28424298763275146,0.03370090201497078,0.682056188583374,2
4172,0.2870623469352722,0.03868879750370979,0.6742488741874695,2
4173,0.4041803777217865,0.07112132012844086,0.5246983766555786,2
4174,0.27790775895118713,0.06325910240411758,0.6588330864906311,2
4175,0.40604367852211,0.0786803588271141,0.5152760148048401,2
4176,0.37707966566085815,0.07122153788805008,0.5516987442970276,2
4177,0.3510384261608124,0.06209610775113106,0.5868654847145081,2
4178,0.3773998022079468,0.07119181007146835,0.5514084100723267,2
4179,0.3634127080440521,0.060277245938777924,0.5763100385665894,2
4180,0.35306453704833984,0.06271184235811234,0.5842236280441284,2
4181,0.3500995934009552,0.08857402205467224,0.5613264441490173,2
4182,0.35881659388542175,0.07413673400878906,0.5670466423034668,2
4183,0.33764636516571045,0.10627555847167969,0.5560780167579651,2
4184,0.37924131751060486,0.10416874289512634,0.516589879989624,2
4185,0.2869316041469574,0.07351890206336975,0.6395494341850281,2
4186,0.23005454242229462,0.050777509808540344,0.719167947769165,2
4187,0.3529313802719116,0.07969749718904495,0.567371129989624,2
4188,0.3850906789302826,0.08182311803102493,0.5330861806869507,2
4189,0.2840602397918701,0.052282098680734634,0.6636576652526855,2
4190,0.17116941511631012,0.017500070855021477,0.8113304972648621,2
4191,0.17291831970214844,0.022289065644145012,0.8047925233840942,2
4192,0.17925158143043518,0.023137694224715233,0.7976106405258179,2
4193,0.17112314701080322,0.020128462463617325,0.8087483644485474,2
4194,0.2745645046234131,0.027296919375658035,0.6981385350227356,2
4195,0.3188634514808655,0.035180673003196716,0.6459558010101318,2
4196,0.32126370072364807,0.03713655099272728,0.6415996551513672,2
4197,0.3616265654563904,0.043700069189071655,0.5946733951568604,2
4198,0.4150503873825073,0.027557510882616043,0.5573920607566833,2
4199,0.38697367906570435,0.03761492297053337,0.575411319732666,2
4200,0.37823933362960815,0.029830003157258034,0.591930627822876,2
4201,0.34395498037338257,0.03835247829556465,0.6176925301551819,2
4202,0.355190634727478,0.043477341532707214,0.6013320088386536,2
4203,0.48208773136138916,0.05756077915430069,0.4603515565395355,0
4204,0.42878472805023193,0.06831807643175125,0.5028972029685974,2
4205,0.34107664227485657,0.10113342851400375,0.5577899217605591,2
4206,0.382843941450119,0.12692995369434357,0.4902261197566986,2
4207,0.3185048997402191,0.08246942609548569,0.5990256071090698,2
4208,0.2506159543991089,0.16551248729228973,0.5838715434074402,2
4209,0.2582577168941498,0.1619044840335846,0.5798377394676208,2
4210,0.23560582101345062,0.15116077661514282,0.6132333874702454,2
4211,0.22652478516101837,0.1888258010149002,0.5846494436264038,2
4212,0.20445121824741364,0.17727667093276978,0.6182721257209778,2
4213,0.19380640983581543,0.17638637125492096,0.62980717420578,2
4214,0.17933453619480133,0.13570372760295868,0.6849618554115295,2
4215,0.18458077311515808,0.12703421711921692,0.6883850693702698,2
4216,0.18177035450935364,0.09760522842407227,0.7206243872642517,2
4217,0.1918838620185852,0.07926477491855621,0.7288514375686646,2
4218,0.20068801939487457,0.10001997649669647,0.6992919445037842,2
4219,0.20087093114852905,0.11140743643045425,0.6877216100692749,2
4220,0.2223246991634369,0.10664471983909607,0.6710306406021118,2
4221,0.3422185778617859,0.14924660325050354,0.5085347890853882,2
4222,0.3884968161582947,0.17250162363052368,0.43900159001350403,2
4223,0.32636478543281555,0.15406931936740875,0.5195659399032593,2
4224,0.2624216079711914,0.13667646050453186,0.6009019613265991,2
4225,0.23969149589538574,0.12661923468112946,0.6336892247200012,2
4226,0.2660609185695648,0.1755474954843521,0.5583916306495667,2
4227,0.3172791600227356,0.17749834060668945,0.5052225589752197,2
4228,0.28854086995124817,0.19033275544643402,0.5211263298988342,2
4229,0.2644331455230713,0.20953059196472168,0.5260363221168518,2
4230,0.27998748421669006,0.20524215698242188,0.5147703886032104,2
4231,0.2740832567214966,0.19752193987369537,0.5283947587013245,2
4232,0.2729235291481018,0.21851076185703278,0.5085656642913818,2
4233,0.31829899549484253,0.17218853533267975,0.5095125436782837,2
4234,0.4251258075237274,0.16365711390972137,0.41121706366539,0
4235,0.386911541223526,0.1485496610403061,0.4645387828350067,2
4236,0.3475372791290283,0.1700015515089035,0.482461154460907,2
4237,0.3159404397010803,0.1913595050573349,0.49270015954971313,2
4238,0.4191034734249115,0.15290716290473938,0.4279894232749939,2
4239,0.33897048234939575,0.18486003577709198,0.4761694073677063,2
4240,0.30050763487815857,0.1890551745891571,0.5104371905326843,2
4241,0.3304392993450165,0.21098852157592773,0.4585722088813782,2
4242,0.34186697006225586,0.17699876427650452,0.4811343550682068,2
4243,0.31873929500579834,0.15474151074886322,0.5265191793441772,2
4244,0.3577151298522949,0.21321532130241394,0.42906954884529114,2
4245,0.3626019060611725,0.20563021302223206,0.43176794052124023,2
4246,0.4020700454711914,0.19545967876911163,0.40247029066085815,2
4247,0.36492598056793213,0.20887905359268188,0.42619508504867554,2
4248,0.351169228553772,0.23407389223575592,0.4147568941116333,2
4249,0.33458325266838074,0.24533268809318542,0.420084148645401,2
4250,0.33586084842681885,0.20891059935092926,0.45522844791412354,2
4251,0.33237266540527344,0.21579469740390778,0.45183268189430237,2
4252,0.3889712989330292,0.17626798152923584,0.4347607493400574,2
4253,0.4201551377773285,0.15235494077205658,0.4274899363517761,2
4254,0.36154574155807495,0.1665240228176117,0.47193029522895813,2
4255,0.43145260214805603,0.1590244472026825,0.4095229506492615,0
4256,0.38572683930397034,0.16644923388957977,0.4478239119052887,2
4257,0.4184376895427704,0.16010497510433197,0.42145735025405884,2
4258,0.3913295567035675,0.19614267349243164,0.41252779960632324,2
4259,0.3713938295841217,0.20524130761623383,0.4233648180961609,2
4260,0.3824675679206848,0.19837403297424316,0.41915836930274963,2
4261,0.4103921949863434,0.16478566825389862,0.4248221218585968,2
4262,0.320523202419281,0.2171645611524582,0.4623122811317444,2
4263,0.31659385561943054,0.1683395355939865,0.5150665640830994,2
4264,0.32374730706214905,0.16232331097126007,0.5139293074607849,2
4265,0.34333983063697815,0.12976719439029694,0.5268929600715637,2
4266,0.4372640550136566,0.172018900513649,0.39071711897850037,0
4267,0.4724876880645752,0.13560593128204346,0.39190641045570374,0
4268,0.39840438961982727,0.1564411073923111,0.44515448808670044,2
4269,0.4094291925430298,0.1760966032743454,0.414474219083786,2
4270,0.4392679035663605,0.1506461501121521,0.4100859463214874,0
4271,0.4454905092716217,0.1437312662601471,0.4107781648635864,0
4272,0.4423774778842926,0.1528024673461914,0.40481996536254883,0
4273,0.43519315123558044,0.16291692852973938,0.40188997983932495,0
4274,0.4459530711174011,0.1296904981136322,0.42435646057128906,0
4275,0.4525447189807892,0.11881262063980103,0.428642600774765,0
4276,0.44927823543548584,0.11017165333032608,0.4405500590801239,0
4277,0.45297276973724365,0.1042623519897461,0.44276484847068787,0
4278,0.44934913516044617,0.09905068576335907,0.4516001343727112,2
4279,0.458340048789978,0.10756874829530716,0.43409112095832825,0
4280,0.4481372535228729,0.14695772528648376,0.4049050211906433,0
4281,0.4546396732330322,0.1287996619939804,0.41656073927879333,0
4282,0.4607104957103729,0.08922679722309113,0.45006272196769714,0
4283,0.454512357711792,0.09660268574953079,0.4488849937915802,0
4284,0.4640894830226898,0.11564015597105026,0.4202703535556793,0
4285,0.4608411490917206,0.10754073411226273,0.43161824345588684,0
4286,0.4539358615875244,0.13147220015525818,0.41459187865257263,0
4287,0.44327273964881897,0.14543454349040985,0.4112926423549652,0
4288,0.4690053164958954,0.13940344750881195,0.39159128069877625,0
4289,0.4602275490760803,0.11923828721046448,0.4205341637134552,0
4290,0.48629000782966614,0.12999039888381958,0.3837195336818695,0
4291,0.449962317943573,0.17441532015800476,0.37562233209609985,0
4292,0.4469325840473175,0.18410827219486237,0.3689591586589813,0
4293,0.4089296758174896,0.21101723611354828,0.3800530731678009,0
4294,0.4079055190086365,0.21306395530700684,0.3790305256843567,0
4295,0.4198000133037567,0.19247093796730042,0.38772910833358765,0
4296,0.41906657814979553,0.18920457363128662,0.3917289078235626,0
4297,0.3990479111671448,0.2243826538324356,0.3765694797039032,0
4298,0.43157103657722473,0.17770971357822418,0.3907192349433899,0
4299,0.4119291305541992,0.1939963400363922,0.39407452940940857,0
4300,0.41375935077667236,0.1876109093427658,0.398629754781723,0
4301,0.4379003345966339,0.1579020619392395,0.4041976034641266,0
4302,0.4493333101272583,0.14055444300174713,0.41011226177215576,0
4303,0.43722471594810486,0.15905514359474182,0.40372005105018616,0
4304,0.4242033064365387,0.12117999792098999,0.4546167254447937,2
4305,0.39702412486076355,0.11689306795597076,0.4860827922821045,2
4306,0.39830297231674194,0.10634300857782364,0.4953539967536926,2
4307,0.38144558668136597,0.10819019377231598,0.5103642344474792,2
4308,0.370847225189209,0.13036298751831055,0.4987897574901581,2
4309,0.4216732680797577,0.17075411975383759,0.40757253766059875,0
4310,0.415947288274765,0.19572563469409943,0.38832712173461914,0
4311,0.5085932612419128,0.14833512902259827,0.3430716097354889,0
4312,0.4416811764240265,0.17298433184623718,0.3853345513343811,0
4313,0.3930136561393738,0.19058388471603394,0.4164024591445923,2
4314,0.40502527356147766,0.1674499809741974,0.42752477526664734,2
4315,0.3892455995082855,0.20866134762763977,0.4020931124687195,2
4316,0.36789265275001526,0.2420240044593811,0.390083372592926,2
4317,0.38930991291999817,0.18077747523784637,0.42991259694099426,2
4318,0.40969008207321167,0.16500230133533478,0.42530766129493713,2
4319,0.40221405029296875,0.1905977874994278,0.40718820691108704,2
4320,0.36674314737319946,0.18696913123130798,0.44628772139549255,2
4321,0.34849098324775696,0.20527946949005127,0.44622960686683655,2
4322,0.3709449768066406,0.1813429445028305,0.4477120339870453,2
4323,0.37989887595176697,0.1537121683359146,0.46638888120651245,2
4324,0.3729971945285797,0.18223363161087036,0.44476908445358276,2
4325,0.35467061400413513,0.2131994366645813,0.43212997913360596,2
4326,0.3471682071685791,0.2417283058166504,0.41110339760780334,2
4327,0.32595178484916687,0.33458733558654785,0.3394608497619629,2
4328,0.3673781454563141,0.231418177485466,0.4012037217617035,2
4329,0.36865487694740295,0.2058611959218979,0.42548391222953796,2
4330,0.3489249348640442,0.2555446922779083,0.3955303132534027,2
4331,0.442809134721756,0.17043185234069824,0.38675904273986816,0
4332,0.4531109631061554,0.15966740250587463,0.38722169399261475,0
4333,0.4097096025943756,0.16924752295017242,0.4210428297519684,2
4334,0.37355858087539673,0.23052844405174255,0.3959130048751831,2
4335,0.2972639501094818,0.2918490469455719,0.4108870029449463,2
4336,0.28505539894104004,0.3130985498428345,0.40184611082077026,2
4337,0.2745867073535919,0.41484642028808594,0.31056690216064453,1
4338,0.2932102084159851,0.35530146956443787,0.3514883518218994,1
4339,0.2625659704208374,0.36941251158714294,0.36802151799201965,1
4340,0.265928715467453,0.36332666873931885,0.3707446753978729,2
4341,0.26926952600479126,0.3556699752807617,0.37506046891212463,2
4342,0.26046493649482727,0.4093097746372223,0.33022528886795044,1
4343,0.26078668236732483,0.4005305767059326,0.33868280053138733,1
4344,0.25581973791122437,0.38398826122283936,0.3601920008659363,1
4345,0.2525695860385895,0.3598445653915405,0.3875857889652252,2
4346,0.25018852949142456,0.34968140721321106,0.40013012290000916,2
4347,0.3116810917854309,0.2941514253616333,0.39416760206222534,2
4348,0.2949181795120239,0.3167990446090698,0.3882827162742615,2
4349,0.2744809687137604,0.3452923595905304,0.3802267014980316,2
4350,0.24781902134418488,0.35646575689315796,0.3957151770591736,2
4351,0.22510454058647156,0.37878966331481934,0.39610588550567627,2
4352,0.2183438539505005,0.37116408348083496,0.4104920029640198,2
4353,0.2076883614063263,0.3534785509109497,0.4388331174850464,2
4354,0.2371450513601303,0.3443751633167267,0.4184798300266266,2
4355,0.18512079119682312,0.4148048460483551,0.40007445216178894,1
4356,0.16090361773967743,0.4429824650287628,0.3961140215396881,1
4357,0.1601952165365219,0.4296867549419403,0.4101179540157318,1
4358,0.1704981029033661,0.42270365357398987,0.40679824352264404,1
4359,0.20129325985908508,0.291153222322464,0.5075535178184509,2
4360,0.18311280012130737,0.24484018981456757,0.5720469951629639,2
4361,0.18885667622089386,0.21285249292850494,0.5982908010482788,2
4362,0.19805869460105896,0.23464345932006836,0.5672979354858398,2
4363,0.1958984136581421,0.20400741696357727,0.600094199180603,2
4364,0.1939474642276764,0.22992919385433197,0.5761232972145081,2
4365,0.19549717009067535,0.2192385494709015,0.585264265537262,2
4366,0.2503458261489868,0.19730648398399353,0.5523476004600525,2
4367,0.24430586397647858,0.22172203660011292,0.5339720249176025,2
4368,0.2443436086177826,0.20611171424388885,0.549544632434845,2
4369,0.2933412194252014,0.1767064929008484,0.529952347278595,2
4370,0.34832727909088135,0.1856503039598465,0.46602240204811096,2
4371,0.2823810279369354,0.1648232787847519,0.5527957081794739,2
4372,0.26052314043045044,0.22626493871212006,0.5132119655609131,2
4373,0.2479008287191391,0.24599525332450867,0.5061039328575134,2
4374,0.27311134338378906,0.3075670301914215,0.41932162642478943,2
4375,0.26707378029823303,0.2463447004556656,0.48658159375190735,2
4376,0.24310244619846344,0.2856178879737854,0.47127965092658997,2
4377,0.238864004611969,0.2274753898382187,0.5336605310440063,2
4378,0.25157833099365234,0.24578909575939178,0.5026325583457947,2
4379,0.27253201603889465,0.2968690097332001,0.4305989742279053,2
4380,0.23281320929527283,0.25247320532798767,0.5147136449813843,2
4381,0.2323167473077774,0.2227877825498581,0.5448954701423645,2
4382,0.2312096655368805,0.2041395604610443,0.5646507143974304,2
4383,0.23433807492256165,0.2512122094631195,0.5144498348236084,2
4384,0.2457529902458191,0.2407073676586151,0.5135396122932434,2
4385,0.24256150424480438,0.22077485918998718,0.5366636514663696,2
4386,0.24219556152820587,0.19081227481365204,0.5669921040534973,2
4387,0.3018057644367218,0.15300516784191132,0.5451890826225281,2
4388,0.23840998113155365,0.19263875484466553,0.5689512491226196,2
4389,0.24164262413978577,0.2588122487068176,0.499545156955719,2
4390,0.24161000549793243,0.28264206647872925,0.47574782371520996,2
4391,0.2361462414264679,0.27311021089553833,0.49074357748031616,2
4392,0.2307104617357254,0.3178568482398987,0.45143264532089233,2
4393,0.24120864272117615,0.20381483435630798,0.5549764633178711,2
4394,0.20142538845539093,0.3625217378139496,0.4360528886318207,2
4395,0.20560643076896667,0.3626340329647064,0.4317595362663269,2
4396,0.23952974379062653,0.2916795313358307,0.4687907099723816,2
4397,0.24871264398097992,0.32315558195114136,0.4281318485736847,2
4398,0.2505379021167755,0.32070592045783997,0.4287562668323517,2
4399,0.277034729719162,0.33028504252433777,0.39268016815185547,2
4400,0.2201918363571167,0.3369383215904236,0.4428698420524597,2
4401,0.2322481870651245,0.33221861720085144,0.4355331361293793,2
4402,0.26780474185943604,0.31055498123168945,0.4216402769088745,2
4403,0.2395283728837967,0.3338982164859772,0.42657339572906494,2
4404,0.22657345235347748,0.33033743500709534,0.4430890679359436,2
4405,0.2218313217163086,0.3317304253578186,0.446438193321228,2
4406,0.23900732398033142,0.34676679968833923,0.41422587633132935,2
4407,0.2111104279756546,0.3261597454547882,0.4627298414707184,2
4408,0.218519926071167,0.2862221300601959,0.4952578842639923,2
4409,0.28818920254707336,0.22730658948421478,0.48450416326522827,2
4410,0.2514272630214691,0.33897268772125244,0.4096001088619232,2
4411,0.21803909540176392,0.2803795635700226,0.5015813112258911,2
4412,0.19738651812076569,0.30114397406578064,0.5014695525169373,2
4413,0.20882704854011536,0.3329043686389923,0.4582686126232147,2
4414,0.24740612506866455,0.3449570834636688,0.407636821269989,2
4415,0.286885529756546,0.35617733001708984,0.3569371998310089,2
4416,0.24733558297157288,0.376822829246521,0.3758416175842285,1
4417,0.1813909113407135,0.4449577033519745,0.3736513555049896,1
4418,0.23069602251052856,0.4043061137199402,0.36499789357185364,1
4419,0.28498560190200806,0.32235053181648254,0.392663836479187,2
4420,0.25655046105384827,0.3504595160484314,0.3929900825023651,2
4421,0.2948285937309265,0.3005109429359436,0.4046604633331299,2
4422,0.26237648725509644,0.3112868666648865,0.42633673548698425,2
4423,0.31248006224632263,0.28527727723121643,0.40224263072013855,2
4424,0.2938026487827301,0.29170629382133484,0.41449108719825745,2
4425,0.31373631954193115,0.28692853450775146,0.3993350863456726,2
4426,0.38950684666633606,0.25341665744781494,0.357076495885849,0
4427,0.3125612735748291,0.3106643259525299,0.37677448987960815,2
4428,0.2962360382080078,0.296147882938385,0.40761613845825195,2
4429,0.38840430974960327,0.23832757771015167,0.37326809763908386,0
4430,0.322970449924469,0.23873868584632874,0.43829086422920227,2
4431,0.22049860656261444,0.2613520324230194,0.5181493163108826,2
4432,0.1812707483768463,0.26412272453308105,0.5546064376831055,2
4433,0.18382248282432556,0.21595700085163116,0.6002205610275269,2
4434,0.1854606717824936,0.2175503820180893,0.5969889163970947,2
4435,0.19431562721729279,0.20575803518295288,0.5999262928962708,2
4436,0.23250266909599304,0.19395187497138977,0.5735454559326172,2
4437,0.33075225353240967,0.21943402290344238,0.44981375336647034,2
4438,0.413072794675827,0.18467383086681366,0.40225332975387573,0
4439,0.34162968397140503,0.24696746468544006,0.41140297055244446,2
4440,0.33499112725257874,0.2488754540681839,0.41613340377807617,2
4441,0.3255561292171478,0.26014789938926697,0.4142960011959076,2
4442,0.33599892258644104,0.21639011800289154,0.4476109445095062,2
4443,0.27482476830482483,0.303901731967926,0.42127346992492676,2
4444,0.294487863779068,0.2905407249927521,0.41497135162353516,2
4445,0.38057199120521545,0.2043687403202057,0.41505932807922363,2
4446,0.38505396246910095,0.23608337342739105,0.3788626492023468,0
4447,0.39658859372138977,0.22278174757957458,0.3806297779083252,0
4448,0.3626983165740967,0.21554839611053467,0.42175331711769104,2
4449,0.34702205657958984,0.2469916194677353,0.4059862792491913,2
4450,0.3510265648365021,0.24078582227230072,0.4081876575946808,2
4451,0.3229670226573944,0.25321584939956665,0.4238171875476837,2
4452,0.30456241965293884,0.24798280000686646,0.44745486974716187,2
4453,0.2867855727672577,0.2186584174633026,0.4945560693740845,2
4454,0.2945586144924164,0.2966516315937042,0.4087897539138794,2
4455,0.27665770053863525,0.33462077379226685,0.3887214660644531,2
4456,0.29458603262901306,0.2765713632106781,0.42884260416030884,2
4457,0.2894740104675293,0.29109328985214233,0.4194326400756836,2
4458,0.3028685450553894,0.2715762257575989,0.42555516958236694,2
4459,0.25021490454673767,0.29572594165802,0.4540591835975647,2
4460,0.261597603559494,0.30941635370254517,0.42898598313331604,2
4461,0.2588964104652405,0.3257198929786682,0.4153837561607361,2
4462,0.2369389683008194,0.3631478548049927,0.39991310238838196,2
4463,0.2692859172821045,0.3355419635772705,0.39517202973365784,2
4464,0.307490736246109,0.2989501953125,0.3935590088367462,2
4465,0.25095391273498535,0.33848416805267334,0.41056182980537415,2
4466,0.23750463128089905,0.3450230062007904,0.41747233271598816,2
4467,0.2801944613456726,0.3133768141269684,0.4064286947250366,2
4468,0.2768721282482147,0.31764426827430725,0.40548354387283325,2
4469,0.27643799781799316,0.3217068612575531,0.4018551707267761,2
4470,0.23774167895317078,0.36372852325439453,0.39852985739707947,2
4471,0.22167742252349854,0.3979780673980713,0.3803444504737854,1
4472,0.3874606788158417,0.28781673312187195,0.32472261786460876,0
4473,0.35232624411582947,0.306282639503479,0.3413911461830139,0
4474,0.3208244740962982,0.29480496048927307,0.3843705654144287,2
4475,0.3692532479763031,0.2548091411590576,0.3759376108646393,2
4476,0.33384355902671814,0.31031161546707153,0.3558448851108551,2
4477,0.3335023522377014,0.29739826917648315,0.36909937858581543,2
4478,0.26441723108291626,0.3131761848926544,0.42240649461746216,2
4479,0.262561172246933,0.27252593636512756,0.46491295099258423,2
4480,0.26116713881492615,0.2896336615085602,0.44919922947883606,2
4481,0.27932074666023254,0.22828026115894318,0.49239885807037354,2
4482,0.2637404799461365,0.28149643540382385,0.4547630250453949,2
4483,0.27818170189857483,0.282039612531662,0.439778596162796,2
4484,0.27395668625831604,0.27527016401290894,0.4507731795310974,2
4485,0.28531017899513245,0.30782556533813477,0.4068642258644104,2
4486,0.2740485370159149,0.29085472226142883,0.43509671092033386,2
4487,0.24731063842773438,0.31351667642593384,0.4391725957393646,2
4488,0.24094457924365997,0.3127484619617462,0.4463070034980774,2
4489,0.30269092321395874,0.22693927586078644,0.47036972641944885,2
4490,0.24643656611442566,0.3011380434036255,0.4524253010749817,2
4491,0.24481193721294403,0.31866809725761414,0.43651992082595825,2
4492,0.33415207266807556,0.22135256230831146,0.44449543952941895,2
4493,0.2675510048866272,0.28302186727523804,0.44942721724510193,2
4494,0.3085525929927826,0.25479263067245483,0.4366548955440521,2
4495,0.28417664766311646,0.26555559039115906,0.45026782155036926,2
4496,0.3330211341381073,0.23038087785243988,0.43659794330596924,2
4497,0.26750943064689636,0.11181070655584335,0.6206798553466797,2
4498,0.32834944128990173,0.2429971694946289,0.42865338921546936,2
4499,0.29809507727622986,0.253368079662323,0.44853687286376953,2
4500,0.31056633591651917,0.24827545881271362,0.4411582350730896,2
4501,0.26508548855781555,0.26858270168304443,0.46633180975914,2
4502,0.3062058985233307,0.23452721536159515,0.45926687121391296,2
4503,0.31520456075668335,0.2743191719055176,0.41047632694244385,2
4504,0.2800998091697693,0.24006323516368866,0.47983691096305847,2
4505,0.3554929196834564,0.19950005412101746,0.4450070559978485,2
4506,0.23264464735984802,0.2977980673313141,0.4695572257041931,2
4507,0.21502144634723663,0.2928624153137207,0.4921160638332367,2
4508,0.21665094792842865,0.3069557547569275,0.4763931930065155,2
4509,0.23952718079090118,0.3220762312412262,0.4383964538574219,2
4510,0.20541571080684662,0.357338011264801,0.4372463524341583,2
4511,0.24097636342048645,0.32418328523635864,0.4348403513431549,2
4512,0.24703145027160645,0.34256255626678467,0.4104060232639313,2
4513,0.24659061431884766,0.32796919345855713,0.4254402220249176,2
4514,0.2891928255558014,0.2555809020996094,0.45522618293762207,2
4515,0.2766939401626587,0.25968503952026367,0.46362099051475525,2
4516,0.2760831117630005,0.2697562575340271,0.4541606605052948,2
4517,0.2537519335746765,0.29150521755218506,0.4547428786754608,2
4518,0.35133832693099976,0.27601268887519836,0.3726489245891571,2
4519,0.2083100974559784,0.36354270577430725,0.42814719676971436,2
4520,0.2193531095981598,0.3661159873008728,0.414530873298645,2
4521,0.24340741336345673,0.3108554482460022,0.44573718309402466,2
4522,0.2241983711719513,0.3333543837070465,0.442447304725647,2
4523,0.282422810792923,0.2959161698818207,0.4216609597206116,2
4524,0.2018308937549591,0.3361127972602844,0.46205636858940125,2
4525,0.19679930806159973,0.3271408975124359,0.47605982422828674,2
4526,0.17981652915477753,0.3305990397930145,0.4895845055580139,2
4527,0.16440626978874207,0.35267147421836853,0.4829223155975342,2
4528,0.15177597105503082,0.34221524000167847,0.5060088038444519,2
4529,0.15145759284496307,0.3785467743873596,0.4699956476688385,2
4530,0.30558302998542786,0.37534716725349426,0.3190698027610779,1
4531,0.18714772164821625,0.47199520468711853,0.3408571779727936,1
4532,0.16063377261161804,0.3391863703727722,0.5001798272132874,2
4533,0.17597699165344238,0.41938504576683044,0.4046379625797272,1
4534,0.16677173972129822,0.36427345871925354,0.46895474195480347,2
4535,0.17118892073631287,0.4132777750492096,0.41553327441215515,2
4536,0.16733576357364655,0.3957516849040985,0.4369125962257385,2
4537,0.2115027755498886,0.40064796805381775,0.38784924149513245,1
4538,0.18303485214710236,0.3113528788089752,0.5056122541427612,2
4539,0.36591091752052307,0.27987566590309143,0.3542133569717407,0
4540,0.35192692279815674,0.2785117030143738,0.3695613741874695,2
4541,0.30261534452438354,0.305814266204834,0.39157038927078247,2
4542,0.39943039417266846,0.2719416618347168,0.3286280035972595,0
4543,0.393666535615921,0.2721484303474426,0.33418506383895874,0
4544,0.4392295181751251,0.22526246309280396,0.3355080783367157,0
4545,0.4449111223220825,0.22891494631767273,0.32617393136024475,0
4546,0.44038257002830505,0.23246023058891296,0.327157199382782,0
4547,0.20431508123874664,0.24494557082653046,0.5507392883300781,2
4548,0.20099398493766785,0.23552584648132324,0.5634800791740417,2
4549,0.1799163967370987,0.25053346157073975,0.5695501565933228,2
4550,0.2008705586194992,0.3047594428062439,0.49437010288238525,2
4551,0.1816311925649643,0.229622945189476,0.5887458920478821,2
4552,0.19418339431285858,0.22855524718761444,0.5772613286972046,2
4553,0.1809394359588623,0.2509607672691345,0.5680997967720032,2
4554,0.17790475487709045,0.3289188742637634,0.4931764006614685,2
4555,0.1932990401983261,0.34637656807899475,0.46032434701919556,2
4556,0.17514143884181976,0.4129765033721924,0.4118820130825043,1
4557,0.20286542177200317,0.4106357991695404,0.38649868965148926,1
4558,0.2889783978462219,0.29332616925239563,0.41769543290138245,2
4559,0.18890097737312317,0.3896559476852417,0.42144304513931274,2
4560,0.21023733913898468,0.3376707434654236,0.45209190249443054,2
4561,0.2152670919895172,0.3151721954345703,0.469560831785202,2
4562,0.20077870786190033,0.32104116678237915,0.4781801998615265,2
4563,0.2712162733078003,0.2729685306549072,0.4558151662349701,2
4564,0.3250042796134949,0.23044158518314362,0.4445541501045227,2
4565,0.39835497736930847,0.20760713517665863,0.3940378427505493,0
4566,0.44065436720848083,0.2519068419933319,0.3074389100074768,0
4567,0.44143134355545044,0.22191889584064484,0.33664974570274353,0
4568,0.4743454158306122,0.25157997012138367,0.27407461404800415,0
4569,0.31727108359336853,0.25067877769470215,0.43205010890960693,2
4570,0.3499886393547058,0.16812525689601898,0.4818861186504364,2
