,Probability Buy,Probability Hold,Probability Sell,Prediction
0,0.43029966950416565,0.2232794165611267,0.34642091393470764,0
1,0.44401121139526367,0.2292565256357193,0.3267323076725006,0
2,0.4139212667942047,0.24211476743221283,0.3439639210700989,0
3,0.4057108163833618,0.24563249945640564,0.34865665435791016,0
4,0.43960604071617126,0.2264069765806198,0.3339869976043701,0
5,0.40643537044525146,0.265265554189682,0.32829901576042175,0
6,0.39576199650764465,0.2757256031036377,0.32851237058639526,0
7,0.45223039388656616,0.2188880294561386,0.3288816213607788,0
8,0.44179025292396545,0.2218693643808365,0.33634039759635925,0
9,0.40181857347488403,0.24785123765468597,0.3503302335739136,0
10,0.36743468046188354,0.29374703764915466,0.33881816267967224,0
11,0.38830792903900146,0.30015766620635986,0.3115343153476715,0
12,0.40501317381858826,0.332149863243103,0.2628370225429535,0
13,0.37758228182792664,0.36577823758125305,0.2566395401954651,0
14,0.3354966342449188,0.353193461894989,0.3113098740577698,1
15,0.32897448539733887,0.3036089539527893,0.3674165606498718,2
16,0.3512560725212097,0.3120078444480896,0.3367360532283783,0
17,0.3562272787094116,0.36584916710853577,0.277923583984375,1
18,0.37581807374954224,0.32433322072029114,0.2998487651348114,0
19,0.3818552792072296,0.288388729095459,0.3297559916973114,0
20,0.3807373046875,0.3092694878578186,0.3099932372570038,0
21,0.37667834758758545,0.295505166053772,0.32781654596328735,0
22,0.3799874484539032,0.36044374108314514,0.25956884026527405,0
23,0.3345445990562439,0.4103618860244751,0.2550935447216034,1
24,0.3677329421043396,0.36258986592292786,0.2696771025657654,0
25,0.4254164397716522,0.4056050181388855,0.1689785271883011,0
26,0.4202462434768677,0.38193604350090027,0.19781775772571564,0
27,0.4141899049282074,0.37357401847839355,0.21223607659339905,0
28,0.42495110630989075,0.3854294717311859,0.18961939215660095,0
29,0.43307504057884216,0.3107116222381592,0.25621330738067627,0
30,0.43742913007736206,0.31677958369255066,0.24579133093357086,0
31,0.39497706294059753,0.4263533651828766,0.1786695271730423,1
32,0.4001045823097229,0.41332098841667175,0.1865745335817337,1
33,0.42314067482948303,0.36021268367767334,0.21664667129516602,0
34,0.44669073820114136,0.29531431198120117,0.2579949200153351,0
35,0.40703415870666504,0.376239538192749,0.21672634780406952,0
36,0.4121703803539276,0.366301029920578,0.2215285450220108,0
37,0.4106852114200592,0.34191814064979553,0.24739660322666168,0
38,0.42927438020706177,0.27213722467422485,0.298588365316391,0
39,0.3770095109939575,0.2899778485298157,0.33301258087158203,0
40,0.37617161870002747,0.27002695202827454,0.3538013994693756,0
41,0.3672977387905121,0.28164780139923096,0.351054310798645,0
42,0.343215674161911,0.2842210829257965,0.3725632429122925,2
43,0.4398288130760193,0.22286127507686615,0.33730995655059814,0
44,0.4446578621864319,0.21692416071891785,0.3384179472923279,0
45,0.4483526349067688,0.2121461033821106,0.3395012617111206,0
46,0.45181918144226074,0.2085568755865097,0.33962389826774597,0
47,0.4547455906867981,0.203166201710701,0.3420881927013397,0
48,0.4525509774684906,0.20197205245494843,0.3454769253730774,0
49,0.4745405614376068,0.18663443624973297,0.3388250172138214,0
50,0.4856250584125519,0.17729268968105316,0.3370822072029114,0
51,0.42841631174087524,0.21640463173389435,0.3551790714263916,0
52,0.33044368028640747,0.3166360855102539,0.3529203236103058,2
53,0.3595776855945587,0.3171752989292145,0.3232469856739044,0
54,0.32565823197364807,0.32336655259132385,0.3509751260280609,2
55,0.2970527410507202,0.3276921808719635,0.37525510787963867,2
56,0.2771148085594177,0.33970674872398376,0.3831784129142761,2
57,0.3355856239795685,0.2979609966278076,0.3664533495903015,2
58,0.35357025265693665,0.29945066571235657,0.346979022026062,0
59,0.3653308153152466,0.2747575342655182,0.35991162061691284,0
60,0.37639689445495605,0.2674894332885742,0.3561137616634369,0
61,0.3826724588871002,0.27505770325660706,0.3422698676586151,0
62,0.3845483064651489,0.26392465829849243,0.3515269160270691,0
63,0.39752721786499023,0.2646343410015106,0.33783844113349915,0
64,0.4030168950557709,0.2661657929420471,0.33081725239753723,0
65,0.37701648473739624,0.3127113878726959,0.3102721571922302,0
66,0.3994928300380707,0.2696077227592468,0.3308994770050049,0
67,0.36031392216682434,0.342488557100296,0.2971974313259125,0
68,0.37992051243782043,0.3163505494594574,0.30372893810272217,0
69,0.36749425530433655,0.3271200954914093,0.30538564920425415,0
70,0.38209646940231323,0.30965158343315125,0.3082519471645355,0
71,0.3958224356174469,0.29019710421562195,0.31398043036460876,0
72,0.3853330612182617,0.2988024652004242,0.3158645033836365,0
73,0.34598320722579956,0.3338663876056671,0.32015034556388855,0
74,0.3239530324935913,0.35114553570747375,0.3249015212059021,1
75,0.28954464197158813,0.38752835988998413,0.32292693853378296,1
76,0.3426932394504547,0.33395281434059143,0.3233538568019867,0
77,0.3558374345302582,0.3183954358100891,0.3257672190666199,0
78,0.3557202219963074,0.31667304039001465,0.32760682702064514,0
79,0.30558106303215027,0.3642951548099518,0.3301236927509308,1
80,0.27710452675819397,0.43499287962913513,0.2879025638103485,1
81,0.37222349643707275,0.30121204257011414,0.3265644609928131,0
82,0.3275187015533447,0.33126595616340637,0.3412153422832489,2
83,0.35361623764038086,0.3054739832878113,0.3409097194671631,0
84,0.3518003821372986,0.30897030234336853,0.3392292559146881,0
85,0.39151182770729065,0.2805144488811493,0.32797372341156006,0
86,0.4295623302459717,0.263740211725235,0.3066974878311157,0
87,0.41957879066467285,0.2730943262577057,0.3073268532752991,0
88,0.4276960790157318,0.2546226382255554,0.3176811933517456,0
89,0.43968862295150757,0.24558506906032562,0.314726322889328,0
90,0.4111795127391815,0.27436837553977966,0.3144521713256836,0
91,0.4357583522796631,0.24734750390052795,0.31689417362213135,0
92,0.43017974495887756,0.251268595457077,0.31855157017707825,0
93,0.3830386698246002,0.3129532039165497,0.3040081560611725,0
94,0.3506888151168823,0.3227779269218445,0.3265331983566284,0
95,0.3783355951309204,0.34210601449012756,0.2795584499835968,0
96,0.38988009095191956,0.31938278675079346,0.2907370626926422,0
97,0.38627809286117554,0.3066748380661011,0.307047039270401,0
98,0.38648295402526855,0.3110649585723877,0.30245208740234375,0
99,0.4018835425376892,0.3316448926925659,0.2664716839790344,0
100,0.35287970304489136,0.30511772632598877,0.3420025706291199,0
101,0.3765529692173004,0.2981184720993042,0.3253285884857178,0
102,0.3846089839935303,0.30765974521636963,0.3077312409877777,0
103,0.4027518928050995,0.3189638555049896,0.2782842814922333,0
104,0.3801954686641693,0.3487343192100525,0.271070271730423,0
105,0.4207957088947296,0.3071264624595642,0.2720777988433838,0
106,0.42109501361846924,0.333957314491272,0.24494779109954834,0
107,0.4273739159107208,0.3254142999649048,0.247211754322052,0
108,0.42174774408340454,0.32215777039527893,0.2560945153236389,0
109,0.42231419682502747,0.29341065883636475,0.2842751443386078,0
110,0.3768105208873749,0.30601009726524353,0.31717947125434875,0
111,0.33448952436447144,0.34640756249427795,0.3191029727458954,1
112,0.3492234945297241,0.32500484585762024,0.32577162981033325,0
113,0.2961265742778778,0.37156572937965393,0.3323076069355011,1
114,0.3212868869304657,0.34350115060806274,0.335211843252182,1
115,0.24161580204963684,0.4524485170841217,0.30593571066856384,1
116,0.17177605628967285,0.5732706189155579,0.2549532353878021,1
117,0.2573918104171753,0.4477294087409973,0.2948787808418274,1
118,0.3001781105995178,0.3717156946659088,0.3281061053276062,1
119,0.3354122042655945,0.3172767460346222,0.34731119871139526,2
120,0.3347259759902954,0.31433743238449097,0.3509365916252136,2
121,0.3245280086994171,0.3220837712287903,0.353388249874115,2
122,0.3345159888267517,0.31479090452194214,0.35069313645362854,2
123,0.350767582654953,0.3056966960430145,0.3435356616973877,0
124,0.20999915897846222,0.4981347620487213,0.2918660640716553,1
125,0.1244141235947609,0.6660162806510925,0.20956949889659882,1
126,0.19494730234146118,0.5249331593513489,0.28011953830718994,1
127,0.281564325094223,0.3678167462348938,0.3506188690662384,1
128,0.25877073407173157,0.40274912118911743,0.3384800851345062,1
129,0.364727646112442,0.3501472771167755,0.28512507677078247,0
130,0.4064267575740814,0.28761693835258484,0.30595627427101135,0
131,0.3959867060184479,0.2856856882572174,0.3183276653289795,0
132,0.40118271112442017,0.2971516251564026,0.30166563391685486,0
133,0.40495723485946655,0.28046461939811707,0.3145781457424164,0
134,0.4066656827926636,0.26975953578948975,0.3235747814178467,0
135,0.40731802582740784,0.2919103503227234,0.3007716238498688,0
136,0.3860132098197937,0.3243713676929474,0.2896153926849365,0
137,0.3824295103549957,0.3055785000324249,0.31199193000793457,0
138,0.35762837529182434,0.315070241689682,0.32730135321617126,0
139,0.3527533710002899,0.3167477548122406,0.3304988443851471,0
140,0.3506441116333008,0.3113270103931427,0.33802884817123413,0
141,0.39762958884239197,0.37262162566185,0.2297489047050476,0
142,0.41688743233680725,0.34748485684394836,0.2356276959180832,0
143,0.43407514691352844,0.31192702054977417,0.2539978325366974,0
144,0.43105587363243103,0.31332311034202576,0.25562089681625366,0
145,0.4382380247116089,0.2956286370754242,0.26613345742225647,0
146,0.4371755123138428,0.30356138944625854,0.25926315784454346,0
147,0.4362800717353821,0.30904847383499146,0.25467148423194885,0
148,0.43804246187210083,0.30745792388916016,0.254499614238739,0
149,0.43356603384017944,0.2921140491962433,0.2743198871612549,0
150,0.44350185990333557,0.2595932185649872,0.29690489172935486,0
151,0.4085213541984558,0.2623322606086731,0.3291463851928711,0
152,0.40872034430503845,0.25660979747772217,0.33466988801956177,0
153,0.27154281735420227,0.3896821439266205,0.33877500891685486,1
154,0.31856971979141235,0.3115300238132477,0.36990025639533997,2
155,0.32918813824653625,0.3021111786365509,0.36870065331459045,2
156,0.27592146396636963,0.3776158392429352,0.34646275639533997,1
157,0.29337525367736816,0.3466523289680481,0.35997241735458374,2
158,0.29391711950302124,0.3496246039867401,0.35645827651023865,2
159,0.25352928042411804,0.4142248034477234,0.3322458565235138,1
160,0.21521642804145813,0.4799303412437439,0.30485326051712036,1
161,0.24097901582717896,0.43664729595184326,0.3223736882209778,1
162,0.28081411123275757,0.3731450140476227,0.34604090452194214,1
163,0.29363298416137695,0.3470683693885803,0.3592986464500427,2
164,0.4447402060031891,0.2234419286251068,0.3318179249763489,0
165,0.4431590139865875,0.22816362977027893,0.32867732644081116,0
166,0.4508255422115326,0.2403043806552887,0.3088701367378235,0
167,0.43737420439720154,0.28364554047584534,0.27898019552230835,0
168,0.4508114755153656,0.22119881212711334,0.3279896676540375,0
169,0.4595385193824768,0.2105236053466797,0.3299378752708435,0
170,0.4534895718097687,0.20967000722885132,0.3368403911590576,0
171,0.430341511964798,0.22351835668087006,0.34614017605781555,0
172,0.41425323486328125,0.235841304063797,0.34990549087524414,0
173,0.38524314761161804,0.2770744562149048,0.3376823365688324,0
174,0.4293804168701172,0.2508842945098877,0.31973516941070557,0
175,0.34924259781837463,0.3072150945663452,0.34354227781295776,0
176,0.36083510518074036,0.3145747780799866,0.32459014654159546,0
177,0.38937151432037354,0.3597320318222046,0.2508963942527771,0
178,0.35039788484573364,0.3545510172843933,0.2950510084629059,1
179,0.41773876547813416,0.3071381747722626,0.27512311935424805,0
180,0.3612997233867645,0.35552990436553955,0.2831704020500183,0
181,0.3350484073162079,0.32788193225860596,0.337069571018219,2
182,0.32570087909698486,0.3666285276412964,0.30767062306404114,1
183,0.3596648871898651,0.37040406465530396,0.2699309289455414,1
184,0.36977291107177734,0.3708237409591675,0.2594033181667328,1
185,0.48212796449661255,0.3013041913509369,0.21656784415245056,0
186,0.38060081005096436,0.3627655804157257,0.25663354992866516,0
187,0.3614943027496338,0.3780353367328644,0.2604704201221466,1
188,0.36383816599845886,0.33290761709213257,0.3032541573047638,0
189,0.3669693171977997,0.323498010635376,0.30953261256217957,0
190,0.4860217273235321,0.3410210907459259,0.1729571521282196,0
191,0.46386778354644775,0.3882286250591278,0.14790360629558563,0
192,0.35049712657928467,0.3566165864467621,0.29288628697395325,1
193,0.3474539518356323,0.35278746485710144,0.29975858330726624,1
194,0.393445760011673,0.49458247423171997,0.11197181791067123,1
195,0.42621108889579773,0.4288850724697113,0.14490383863449097,1
196,0.48572394251823425,0.3526119291782379,0.16166408360004425,0
197,0.5164294242858887,0.2962113320827484,0.18735922873020172,0
198,0.5156468749046326,0.29915353655815125,0.18519951403141022,0
199,0.5161215662956238,0.2746110260486603,0.20926737785339355,0
200,0.5204027891159058,0.2701980769634247,0.20939922332763672,0
201,0.5170789957046509,0.2691429555416107,0.2137780785560608,0
202,0.5108874440193176,0.27165624499320984,0.2174563854932785,0
203,0.5423255562782288,0.25158652663230896,0.2060878723859787,0
204,0.42113596200942993,0.3260405957698822,0.25282344222068787,0
205,0.4521046578884125,0.2943876087665558,0.2535078227519989,0
206,0.42904824018478394,0.31529921293258667,0.255652517080307,0
207,0.35437527298927307,0.3209838569164276,0.32464081048965454,0
208,0.3650040328502655,0.32872074842453003,0.3062751889228821,0
209,0.3807793855667114,0.3297656774520874,0.28945493698120117,0
210,0.3555973470211029,0.323733389377594,0.3206692934036255,0
211,0.3499349355697632,0.33477622270584106,0.31528884172439575,0
212,0.35232433676719666,0.3310582935810089,0.31661733984947205,0
213,0.5336082577705383,0.2727319598197937,0.1936597377061844,0
214,0.5393363833427429,0.2631327509880066,0.19753089547157288,0
215,0.5485848188400269,0.24521511793136597,0.2062000036239624,0
216,0.5418703556060791,0.23143379390239716,0.22669576108455658,0
217,0.5364678502082825,0.2244587540626526,0.23907345533370972,0
218,0.5441504120826721,0.22061079740524292,0.23523886501789093,0
219,0.47137072682380676,0.28775128722190857,0.24087795615196228,0
220,0.35792386531829834,0.3279264569282532,0.3141497075557709,0
221,0.3363686203956604,0.32748010754585266,0.3361513018608093,0
222,0.3447008728981018,0.34268489480018616,0.3126142621040344,0
223,0.339002788066864,0.3112446069717407,0.3497525453567505,2
224,0.3726959526538849,0.32084304094314575,0.3064609467983246,0
225,0.4346015453338623,0.3333301544189453,0.23206838965415955,0
226,0.38294142484664917,0.32583045959472656,0.29122817516326904,0
227,0.4219038486480713,0.3564254641532898,0.22167061269283295,0
228,0.4888130724430084,0.2896578907966614,0.22152912616729736,0
229,0.45549771189689636,0.31607502698898315,0.22842730581760406,0
230,0.4601442515850067,0.3041503429412842,0.23570546507835388,0
231,0.39143064618110657,0.3377746343612671,0.27079465985298157,0
232,0.3648909330368042,0.33490341901779175,0.30020564794540405,0
233,0.3613681197166443,0.33103275299072266,0.30759915709495544,0
234,0.3694559633731842,0.3451315760612488,0.28541243076324463,0
235,0.33973121643066406,0.35612964630126953,0.3041391968727112,1
236,0.3418242335319519,0.37693488597869873,0.28124088048934937,1
237,0.499514102935791,0.31725364923477173,0.18323230743408203,0
238,0.4355894923210144,0.36914780735969543,0.19526270031929016,0
239,0.42636922001838684,0.4180924594402313,0.15553832054138184,0
240,0.39644572138786316,0.46471571922302246,0.1388384997844696,1
241,0.3898864984512329,0.4694060683250427,0.14070744812488556,1
242,0.39300432801246643,0.46192431449890137,0.14507143199443817,1
243,0.4495193362236023,0.3666318356990814,0.1838487982749939,0
244,0.5170161724090576,0.26014232635498047,0.22284148633480072,0
245,0.5130029320716858,0.23173949122428894,0.2552575170993805,0
246,0.5111677646636963,0.22850258648395538,0.26032957434654236,0
247,0.5181686282157898,0.21664445102214813,0.26518696546554565,0
248,0.49121958017349243,0.23658312857151031,0.27219724655151367,0
249,0.46089044213294983,0.2642717659473419,0.27483776211738586,0
250,0.35807058215141296,0.32081112265586853,0.3211182951927185,0
251,0.38133445382118225,0.3151552975177765,0.3035101890563965,0
252,0.3705328702926636,0.3471725285053253,0.28229454159736633,0
253,0.3422394394874573,0.34031450748443604,0.3174460232257843,0
254,0.35507115721702576,0.3403264284133911,0.3046024739742279,0
255,0.36177417635917664,0.33395785093307495,0.30426791310310364,0
256,0.36028507351875305,0.32228052616119385,0.3174344599246979,0
257,0.43803921341896057,0.28755658864974976,0.2744041979312897,0
258,0.40232667326927185,0.314775675535202,0.28289759159088135,0
259,0.3753677010536194,0.3296946883201599,0.29493752121925354,0
260,0.32404741644859314,0.347364217042923,0.3285883963108063,1
261,0.40541404485702515,0.32611942291259766,0.26846668124198914,0
262,0.5434109568595886,0.21485978364944458,0.24172933399677277,0
263,0.5448038578033447,0.21173137426376343,0.24346469342708588,0
264,0.5186001658439636,0.2054811716079712,0.2759186029434204,0
265,0.5082828402519226,0.2035224586725235,0.2881946563720703,0
266,0.513008713722229,0.1967705637216568,0.290220707654953,0
267,0.46349966526031494,0.22097450494766235,0.31552574038505554,0
268,0.4358575940132141,0.22631055116653442,0.3378317952156067,0
269,0.43115338683128357,0.2305082082748413,0.3383384346961975,0
270,0.4181026816368103,0.2543882131576538,0.3275090754032135,0
271,0.40886667370796204,0.2970920503139496,0.2940412759780884,0
272,0.41017788648605347,0.2890154719352722,0.3008066415786743,0
273,0.3769334852695465,0.3229021430015564,0.3001643419265747,0
274,0.3294641375541687,0.2844994366168976,0.3860364854335785,2
275,0.3526206314563751,0.27225059270858765,0.3751288652420044,2
276,0.33843889832496643,0.28133055567741394,0.38023054599761963,2
277,0.31257763504981995,0.3174832761287689,0.36993905901908875,2
278,0.3565146327018738,0.2956489026546478,0.34783655405044556,0
279,0.34766411781311035,0.28014427423477173,0.3721916675567627,2
280,0.35277292132377625,0.2784746587276459,0.3687524199485779,2
281,0.3576694428920746,0.28103840351104736,0.36129212379455566,2
282,0.29220476746559143,0.3289910554885864,0.37880420684814453,2
283,0.30519792437553406,0.31890177726745605,0.3759002387523651,2
284,0.29472416639328003,0.3342190384864807,0.37105676531791687,2
285,0.5126343965530396,0.2226124107837677,0.2647533416748047,0
286,0.5085670351982117,0.23586773872375488,0.25556516647338867,0
287,0.5029397010803223,0.22917042672634125,0.2678898870944977,0
288,0.5171597003936768,0.23839178681373596,0.2444484531879425,0
289,0.4714556932449341,0.32546529173851013,0.20307907462120056,0
290,0.45440489053726196,0.36216387152671814,0.18343128263950348,0
291,0.45584213733673096,0.34855303168296814,0.19560489058494568,0
292,0.4625934064388275,0.27705270051956177,0.2603538930416107,0
293,0.4563891887664795,0.2842823565006256,0.2593284547328949,0
294,0.47565650939941406,0.2502574920654297,0.27408602833747864,0
295,0.47523486614227295,0.23048150539398193,0.2942837178707123,0
296,0.49697545170783997,0.19558097422122955,0.3074435293674469,0
297,0.5072638392448425,0.18542538583278656,0.30731073021888733,0
298,0.520780622959137,0.17518481612205505,0.30403462052345276,0
299,0.5251872539520264,0.18371431529521942,0.29109838604927063,0
300,0.5283210873603821,0.1818600445985794,0.2898188829421997,0
301,0.5434005856513977,0.17586079239845276,0.2807385325431824,0
302,0.4871135950088501,0.2436595857143402,0.2692267894744873,0
303,0.5065531134605408,0.22012341022491455,0.2733234763145447,0
304,0.504260241985321,0.22267942130565643,0.27306029200553894,0
305,0.518982470035553,0.21272866427898407,0.26828885078430176,0
306,0.5163884162902832,0.20857401192188263,0.2750374972820282,0
307,0.534329354763031,0.19370827078819275,0.2719624936580658,0
308,0.49193912744522095,0.24495264887809753,0.26310819387435913,0
309,0.4570627510547638,0.2891007363796234,0.2538365423679352,0
310,0.4317200779914856,0.31098103523254395,0.25729900598526,0
311,0.42762309312820435,0.313508003950119,0.2588690221309662,0
312,0.41915977001190186,0.31799039244651794,0.262849897146225,0
313,0.4363909959793091,0.30488914251327515,0.258719801902771,0
314,0.4312472939491272,0.2984839379787445,0.2702687382698059,0
315,0.39063915610313416,0.3284497857093811,0.28091105818748474,0
316,0.37374451756477356,0.3408867120742798,0.2853687107563019,0
317,0.31261152029037476,0.38569918274879456,0.3016892373561859,1
318,0.33438920974731445,0.37336286902427673,0.2922479212284088,1
319,0.3065713047981262,0.39089256525039673,0.3025360703468323,1
320,0.3538101315498352,0.36914512515068054,0.27704471349716187,1
321,0.36035215854644775,0.3682640790939331,0.27138373255729675,1
322,0.3794483244419098,0.37709927558898926,0.24345244467258453,0
323,0.3874867856502533,0.3707170784473419,0.2417961061000824,0
324,0.3987036645412445,0.3714982569217682,0.2297980934381485,0
325,0.40801820158958435,0.3902554512023926,0.2017263025045395,0
326,0.3966674208641052,0.3884413242340088,0.21489126980304718,0
327,0.3817030191421509,0.43982842564582825,0.17846858501434326,1
328,0.3851724863052368,0.4520461857318878,0.16278135776519775,1
329,0.39168593287467957,0.48083966970443726,0.12747442722320557,1
330,0.39367562532424927,0.4797491729259491,0.12657520174980164,1
331,0.39717793464660645,0.5041274428367615,0.0986945852637291,1
332,0.40391018986701965,0.4916950464248657,0.10439483076334,1
333,0.37781810760498047,0.429623544216156,0.19255825877189636,1
334,0.39049232006073,0.4013868272304535,0.20812082290649414,1
335,0.3969535827636719,0.382442444562912,0.22060397267341614,0
336,0.37520527839660645,0.41269245743751526,0.21210213005542755,1
337,0.3675042688846588,0.43824928998947144,0.19424647092819214,1
338,0.3596585690975189,0.45090702176094055,0.18943439424037933,1
339,0.36446353793144226,0.4310651123523712,0.2044714093208313,1
340,0.3720645606517792,0.4152892231941223,0.2126462161540985,1
341,0.35525310039520264,0.4219733774662018,0.22277355194091797,1
342,0.3647758364677429,0.4662899374961853,0.16893425583839417,1
343,0.3295557498931885,0.398026704788208,0.27241751551628113,1
344,0.3831551671028137,0.3627817630767822,0.2540630102157593,0
345,0.3862030506134033,0.3593716025352478,0.2544253170490265,0
346,0.3892671763896942,0.35829663276672363,0.25243616104125977,0
347,0.40199539065361023,0.3451065421104431,0.25289806723594666,0
348,0.39930641651153564,0.3413701355457306,0.25932344794273376,0
349,0.3648943305015564,0.35044065117836,0.28466498851776123,0
350,0.38490352034568787,0.3398864269256592,0.27521008253097534,0
351,0.3970610499382019,0.33862411975860596,0.26431483030319214,0
352,0.387102335691452,0.35287001729011536,0.260027676820755,0
353,0.38252490758895874,0.36103713512420654,0.2564380168914795,0
354,0.3258223235607147,0.43322351574897766,0.24095405638217926,1
355,0.30907052755355835,0.44049984216690063,0.250429630279541,1
356,0.30715319514274597,0.4866234064102173,0.20622339844703674,1
357,0.3740192651748657,0.40703892707824707,0.21894188225269318,1
358,0.38040691614151,0.37021780014038086,0.24937525391578674,0
359,0.38497161865234375,0.33245015144348145,0.2825782299041748,0
360,0.3751746416091919,0.3572919964790344,0.2675333023071289,0
361,0.37193459272384644,0.3344845473766327,0.29358091950416565,0
362,0.35602301359176636,0.3695617616176605,0.27441519498825073,1
363,0.3410678505897522,0.373822957277298,0.28510913252830505,1
364,0.33131834864616394,0.3859815299510956,0.28270018100738525,1
365,0.3323926627635956,0.39577269554138184,0.2718346416950226,1
366,0.3361148238182068,0.4074247181415558,0.2564605474472046,1
367,0.33780181407928467,0.37929877638816833,0.2828994691371918,1
368,0.2764703035354614,0.43390119075775146,0.2896285951137543,1
369,0.31933289766311646,0.38728275895118713,0.293384313583374,1
370,0.28667062520980835,0.41220542788505554,0.30112385749816895,1
371,0.27743133902549744,0.41790536046028137,0.3046632707118988,1
372,0.3244916796684265,0.3728165924549103,0.3026916980743408,1
373,0.33841684460639954,0.36519917845726013,0.29638397693634033,1
374,0.3401356041431427,0.3581237494945526,0.3017406463623047,1
375,0.3526691794395447,0.34741342067718506,0.29991745948791504,0
376,0.3655962347984314,0.33996009826660156,0.29444363713264465,0
377,0.3904363512992859,0.3267422318458557,0.282821387052536,0
378,0.40574911236763,0.32887446880340576,0.2653764486312866,0
379,0.41839876770973206,0.32065045833587646,0.26095065474510193,0
380,0.39233842492103577,0.3288230299949646,0.27883854508399963,0
381,0.4154764413833618,0.30976349115371704,0.2747601270675659,0
382,0.4199936091899872,0.3021131455898285,0.2778933048248291,0
383,0.41602301597595215,0.2984641194343567,0.28551289439201355,0
384,0.38726571202278137,0.3101813793182373,0.30255284905433655,0
385,0.33011671900749207,0.344841331243515,0.32504189014434814,1
386,0.30331772565841675,0.3563746213912964,0.3403076231479645,1
387,0.3302060067653656,0.3380219638347626,0.33177193999290466,1
388,0.3810960352420807,0.31823697686195374,0.30066701769828796,0
389,0.38603928685188293,0.32120364904403687,0.292757123708725,0
390,0.33976468443870544,0.3331802785396576,0.3270550072193146,0
391,0.30915483832359314,0.3401525616645813,0.35069262981414795,2
392,0.3308587372303009,0.3422003984451294,0.3269408643245697,1
393,0.30332550406455994,0.363539457321167,0.33313506841659546,1
394,0.25681960582733154,0.3686194121837616,0.3745609521865845,2
395,0.22996234893798828,0.38848429918289185,0.38155341148376465,1
396,0.2755584716796875,0.39053207635879517,0.3339095711708069,1
397,0.26409122347831726,0.3893471956253052,0.34656164050102234,1
398,0.2536133825778961,0.3916703760623932,0.3547161817550659,1
399,0.2542358636856079,0.3959634006023407,0.3498007655143738,1
400,0.23478266596794128,0.398622065782547,0.3665952980518341,1
401,0.22985786199569702,0.4008499085903168,0.3692922592163086,1
402,0.23356299102306366,0.4066786468029022,0.35975828766822815,1
403,0.28146305680274963,0.41605013608932495,0.30248668789863586,1
404,0.24971649050712585,0.4287717044353485,0.3215118646621704,1
405,0.3161492645740509,0.41612666845321655,0.26772409677505493,1
406,0.42085662484169006,0.38763511180877686,0.19150817394256592,0
407,0.3527904450893402,0.3953056335449219,0.2519038915634155,1
408,0.39022326469421387,0.38314762711524963,0.2266290932893753,0
409,0.3589220941066742,0.3981793224811554,0.2428985834121704,1
410,0.3212650418281555,0.4175146818161011,0.2612203359603882,1
411,0.36680787801742554,0.40981587767601013,0.22337621450424194,1
412,0.3906475603580475,0.3628902733325958,0.2464621663093567,0
413,0.3551410138607025,0.3841145634651184,0.26074445247650146,1
414,0.3582290709018707,0.3710295557975769,0.27074137330055237,1
415,0.3568807542324066,0.41124415397644043,0.23187503218650818,1
416,0.25711363554000854,0.46488675475120544,0.2779996395111084,1
417,0.2954205870628357,0.4293060600757599,0.2752733528614044,1
418,0.29465731978416443,0.4303734302520752,0.27496930956840515,1
419,0.4434833228588104,0.3589053153991699,0.19761133193969727,0
420,0.3111966848373413,0.46571117639541626,0.223092183470726,1
421,0.2893233895301819,0.45344293117523193,0.2572336494922638,1
422,0.291603684425354,0.41914308071136475,0.28925323486328125,1
423,0.3488076627254486,0.4230828881263733,0.22810950875282288,1
424,0.33565571904182434,0.3709251284599304,0.2934190630912781,1
425,0.40710142254829407,0.3430614173412323,0.24983720481395721,0
426,0.4107508957386017,0.34549379348754883,0.2437552809715271,0
427,0.41167622804641724,0.3591332733631134,0.22919048368930817,0
428,0.41192159056663513,0.34182295203208923,0.24625544250011444,0
429,0.35813501477241516,0.3342987895011902,0.3075661361217499,0
430,0.4184853732585907,0.35535928606987,0.22615540027618408,0
431,0.4167075455188751,0.39633625745773315,0.18695619702339172,0
432,0.41033366322517395,0.4015149772167206,0.18815146386623383,0
433,0.4302195906639099,0.35420289635658264,0.21557742357254028,0
434,0.4166109263896942,0.3592536747455597,0.22413545846939087,0
435,0.40931427478790283,0.3496239483356476,0.24106182157993317,0
436,0.41703611612319946,0.3586852252483368,0.22427871823310852,0
437,0.41018790006637573,0.35684913396835327,0.23296299576759338,0
438,0.38768890500068665,0.36556726694107056,0.246743842959404,0
439,0.3510240316390991,0.36480459570884705,0.2841714322566986,1
440,0.35354119539260864,0.3700052499771118,0.27645352482795715,1
441,0.34507444500923157,0.37166857719421387,0.2832568883895874,1
442,0.3238866925239563,0.3653591275215149,0.3107541799545288,1
443,0.2637452483177185,0.37598302960395813,0.360271692276001,1
444,0.2852196991443634,0.36586815118789673,0.3489120304584503,1
445,0.2706284523010254,0.3747725486755371,0.35459890961647034,1
446,0.2774554193019867,0.3730236291885376,0.3495209515094757,1
447,0.24434404075145721,0.3795931041240692,0.37606287002563477,1
448,0.28005251288414,0.3953123688697815,0.32463517785072327,1
449,0.32899221777915955,0.39742499589920044,0.2735828161239624,1
450,0.4131847321987152,0.3902173340320587,0.19659794867038727,0
451,0.43725064396858215,0.35943883657455444,0.20331041514873505,0
452,0.4131958484649658,0.4039839506149292,0.18282021582126617,0
453,0.42307597398757935,0.37036949396133423,0.20655450224876404,0
454,0.43105432391166687,0.32386720180511475,0.24507854878902435,0
455,0.4119848608970642,0.3098723888397217,0.2781428098678589,0
456,0.24693243205547333,0.4154941737651825,0.3375733494758606,1
457,0.24599583446979523,0.4075665771961212,0.34643760323524475,1
458,0.2706032395362854,0.394936740398407,0.33445999026298523,1
459,0.26827332377433777,0.39394742250442505,0.3377791941165924,1
460,0.2510858178138733,0.40196141600608826,0.34695273637771606,1
461,0.2774520516395569,0.3791170120239258,0.34343090653419495,1
462,0.2938482463359833,0.3679131865501404,0.33823856711387634,1
463,0.27573394775390625,0.38523873686790466,0.33902719616889954,1
464,0.26651549339294434,0.3963802754878998,0.3371042013168335,1
465,0.24265825748443604,0.4460778534412384,0.31126391887664795,1
466,0.26060324907302856,0.4147424101829529,0.32465437054634094,1
467,0.2627158463001251,0.41810932755470276,0.3191749155521393,1
468,0.23849764466285706,0.43814390897750854,0.3233585059642792,1
469,0.25114861130714417,0.4252435564994812,0.3236078917980194,1
470,0.21816812455654144,0.49084433913230896,0.2909875214099884,1
471,0.21033626794815063,0.4957733452320099,0.2938903570175171,1
472,0.2708791494369507,0.43304160237312317,0.29607921838760376,1
473,0.3521246314048767,0.37268659472465515,0.27518874406814575,1
474,0.37311190366744995,0.3960566520690918,0.23083144426345825,1
475,0.4157990515232086,0.3362969756126404,0.247903972864151,0
476,0.32913535833358765,0.3689418137073517,0.3019227683544159,1
477,0.4277019798755646,0.33334532380104065,0.23895259201526642,0
478,0.41534119844436646,0.34064847230911255,0.2440102994441986,0
479,0.4113037884235382,0.3420177400112152,0.24667850136756897,0
480,0.40502604842185974,0.34384503960609436,0.2511289119720459,0
481,0.355559378862381,0.3459824025630951,0.29845818877220154,0
482,0.3785223960876465,0.3443725109100342,0.2771051526069641,0
483,0.35554251074790955,0.35456013679504395,0.2898973822593689,0
484,0.356749951839447,0.34548166394233704,0.29776841402053833,0
485,0.367913156747818,0.34894201159477234,0.28314486145973206,0
486,0.4103831648826599,0.3331506848335266,0.2564661204814911,0
487,0.39385986328125,0.331622451543808,0.27451765537261963,0
488,0.38341909646987915,0.3340042531490326,0.28257665038108826,0
489,0.362047016620636,0.34239351749420166,0.2955593764781952,0
490,0.37703368067741394,0.37858566641807556,0.2443806529045105,1
491,0.3641698956489563,0.3689766824245453,0.266853392124176,1
492,0.3743067979812622,0.3838955760002136,0.24179762601852417,1
493,0.3587706387042999,0.39911794662475586,0.24211138486862183,1
494,0.40570303797721863,0.3866663873195648,0.20763058960437775,0
495,0.40215879678726196,0.41507136821746826,0.18276983499526978,1
496,0.4108995199203491,0.3948325216770172,0.19426794350147247,0
497,0.4170065224170685,0.3699672520160675,0.2130262404680252,0
498,0.4068566858768463,0.3569226861000061,0.236220583319664,0
499,0.3580076992511749,0.33413946628570557,0.30785277485847473,0
500,0.3973367512226105,0.3378658890724182,0.2647973597049713,0
501,0.39211082458496094,0.3267431855201721,0.28114596009254456,0
502,0.3740496039390564,0.3253457546234131,0.30060458183288574,0
503,0.42926543951034546,0.36184701323509216,0.20888759195804596,0
504,0.4270023703575134,0.371092289686203,0.20190544426441193,0
505,0.44545653462409973,0.3265727162361145,0.22797076404094696,0
506,0.43977686762809753,0.32830503582954407,0.23191803693771362,0
507,0.4205663800239563,0.33064886927604675,0.24878481030464172,0
508,0.40924277901649475,0.3376586437225342,0.25309857726097107,0
509,0.37956303358078003,0.35775724053382874,0.262679785490036,0
510,0.3905945122241974,0.3656427562236786,0.24376264214515686,0
511,0.35649341344833374,0.3727349042892456,0.2707717716693878,1
512,0.33783432841300964,0.3804033100605011,0.28176236152648926,1
513,0.31447693705558777,0.37732380628585815,0.30819928646087646,1
514,0.2785286009311676,0.37102407217025757,0.35044726729393005,1
515,0.27540597319602966,0.37673455476760864,0.3478595018386841,1
516,0.2611161470413208,0.3805384337902069,0.3583453595638275,1
517,0.2698841392993927,0.37550145387649536,0.3546144366264343,1
518,0.2480526566505432,0.37921708822250366,0.3727302551269531,1
519,0.2358173131942749,0.3813978135585785,0.3827848434448242,2
520,0.2310536503791809,0.38902008533477783,0.3799262046813965,1
521,0.2232191413640976,0.39558249711990356,0.3811984956264496,1
522,0.23246535658836365,0.407539963722229,0.35999467968940735,1
523,0.25201430916786194,0.37680119276046753,0.37118449807167053,1
524,0.3898858428001404,0.40922442078590393,0.20088976621627808,1
525,0.3839524984359741,0.42764148116111755,0.18840597569942474,1
526,0.34023144841194153,0.4382607340812683,0.22150789201259613,1
527,0.3883981704711914,0.3818001449108124,0.22980161011219025,0
528,0.40014761686325073,0.3407479524612427,0.25910452008247375,0
529,0.345696359872818,0.35629576444625854,0.2980077862739563,1
530,0.263159841299057,0.40415510535240173,0.3326851427555084,1
531,0.3153937757015228,0.3664837181568146,0.3181224465370178,1
532,0.28534218668937683,0.36876344680786133,0.3458942770957947,1
533,0.29093778133392334,0.3774004280567169,0.33166182041168213,1
534,0.27329957485198975,0.3951239585876465,0.3315764367580414,1
535,0.28674834966659546,0.378495454788208,0.3347562849521637,1
536,0.33181336522102356,0.3653181493282318,0.30286839604377747,1
537,0.3109361529350281,0.36904263496398926,0.32002124190330505,1
538,0.2880174517631531,0.3896142542362213,0.32236823439598083,1
539,0.30008578300476074,0.38251733779907227,0.3173969089984894,1
540,0.3362013101577759,0.3468545377254486,0.3169441819190979,1
541,0.33320510387420654,0.3626841604709625,0.30411070585250854,1
542,0.31125161051750183,0.372295618057251,0.3164527714252472,1
543,0.2900122106075287,0.4037640690803528,0.30622369050979614,1
544,0.3063543736934662,0.3912432789802551,0.3024023175239563,1
545,0.313353568315506,0.3672071397304535,0.31943926215171814,1
546,0.2620353102684021,0.4560597538948059,0.2819049060344696,1
547,0.2441043257713318,0.46817219257354736,0.28772351145744324,1
548,0.4204222559928894,0.3415449559688568,0.23803271353244781,0
549,0.3846663534641266,0.3448026776313782,0.2705308794975281,0
550,0.3723598122596741,0.3393823206424713,0.2882578372955322,0
551,0.3600897192955017,0.3377969264984131,0.3021133840084076,0
552,0.3932211697101593,0.36169034242630005,0.2450883686542511,0
553,0.3826717436313629,0.36108145117759705,0.2562468647956848,0
554,0.37953799962997437,0.35415536165237427,0.26630663871765137,0
555,0.36854124069213867,0.3696470856666565,0.26181167364120483,1
556,0.35716402530670166,0.38740625977516174,0.25542983412742615,1
557,0.32047080993652344,0.4308798313140869,0.2486492544412613,1
558,0.30286306142807007,0.4382551312446594,0.25888174772262573,1
559,0.3103332817554474,0.44126901030540466,0.24839769303798676,1
560,0.3240744173526764,0.4300670921802521,0.2458585500717163,1
561,0.31571441888809204,0.4537307322025299,0.23055490851402283,1
562,0.31846991181373596,0.45233669877052307,0.2291932851076126,1
563,0.2974494695663452,0.4904353618621826,0.2121151089668274,1
564,0.32016900181770325,0.47968590259552,0.2001451700925827,1
565,0.34345969557762146,0.4367104172706604,0.21982988715171814,1
566,0.3433207869529724,0.43748658895492554,0.21919263899326324,1
567,0.3176783323287964,0.4773092269897461,0.20501242578029633,1
568,0.3240346610546112,0.47538241744041443,0.20058287680149078,1
569,0.35711947083473206,0.45481500029563904,0.1880655288696289,1
570,0.2996219992637634,0.47385984659194946,0.2265181690454483,1
571,0.31845664978027344,0.40534523129463196,0.2761981189250946,1
572,0.2592669725418091,0.4540269374847412,0.2867061197757721,1
573,0.3218330144882202,0.4039095640182495,0.27425748109817505,1
574,0.34099456667900085,0.3914739787578583,0.26753148436546326,1
575,0.3180108964443207,0.41470205783843994,0.26728692650794983,1
576,0.26986557245254517,0.506871223449707,0.22326309978961945,1
577,0.3616081774234772,0.42467403411865234,0.21371781826019287,1
578,0.36508268117904663,0.4103572368621826,0.22456003725528717,1
579,0.3629019260406494,0.4186766743659973,0.2184213548898697,1
580,0.3513680696487427,0.43930086493492126,0.20933111011981964,1
581,0.2979847490787506,0.48690715432167053,0.21510815620422363,1
582,0.29414284229278564,0.48584210872650146,0.22001507878303528,1
583,0.32491081953048706,0.45324400067329407,0.22184519469738007,1
584,0.35185834765434265,0.41782310605049133,0.23031848669052124,1
585,0.309975266456604,0.44085490703582764,0.24916981160640717,1
586,0.3446212410926819,0.44720515608787537,0.20817363262176514,1
587,0.29849740862846375,0.45238354802131653,0.24911907315254211,1
588,0.2811223864555359,0.4755108952522278,0.24336667358875275,1
589,0.24337336421012878,0.500063955783844,0.2565627098083496,1
590,0.24534767866134644,0.5018594861030579,0.2527928650379181,1
591,0.27928653359413147,0.4644467532634735,0.25626665353775024,1
592,0.2845463156700134,0.4569820761680603,0.25847160816192627,1
593,0.331424742937088,0.4657627046108246,0.20281249284744263,1
594,0.33206912875175476,0.4583052396774292,0.20962557196617126,1
595,0.395338237285614,0.4070699214935303,0.19759182631969452,1
596,0.37655171751976013,0.3942020833492279,0.22924624383449554,1
597,0.3760322034358978,0.4378136098384857,0.1861543208360672,1
598,0.3408866822719574,0.4896088242530823,0.16950444877147675,1
599,0.41837725043296814,0.34498104453086853,0.23664182424545288,0
600,0.3697526454925537,0.38341596722602844,0.24683129787445068,1
601,0.3462391495704651,0.4609769582748413,0.19278386235237122,1
602,0.29922255873680115,0.439775675535202,0.26100167632102966,1
603,0.30980798602104187,0.45481055974960327,0.23538142442703247,1
604,0.37508273124694824,0.3897377550601959,0.23517943918704987,1
605,0.3831084966659546,0.37035107612609863,0.2465403527021408,0
606,0.3900030851364136,0.37470462918281555,0.23529228568077087,0
607,0.39899295568466187,0.37621358036994934,0.2247934490442276,0
608,0.37415120005607605,0.4439154267311096,0.18193332850933075,1
609,0.4070439338684082,0.3718843460083008,0.2210717499256134,0
610,0.3940015435218811,0.44439640641212463,0.16160202026367188,1
611,0.3725806176662445,0.44402649998664856,0.18339289724826813,1
612,0.3863203525543213,0.43834972381591797,0.17532990872859955,1
613,0.3691391050815582,0.39534130692481995,0.2355196177959442,1
614,0.37784117460250854,0.36592766642570496,0.2562311589717865,0
615,0.3663344383239746,0.37666162848472595,0.2570040225982666,1
616,0.38964423537254333,0.3757108747959137,0.23464488983154297,0
617,0.4108618199825287,0.3541778028011322,0.2349604368209839,0
618,0.4300444722175598,0.35054847598075867,0.2194070816040039,0
619,0.4321322739124298,0.351283997297287,0.21658377349376678,0
620,0.4323478937149048,0.349579393863678,0.21807275712490082,0
621,0.41181448101997375,0.3597455620765686,0.22843992710113525,0
622,0.41836127638816833,0.3573889136314392,0.22424985468387604,0
623,0.4068048894405365,0.36320021748542786,0.22999490797519684,0
624,0.3952454626560211,0.4185839295387268,0.18617060780525208,1
625,0.39953166246414185,0.3706497848033905,0.22981852293014526,0
626,0.3792113959789276,0.3591781258583069,0.2616105079650879,0
627,0.38257279992103577,0.35413405299186707,0.26329314708709717,0
628,0.39792412519454956,0.4126616418361664,0.18941423296928406,1
629,0.4017237722873688,0.4307076930999756,0.16756851971149445,1
630,0.38733169436454773,0.4231806993484497,0.18948759138584137,1
631,0.3917926847934723,0.40253308415412903,0.20567429065704346,1
632,0.388357013463974,0.41350147128105164,0.19814154505729675,1
633,0.34535545110702515,0.4299446940422058,0.22469978034496307,1
634,0.3823821544647217,0.4234047830104828,0.1942131370306015,1
635,0.3793788254261017,0.4210660755634308,0.19955503940582275,1
636,0.3760520815849304,0.4163144826889038,0.20763340592384338,1
637,0.3437304198741913,0.43470433354377747,0.22156532108783722,1
638,0.31450310349464417,0.4469234347343445,0.2385733723640442,1
639,0.30697715282440186,0.4682338237762451,0.22478900849819183,1
640,0.29528677463531494,0.4507811367511749,0.25393199920654297,1
641,0.2766321003437042,0.46035924553871155,0.26300865411758423,1
642,0.24723494052886963,0.49671947956085205,0.2560456395149231,1
643,0.234238862991333,0.49959108233451843,0.26617008447647095,1
644,0.23545484244823456,0.491769939661026,0.27277514338493347,1
645,0.22806252539157867,0.5195121169090271,0.2524253726005554,1
646,0.21500593423843384,0.5231387615203857,0.26185524463653564,1
647,0.21527358889579773,0.5228045582771301,0.2619219124317169,1
648,0.24081097543239594,0.5098313093185425,0.2493576854467392,1
649,0.24990253150463104,0.4921899437904358,0.2579074800014496,1
650,0.2228049784898758,0.521305501461029,0.2558894753456116,1
651,0.2605913281440735,0.5010308027267456,0.2383778840303421,1
652,0.3621515929698944,0.4020322561264038,0.2358161360025406,1
653,0.3929893672466278,0.3716961741447449,0.23531442880630493,0
654,0.4411028027534485,0.34022417664527893,0.2186730057001114,0
655,0.4558793008327484,0.3059452772140503,0.2381753772497177,0
656,0.4439898431301117,0.3088667690753937,0.24714341759681702,0
657,0.4352315068244934,0.3122730851173401,0.2524954676628113,0
658,0.4147663414478302,0.32392123341560364,0.26131248474121094,0
659,0.3851424753665924,0.340803861618042,0.274053692817688,0
660,0.33893880248069763,0.37389302253723145,0.2871681749820709,1
661,0.3230656683444977,0.38810232281684875,0.2888320982456207,1
662,0.30369406938552856,0.3998289108276367,0.2964770197868347,1
663,0.2919371426105499,0.3993850648403168,0.3086777925491333,1
664,0.2602175772190094,0.42954811453819275,0.3102343678474426,1
665,0.24674980342388153,0.43772438168525696,0.3155258297920227,1
666,0.23985296487808228,0.4436531662940979,0.31649383902549744,1
667,0.23465439677238464,0.448792427778244,0.31655317544937134,1
668,0.24645192921161652,0.4316593110561371,0.3218887448310852,1
669,0.35666534304618835,0.42231985926628113,0.22101475298404694,1
670,0.37675973773002625,0.4332312345504761,0.19000904262065887,1
671,0.3738883137702942,0.45511582493782043,0.17099592089653015,1
672,0.36787888407707214,0.42111775279045105,0.21100328862667084,1
673,0.3667795956134796,0.40862327814102173,0.22459706664085388,1
674,0.3566844165325165,0.4170687794685364,0.22624681890010834,1
675,0.36692455410957336,0.40241143107414246,0.2306639552116394,1
676,0.3975068926811218,0.43870487809181213,0.16378825902938843,1
677,0.39527687430381775,0.4348824918270111,0.16984069347381592,1
678,0.37418410181999207,0.48700642585754395,0.1388094276189804,1
679,0.3541788160800934,0.4777560830116272,0.16806502640247345,1
680,0.33502283692359924,0.4974861741065979,0.16749097406864166,1
681,0.3160257041454315,0.5117879509925842,0.17218627035617828,1
682,0.28979530930519104,0.5263257622718811,0.18387889862060547,1
683,0.26599448919296265,0.5288609266281128,0.20514452457427979,1
684,0.23474355041980743,0.5619670748710632,0.20328930020332336,1
685,0.2612115144729614,0.5012968182563782,0.2374916672706604,1
686,0.2649976313114166,0.5052019953727722,0.22980041801929474,1
687,0.27321159839630127,0.5050897598266602,0.2216985523700714,1
688,0.2336554378271103,0.5618449449539185,0.20449961721897125,1
689,0.33852991461753845,0.45343688130378723,0.2080332338809967,1
690,0.2830466628074646,0.4900785982608795,0.2268746942281723,1
691,0.28423839807510376,0.4953024089336395,0.2204592525959015,1
692,0.3604493737220764,0.4444088339805603,0.19514168798923492,1
693,0.4231739938259125,0.34451812505722046,0.2323078215122223,0
694,0.3813469409942627,0.34298500418663025,0.27566808462142944,0
695,0.3594934940338135,0.3519379794597626,0.28856849670410156,0
696,0.43542125821113586,0.3484814167022705,0.2160973995923996,0
697,0.4448894262313843,0.3472338020801544,0.2078767865896225,0
698,0.4408373236656189,0.34411993622779846,0.21504269540309906,0
699,0.43449920415878296,0.3429306149482727,0.22257015109062195,0
700,0.4012848138809204,0.3393557667732239,0.2593595087528229,0
701,0.37455886602401733,0.35299238562583923,0.2724487781524658,0
702,0.3242095112800598,0.3577461838722229,0.3180442452430725,1
703,0.27558088302612305,0.37693753838539124,0.34748154878616333,1
704,0.3004809319972992,0.3680417537689209,0.3314773142337799,1
705,0.29356256127357483,0.39036738872528076,0.316070020198822,1
706,0.2996118664741516,0.3827016055583954,0.3176865875720978,1
707,0.305507630109787,0.38167548179626465,0.31281688809394836,1
708,0.29496580362319946,0.38655656576156616,0.31847769021987915,1
709,0.30329465866088867,0.3886858820915222,0.3080194592475891,1
710,0.3126741051673889,0.3856823742389679,0.3016434907913208,1
711,0.2806049585342407,0.3921054005622864,0.32728952169418335,1
712,0.27174028754234314,0.40153634548187256,0.3267234265804291,1
713,0.3522354066371918,0.37230369448661804,0.275460809469223,1
714,0.3374851942062378,0.36530953645706177,0.29720520973205566,1
715,0.3112057149410248,0.40672704577445984,0.2820672392845154,1
716,0.32662880420684814,0.4065401554107666,0.26683101058006287,1
717,0.3338925540447235,0.4035627841949463,0.262544721364975,1
718,0.3106660544872284,0.40741631388664246,0.28191766142845154,1
719,0.3170411288738251,0.4024583399295807,0.2805005609989166,1
720,0.35012221336364746,0.4386793076992035,0.2111985683441162,1
721,0.2915416657924652,0.5439115762710571,0.16454680263996124,1
722,0.24499626457691193,0.6395148634910583,0.11548885703086853,1
723,0.24619363248348236,0.5834925174713135,0.17031382024288177,1
724,0.19893942773342133,0.641335129737854,0.15972554683685303,1
725,0.27791935205459595,0.5402612090110779,0.181819349527359,1
726,0.3196925222873688,0.48500701785087585,0.19530043005943298,1
727,0.43779900670051575,0.3871026933193207,0.17509831488132477,0
728,0.44023093581199646,0.38627392053604126,0.17349520325660706,0
729,0.4073021113872528,0.3797924518585205,0.21290554106235504,0
730,0.39372870326042175,0.38930147886276245,0.2169698178768158,0
731,0.3637181520462036,0.410312294960022,0.22596962749958038,1
732,0.3774667978286743,0.40440016984939575,0.2181330770254135,1
733,0.35016930103302,0.41606834530830383,0.23376239836215973,1
734,0.3417596220970154,0.4226532578468323,0.23558709025382996,1
735,0.334222674369812,0.4281158149242401,0.2376614212989807,1
736,0.3327741026878357,0.4273325204849243,0.23989346623420715,1
737,0.3737080991268158,0.41983547806739807,0.20645639300346375,1
738,0.3507407605648041,0.44579097628593445,0.20346832275390625,1
739,0.2739347517490387,0.46344688534736633,0.2626183331012726,1
740,0.2778257429599762,0.470780611038208,0.25139373540878296,1
741,0.27953988313674927,0.47706112265586853,0.2433990091085434,1
742,0.27228689193725586,0.470995157957077,0.2567180395126343,1
743,0.2618318200111389,0.47835931181907654,0.2598089873790741,1
744,0.24597491323947906,0.4743165075778961,0.279708594083786,1
745,0.22638438642024994,0.49130937457084656,0.2823062539100647,1
746,0.21317116916179657,0.4889300763607025,0.2978988587856293,1
747,0.21651841700077057,0.49683207273483276,0.28664955496788025,1
748,0.20888280868530273,0.4933983385562897,0.29771876335144043,1
749,0.200473815202713,0.5039337277412415,0.29559239745140076,1
750,0.20906277000904083,0.500012218952179,0.2909250259399414,1
751,0.20854254066944122,0.5273550152778625,0.26410242915153503,1
752,0.21864239871501923,0.5353091955184937,0.24604834616184235,1
753,0.21546518802642822,0.5390570759773254,0.24547769129276276,1
754,0.22333869338035583,0.5449330806732178,0.23172825574874878,1
755,0.1885187178850174,0.5518741011619568,0.2596072256565094,1
756,0.20023000240325928,0.5475722551345825,0.2521977424621582,1
757,0.20383962988853455,0.5522543787956238,0.2439059615135193,1
758,0.21652069687843323,0.5278874039649963,0.25559186935424805,1
759,0.237249493598938,0.5153273940086365,0.24742314219474792,1
760,0.28784146904945374,0.48625054955482483,0.22590798139572144,1
761,0.31777241826057434,0.48598527908325195,0.19624225795269012,1
762,0.22425013780593872,0.5249438285827637,0.25080594420433044,1
763,0.2546551525592804,0.49449679255485535,0.25084802508354187,1
764,0.26208776235580444,0.4941469728946686,0.24376526474952698,1
765,0.28465238213539124,0.4839940369129181,0.2313535064458847,1
766,0.29758304357528687,0.48210787773132324,0.22030912339687347,1
767,0.3562892973423004,0.4407568871974945,0.2029537707567215,1
768,0.3309907913208008,0.4808758795261383,0.1881333589553833,1
769,0.32951807975769043,0.4717392325401306,0.19874265789985657,1
770,0.3358515799045563,0.4607199430465698,0.2034284919500351,1
771,0.30420440435409546,0.5181851387023926,0.17761050164699554,1
772,0.24173974990844727,0.614979088306427,0.14328114688396454,1
773,0.2456415295600891,0.603864848613739,0.1504935622215271,1
774,0.2667727470397949,0.5844653248786926,0.14876185357570648,1
775,0.20756380259990692,0.6791825890541077,0.1132536381483078,1
776,0.19814221560955048,0.710037112236023,0.09182071685791016,1
777,0.2395232617855072,0.616885781288147,0.14359097182750702,1
778,0.2527148723602295,0.603013277053833,0.1442718207836151,1
779,0.24913844466209412,0.6343419551849365,0.11651965975761414,1
780,0.2526635527610779,0.6285349130630493,0.11880148947238922,1
781,0.24174270033836365,0.6666879057884216,0.09156942367553711,1
782,0.19359757006168365,0.751761794090271,0.05464066565036774,1
783,0.20211002230644226,0.737196683883667,0.060693223029375076,1
784,0.1916089504957199,0.7437770962715149,0.06461397558450699,1
785,0.20039838552474976,0.7305549383163452,0.06904660910367966,1
786,0.23496192693710327,0.6794421672821045,0.08559585362672806,1
787,0.21389463543891907,0.7008834481239319,0.08522182703018188,1
788,0.22386302053928375,0.6721904277801514,0.10394665598869324,1
789,0.20303316414356232,0.6978941559791565,0.09907267987728119,1
790,0.19425705075263977,0.6930892467498779,0.11265364289283752,1
791,0.12434612959623337,0.7878847122192383,0.08776926249265671,1
792,0.1410863995552063,0.7620967030525208,0.09681684523820877,1
793,0.10083179175853729,0.7974209785461426,0.10174714028835297,1
794,0.07480257004499435,0.8230096101760864,0.10218784213066101,1
795,0.0929732546210289,0.7953723073005676,0.11165444552898407,1
796,0.2515559494495392,0.5983171463012695,0.15012699365615845,1
797,0.21117821335792542,0.6441923975944519,0.14462943375110626,1
798,0.1276412010192871,0.766200840473175,0.10615795850753784,1
799,0.21207517385482788,0.6431266069412231,0.14479824900627136,1
800,0.2603793144226074,0.6234247088432312,0.11619605869054794,1
801,0.18714234232902527,0.7045919895172119,0.10826574265956879,1
802,0.17571169137954712,0.6994509696960449,0.12483727931976318,1
803,0.20485252141952515,0.6563321948051453,0.13881529867649078,1
804,0.20154476165771484,0.6811335682868958,0.11732167750597,1
805,0.26902592182159424,0.6149765253067017,0.11599751561880112,1
806,0.35578030347824097,0.5178813338279724,0.12633834779262543,1
807,0.3628579378128052,0.48161551356315613,0.1555265188217163,1
808,0.33133038878440857,0.4381448030471802,0.23052483797073364,1
809,0.36461547017097473,0.49557173252105713,0.13981279730796814,1
810,0.31506669521331787,0.5465580224990845,0.1383752077817917,1
811,0.31893327832221985,0.5591224431991577,0.12194429337978363,1
812,0.3026171028614044,0.5645064115524292,0.132876455783844,1
813,0.306688129901886,0.5581598281860352,0.13515205681324005,1
814,0.29186517000198364,0.5586827397346497,0.1494520902633667,1
815,0.321685791015625,0.5417351126670837,0.1365790069103241,1
816,0.30599576234817505,0.5383062362670898,0.15569789707660675,1
817,0.29358261823654175,0.5441754460334778,0.1622418463230133,1
818,0.2833547592163086,0.5392360687255859,0.17740920186042786,1
819,0.2592582702636719,0.5778687000274658,0.1628730595111847,1
820,0.20693466067314148,0.5953046083450317,0.1977607011795044,1
821,0.21435000002384186,0.592922031879425,0.1927279829978943,1
822,0.281668484210968,0.5491135716438293,0.16921798884868622,1
823,0.22442390024662018,0.6045372486114502,0.17103886604309082,1
824,0.22737479209899902,0.6063562631607056,0.16626892983913422,1
825,0.22963225841522217,0.5991480946540833,0.17121975123882294,1
826,0.2164539098739624,0.5869898796081543,0.1965562403202057,1
827,0.24948279559612274,0.5626387000083923,0.18787844479084015,1
828,0.35146981477737427,0.44896602630615234,0.1995641440153122,1
829,0.2853222191333771,0.5052377581596375,0.20943999290466309,1
830,0.2770076096057892,0.5127879977226257,0.21020440757274628,1
831,0.2320706844329834,0.6028985381126404,0.165030837059021,1
832,0.25150641798973083,0.5803440809249878,0.16814948618412018,1
833,0.3126543164253235,0.524604320526123,0.16274139285087585,1
834,0.2981453537940979,0.532123863697052,0.16973070800304413,1
835,0.3244728744029999,0.5227550268173218,0.15277208387851715,1
836,0.30648794770240784,0.5313535332679749,0.16215859353542328,1
837,0.29483652114868164,0.5423988699913025,0.1627645641565323,1
838,0.3166114091873169,0.5271708369255066,0.1562177985906601,1
839,0.27163973450660706,0.5777790546417236,0.15058119595050812,1
840,0.33547165989875793,0.5071659684181213,0.1573624461889267,1
841,0.30685868859291077,0.49166354537010193,0.20147772133350372,1
842,0.34229016304016113,0.44436705112457275,0.21334269642829895,1
843,0.27994516491889954,0.5502725839614868,0.1697823405265808,1
844,0.3178658187389374,0.5344398617744446,0.14769425988197327,1
845,0.3209152817726135,0.5239376425743103,0.15514697134494781,1
846,0.3181259036064148,0.5276631116867065,0.15421096980571747,1
847,0.275806725025177,0.552797794342041,0.17139549553394318,1
848,0.2559168338775635,0.577106773853302,0.16697633266448975,1
849,0.24699729681015015,0.5818555355072021,0.17114707827568054,1
850,0.22110256552696228,0.6213757991790771,0.15752160549163818,1
851,0.22244849801063538,0.5948693156242371,0.18268221616744995,1
852,0.2112686187028885,0.597673237323761,0.19105811417102814,1
853,0.24677325785160065,0.5624130964279175,0.19081364572048187,1
854,0.29879775643348694,0.506476879119873,0.19472530484199524,1
855,0.2784974277019501,0.5307425260543823,0.19076000154018402,1
856,0.24543654918670654,0.5838541984558105,0.17070922255516052,1
857,0.29887717962265015,0.5353202819824219,0.16580253839492798,1
858,0.27508440613746643,0.5617859959602356,0.16312962770462036,1
859,0.28310760855674744,0.5584328770637512,0.15845955908298492,1
860,0.3166640102863312,0.5210319757461548,0.16230396926403046,1
861,0.30139973759651184,0.5370203256607056,0.1615799367427826,1
862,0.33947256207466125,0.49955323338508606,0.1609741747379303,1
863,0.31146422028541565,0.510036826133728,0.1784989833831787,1
864,0.29851648211479187,0.5063952803611755,0.1950882077217102,1
865,0.23769991099834442,0.5566461086273193,0.20565396547317505,1
866,0.25601693987846375,0.534147322177887,0.2098357230424881,1
867,0.28964972496032715,0.504348874092102,0.206001415848732,1
868,0.34936127066612244,0.4557943642139435,0.19484440982341766,1
869,0.3567312955856323,0.48193949460983276,0.1613292247056961,1
870,0.35727372765541077,0.47909489274024963,0.1636313647031784,1
871,0.36374640464782715,0.4861123561859131,0.15014119446277618,1
872,0.35725995898246765,0.4728667438030243,0.16987326741218567,1
873,0.3385297954082489,0.49390724301338196,0.1675630360841751,1
874,0.3093894422054291,0.49091607332229614,0.19969451427459717,1
875,0.3287437856197357,0.4827488660812378,0.18850736320018768,1
876,0.29629912972450256,0.5165703296661377,0.1871306151151657,1
877,0.3064684271812439,0.5188745856285095,0.17465683817863464,1
878,0.35433709621429443,0.5078468918800354,0.1378159523010254,1
879,0.30413973331451416,0.5345115661621094,0.16134876012802124,1
880,0.1962174028158188,0.614310085773468,0.1894724816083908,1
881,0.23666957020759583,0.5835846066474915,0.1797458976507187,1
882,0.2062261700630188,0.6205502152442932,0.17322364449501038,1
883,0.24423174560070038,0.5767513513565063,0.1790168136358261,1
884,0.3060009777545929,0.5017786026000977,0.19222043454647064,1
885,0.31358087062835693,0.49151456356048584,0.1949046105146408,1
886,0.34733790159225464,0.43924054503440857,0.2134215533733368,1
887,0.30921077728271484,0.5284026265144348,0.16238655149936676,1
888,0.3680399954319,0.4979337453842163,0.13402628898620605,1
889,0.3108753263950348,0.5185794830322266,0.17054523527622223,1
890,0.3221888542175293,0.5114458799362183,0.1663651317358017,1
891,0.32926490902900696,0.5161154866218567,0.15461955964565277,1
892,0.33629652857780457,0.5129183530807495,0.15078510344028473,1
893,0.34397920966148376,0.5213873982429504,0.1346333920955658,1
894,0.3421422243118286,0.5060091614723206,0.15184859931468964,1
895,0.31610941886901855,0.530161440372467,0.15372918546199799,1
896,0.33755189180374146,0.5328338146209717,0.12961424887180328,1
897,0.3035547137260437,0.53693687915802,0.1595083624124527,1
898,0.3116261661052704,0.5247183442115784,0.16365551948547363,1
899,0.3187935948371887,0.5296587347984314,0.15154772996902466,1
900,0.25429555773735046,0.568123459815979,0.1775810420513153,1
901,0.23712390661239624,0.5952960252761841,0.16758014261722565,1
902,0.23111777007579803,0.6009992957115173,0.16788288950920105,1
903,0.2402092069387436,0.5994240641593933,0.1603667438030243,1
904,0.22725237905979156,0.6097844243049622,0.1629631370306015,1
905,0.22798848152160645,0.612203061580658,0.15980854630470276,1
906,0.19244061410427094,0.6101730465888977,0.197386234998703,1
907,0.17207466065883636,0.6344640851020813,0.1934613436460495,1
908,0.16528430581092834,0.6375970244407654,0.19711865484714508,1
909,0.26866617798805237,0.5235828757286072,0.20775099098682404,1
910,0.31761911511421204,0.4754284620285034,0.20695245265960693,1
911,0.2860616445541382,0.5160187482833862,0.19791965186595917,1
912,0.27558624744415283,0.5272989869117737,0.19711467623710632,1
913,0.3266550898551941,0.5269034504890442,0.14644144475460052,1
914,0.3630785346031189,0.4893241226673126,0.14759734272956848,1
915,0.32500940561294556,0.5158175826072693,0.15917307138442993,1
916,0.339417964220047,0.5181052088737488,0.14247672259807587,1
917,0.33956193923950195,0.5158988833427429,0.14453910291194916,1
918,0.31183427572250366,0.5425674915313721,0.14559809863567352,1
919,0.26818546652793884,0.5769767761230469,0.15483778715133667,1
920,0.26345112919807434,0.583013117313385,0.15353578329086304,1
921,0.25812095403671265,0.5868027806282043,0.15507625043392181,1
922,0.2824474573135376,0.5664227604866028,0.1511298567056656,1
923,0.25108838081359863,0.5833792090415955,0.16553239524364471,1
924,0.23963767290115356,0.6069177389144897,0.15344452857971191,1
925,0.19228267669677734,0.6362079977989197,0.17150938510894775,1
926,0.20100703835487366,0.6363782286643982,0.16261480748653412,1
927,0.2055821567773819,0.6327583193778992,0.16165955364704132,1
928,0.18588986992835999,0.6421191096305847,0.1719910204410553,1
929,0.18603390455245972,0.648908257484436,0.16505783796310425,1
930,0.22105208039283752,0.6120380759239197,0.16690979897975922,1
931,0.22190189361572266,0.6248193383216858,0.15327882766723633,1
932,0.2509922683238983,0.6092315316200256,0.13977618515491486,1
933,0.37225180864334106,0.5367600321769714,0.09098820388317108,1
934,0.37232136726379395,0.5546507239341736,0.07302787154912949,1
935,0.24480636417865753,0.6883575916290283,0.06683596968650818,1
936,0.22302299737930298,0.7083437442779541,0.0686332955956459,1
937,0.30887773633003235,0.5485696196556091,0.14255255460739136,1
938,0.3149420917034149,0.5804005861282349,0.10465728491544724,1
939,0.31837183237075806,0.5711310505867004,0.11049697548151016,1
940,0.28834089636802673,0.5797082185745239,0.13195082545280457,1
941,0.266563355922699,0.5729459524154663,0.16049064695835114,1
942,0.2892243564128876,0.5559542775154114,0.1548212170600891,1
943,0.2866080105304718,0.5500982999801636,0.1632937341928482,1
944,0.317848801612854,0.5196375250816345,0.16251368820667267,1
945,0.31109023094177246,0.5270037651062012,0.16190600395202637,1
946,0.28120410442352295,0.5543387532234192,0.16445711255073547,1
947,0.24614599347114563,0.5629822611808777,0.1908717304468155,1
948,0.29813382029533386,0.5168330073356628,0.18503312766551971,1
949,0.2587265074253082,0.5760912895202637,0.16518215835094452,1
950,0.25227487087249756,0.5883110165596008,0.1594141572713852,1
951,0.30426064133644104,0.5564090609550476,0.13933032751083374,1
952,0.29592737555503845,0.5625831484794617,0.14148953557014465,1
953,0.26106053590774536,0.564268946647644,0.17467047274112701,1
954,0.24142907559871674,0.5920098423957825,0.16656102240085602,1
955,0.29350781440734863,0.5547946095466614,0.15169759094715118,1
956,0.31405553221702576,0.54384845495224,0.14209595322608948,1
957,0.32129332423210144,0.5423904061317444,0.1363162249326706,1
958,0.24792581796646118,0.5807281136512756,0.171346053481102,1
959,0.330606609582901,0.5556577444076538,0.11373569816350937,1
960,0.30604666471481323,0.6057319641113281,0.08822139352560043,1
961,0.2525727152824402,0.5621898174285889,0.18523743748664856,1
962,0.29355648159980774,0.5173602104187012,0.18908336758613586,1
963,0.2799702286720276,0.5341318249702454,0.1858980357646942,1
964,0.27922073006629944,0.5692424774169922,0.15153668820858002,1
965,0.26256319880485535,0.6479802131652832,0.08945655822753906,1
966,0.3180067837238312,0.5765988230705261,0.10539431124925613,1
967,0.33492955565452576,0.551906943321228,0.113163523375988,1
968,0.3402097523212433,0.569301187992096,0.09048905968666077,1
969,0.3381100594997406,0.5601111650466919,0.10177872329950333,1
970,0.31751707196235657,0.5567787885665894,0.12570413947105408,1
971,0.3388381898403168,0.5602534413337708,0.10090833157300949,1
972,0.3407597243785858,0.5485667586326599,0.11067347228527069,1
973,0.3287345767021179,0.5573800802230835,0.11388541013002396,1
974,0.3387979567050934,0.5441030859947205,0.11709901690483093,1
975,0.3176868259906769,0.5575357675552368,0.12477730959653854,1
976,0.2857874631881714,0.5554393529891968,0.15877309441566467,1
977,0.28329145908355713,0.5332115888595581,0.18349699676036835,1
978,0.2871101498603821,0.5559560060501099,0.1569337248802185,1
979,0.3132999837398529,0.552209198474884,0.13449086248874664,1
980,0.3150421977043152,0.5501554012298584,0.13480244576931,1
981,0.30631834268569946,0.5020554065704346,0.19162617623806,1
982,0.26649704575538635,0.5555229783058167,0.17798000574111938,1
983,0.31283968687057495,0.5508655905723572,0.13629472255706787,1
984,0.3311019837856293,0.5068437457084656,0.16205427050590515,1
985,0.2790237367153168,0.5714042782783508,0.14957195520401,1
986,0.2407805621623993,0.5919595956802368,0.16725988686084747,1
987,0.3052234947681427,0.4953833222389221,0.1993931382894516,1
988,0.32021239399909973,0.4782980978488922,0.20148953795433044,1
989,0.41266515851020813,0.36969566345214844,0.21763919293880463,0
990,0.4030925929546356,0.3779643476009369,0.2189430594444275,0
991,0.40294384956359863,0.3837473392486572,0.21330879628658295,0
992,0.4311213493347168,0.34975555539131165,0.21912311017513275,0
993,0.4259311854839325,0.35008078813552856,0.22398804128170013,0
994,0.3971961438655853,0.38583850860595703,0.21696530282497406,0
995,0.409767210483551,0.37793007493019104,0.21230262517929077,0
996,0.3709302246570587,0.42133066058158875,0.20773912966251373,1
997,0.4191726744174957,0.47453683614730835,0.10629051178693771,1
998,0.41959768533706665,0.3424111604690552,0.23799121379852295,0
999,0.41002821922302246,0.4889455735683441,0.10102629661560059,1
1000,0.394138365983963,0.4935030937194824,0.11235848069190979,1
1001,0.3334138095378876,0.5214791893959045,0.1451069861650467,1
1002,0.39558765292167664,0.49553290009498596,0.10887949168682098,1
1003,0.4112865924835205,0.4853009581565857,0.10341234505176544,1
1004,0.28717079758644104,0.6377992630004883,0.07502998411655426,1
1005,0.32271769642829895,0.5575487613677979,0.11973356455564499,1
1006,0.31409332156181335,0.55567866563797,0.13022805750370026,1
1007,0.3282230496406555,0.5424547791481018,0.12932224571704865,1
1008,0.3256513476371765,0.5274375081062317,0.146911159157753,1
1009,0.33424901962280273,0.5357778072357178,0.12997323274612427,1
1010,0.3258672058582306,0.5429553389549255,0.13117747008800507,1
1011,0.24382905662059784,0.5877478122711182,0.1684231013059616,1
1012,0.24256615340709686,0.591102123260498,0.1663317084312439,1
1013,0.21995490789413452,0.5928545594215393,0.1871906816959381,1
1014,0.231060191988945,0.5768942832946777,0.19204555451869965,1
1015,0.22885403037071228,0.5690261721611023,0.20211972296237946,1
1016,0.20582781732082367,0.5867553353309631,0.20741689205169678,1
1017,0.19956275820732117,0.598731517791748,0.20170573890209198,1
1018,0.1959313005208969,0.6086093187332153,0.19545933604240417,1
1019,0.19437915086746216,0.6140720844268799,0.19154880940914154,1
1020,0.21510036289691925,0.5887272953987122,0.19617225229740143,1
1021,0.22410762310028076,0.590940535068512,0.1849518120288849,1
1022,0.1668785661458969,0.6420655846595764,0.19105581939220428,1
1023,0.18483556807041168,0.6340538263320923,0.18111059069633484,1
1024,0.1806943565607071,0.6400635838508606,0.17924201488494873,1
1025,0.17664681375026703,0.6328890323638916,0.19046412408351898,1
1026,0.17486023902893066,0.6508997082710266,0.17424006760120392,1
1027,0.1646360158920288,0.6688442826271057,0.1665196269750595,1
1028,0.23266829550266266,0.5851348638534546,0.18219687044620514,1
1029,0.31926700472831726,0.4909440875053406,0.18978889286518097,1
1030,0.39620935916900635,0.398112416267395,0.20567815005779266,1
1031,0.42326536774635315,0.37210148572921753,0.20463316142559052,0
1032,0.42110028862953186,0.3662770688533783,0.21262261271476746,0
1033,0.32768920063972473,0.4761848747730255,0.19612598419189453,1
1034,0.3715498149394989,0.4230346977710724,0.20541545748710632,1
1035,0.39218470454216003,0.3982129991054535,0.20960241556167603,1
1036,0.4104287624359131,0.37610283493995667,0.21346835792064667,0
1037,0.4373830258846283,0.3384316563606262,0.22418522834777832,0
1038,0.41961726546287537,0.3449472486972809,0.23543547093868256,0
1039,0.3913135826587677,0.37276938557624817,0.23591704666614532,0
1040,0.3887168765068054,0.373879075050354,0.23740404844284058,0
1041,0.4149734079837799,0.3818187117576599,0.20320796966552734,0
1042,0.4270171523094177,0.41851070523262024,0.15447206795215607,0
1043,0.4231584966182709,0.40120428800582886,0.17563723027706146,0
1044,0.4165600836277008,0.44511735439300537,0.138322651386261,1
1045,0.4151008129119873,0.4790689945220947,0.10583026707172394,1
1046,0.4279957413673401,0.4385623335838318,0.13344193994998932,1
1047,0.4170130789279938,0.4641689658164978,0.11881803721189499,1
1048,0.41435930132865906,0.480258971452713,0.1053817868232727,1
1049,0.3966786563396454,0.5106232762336731,0.09269814938306808,1
1050,0.390491783618927,0.5159790515899658,0.09352918714284897,1
1051,0.4115801751613617,0.48678600788116455,0.10163387656211853,1
1052,0.3981480896472931,0.3896467983722687,0.21220514178276062,0
1053,0.37949949502944946,0.5038825273513794,0.11661803722381592,1
1054,0.36730408668518066,0.5104665756225586,0.12222923338413239,1
1055,0.3342711627483368,0.5231777429580688,0.14255112409591675,1
1056,0.31821998953819275,0.5468197464942932,0.1349601298570633,1
1057,0.38699740171432495,0.5018367171287537,0.1111658364534378,1
1058,0.3563157320022583,0.5168106555938721,0.1268736571073532,1
1059,0.322587251663208,0.5271661877632141,0.1502465307712555,1
1060,0.2927032709121704,0.5406579971313477,0.16663871705532074,1
1061,0.24703870713710785,0.5597379207611084,0.19322332739830017,1
1062,0.26993879675865173,0.5482250452041626,0.18183614313602448,1
1063,0.26180344820022583,0.5585785508155823,0.17961791157722473,1
1064,0.21721632778644562,0.6120820641517639,0.17070160806179047,1
1065,0.23559871315956116,0.6054779887199402,0.1589232087135315,1
1066,0.3035919964313507,0.553708016872406,0.14270001649856567,1
1067,0.28956860303878784,0.549891471862793,0.16053993999958038,1
1068,0.2895103693008423,0.5542781949043274,0.15621152520179749,1
1069,0.3073894679546356,0.5442952513694763,0.14831526577472687,1
1070,0.2774915099143982,0.5416834950447083,0.18082498013973236,1
1071,0.26777249574661255,0.5522556304931641,0.17997191846370697,1
1072,0.26467207074165344,0.5576170682907104,0.17771081626415253,1
1073,0.23715806007385254,0.5678870677947998,0.19495496153831482,1
1074,0.23174460232257843,0.5776810646057129,0.19057437777519226,1
1075,0.27469557523727417,0.5286790728569031,0.19662536680698395,1
1076,0.19580335915088654,0.6075393557548523,0.196657195687294,1
1077,0.26483413577079773,0.563483476638794,0.17168231308460236,1
1078,0.2787558138370514,0.559718132019043,0.16152609884738922,1
1079,0.30982697010040283,0.5256088376045227,0.16456425189971924,1
1080,0.2769497036933899,0.5372911691665649,0.18575908243656158,1
1081,0.2830810546875,0.526559054851532,0.1903599053621292,1
1082,0.2968931794166565,0.5288391709327698,0.17426759004592896,1
1083,0.3013940453529358,0.5103644132614136,0.18824155628681183,1
1084,0.27825772762298584,0.5501535534858704,0.17158877849578857,1
1085,0.27178096771240234,0.5531198978424072,0.17509911954402924,1
1086,0.26293468475341797,0.5745905041694641,0.16247475147247314,1
1087,0.24117641150951385,0.5912384390830994,0.16758506000041962,1
1088,0.22004155814647675,0.5900976657867432,0.18986080586910248,1
1089,0.20884621143341064,0.5996696949005127,0.19148410856723785,1
1090,0.21600449085235596,0.6089347004890442,0.17506080865859985,1
1091,0.21137306094169617,0.617630660533905,0.17099635303020477,1
1092,0.22028760612010956,0.5878438353538513,0.19186849892139435,1
1093,0.2408735305070877,0.5646347999572754,0.1944916695356369,1
1094,0.27554231882095337,0.5235443711280823,0.20091329514980316,1
1095,0.28783100843429565,0.5112204551696777,0.20094852149486542,1
1096,0.25904735922813416,0.5599808692932129,0.18097172677516937,1
1097,0.25214776396751404,0.5546683073043823,0.19318386912345886,1
1098,0.25259214639663696,0.5477025508880615,0.19970527291297913,1
1099,0.16611528396606445,0.6507217884063721,0.18316294252872467,1
1100,0.24906007945537567,0.5553708672523499,0.19556909799575806,1
1101,0.314924031496048,0.4857613742351532,0.1993146389722824,1
1102,0.35638031363487244,0.43512383103370667,0.2084958851337433,1
1103,0.43846195936203003,0.34548458456993103,0.21605347096920013,0
1104,0.3973582684993744,0.37997686862945557,0.22266489267349243,0
1105,0.40881216526031494,0.3561478555202484,0.23503996431827545,0
1106,0.41219261288642883,0.3501390814781189,0.23766839504241943,0
1107,0.32022494077682495,0.49562767148017883,0.184147447347641,1
1108,0.3857629895210266,0.43149709701538086,0.1827399581670761,1
1109,0.39233627915382385,0.4724670946598053,0.13519662618637085,1
1110,0.39288458228111267,0.40323179960250854,0.20388367772102356,1
1111,0.39599156379699707,0.3934542238712311,0.21055427193641663,0
1112,0.37844645977020264,0.4066159725189209,0.21493755280971527,1
1113,0.38168153166770935,0.38169336318969727,0.23662510514259338,1
1114,0.42084774374961853,0.3426710367202759,0.23648110032081604,0
1115,0.4447551667690277,0.3314387798309326,0.22380606830120087,0
1116,0.4310227930545807,0.34065520763397217,0.22832198441028595,0
1117,0.4110874533653259,0.35894742608070374,0.22996504604816437,0
1118,0.44634413719177246,0.32946792244911194,0.2241879552602768,0
1119,0.4352373480796814,0.3352481722831726,0.22951450943946838,0
1120,0.412473201751709,0.3447153866291046,0.2428113967180252,0
1121,0.39007294178009033,0.3568645417690277,0.25306254625320435,0
1122,0.39335766434669495,0.3636101186275482,0.24303226172924042,0
1123,0.3974263668060303,0.44715815782546997,0.15541550517082214,1
1124,0.3946162164211273,0.42450466752052307,0.18087917566299438,1
1125,0.3755038380622864,0.47228479385375977,0.15221132338047028,1
1126,0.36413639783859253,0.4943299889564514,0.14153361320495605,1
1127,0.27508389949798584,0.5590595602989197,0.16585661470890045,1
1128,0.3296000361442566,0.4679405093193054,0.20245938003063202,1
1129,0.3263072669506073,0.49504339694976807,0.1786493957042694,1
1130,0.30925142765045166,0.5272989273071289,0.16344965994358063,1
1131,0.35685017704963684,0.4613014757633209,0.18184836208820343,1
1132,0.3850392997264862,0.38701388239860535,0.22794683277606964,1
1133,0.38426926732063293,0.3698267936706543,0.24590395390987396,0
1134,0.4014335572719574,0.3570224940776825,0.2415439933538437,0
1135,0.433768630027771,0.3352848291397095,0.2309466004371643,0
1136,0.44285887479782104,0.32872825860977173,0.22841288149356842,0
1137,0.429362952709198,0.3399331867694855,0.23070397973060608,0
1138,0.42729422450065613,0.34681111574172974,0.22589461505413055,0
1139,0.3328400254249573,0.44937753677368164,0.2177823930978775,1
1140,0.30797192454338074,0.4720109701156616,0.22001712024211884,1
1141,0.4279268980026245,0.34565410017967224,0.2264191061258316,0
1142,0.4364868998527527,0.3454259932041168,0.21808722615242004,0
1143,0.4663202166557312,0.31674879789352417,0.21693100035190582,0
1144,0.4520018696784973,0.32734522223472595,0.22065286338329315,0
1145,0.44009581208229065,0.3274141252040863,0.23249009251594543,0
1146,0.39975762367248535,0.3538961112499237,0.24634625017642975,0
1147,0.3613297641277313,0.3641569912433624,0.2745131552219391,1
1148,0.3603309094905853,0.36346733570098877,0.2762018144130707,1
1149,0.346280574798584,0.36427170038223267,0.2894476354122162,1
1150,0.33113425970077515,0.37108275294303894,0.2977829873561859,1
1151,0.3880789577960968,0.34788593649864197,0.26403510570526123,0
1152,0.3849513828754425,0.35273632407188416,0.2623123526573181,0
1153,0.36558789014816284,0.3600158095359802,0.2743963301181793,0
1154,0.3701269328594208,0.3525289297103882,0.27734410762786865,0
1155,0.35088029503822327,0.36607298254966736,0.283046692609787,1
1156,0.3541518449783325,0.3656390607357025,0.2802092134952545,1
1157,0.3334280550479889,0.37505701184272766,0.29151490330696106,1
1158,0.32669177651405334,0.38237252831459045,0.2909356951713562,1
1159,0.32981693744659424,0.3911557197570801,0.27902740240097046,1
1160,0.3422480523586273,0.3970848321914673,0.26066717505455017,1
1161,0.3405448794364929,0.397087424993515,0.26236772537231445,1
1162,0.37357011437416077,0.3972470164299011,0.2291828691959381,1
1163,0.3551938533782959,0.39336273074150085,0.25144344568252563,1
1164,0.31708085536956787,0.3758455812931061,0.3070736825466156,1
1165,0.35390928387641907,0.38643744587898254,0.2596532702445984,1
1166,0.3719138205051422,0.37607109546661377,0.25201523303985596,1
1167,0.36044588685035706,0.40874484181404114,0.2308093011379242,1
1168,0.3829929828643799,0.3788592219352722,0.2381477952003479,0
1169,0.3901243805885315,0.38173937797546387,0.22813630104064941,0
1170,0.3787764608860016,0.3738700747489929,0.24735355377197266,0
1171,0.3692781329154968,0.3881896734237671,0.2425321489572525,1
1172,0.37124794721603394,0.41281285881996155,0.2159392088651657,1
1173,0.3673408031463623,0.3843728005886078,0.24828635156154633,1
1174,0.3959586024284363,0.4768988788127899,0.12714256346225739,1
1175,0.326700359582901,0.5326536297798157,0.1406460851430893,1
1176,0.28915417194366455,0.5079049468040466,0.20294088125228882,1
1177,0.30426013469696045,0.49657464027404785,0.19916516542434692,1
1178,0.25002333521842957,0.5843616127967834,0.16561509668827057,1
1179,0.2498658001422882,0.5722622275352478,0.1778719574213028,1
1180,0.17824146151542664,0.665989875793457,0.15576861798763275,1
1181,0.2585214376449585,0.5738309025764465,0.167647585272789,1
1182,0.28968462347984314,0.5224222540855408,0.1878930926322937,1
1183,0.32838717103004456,0.4754701852798462,0.19614256918430328,1
1184,0.37134233117103577,0.5227157473564148,0.10594196617603302,1
1185,0.39094966650009155,0.48604869842529297,0.12300163507461548,1
1186,0.4217189848423004,0.4570162296295166,0.1212647557258606,1
1187,0.3795435428619385,0.5223872661590576,0.09806924313306808,1
1188,0.3437081277370453,0.5407100319862366,0.11558185517787933,1
1189,0.36716315150260925,0.5178815126419067,0.1149553656578064,1
1190,0.31694942712783813,0.5477417707443237,0.13530869781970978,1
1191,0.3410281240940094,0.5263216495513916,0.132650226354599,1
1192,0.3097589910030365,0.5373501777648926,0.15289080142974854,1
1193,0.28918784856796265,0.5450201034545898,0.1657920479774475,1
1194,0.2440209686756134,0.5985267162322998,0.1574522703886032,1
1195,0.2754583954811096,0.5694049596786499,0.15513665974140167,1
1196,0.32918456196784973,0.5193650126457214,0.15145035088062286,1
1197,0.31714048981666565,0.5248789191246033,0.15798057615756989,1
1198,0.3213861584663391,0.5390419363975525,0.1395719200372696,1
1199,0.2858338952064514,0.5194886326789856,0.194677472114563,1
1200,0.28261440992355347,0.5229392051696777,0.19444631040096283,1
1201,0.2409522831439972,0.567241907119751,0.191805899143219,1
1202,0.231271892786026,0.5786556005477905,0.19007253646850586,1
1203,0.2558961808681488,0.5511996746063232,0.19290417432785034,1
1204,0.2497887760400772,0.5557419061660767,0.1944691687822342,1
1205,0.22070543467998505,0.5890762805938721,0.19021821022033691,1
1206,0.218091681599617,0.5905598998069763,0.19134843349456787,1
1207,0.3634158670902252,0.4378829300403595,0.19870127737522125,1
1208,0.4630582630634308,0.325376957654953,0.21156471967697144,0
1209,0.4588460326194763,0.3258364498615265,0.2153175324201584,0
1210,0.44674697518348694,0.33373594284057617,0.21951711177825928,0
1211,0.45168444514274597,0.31928473711013794,0.22903084754943848,0
1212,0.4029833972454071,0.34745585918426514,0.24956075847148895,0
1213,0.3948000371456146,0.35542571544647217,0.24977420270442963,0
1214,0.39428773522377014,0.3563673496246338,0.24934497475624084,0
1215,0.376122385263443,0.35738617181777954,0.2664914131164551,0
1216,0.36691156029701233,0.36317577958106995,0.2699126899242401,0
1217,0.3514024615287781,0.36481761932373047,0.28377997875213623,1
1218,0.35479989647865295,0.36574113368988037,0.27945899963378906,1
1219,0.35847142338752747,0.36485984921455383,0.2766687572002411,1
1220,0.25894302129745483,0.427572101354599,0.3134848475456238,1
1221,0.2731839716434479,0.42983540892601013,0.2969805598258972,1
1222,0.2992156147956848,0.3944602310657501,0.3063242435455322,1
1223,0.37944766879081726,0.3636913597583771,0.25686100125312805,0
1224,0.373515784740448,0.3659672141075134,0.2605169117450714,0
1225,0.34883493185043335,0.3697347044944763,0.28143027424812317,1
1226,0.35090526938438416,0.3693932294845581,0.2797015309333801,1
1227,0.34004640579223633,0.37369051575660706,0.2862630784511566,1
1228,0.3205726742744446,0.37428954243659973,0.3051378130912781,1
1229,0.33364108204841614,0.37481173872947693,0.29154711961746216,1
1230,0.32074788212776184,0.37620511651039124,0.3030470013618469,1
1231,0.3617858290672302,0.37763258814811707,0.2605815529823303,1
1232,0.38051852583885193,0.3747797906398773,0.24470177292823792,0
1233,0.3851921558380127,0.3749048411846161,0.2399030178785324,0
1234,0.39974281191825867,0.39696648716926575,0.20329080522060394,0
1235,0.3533410429954529,0.4864221215248108,0.16023680567741394,1
1236,0.38317418098449707,0.47583818435668945,0.14098766446113586,1
1237,0.38868921995162964,0.4993336796760559,0.11197708547115326,1
1238,0.3877808451652527,0.4998170733451843,0.11240201443433762,1
1239,0.31413334608078003,0.5786802172660828,0.10718628764152527,1
1240,0.3319363296031952,0.5621083974838257,0.10595525801181793,1
1241,0.31013819575309753,0.553217887878418,0.13664396107196808,1
1242,0.2993215024471283,0.5919075608253479,0.1087709441781044,1
1243,0.4096272587776184,0.4726197123527527,0.11775315552949905,1
1244,0.40232717990875244,0.4796755015850067,0.11799728870391846,1
1245,0.4289625585079193,0.4297982454299927,0.14123916625976562,1
1246,0.45152631402015686,0.3256867527961731,0.22278693318367004,0
1247,0.35795992612838745,0.4485897421836853,0.1934504210948944,1
1248,0.3021807074546814,0.511942982673645,0.18587633967399597,1
1249,0.29008427262306213,0.5261548757553101,0.1837608963251114,1
1250,0.19881851971149445,0.6438069343566895,0.1573745459318161,1
1251,0.2602371573448181,0.5609835982322693,0.17877927422523499,1
1252,0.4502480626106262,0.34074005484580994,0.2090117633342743,0
1253,0.3584337532520294,0.45029550790786743,0.19127076864242554,1
1254,0.34668171405792236,0.4560263156890869,0.19729198515415192,1
1255,0.27348625659942627,0.5390201210975647,0.18749353289604187,1
1256,0.2488458901643753,0.5855318307876587,0.165622279047966,1
1257,0.24593882262706757,0.6136255860328674,0.14043554663658142,1
1258,0.3196227252483368,0.48457276821136475,0.19580455124378204,1
1259,0.33855465054512024,0.5071146488189697,0.15433064103126526,1
1260,0.3668917417526245,0.4966680705547333,0.1364402174949646,1
1261,0.4116072952747345,0.43272507190704346,0.15566755831241608,1
1262,0.41228535771369934,0.4374510943889618,0.1502634882926941,1
1263,0.41560837626457214,0.46110373735427856,0.12328792363405228,1
1264,0.42715615034103394,0.4459145963191986,0.12692919373512268,1
1265,0.390825480222702,0.48411285877227783,0.12506164610385895,1
1266,0.4117976129055023,0.4731996953487396,0.11500268429517746,1
1267,0.42355263233184814,0.44939467310905457,0.12705282866954803,1
1268,0.4270215928554535,0.4449682831764221,0.12801015377044678,1
1269,0.4080510437488556,0.449606716632843,0.14234216511249542,1
1270,0.18151158094406128,0.657028317451477,0.1614600569009781,1
1271,0.2079058438539505,0.6054735779762268,0.18662062287330627,1
1272,0.24302567541599274,0.5990701913833618,0.15790404379367828,1
1273,0.27532148361206055,0.5707261562347412,0.15395240485668182,1
1274,0.33892861008644104,0.5174208283424377,0.14365054666996002,1
1275,0.2932429611682892,0.5558002591133118,0.15095672011375427,1
1276,0.2074807733297348,0.6178113222122192,0.17470797896385193,1
1277,0.2025880664587021,0.6186915040016174,0.17872045934200287,1
1278,0.19381749629974365,0.6256828308105469,0.18049956858158112,1
1279,0.21311421692371368,0.5995389819145203,0.18734678626060486,1
1280,0.3332519829273224,0.4667527377605438,0.1999952495098114,1
1281,0.415002703666687,0.36816856265068054,0.21682873368263245,0
1282,0.2503478527069092,0.5501344799995422,0.199517622590065,1
1283,0.320283442735672,0.5298014283180237,0.14991514384746552,1
1284,0.30709919333457947,0.5195910334587097,0.173309788107872,1
1285,0.3456707000732422,0.44666430354118347,0.20766499638557434,1
1286,0.34377050399780273,0.4467562735080719,0.2094731628894806,1
1287,0.4061990976333618,0.37492603063583374,0.21887479722499847,0
1288,0.3354818820953369,0.4597724974155426,0.20474565029144287,1
1289,0.39516735076904297,0.4644729793071747,0.14035964012145996,1
1290,0.3927437961101532,0.48849785327911377,0.11875839531421661,1
1291,0.35371020436286926,0.5028873682022095,0.14340241253376007,1
1292,0.32829442620277405,0.5254857540130615,0.14621984958648682,1
1293,0.34461069107055664,0.5140573382377625,0.1413319855928421,1
1294,0.32198044657707214,0.5332465171813965,0.14477303624153137,1
1295,0.3430379629135132,0.5101873874664307,0.14677469432353973,1
1296,0.3530130684375763,0.5079124569892883,0.13907448947429657,1
1297,0.36672958731651306,0.5007855892181396,0.13248486816883087,1
1298,0.3706137537956238,0.5056668519973755,0.12371929734945297,1
1299,0.3392522633075714,0.5165150165557861,0.14423274993896484,1
1300,0.3360084891319275,0.5183407664299011,0.14565075933933258,1
1301,0.32383301854133606,0.5206166505813599,0.1555502861738205,1
1302,0.2978968322277069,0.525642991065979,0.17646019160747528,1
1303,0.26496782898902893,0.5317562818527222,0.20327594876289368,1
1304,0.23677118122577667,0.5356114506721497,0.22761735320091248,1
1305,0.206806018948555,0.5735974311828613,0.21959657967090607,1
1306,0.21027037501335144,0.5775585770606995,0.2121710330247879,1
1307,0.21092329919338226,0.5826817750930786,0.20639489591121674,1
1308,0.19167977571487427,0.6105508804321289,0.19776929914951324,1
1309,0.1743128001689911,0.6178229451179504,0.2078642100095749,1
1310,0.1702204942703247,0.6318845152854919,0.19789496064186096,1
1311,0.16413496434688568,0.6446759104728699,0.19118911027908325,1
1312,0.1842152625322342,0.6194292306900024,0.1963554173707962,1
1313,0.18248537182807922,0.6264849305152893,0.19102968275547028,1
1314,0.1845640242099762,0.625375509262085,0.19006045162677765,1
1315,0.185358464717865,0.6179150342941284,0.19672656059265137,1
1316,0.1803075522184372,0.6232247352600098,0.19646774232387543,1
1317,0.2075871378183365,0.5925977826118469,0.19981510937213898,1
1318,0.19264738261699677,0.6086876392364502,0.19866502285003662,1
1319,0.21018631756305695,0.5953457355499268,0.19446790218353271,1
1320,0.1991627961397171,0.6120978593826294,0.18873931467533112,1
1321,0.20558692514896393,0.6026359796524048,0.19177716970443726,1
1322,0.21534574031829834,0.5937273502349854,0.19092687964439392,1
1323,0.24659085273742676,0.5649294853210449,0.18847975134849548,1
1324,0.23185105621814728,0.5942795872688293,0.1738692820072174,1
1325,0.25561317801475525,0.5717778205871582,0.17260898649692535,1
1326,0.2716909348964691,0.5708080530166626,0.15750104188919067,1
1327,0.3252318501472473,0.5171622037887573,0.15760593116283417,1
1328,0.3214038610458374,0.5409500002861023,0.13764609396457672,1
1329,0.3517502248287201,0.5352212190628052,0.11302854120731354,1
1330,0.28146815299987793,0.5774365663528442,0.14109529554843903,1
1331,0.30425789952278137,0.5464827418327332,0.1492592990398407,1
1332,0.30143097043037415,0.5057921409606934,0.19277681410312653,1
1333,0.33154556155204773,0.4717925488948822,0.19666196405887604,1
1334,0.31398192048072815,0.49068570137023926,0.195332333445549,1
1335,0.3517214357852936,0.4473475217819214,0.20093105733394623,1
1336,0.44596630334854126,0.34580865502357483,0.2082250416278839,0
1337,0.42685702443122864,0.35551998019218445,0.21762299537658691,0
1338,0.39687293767929077,0.3850506842136383,0.21807633340358734,0
1339,0.4217626452445984,0.3495922088623047,0.2286451756954193,0
1340,0.3872860074043274,0.39410969614982605,0.21860435605049133,1
1341,0.43282824754714966,0.3349643647670746,0.23220744729042053,0
1342,0.44344452023506165,0.32495683431625366,0.23159870505332947,0
1343,0.40831708908081055,0.3428333103656769,0.24884961545467377,0
1344,0.39490073919296265,0.35177144408226013,0.25332778692245483,0
1345,0.3732958734035492,0.36423420906066895,0.26246997714042664,0
1346,0.3561496138572693,0.3722821772098541,0.2715681195259094,1
1347,0.3435037434101105,0.3929237425327301,0.26357245445251465,1
1348,0.35456588864326477,0.38342466950416565,0.26200947165489197,1
1349,0.35470446944236755,0.391940712928772,0.25335484743118286,1
1350,0.3708944618701935,0.3887965679168701,0.24030902981758118,1
1351,0.40937283635139465,0.42508625984191895,0.165540874004364,1
1352,0.418443888425827,0.4298037588596344,0.15175233781337738,1
1353,0.41780152916908264,0.40884658694267273,0.17335186898708344,0
1354,0.420248806476593,0.4209929406642914,0.1587582230567932,1
1355,0.3979026973247528,0.4930459260940552,0.10905143618583679,1
1356,0.38512542843818665,0.5005516409873962,0.11432290077209473,1
1357,0.39046818017959595,0.4839879274368286,0.12554395198822021,1
1358,0.3810341954231262,0.5028054714202881,0.1161603108048439,1
1359,0.3241637945175171,0.5535339713096619,0.12230220437049866,1
1360,0.285501629114151,0.5706080794334412,0.14389027655124664,1
1361,0.30135011672973633,0.5631396174430847,0.13551026582717896,1
1362,0.3095286190509796,0.5624643564224243,0.12800703942775726,1
1363,0.2983097732067108,0.568913996219635,0.13277624547481537,1
1364,0.3146952986717224,0.5623509883880615,0.12295367568731308,1
1365,0.22891539335250854,0.5965847969055176,0.1744997650384903,1
1366,0.1546335220336914,0.6393507122993469,0.20601575076580048,1
1367,0.13203297555446625,0.6985988020896912,0.169368177652359,1
1368,0.14355739951133728,0.6887911558151245,0.1676514893770218,1
1369,0.24017992615699768,0.5870851874351501,0.17273478209972382,1
1370,0.19892925024032593,0.6297912001609802,0.17127954959869385,1
1371,0.1634465754032135,0.6686774492263794,0.16787603497505188,1
1372,0.16909709572792053,0.6665945053100586,0.1643083691596985,1
1373,0.2770185172557831,0.5378550887107849,0.1851264089345932,1
1374,0.38373181223869324,0.41150546073913574,0.204762801527977,1
1375,0.47848179936408997,0.31539303064346313,0.2061251848936081,0
1376,0.44836562871932983,0.3349045217037201,0.21672981977462769,0
1377,0.4111554026603699,0.3728325366973877,0.21601204574108124,0
1378,0.3734263479709625,0.4100049138069153,0.21656876802444458,1
1379,0.34153062105178833,0.42530348896980286,0.2331659346818924,1
1380,0.3128282129764557,0.4707479476928711,0.21642383933067322,1
1381,0.3104742169380188,0.4917110800743103,0.19781464338302612,1
1382,0.29082024097442627,0.5051050186157227,0.20407472550868988,1
1383,0.28171342611312866,0.5099107027053833,0.208375945687294,1
1384,0.25275903940200806,0.5015172362327576,0.2457236647605896,1
1385,0.28153395652770996,0.4685640335083008,0.24990205466747284,1
1386,0.27092841267585754,0.46496620774269104,0.26410534977912903,1
1387,0.2745799422264099,0.47172656655311584,0.25369343161582947,1
1388,0.26429980993270874,0.46821919083595276,0.26748090982437134,1
1389,0.2716425955295563,0.47129109501838684,0.2570662796497345,1
1390,0.2597053050994873,0.46534907817840576,0.27494561672210693,1
1391,0.2707081437110901,0.4690421223640442,0.2602497637271881,1
1392,0.28282618522644043,0.47457271814346313,0.24260109663009644,1
1393,0.3108613193035126,0.47553589940071106,0.21360281109809875,1
1394,0.3157140612602234,0.47784167528152466,0.20644426345825195,1
1395,0.33038803935050964,0.47582608461380005,0.19378596544265747,1
1396,0.3563176691532135,0.5350918769836426,0.10859045386314392,1
1397,0.3403003215789795,0.5644083619117737,0.09529130160808563,1
1398,0.3089016377925873,0.6158713698387146,0.07522698491811752,1
1399,0.15633389353752136,0.7755372524261475,0.0681288093328476,1
1400,0.17306803166866302,0.753716230392456,0.07321571558713913,1
1401,0.14910364151000977,0.7681905627250671,0.08270586282014847,1
1402,0.13596224784851074,0.7724457383155823,0.09159203618764877,1
1403,0.11446258425712585,0.7715685963630676,0.1139688640832901,1
1404,0.13124747574329376,0.7713751196861267,0.0973774790763855,1
1405,0.21268053352832794,0.6401152610778809,0.14720429480075836,1
1406,0.12834671139717102,0.7590070366859436,0.11264631152153015,1
1407,0.18076471984386444,0.6788192987442017,0.14041605591773987,1
1408,0.1912764459848404,0.6664422750473022,0.14228132367134094,1
1409,0.23508891463279724,0.6053881645202637,0.1595229208469391,1
1410,0.1541055291891098,0.7452846169471741,0.10060994327068329,1
1411,0.17761996388435364,0.6954368352890015,0.12694315612316132,1
1412,0.17035441100597382,0.7462612986564636,0.08338423818349838,1
1413,0.17261499166488647,0.7354752421379089,0.09190979599952698,1
1414,0.1603616178035736,0.7454491257667542,0.09418921172618866,1
1415,0.1721789538860321,0.7328089475631714,0.0950121283531189,1
1416,0.19887860119342804,0.699031412601471,0.10208989679813385,1
1417,0.18272657692432404,0.7081149220466614,0.10915844142436981,1
1418,0.20486116409301758,0.6846427321434021,0.11049618571996689,1
1419,0.2044590562582016,0.6901450157165527,0.10539587587118149,1
1420,0.21012860536575317,0.67720627784729,0.11266512423753738,1
1421,0.1766282171010971,0.714379608631134,0.10899224132299423,1
1422,0.21264730393886566,0.691643476486206,0.0957091823220253,1
1423,0.3031535744667053,0.5978735685348511,0.09897291660308838,1
1424,0.26301994919776917,0.6560928821563721,0.08088726550340652,1
1425,0.2590375542640686,0.6588979959487915,0.08206450939178467,1
1426,0.1916957050561905,0.7270545363426208,0.08124975115060806,1
1427,0.1560315042734146,0.7543091773986816,0.08965937048196793,1
1428,0.16582441329956055,0.748116672039032,0.08605881035327911,1
1429,0.1037200391292572,0.7984766364097595,0.09780339151620865,1
1430,0.11017771810293198,0.7976031303405762,0.09221919625997543,1
1431,0.11344099044799805,0.794023871421814,0.09253515303134918,1
1432,0.08239418268203735,0.825110137462616,0.09249567985534668,1
1433,0.07898131757974625,0.8270144462585449,0.0940043032169342,1
1434,0.11289073526859283,0.788879930973053,0.09822936356067657,1
1435,0.1640433669090271,0.7210543155670166,0.11490237712860107,1
1436,0.31812727451324463,0.5228860974311829,0.1589866280555725,1
1437,0.32492974400520325,0.5086255073547363,0.16644470393657684,1
1438,0.26143044233322144,0.5826892256736755,0.15588036179542542,1
1439,0.33876508474349976,0.4787988066673279,0.18243610858917236,1
1440,0.37726759910583496,0.4254010021686554,0.19733144342899323,1
1441,0.35804450511932373,0.45517826080322266,0.186777263879776,1
1442,0.38969871401786804,0.41472676396369934,0.19557449221611023,1
1443,0.3788960576057434,0.41875481605529785,0.20234906673431396,1
1444,0.3453007936477661,0.4681451916694641,0.1865539252758026,1
1445,0.39127665758132935,0.4086427092552185,0.20008058845996857,1
1446,0.359708309173584,0.42065659165382385,0.21963506937026978,1
1447,0.3702497184276581,0.41719964146614075,0.21255069971084595,1
1448,0.33241012692451477,0.4239931106567383,0.2435968667268753,1
1449,0.39029762148857117,0.4146730899810791,0.1950293630361557,1
1450,0.34570053219795227,0.4211497902870178,0.2331496775150299,1
1451,0.344760000705719,0.4242078959941864,0.23103204369544983,1
1452,0.39301279187202454,0.43707075715065,0.16991646587848663,1
1453,0.3731955289840698,0.49355459213256836,0.13324986398220062,1
1454,0.3720281720161438,0.4813644587993622,0.14660747349262238,1
1455,0.39141252636909485,0.46429669857025146,0.14429083466529846,1
1456,0.3343254029750824,0.5659706592559814,0.09970395267009735,1
1457,0.3333992660045624,0.5790499448776245,0.0875508040189743,1
1458,0.3102014362812042,0.6061682105064392,0.08363027125597,1
1459,0.29301223158836365,0.6238445043563843,0.08314315974712372,1
1460,0.20196951925754547,0.7191634178161621,0.0788671150803566,1
1461,0.2039451152086258,0.7125303149223328,0.0835246592760086,1
1462,0.2329886555671692,0.6849269270896912,0.08208446204662323,1
1463,0.2195492535829544,0.6925674080848694,0.08788326382637024,1
1464,0.21126289665699005,0.6878979802131653,0.10083916783332825,1
1465,0.2105790078639984,0.6765064597129822,0.11291459947824478,1
1466,0.19914598762989044,0.657371997833252,0.14348194003105164,1
1467,0.1707012802362442,0.7206488847732544,0.10864986479282379,1
1468,0.1985168159008026,0.710961103439331,0.09052202850580215,1
1469,0.1100599393248558,0.7852455377578735,0.10469461232423782,1
1470,0.09393880516290665,0.8130166530609131,0.09304451197385788,1
1471,0.11601120233535767,0.7837731242179871,0.1002156063914299,1
1472,0.1287296861410141,0.7602499127388,0.11102031171321869,1
1473,0.16511449217796326,0.7101447582244873,0.12474073469638824,1
1474,0.35049593448638916,0.4765899181365967,0.17291410267353058,1
1475,0.28040629625320435,0.5640859007835388,0.1555078774690628,1
1476,0.4321172535419464,0.38366061449050903,0.1842222362756729,0
1477,0.46157217025756836,0.3416644334793091,0.19676344096660614,0
1478,0.432908296585083,0.3738080561161041,0.19328366219997406,0
1479,0.42009758949279785,0.3899383842945099,0.18996401131153107,0
1480,0.39687326550483704,0.39470624923706055,0.2084205001592636,0
1481,0.37902018427848816,0.41025927662849426,0.2107205092906952,1
1482,0.3630554676055908,0.41926178336143494,0.21768280863761902,1
1483,0.3601728081703186,0.4232443571090698,0.21658290922641754,1
1484,0.3497216999530792,0.42373374104499817,0.2265445590019226,1
1485,0.3674581050872803,0.40773889422416687,0.22480301558971405,1
1486,0.3580671548843384,0.4124866724014282,0.22944611310958862,1
1487,0.34083041548728943,0.4335114061832428,0.22565819323062897,1
1488,0.34254127740859985,0.4415128529071808,0.21594586968421936,1
1489,0.3385457992553711,0.4479491412639618,0.2135050743818283,1
1490,0.3392490744590759,0.461769700050354,0.19898121058940887,1
1491,0.3091096878051758,0.4648225009441376,0.22606779634952545,1
1492,0.271041601896286,0.47700345516204834,0.2519548833370209,1
1493,0.29844263195991516,0.4843878149986267,0.21716949343681335,1
1494,0.2837778627872467,0.4749016761779785,0.2413204312324524,1
1495,0.28321000933647156,0.49000295996665955,0.22678697109222412,1
1496,0.28077396750450134,0.49166229367256165,0.2275637537240982,1
1497,0.30114105343818665,0.49149423837661743,0.2073647677898407,1
1498,0.32609671354293823,0.4988405108451843,0.17506276071071625,1
1499,0.30520907044410706,0.49748942255973816,0.19730150699615479,1
1500,0.32063063979148865,0.505741536617279,0.1736277937889099,1
1501,0.3289359509944916,0.5230640172958374,0.14800004661083221,1
1502,0.3055664896965027,0.5147527456283569,0.17968088388442993,1
1503,0.30218908190727234,0.5128291249275208,0.18498174846172333,1
1504,0.2884944975376129,0.5478821992874146,0.16362334787845612,1
1505,0.3089865446090698,0.4918023645877838,0.19921115040779114,1
1506,0.3052515983581543,0.4835178554058075,0.21123047173023224,1
1507,0.3063105046749115,0.5001866221427917,0.19350284337997437,1
1508,0.3047660291194916,0.5358269214630127,0.15940697491168976,1
1509,0.2324977070093155,0.6380889415740967,0.12941327691078186,1
1510,0.2525497078895569,0.6069623827934265,0.140487939119339,1
1511,0.3232416808605194,0.5249257683753967,0.15183256566524506,1
1512,0.37187907099723816,0.4774077534675598,0.150713250041008,1
1513,0.338836669921875,0.5127570033073425,0.14840638637542725,1
1514,0.41092753410339355,0.43749943375587463,0.1515730917453766,1
1515,0.3216882050037384,0.5276345014572144,0.15067730844020844,1
1516,0.38926222920417786,0.4560168385505676,0.15472085773944855,1
1517,0.40060538053512573,0.4063861668109894,0.19300851225852966,1
1518,0.3757258951663971,0.46599245071411133,0.1582816243171692,1
1519,0.35360535979270935,0.42946189641952515,0.21693269908428192,1
1520,0.3869529664516449,0.41648709774017334,0.19656001031398773,1
1521,0.3525068759918213,0.4904577136039734,0.1570354402065277,1
1522,0.3412177562713623,0.5026057362556458,0.15617650747299194,1
1523,0.2122112214565277,0.6836392879486084,0.10414939373731613,1
1524,0.24439728260040283,0.6016590595245361,0.15394364297389984,1
1525,0.20272940397262573,0.7227787971496582,0.07449176162481308,1
1526,0.20390033721923828,0.7190747261047363,0.07702487707138062,1
1527,0.24080227315425873,0.6569055318832397,0.1022922471165657,1
1528,0.29959025979042053,0.5897334218025208,0.11067624390125275,1
1529,0.29768189787864685,0.5182748436927795,0.1840433031320572,1
1530,0.2921445071697235,0.5794515609741211,0.1284039467573166,1
1531,0.3250698149204254,0.5405056476593018,0.1344245970249176,1
1532,0.361972451210022,0.4642667770385742,0.17376075685024261,1
1533,0.37764808535575867,0.38806647062301636,0.234285369515419,1
1534,0.2915925085544586,0.6092249751091003,0.09918243438005447,1
1535,0.28834107518196106,0.6103571653366089,0.10130179673433304,1
1536,0.27486881613731384,0.6179255247116089,0.10720565170049667,1
1537,0.2892358899116516,0.5919660925865173,0.11879793554544449,1
1538,0.2621212601661682,0.6158822774887085,0.12199639528989792,1
1539,0.25410738587379456,0.5960063338279724,0.14988628029823303,1
1540,0.2707185447216034,0.5952003002166748,0.13408124446868896,1
1541,0.24460449814796448,0.6086955070495605,0.146699920296669,1
1542,0.2875415086746216,0.5590860843658447,0.1533724069595337,1
1543,0.2980435788631439,0.5434347987174988,0.15852168202400208,1
1544,0.22333306074142456,0.5771594047546387,0.19950750470161438,1
1545,0.28859496116638184,0.5062360167503357,0.20516900718212128,1
1546,0.2747558355331421,0.5236738324165344,0.2015702724456787,1
1547,0.3179662227630615,0.4576394855976105,0.22439421713352203,1
1548,0.45272743701934814,0.33038246631622314,0.2168901115655899,0
1549,0.491751492023468,0.2936548888683319,0.2145935744047165,0
1550,0.47074663639068604,0.3056483268737793,0.22360505163669586,0
1551,0.42845621705055237,0.34449803829193115,0.2270456999540329,0
1552,0.4695132076740265,0.3130275309085846,0.21745936572551727,0
1553,0.49335795640945435,0.30399423837661743,0.20264779031276703,0
1554,0.4743182063102722,0.3072141110897064,0.2184676080942154,0
1555,0.4644389748573303,0.31299567222595215,0.22256524860858917,0
1556,0.47597944736480713,0.30234619975090027,0.2216743528842926,0
1557,0.46860772371292114,0.3098272383213043,0.22156497836112976,0
1558,0.3981090188026428,0.3241247534751892,0.27776625752449036,0
1559,0.34949246048927307,0.35796985030174255,0.2925376892089844,1
1560,0.31929853558540344,0.3933395743370056,0.2873619794845581,1
1561,0.3198835253715515,0.39837244153022766,0.2817440629005432,1
1562,0.2921459674835205,0.4079112410545349,0.29994282126426697,1
1563,0.3060075640678406,0.4124155044555664,0.281576931476593,1
1564,0.26403942704200745,0.4030621647834778,0.33289840817451477,1
1565,0.25945428013801575,0.40054142475128174,0.3400043249130249,1
1566,0.25518593192100525,0.41144171357154846,0.3333723247051239,1
1567,0.25534406304359436,0.4065204858779907,0.33813542127609253,1
1568,0.3210696578025818,0.41062816977500916,0.26830217242240906,1
1569,0.40612173080444336,0.40612518787384033,0.18775302171707153,1
1570,0.3492797017097473,0.3922711908817291,0.25844910740852356,1
1571,0.29950574040412903,0.37553808093070984,0.32495617866516113,1
1572,0.3681603670120239,0.36308902502059937,0.2687506377696991,0
1573,0.36988621950149536,0.3770524561405182,0.2530613839626312,1
1574,0.3519722521305084,0.37908411026000977,0.2689436674118042,1
1575,0.3216038942337036,0.3742135167121887,0.30418258905410767,1
1576,0.40589627623558044,0.3908311128616333,0.20327262580394745,0
1577,0.3508244752883911,0.5422428846359253,0.10693267732858658,1
1578,0.38050025701522827,0.48571908473968506,0.13378076255321503,1
1579,0.37863048911094666,0.44560137391090393,0.17576824128627777,1
1580,0.307718962430954,0.557525098323822,0.13475599884986877,1
1581,0.2789404094219208,0.5726009607315063,0.1484585553407669,1
1582,0.2312619984149933,0.5959423780441284,0.17279556393623352,1
1583,0.27021974325180054,0.5554050207138062,0.1743752509355545,1
1584,0.34805089235305786,0.4819031357765198,0.17004592716693878,1
1585,0.3211660087108612,0.5014553666114807,0.1773785948753357,1
1586,0.39181649684906006,0.429522305727005,0.1786612719297409,1
1587,0.4006016254425049,0.40915563702583313,0.19024282693862915,1
1588,0.3951837420463562,0.40212640166282654,0.20268990099430084,1
1589,0.3717484474182129,0.42236411571502686,0.20588752627372742,1
1590,0.392716646194458,0.40273940563201904,0.20454399287700653,1
1591,0.37990280985832214,0.40378692746162415,0.21631024777889252,1
1592,0.4006471037864685,0.39030128717422485,0.20905165374279022,0
1593,0.4120643138885498,0.35355404019355774,0.23438163101673126,0
1594,0.3912826180458069,0.350078284740448,0.2586390972137451,0
1595,0.3293117582798004,0.4076763689517975,0.2630118727684021,1
1596,0.2382352203130722,0.4987006187438965,0.2630641460418701,1
1597,0.306069552898407,0.4361415207386017,0.2577889859676361,1
1598,0.30926260352134705,0.42515382170677185,0.2655836343765259,1
1599,0.2967057228088379,0.4230819046497345,0.28021225333213806,1
1600,0.2873923182487488,0.4267396628856659,0.2858681082725525,1
1601,0.36438390612602234,0.35592034459114075,0.27969568967819214,0
1602,0.3294542133808136,0.4317714273929596,0.2387743443250656,1
1603,0.3035719692707062,0.45172634720802307,0.24470169842243195,1
1604,0.36208194494247437,0.3564819395542145,0.2814359962940216,0
1605,0.4581034183502197,0.2772942781448364,0.26460230350494385,0
1606,0.46062764525413513,0.2833276689052582,0.2560446560382843,0
1607,0.3697021007537842,0.37046393752098083,0.259833961725235,1
1608,0.40599730610847473,0.3341400623321533,0.25986263155937195,0
1609,0.3714947998523712,0.367556631565094,0.2609485685825348,0
1610,0.41911929845809937,0.3191349506378174,0.26174578070640564,0
1611,0.42542582750320435,0.341018944978714,0.2335551381111145,0
1612,0.42456892132759094,0.31870946288108826,0.25672149658203125,0
1613,0.4639665484428406,0.29705846309661865,0.23897506296634674,0
1614,0.4642936587333679,0.29511040449142456,0.24059590697288513,0
1615,0.42493417859077454,0.3731483221054077,0.20191743969917297,0
1616,0.42462828755378723,0.3752124309539795,0.20015929639339447,0
1617,0.38213586807250977,0.3676358163356781,0.25022831559181213,0
1618,0.3712218999862671,0.36632388830184937,0.26245415210723877,0
1619,0.3975193202495575,0.3725568950176239,0.22992390394210815,0
1620,0.44581326842308044,0.3979698717594147,0.15621688961982727,0
1621,0.42927107214927673,0.4264056384563446,0.1443232148885727,0
1622,0.4028303027153015,0.4692455530166626,0.1279240995645523,1
1623,0.4285135567188263,0.4290279150009155,0.14245858788490295,1
1624,0.4333786964416504,0.41030076146125793,0.15632063150405884,0
1625,0.4309219419956207,0.40480899810791016,0.1642690747976303,0
1626,0.4302225410938263,0.4185624122619629,0.15121503174304962,0
1627,0.4162135720252991,0.4406951367855072,0.1430913209915161,1
1628,0.41102340817451477,0.42173588275909424,0.16724061965942383,1
1629,0.3685080409049988,0.37785956263542175,0.25363242626190186,1
1630,0.33215561509132385,0.42072680592536926,0.24711750447750092,1
1631,0.3934178650379181,0.35185372829437256,0.25472843647003174,0
1632,0.478865385055542,0.2866637110710144,0.23447100818157196,0
1633,0.4578015208244324,0.2985793948173523,0.24361920356750488,0
1634,0.46260812878608704,0.2903445065021515,0.24704742431640625,0
1635,0.4029930531978607,0.3248237669467926,0.2721831500530243,0
1636,0.39789146184921265,0.3337812125682831,0.2683273255825043,0
1637,0.3304004669189453,0.40243542194366455,0.26716411113739014,1
1638,0.35964736342430115,0.36839020252227783,0.27196237444877625,1
1639,0.4216740131378174,0.37768134474754333,0.20064465701580048,0
1640,0.439217746257782,0.39316895604133606,0.16761334240436554,0
1641,0.4334956705570221,0.38946855068206787,0.17703567445278168,0
1642,0.4231629967689514,0.3948848843574524,0.1819521188735962,0
1643,0.4156970977783203,0.3981047570705414,0.18619811534881592,0
1644,0.4140428900718689,0.41705700755119324,0.16890017688274384,1
1645,0.40928906202316284,0.42155539989471436,0.1691555231809616,1
1646,0.40122750401496887,0.4500740170478821,0.14869852364063263,1
1647,0.395696222782135,0.43352699279785156,0.17077669501304626,1
1648,0.4006190299987793,0.42596980929374695,0.17341113090515137,1
1649,0.3926539421081543,0.4512806236743927,0.15606549382209778,1
1650,0.38595592975616455,0.4501440227031708,0.1638999879360199,1
1651,0.398027628660202,0.43611565232276917,0.16585668921470642,1
1652,0.3823239803314209,0.44794371724128723,0.16973234713077545,1
1653,0.3222957253456116,0.4785171151161194,0.19918709993362427,1
1654,0.3788202702999115,0.44044652581214905,0.18073314428329468,1
1655,0.3324114680290222,0.47900471091270447,0.18858382105827332,1
1656,0.310478538274765,0.43420231342315674,0.25531917810440063,1
1657,0.3154943883419037,0.42769569158554077,0.25680989027023315,1
1658,0.2622382938861847,0.4990541338920593,0.2387075573205948,1
1659,0.2944777011871338,0.45543932914733887,0.2500828802585602,1
1660,0.34343209862709045,0.39981845021247864,0.25674936175346375,1
1661,0.38845211267471313,0.43628209829330444,0.17526580393314362,1
1662,0.3924526870250702,0.4245184361934662,0.183028906583786,1
1663,0.35648611187934875,0.39694705605506897,0.24656686186790466,1
1664,0.40021929144859314,0.4348434805870056,0.16493718326091766,1
1665,0.40895169973373413,0.42812108993530273,0.16292715072631836,1
1666,0.417854368686676,0.33477696776390076,0.24736879765987396,0
1667,0.45166078209877014,0.30081379413604736,0.2475254386663437,0
1668,0.43641790747642517,0.30790945887565613,0.25567275285720825,0
1669,0.479180246591568,0.28525710105895996,0.23556257784366608,0
1670,0.46262216567993164,0.28379151225090027,0.25358641147613525,0
1671,0.43800777196884155,0.2967958450317383,0.2651963233947754,0
1672,0.43208053708076477,0.2996894121170044,0.2682300806045532,0
1673,0.46083158254623413,0.28623098134994507,0.25293731689453125,0
1674,0.4368894398212433,0.2945106327533722,0.26859983801841736,0
1675,0.4258812367916107,0.30823761224746704,0.2658812403678894,0
1676,0.4367848038673401,0.42338642477989197,0.1398286372423172,0
1677,0.40354087948799133,0.4368930160999298,0.15956610441207886,1
1678,0.3955551087856293,0.4532961845397949,0.15114876627922058,1
1679,0.4125393331050873,0.4067928194999695,0.18066783249378204,0
1680,0.391948938369751,0.392307847738266,0.2157430797815323,1
1681,0.39580023288726807,0.372236967086792,0.2319628745317459,0
1682,0.40346845984458923,0.3618703782558441,0.23466122150421143,0
1683,0.4041678011417389,0.3574528694152832,0.2383793741464615,0
1684,0.38517311215400696,0.370395690202713,0.24443119764328003,0
1685,0.4239668548107147,0.3369581699371338,0.2390749603509903,0
1686,0.4213787317276001,0.34148356318473816,0.23713767528533936,0
1687,0.3922528326511383,0.35251182317733765,0.25523534417152405,0
1688,0.3914869427680969,0.36107346415519714,0.24743963778018951,0
1689,0.3808242380619049,0.37198713421821594,0.24718867242336273,0
1690,0.3469158113002777,0.4005255699157715,0.25255855917930603,1
1691,0.33948394656181335,0.4020597040653229,0.258456289768219,1
1692,0.3341033160686493,0.4092772901058197,0.2566193640232086,1
1693,0.2912173271179199,0.4418319761753082,0.266950786113739,1
1694,0.2870894968509674,0.44997265934944153,0.2629377841949463,1
1695,0.2818836569786072,0.45861688256263733,0.25949954986572266,1
1696,0.3104701340198517,0.42649900913238525,0.26303085684776306,1
1697,0.310777872800827,0.41413429379463196,0.275087833404541,1
1698,0.31248918175697327,0.4186875820159912,0.26882317662239075,1
1699,0.3789692223072052,0.3612467050552368,0.259784072637558,0
1700,0.41320353746414185,0.34490811824798584,0.24188828468322754,0
1701,0.45076411962509155,0.32981088757514954,0.21942506730556488,0
1702,0.4590824842453003,0.3312827944755554,0.2096346616744995,0
1703,0.47416579723358154,0.32440558075904846,0.20142853260040283,0
1704,0.47563648223876953,0.3206528127193451,0.2037106305360794,0
1705,0.48537522554397583,0.3063933849334717,0.20823141932487488,0
1706,0.4962160289287567,0.2952026128768921,0.2085813730955124,0
1707,0.4823321998119354,0.30831316113471985,0.20935460925102234,0
1708,0.48112714290618896,0.29867056012153625,0.22020241618156433,0
1709,0.48957836627960205,0.3179158568382263,0.19250574707984924,0
1710,0.4852418899536133,0.3021608889102936,0.21259726583957672,0
1711,0.4882020950317383,0.3104386031627655,0.20135919749736786,0
1712,0.4316304624080658,0.3243670165538788,0.24400247633457184,0
1713,0.3784754276275635,0.3635551929473877,0.2579694390296936,0
1714,0.36102360486984253,0.3654153048992157,0.27356114983558655,1
1715,0.4220639765262604,0.3411877155303955,0.23674820363521576,0
1716,0.4179835915565491,0.35815829038619995,0.22385816276073456,0
1717,0.3407387435436249,0.3961333632469177,0.2631278932094574,1
1718,0.4257030785083771,0.3318924307823181,0.24240455031394958,0
1719,0.47547948360443115,0.2838515341281891,0.24066896736621857,0
1720,0.48069652915000916,0.31300631165504456,0.2062971591949463,0
1721,0.4876224398612976,0.31340208649635315,0.19897544384002686,0
1722,0.4854155480861664,0.3142828643321991,0.20030160248279572,0
1723,0.49448084831237793,0.31048843264579773,0.19503067433834076,0
1724,0.48212823271751404,0.31450310349464417,0.2033686339855194,0
1725,0.48581987619400024,0.3152412176132202,0.19893884658813477,0
1726,0.45664140582084656,0.3337607979774475,0.20959781110286713,0
1727,0.4899258017539978,0.31693369150161743,0.19314052164554596,0
1728,0.4889838695526123,0.3156524896621704,0.19536368548870087,0
1729,0.5233754515647888,0.33371636271476746,0.14290814101696014,0
1730,0.4706624150276184,0.3222128748893738,0.20712468028068542,0
1731,0.49948650598526,0.32445192337036133,0.17606163024902344,0
1732,0.487258642911911,0.31685250997543335,0.19588878750801086,0
1733,0.4284973740577698,0.3129226267337799,0.25857990980148315,0
1734,0.4533062279224396,0.3071807026863098,0.23951312899589539,0
1735,0.47786539793014526,0.3446546494960785,0.17747998237609863,0
1736,0.41462910175323486,0.3203984797000885,0.26497235894203186,0
1737,0.3869437575340271,0.34782230854034424,0.2652340531349182,0
1738,0.36702877283096313,0.36968931555747986,0.2632819712162018,1
1739,0.368434876203537,0.3728795349597931,0.2586855888366699,1
1740,0.41370856761932373,0.3327639400959015,0.25352752208709717,0
1741,0.3979659676551819,0.3485317826271057,0.25350221991539,0
1742,0.4375680685043335,0.3110712468624115,0.251360684633255,0
1743,0.45155972242355347,0.28906190395355225,0.2593783736228943,0
1744,0.4352646470069885,0.298993855714798,0.26574158668518066,0
1745,0.4184269309043884,0.3203805088996887,0.2611925005912781,0
1746,0.4513475298881531,0.28159084916114807,0.26706165075302124,0
1747,0.47613611817359924,0.26132887601852417,0.2625349760055542,0
1748,0.4498673677444458,0.2753216624259949,0.27481091022491455,0
1749,0.41904404759407043,0.32643240690231323,0.25452354550361633,0
1750,0.46098384261131287,0.27002543210983276,0.26899078488349915,0
1751,0.4792010188102722,0.25340667366981506,0.2673923969268799,0
1752,0.4683099389076233,0.2632189393043518,0.2684711813926697,0
1753,0.4769444763660431,0.2548465430736542,0.2682090699672699,0
1754,0.47119104862213135,0.26018401980400085,0.2686249017715454,0
1755,0.46485427021980286,0.2521475553512573,0.28299808502197266,0
1756,0.4599475562572479,0.25770342350006104,0.2823491096496582,0
1757,0.4582307040691376,0.2596399784088135,0.2821294069290161,0
1758,0.45459869503974915,0.2593872547149658,0.28601399064064026,0
1759,0.45752549171447754,0.24966391921043396,0.2928105890750885,0
1760,0.46731293201446533,0.24668247997760773,0.2860046327114105,0
1761,0.45910951495170593,0.2985552251338959,0.2423352301120758,0
1762,0.4686371386051178,0.32882770895957947,0.20253510773181915,0
1763,0.4621730148792267,0.33175066113471985,0.20607636868953705,0
1764,0.437160462141037,0.265688955783844,0.2971506118774414,0
1765,0.42606639862060547,0.2764127254486084,0.29752087593078613,0
1766,0.4608147144317627,0.30837565660476685,0.23080968856811523,0
1767,0.4285149574279785,0.2769404649734497,0.2945445775985718,0
1768,0.4400383532047272,0.26391324400901794,0.2960483431816101,0
1769,0.4514094293117523,0.3116646707057953,0.23692595958709717,0
1770,0.4480252265930176,0.29473620653152466,0.25723862648010254,0
1771,0.42204606533050537,0.2992016673088074,0.27875223755836487,0
1772,0.46871858835220337,0.39741408824920654,0.13386739790439606,0
1773,0.42766499519348145,0.46158310770988464,0.11075199395418167,1
1774,0.47511354088783264,0.3777068853378296,0.14717955887317657,0
1775,0.46500590443611145,0.36307018995285034,0.1719239056110382,0
1776,0.47274553775787354,0.3623424768447876,0.16491200029850006,0
1777,0.43399274349212646,0.37467464804649353,0.1913326382637024,0
1778,0.41276296973228455,0.39769428968429565,0.18954281508922577,0
1779,0.41751182079315186,0.397644579410553,0.18484358489513397,0
1780,0.39717599749565125,0.3950961232185364,0.20772787928581238,0
1781,0.41456347703933716,0.31960079073905945,0.26583558320999146,0
1782,0.4158030152320862,0.31735751032829285,0.2668394148349762,0
1783,0.3605208992958069,0.37006253004074097,0.2694165110588074,1
1784,0.46694403886795044,0.2661552429199219,0.26690083742141724,0
1785,0.4321307837963104,0.2956198453903198,0.27224937081336975,0
1786,0.44713306427001953,0.3278410732746124,0.22502581775188446,0
1787,0.4670620262622833,0.35024893283843994,0.18268893659114838,0
1788,0.42060762643814087,0.36694061756134033,0.21245184540748596,0
1789,0.4158293604850769,0.3575971722602844,0.22657349705696106,0
1790,0.45079803466796875,0.3411937952041626,0.208008274435997,0
1791,0.4040663540363312,0.341063529253006,0.2548701763153076,0
1792,0.3783137798309326,0.34826159477233887,0.2734246850013733,0
1793,0.4156135618686676,0.3553057312965393,0.22908073663711548,0
1794,0.4566575884819031,0.2770836651325226,0.26625877618789673,0
1795,0.4796810448169708,0.2545832395553589,0.2657357454299927,0
1796,0.4837891459465027,0.24834612011909485,0.26786476373672485,0
1797,0.47828835248947144,0.2787710130214691,0.24294058978557587,0
1798,0.4976457953453064,0.24134884774684906,0.26100531220436096,0
1799,0.46487653255462646,0.2488267421722412,0.2862967252731323,0
1800,0.4557039737701416,0.25588980317115784,0.28840625286102295,0
1801,0.44513294100761414,0.2539888918399811,0.3008781969547272,0
1802,0.4440072476863861,0.2608458697795868,0.2951468527317047,0
1803,0.44201910495758057,0.25765717029571533,0.3003236949443817,0
1804,0.43129560351371765,0.262673556804657,0.306030809879303,0
1805,0.4820772111415863,0.24001140892505646,0.2779114544391632,0
1806,0.5018993616104126,0.2332412451505661,0.2648594379425049,0
1807,0.5028629302978516,0.22585058212280273,0.2712864577770233,0
1808,0.4890143871307373,0.2449839562177658,0.2660016715526581,0
1809,0.4835949242115021,0.22580130398273468,0.29060372710227966,0
1810,0.43366119265556335,0.24627628922462463,0.320062518119812,0
1811,0.4034488797187805,0.25610804557800293,0.34044304490089417,0
1812,0.377951443195343,0.27115771174430847,0.3508909046649933,0
1813,0.3657539188861847,0.27429133653640747,0.3599546551704407,0
1814,0.3485654890537262,0.281289279460907,0.3701452314853668,2
1815,0.3336924612522125,0.28579822182655334,0.38050928711891174,2
1816,0.320677250623703,0.2891639769077301,0.3901587724685669,2
1817,0.3124857544898987,0.2984229326248169,0.38909122347831726,2
1818,0.33049145340919495,0.2883002758026123,0.38120824098587036,2
1819,0.34359487891197205,0.30315494537353516,0.3532501757144928,2
1820,0.3759803771972656,0.27388596534729004,0.35013365745544434,0
1821,0.4339540898799896,0.26014068722724915,0.3059053421020508,0
1822,0.42944493889808655,0.26018470525741577,0.31037038564682007,0
1823,0.4200230538845062,0.25280681252479553,0.32717007398605347,0
1824,0.38854309916496277,0.26361918449401855,0.34783774614334106,0
1825,0.3561514914035797,0.3175201416015625,0.32632842659950256,0
1826,0.3672506809234619,0.28470396995544434,0.34804534912109375,0
1827,0.34872007369995117,0.31493061780929565,0.33634933829307556,0
1828,0.3498810827732086,0.2889288365840912,0.36118996143341064,2
1829,0.44265851378440857,0.3236451745033264,0.2336963266134262,0
1830,0.4960675835609436,0.3702043294906616,0.13372813165187836,0
1831,0.4769437611103058,0.35168421268463135,0.1713719516992569,0
1832,0.37382879853248596,0.4727262854576111,0.15344494581222534,1
1833,0.42221423983573914,0.34707239270210266,0.23071332275867462,0
1834,0.4209103286266327,0.38813096284866333,0.19095860421657562,0
1835,0.4059596061706543,0.43134379386901855,0.16269655525684357,1
1836,0.4547523558139801,0.40949317812919617,0.13575442135334015,0
1837,0.4426051080226898,0.4077305793762207,0.1496642380952835,0
1838,0.46789321303367615,0.3787495493888855,0.15335720777511597,0
1839,0.4656846821308136,0.3662406802177429,0.16807468235492706,0
1840,0.49242693185806274,0.3504693806171417,0.15710365772247314,0
1841,0.5005496144294739,0.34919703006744385,0.15025335550308228,0
1842,0.4994395673274994,0.34238189458847046,0.15817861258983612,0
1843,0.4889199733734131,0.3614886701107025,0.1495913863182068,0
1844,0.45181557536125183,0.34390345215797424,0.20428095757961273,0
1845,0.41770926117897034,0.38288846611976624,0.19940239191055298,0
1846,0.4246712923049927,0.38032087683677673,0.19500790536403656,0
1847,0.35742589831352234,0.4135519564151764,0.2290220856666565,1
1848,0.3952571153640747,0.39275363087654114,0.21198929846286774,0
1849,0.4651731848716736,0.3628440201282501,0.17198266088962555,0
1850,0.3861290514469147,0.3989020884037018,0.21496886014938354,1
1851,0.4010429084300995,0.4029758870601654,0.1959812343120575,1
1852,0.3390015661716461,0.4267718195915222,0.23422664403915405,1
1853,0.43689781427383423,0.3800468146800995,0.18305541574954987,0
1854,0.44973886013031006,0.3838675916194916,0.16639359295368195,0
1855,0.38710394501686096,0.4126852750778198,0.20021070539951324,1
1856,0.35506752133369446,0.42861127853393555,0.2163211554288864,1
1857,0.3607625663280487,0.4219270944595337,0.21731027960777283,1
1858,0.3566003739833832,0.43239882588386536,0.21100082993507385,1
1859,0.3883483111858368,0.41760748624801636,0.19404421746730804,1
1860,0.3920345604419708,0.3572239577770233,0.25074154138565063,0
1861,0.3928643763065338,0.40313348174095154,0.20400215685367584,1
1862,0.4488033354282379,0.3912171423435211,0.15997949242591858,0
1863,0.4410034418106079,0.3917090892791748,0.1672874540090561,0
1864,0.43636682629585266,0.39276060461997986,0.17087265849113464,0
1865,0.4458371102809906,0.3930284082889557,0.1611345112323761,0
1866,0.441760390996933,0.39450782537460327,0.16373182833194733,0
1867,0.4183390736579895,0.43832018971443176,0.14334070682525635,1
1868,0.4304162263870239,0.3831860423088074,0.18639779090881348,0
1869,0.4392566680908203,0.37702521681785583,0.18371815979480743,0
1870,0.43795880675315857,0.3950408399105072,0.16700047254562378,0
1871,0.4341317415237427,0.3764762878417969,0.18939200043678284,0
1872,0.43525585532188416,0.38034602999687195,0.18439806997776031,0
1873,0.442768931388855,0.3645778298377991,0.19265322387218475,0
1874,0.43295446038246155,0.3579295575618744,0.20911601185798645,0
1875,0.4250444769859314,0.3414675295352936,0.2334880530834198,0
1876,0.4034397006034851,0.3616048991680145,0.23495540022850037,0
1877,0.42895960807800293,0.35137829184532166,0.2196621298789978,0
1878,0.41479501128196716,0.3589557111263275,0.22624920308589935,0
1879,0.39836427569389343,0.36232882738113403,0.23930683732032776,0
1880,0.34479036927223206,0.3953697085380554,0.2598399817943573,1
1881,0.3681153953075409,0.38765472173690796,0.24422991275787354,1
1882,0.3349766433238983,0.4046415388584137,0.2603818476200104,1
1883,0.33216315507888794,0.4093586802482605,0.2584781050682068,1
1884,0.2877468764781952,0.4415290951728821,0.27072393894195557,1
1885,0.2901189625263214,0.44212931394577026,0.2677517831325531,1
1886,0.32467949390411377,0.4137358069419861,0.2615847587585449,1
1887,0.3302726447582245,0.4090079665184021,0.2607194185256958,1
1888,0.3248978853225708,0.40903526544570923,0.2660668194293976,1
1889,0.32006046175956726,0.4184340834617615,0.26150545477867126,1
1890,0.29338210821151733,0.4475743770599365,0.25904351472854614,1
1891,0.4258385896682739,0.3595375120639801,0.2146238386631012,0
1892,0.44774898886680603,0.3491121232509613,0.2031387835741043,0
1893,0.4479862451553345,0.3493049442768097,0.20270878076553345,0
1894,0.40582555532455444,0.36242038011550903,0.23175400495529175,0
1895,0.4491851031780243,0.3419755697250366,0.20883937180042267,0
1896,0.4599703550338745,0.3314474821090698,0.20858225226402283,0
1897,0.480185329914093,0.3501070439815521,0.16970771551132202,0
1898,0.47569897770881653,0.3563632369041443,0.16793783009052277,0
1899,0.48835131525993347,0.3625786304473877,0.14906996488571167,0
1900,0.433247834444046,0.35101059079170227,0.21574154496192932,0
1901,0.45622631907463074,0.353208065032959,0.1905655860900879,0
1902,0.41848024725914,0.33597156405448914,0.24554821848869324,0
1903,0.4552476704120636,0.3510974645614624,0.1936548799276352,0
1904,0.4141290485858917,0.31982579827308655,0.26604515314102173,0
1905,0.3907864987850189,0.3447333574295044,0.2644801735877991,0
1906,0.38017538189888,0.3584691882133484,0.2613554298877716,0
1907,0.3656146824359894,0.378336638212204,0.25604870915412903,1
1908,0.36211997270584106,0.37547767162323,0.26240241527557373,1
1909,0.41227731108665466,0.32617419958114624,0.2615485191345215,0
1910,0.4538242518901825,0.2897186279296875,0.2564571797847748,0
1911,0.4692072868347168,0.2714088261127472,0.259383887052536,0
1912,0.44706976413726807,0.3046988546848297,0.2482314109802246,0
1913,0.47726762294769287,0.26146647334098816,0.2612658143043518,0
1914,0.47471439838409424,0.2573907971382141,0.26789483428001404,0
1915,0.46396714448928833,0.25504738092422485,0.2809855043888092,0
1916,0.4444538354873657,0.2805585563182831,0.2749876081943512,0
1917,0.4439375400543213,0.27813202142715454,0.27793046832084656,0
1918,0.454988569021225,0.2573162615299225,0.28769516944885254,0
1919,0.4088318943977356,0.3095437288284302,0.2816244065761566,0
1920,0.37445971369743347,0.34266725182533264,0.2828730344772339,0
1921,0.3857904374599457,0.32900214195251465,0.2852075695991516,0
1922,0.3953976333141327,0.314102441072464,0.2904999852180481,0
1923,0.39146700501441956,0.3155639171600342,0.2929690182209015,0
1924,0.41428419947624207,0.28373339772224426,0.30198243260383606,0
1925,0.38764187693595886,0.311393141746521,0.3009650409221649,0
1926,0.4025649428367615,0.2961691617965698,0.3012658357620239,0
1927,0.37512773275375366,0.3237444758415222,0.3011278212070465,0
1928,0.405565083026886,0.2870645821094513,0.3073703646659851,0
1929,0.46268561482429504,0.3183428645133972,0.21897158026695251,0
1930,0.45588040351867676,0.3249717652797699,0.21914775669574738,0
1931,0.4251786172389984,0.34304556250572205,0.23177582025527954,0
1932,0.41765907406806946,0.35368868708610535,0.2286522388458252,0
1933,0.43166157603263855,0.3001907765865326,0.26814761757850647,0
1934,0.4410558044910431,0.2516884207725525,0.30725571513175964,0
1935,0.4776962399482727,0.24061541259288788,0.2816883623600006,0
1936,0.48552942276000977,0.2282782942056656,0.2861923575401306,0
1937,0.503729522228241,0.23560623824596405,0.2606641948223114,0
1938,0.5119044780731201,0.22264082729816437,0.2654547691345215,0
1939,0.5179782509803772,0.2049354612827301,0.2770862877368927,0
1940,0.519568920135498,0.19978810846805573,0.28064295649528503,0
1941,0.5125319957733154,0.2160593718290329,0.27140867710113525,0
1942,0.5110297799110413,0.20499670505523682,0.2839735150337219,0
1943,0.48237141966819763,0.21375039219856262,0.30387815833091736,0
1944,0.49801817536354065,0.2054329663515091,0.29654890298843384,0
1945,0.4697645306587219,0.22029276192188263,0.30994272232055664,0
1946,0.47077107429504395,0.22435525059700012,0.30487364530563354,0
1947,0.47243133187294006,0.2210809886455536,0.30648764967918396,0
1948,0.49563297629356384,0.20156607031822205,0.3028009533882141,0
1949,0.46692508459091187,0.22414787113666534,0.3089270293712616,0
1950,0.4386245906352997,0.2357213795185089,0.32565411925315857,0
1951,0.4596248269081116,0.21145202219486237,0.32892316579818726,0
1952,0.5080019235610962,0.24029411375522614,0.2517039477825165,0
1953,0.4444110691547394,0.3242485523223877,0.2313404381275177,0
1954,0.4944263696670532,0.3868378698825836,0.11873579770326614,0
1955,0.5072057247161865,0.3573332726955414,0.13546092808246613,0
1956,0.5074179172515869,0.3625503480434418,0.13003171980381012,0
1957,0.5209851264953613,0.356863796710968,0.12215112894773483,0
1958,0.5423389673233032,0.31549081206321716,0.1421702653169632,0
1959,0.5549697875976562,0.3130832016468048,0.13194704055786133,0
1960,0.5590379238128662,0.3053518533706665,0.13561028242111206,0
1961,0.4932847023010254,0.3419415354728699,0.16477379202842712,0
1962,0.4621150493621826,0.35672250390052795,0.1811625212430954,0
1963,0.4810474216938019,0.3286837637424469,0.19026882946491241,0
1964,0.4515424966812134,0.33081504702568054,0.21764236688613892,0
1965,0.38682305812835693,0.413849800825119,0.19932718575000763,1
1966,0.38763612508773804,0.4170800447463989,0.19528383016586304,1
1967,0.43812689185142517,0.3646215498447418,0.197251558303833,0
1968,0.34816059470176697,0.4319303035736084,0.21990904211997986,1
1969,0.35526910424232483,0.4268256723880768,0.217905193567276,1
1970,0.4067383110523224,0.37974581122398376,0.21351587772369385,0
1971,0.38715028762817383,0.38690096139907837,0.22594872117042542,0
1972,0.3203582465648651,0.4188965857028961,0.2607451379299164,1
1973,0.30282410979270935,0.42794638872146606,0.2692294418811798,1
1974,0.3434087336063385,0.38593238592147827,0.27065885066986084,1
1975,0.3969327509403229,0.3726899325847626,0.23037733137607574,0
1976,0.41363847255706787,0.34758031368255615,0.23878119885921478,0
1977,0.4194928705692291,0.3521328270435333,0.22837428748607635,0
1978,0.40359997749328613,0.3473541736602783,0.24904581904411316,0
1979,0.4296092391014099,0.31213897466659546,0.25825178623199463,0
1980,0.4532414674758911,0.2730332016944885,0.27372533082962036,0
1981,0.45331132411956787,0.2721499800682068,0.27453872561454773,0
1982,0.4623357951641083,0.26502725481987,0.27263686060905457,0
1983,0.4702909588813782,0.2390618771314621,0.29064711928367615,0
1984,0.4768190085887909,0.23671086132526398,0.2864702045917511,0
1985,0.47017228603363037,0.23969736695289612,0.29013028740882874,0
1986,0.4590913951396942,0.24261286854743958,0.2982957661151886,0
1987,0.4718782901763916,0.2270386815071106,0.301082968711853,0
1988,0.4782863259315491,0.22319871187210083,0.2985149621963501,0
1989,0.45246848464012146,0.24790838360786438,0.2996232211589813,0
1990,0.4286070764064789,0.26534584164619446,0.3060472011566162,0
1991,0.4231163561344147,0.2579735815525055,0.31891006231307983,0
1992,0.4010164737701416,0.2732623517513275,0.32572120428085327,0
1993,0.37933459877967834,0.2841337025165558,0.3365316689014435,0
1994,0.3802725374698639,0.2778056859970093,0.34192174673080444,0
1995,0.3737589418888092,0.27861425280570984,0.34762677550315857,0
1996,0.36658746004104614,0.28015756607055664,0.35325491428375244,0
1997,0.39470234513282776,0.26207152009010315,0.3432261347770691,0
1998,0.38576334714889526,0.26024025678634644,0.3539964258670807,0
1999,0.31361183524131775,0.3082118034362793,0.37817636132240295,2
2000,0.3217732608318329,0.2996917963027954,0.3785349428653717,2
2001,0.3131330609321594,0.30971357226371765,0.3771534264087677,2
2002,0.4510977566242218,0.21941658854484558,0.32948559522628784,0
2003,0.4313407838344574,0.21864958107471466,0.35000962018966675,0
2004,0.45052483677864075,0.26584890484809875,0.2836262583732605,0
2005,0.4070267379283905,0.2395772635936737,0.3533959686756134,0
2006,0.4378800094127655,0.21663355827331543,0.34548643231391907,0
2007,0.48970523476600647,0.21048210561275482,0.2998127043247223,0
2008,0.4982886016368866,0.19408275187015533,0.30762866139411926,0
2009,0.5047396421432495,0.1851973980665207,0.31006288528442383,0
2010,0.5049943923950195,0.23888997733592987,0.2561156451702118,0
2011,0.48977038264274597,0.17817050218582153,0.3320590853691101,0
2012,0.4975493252277374,0.17236757278442383,0.33008307218551636,0
2013,0.5012171268463135,0.22915995121002197,0.26962295174598694,0
2014,0.4828169643878937,0.22392961382865906,0.2932533621788025,0
2015,0.49551570415496826,0.16722652316093445,0.3372577428817749,0
2016,0.491251677274704,0.18571095168590546,0.32303741574287415,0
2017,0.48698747158050537,0.20191113650798798,0.3111015260219574,0
2018,0.4843299388885498,0.22051715850830078,0.295152872800827,0
2019,0.5606717467308044,0.2652043402194977,0.1741238683462143,0
2020,0.5015713572502136,0.22681590914726257,0.2716127932071686,0
2021,0.4852662682533264,0.23258481919765472,0.2821488380432129,0
2022,0.49214962124824524,0.20094652473926544,0.3069038391113281,0
2023,0.5154721736907959,0.23206543922424316,0.25246235728263855,0
2024,0.4863726496696472,0.2084200084209442,0.30520737171173096,0
2025,0.48849621415138245,0.20787313580513,0.30363065004348755,0
2026,0.4875495433807373,0.22295883297920227,0.28949159383773804,0
2027,0.4866252541542053,0.22326257824897766,0.29011210799217224,0
2028,0.4628846049308777,0.21706049144268036,0.32005488872528076,0
2029,0.5330846905708313,0.24040178954601288,0.2265135496854782,0
2030,0.5562741160392761,0.29411131143569946,0.14961451292037964,0
2031,0.5785025954246521,0.2688175141811371,0.152679905295372,0
2032,0.48434704542160034,0.23496109247207642,0.28069189190864563,0
2033,0.5407930612564087,0.251252144575119,0.20795483887195587,0
2034,0.5152774453163147,0.2433968186378479,0.24132569134235382,0
2035,0.5583528280258179,0.25564536452293396,0.1860017329454422,0
2036,0.5531214475631714,0.2932705879211426,0.1536080241203308,0
2037,0.5675681233406067,0.28973525762557983,0.14269663393497467,0
2038,0.5764898061752319,0.2773003876209259,0.14620979130268097,0
2039,0.501876950263977,0.294925332069397,0.2031976729631424,0
2040,0.5504238605499268,0.2786169946193695,0.17095910012722015,0
2041,0.568234920501709,0.2775270342826843,0.1542380303144455,0
2042,0.5697034001350403,0.2709977626800537,0.159298837184906,0
2043,0.3986327648162842,0.3013114631175995,0.30005574226379395,0
2044,0.43643811345100403,0.27465787529945374,0.28890398144721985,0
2045,0.45313605666160583,0.2617320418357849,0.28513190150260925,0
2046,0.48866745829582214,0.2797929048538208,0.23153966665267944,0
2047,0.43994471430778503,0.264790415763855,0.29526486992836,0
2048,0.46260741353034973,0.257232666015625,0.28016000986099243,0
2049,0.4814527630805969,0.24468019604682922,0.2738668918609619,0
2050,0.467499703168869,0.2469421625137329,0.2855581045150757,0
2051,0.5513639450073242,0.2615778148174286,0.18705829977989197,0
2052,0.5755224823951721,0.2745788097381592,0.1498986929655075,0
2053,0.5751951932907104,0.29086706042289734,0.13393771648406982,0
2054,0.5166534781455994,0.3660302758216858,0.11731626093387604,0
2055,0.5455202460289001,0.33127477765083313,0.12320499122142792,0
2056,0.5440870523452759,0.31631311774253845,0.13959991931915283,0
2057,0.5356871485710144,0.3295365273952484,0.13477639853954315,0
2058,0.5076785087585449,0.34545987844467163,0.14686162769794464,0
2059,0.558639645576477,0.2973267734050751,0.1440335065126419,0
2060,0.5620766282081604,0.3003757894039154,0.13754767179489136,0
2061,0.557992696762085,0.2940780222415924,0.1479293256998062,0
2062,0.5271145701408386,0.3091636002063751,0.16372178494930267,0
2063,0.5518967509269714,0.2966178059577942,0.15148547291755676,0
2064,0.5528969764709473,0.2969197630882263,0.15018333494663239,0
2065,0.552294909954071,0.2941593527793884,0.1535457968711853,0
2066,0.5325207710266113,0.30695825815200806,0.160521000623703,0
2067,0.47148120403289795,0.324660062789917,0.20385873317718506,0
2068,0.45908626914024353,0.32937589287757874,0.21153786778450012,0
2069,0.3998543918132782,0.3514702618122101,0.24867524206638336,0
2070,0.4259880781173706,0.3352145552635193,0.23879727721214294,0
2071,0.37416648864746094,0.3786567151546478,0.24717673659324646,1
2072,0.33708417415618896,0.3830144703388214,0.27990129590034485,1
2073,0.38034841418266296,0.34967291355133057,0.2699786424636841,0
2074,0.3519124984741211,0.3666459321975708,0.2814416289329529,1
2075,0.38091763854026794,0.3361087441444397,0.28297364711761475,0
2076,0.3953995406627655,0.33464860916137695,0.26995182037353516,0
2077,0.4003375768661499,0.3447796702384949,0.2548828721046448,0
2078,0.4032200574874878,0.33529606461524963,0.26148396730422974,0
2079,0.4119255244731903,0.3250563144683838,0.2630182206630707,0
2080,0.413728266954422,0.3220864236354828,0.2641853094100952,0
2081,0.37463948130607605,0.3483809530735016,0.2769795060157776,0
2082,0.35721373558044434,0.3877165615558624,0.25506964325904846,1
2083,0.4615896940231323,0.37674352526664734,0.16166678071022034,0
2084,0.36244699358940125,0.35487574338912964,0.2826773226261139,0
2085,0.364815354347229,0.3532673418521881,0.28191739320755005,0
2086,0.36893990635871887,0.38795557618141174,0.243104487657547,1
2087,0.3530399203300476,0.3986414074897766,0.24831867218017578,1
2088,0.3573654890060425,0.3940316438674927,0.2486027479171753,1
2089,0.36342400312423706,0.3818086087703705,0.25476735830307007,1
2090,0.3659113049507141,0.3447180986404419,0.2893705368041992,0
2091,0.35100388526916504,0.36803334951400757,0.28096285462379456,1
2092,0.35109373927116394,0.3587501049041748,0.2901560962200165,1
2093,0.3586050868034363,0.3374754786491394,0.3039195239543915,0
2094,0.3796968162059784,0.3235228955745697,0.2967803180217743,0
2095,0.357126384973526,0.35840392112731934,0.28446969389915466,1
2096,0.4023372530937195,0.2856627404689789,0.31199997663497925,0
2097,0.4284897744655609,0.26687830686569214,0.30463188886642456,0
2098,0.3744942247867584,0.3402719497680664,0.28523385524749756,0
2099,0.3690030872821808,0.32661983370780945,0.304377019405365,0
2100,0.39564988017082214,0.2927030026912689,0.31164705753326416,0
2101,0.4052460491657257,0.27432480454444885,0.32042908668518066,0
2102,0.3924882113933563,0.2819168269634247,0.32559502124786377,0
2103,0.3885858356952667,0.2993662655353546,0.3120478093624115,0
2104,0.3609265089035034,0.3428533673286438,0.29622018337249756,0
2105,0.4233710765838623,0.3312012553215027,0.24542772769927979,0
2106,0.44832196831703186,0.4175226092338562,0.13415534794330597,0
2107,0.3844940662384033,0.5099863409996033,0.1055196225643158,1
2108,0.4454454779624939,0.44047585129737854,0.11407869309186935,0
2109,0.44636866450309753,0.3420853912830353,0.2115458995103836,0
2110,0.5459035634994507,0.27524805068969727,0.1788482964038849,0
2111,0.5266175270080566,0.31789278984069824,0.1554897129535675,0
2112,0.5251240730285645,0.3125168979167938,0.16235899925231934,0
2113,0.5381594300270081,0.2941734492778778,0.1676671802997589,0
2114,0.5443876385688782,0.29748663306236267,0.15812566876411438,0
2115,0.5344646573066711,0.2793072760105133,0.18622806668281555,0
2116,0.5378656387329102,0.28384125232696533,0.17829306423664093,0
2117,0.4364679157733917,0.3054666817188263,0.258065402507782,0
2118,0.4806268811225891,0.2705257833003998,0.24884727597236633,0
2119,0.5420722365379333,0.2712680697441101,0.18665967881679535,0
2120,0.5454798936843872,0.2744406759738922,0.18007948994636536,0
2121,0.5020745992660522,0.2981112003326416,0.19981421530246735,0
2122,0.48002058267593384,0.3127882182598114,0.20719106495380402,0
2123,0.5012081265449524,0.3068411648273468,0.19195063412189484,0
2124,0.4081055819988251,0.3648872673511505,0.2270071655511856,0
2125,0.43967291712760925,0.31301045417785645,0.24731667339801788,0
2126,0.4503014087677002,0.30581703782081604,0.24388156831264496,0
2127,0.34841710329055786,0.37909090518951416,0.2724919319152832,1
2128,0.37549829483032227,0.33695945143699646,0.2875422239303589,0
2129,0.43317872285842896,0.2937694191932678,0.2730518579483032,0
2130,0.4209958612918854,0.28429052233695984,0.29471370577812195,0
2131,0.4924793839454651,0.28216490149497986,0.22535571455955505,0
2132,0.3872956335544586,0.34913909435272217,0.2635653018951416,0
2133,0.3464401364326477,0.4190513491630554,0.23450857400894165,1
2134,0.3863287568092346,0.3584750294685364,0.25519615411758423,0
2135,0.37999218702316284,0.3445858657360077,0.27542197704315186,0
2136,0.37016740441322327,0.3695041835308075,0.26032838225364685,0
2137,0.37567490339279175,0.3648023307323456,0.25952276587486267,0
2138,0.37758442759513855,0.3487757742404938,0.27363985776901245,0
2139,0.3921695947647095,0.33475562930107117,0.27307480573654175,0
2140,0.38499927520751953,0.34302252531051636,0.2719782292842865,0
2141,0.403884619474411,0.3292751908302307,0.2668401598930359,0
2142,0.402453750371933,0.322506308555603,0.27504000067710876,0
2143,0.3901750147342682,0.3415457010269165,0.2682792544364929,0
2144,0.3751743733882904,0.35362088680267334,0.27120476961135864,0
2145,0.35752177238464355,0.3557714819908142,0.28670674562454224,0
2146,0.34030577540397644,0.37265753746032715,0.2870366871356964,1
2147,0.3466174304485321,0.3704500198364258,0.28293246030807495,1
2148,0.33945348858833313,0.3724592328071594,0.28808724880218506,1
2149,0.3441290259361267,0.363461971282959,0.2924089729785919,1
2150,0.34074002504348755,0.363913893699646,0.29534605145454407,1
2151,0.3391217291355133,0.35477322340011597,0.3061050772666931,1
2152,0.3422950506210327,0.36110931634902954,0.29659563302993774,1
2153,0.3869948983192444,0.35604584217071533,0.2569592595100403,0
2154,0.42799171805381775,0.36228957772254944,0.20971865952014923,0
2155,0.40433984994888306,0.4511508047580719,0.14450938999652863,1
2156,0.42513182759284973,0.47846099734306335,0.09640714526176453,1
2157,0.5059749484062195,0.3556815981864929,0.1383434534072876,0
2158,0.5225344300270081,0.33603233098983765,0.1414332538843155,0
2159,0.5122919082641602,0.3553471267223358,0.13236086070537567,0
2160,0.530301570892334,0.3317951261997223,0.13790331780910492,0
2161,0.518012523651123,0.33974990248680115,0.1422375589609146,0
2162,0.5161750912666321,0.32153570652008057,0.16228918731212616,0
2163,0.5149645209312439,0.31184494495391846,0.1731906235218048,0
2164,0.5159994959831238,0.3071572482585907,0.17684316635131836,0
2165,0.3790264129638672,0.40004274249076843,0.22093096375465393,1
2166,0.4073837399482727,0.3767641484737396,0.21585215628147125,0
2167,0.30912598967552185,0.4688408672809601,0.22203324735164642,1
2168,0.29661044478416443,0.47044119238853455,0.2329484224319458,1
2169,0.41159918904304504,0.37015971541404724,0.2182411104440689,0
2170,0.4004253149032593,0.3788805305957794,0.22069409489631653,0
2171,0.31686750054359436,0.463503897190094,0.21962863206863403,1
2172,0.3268550932407379,0.4433058202266693,0.2298390418291092,1
2173,0.33744367957115173,0.42861175537109375,0.23394456505775452,1
2174,0.3635924160480499,0.42138808965682983,0.21501953899860382,1
2175,0.44093790650367737,0.386736661195755,0.17232546210289001,0
2176,0.4348199963569641,0.42990642786026,0.13527365028858185,0
2177,0.47844570875167847,0.387464702129364,0.1340896189212799,0
2178,0.4864799976348877,0.3775887191295624,0.13593128323554993,0
2179,0.4806979298591614,0.3905075490474701,0.12879443168640137,0
2180,0.5149346590042114,0.3794414699077606,0.10562382638454437,0
2181,0.5152507424354553,0.3616786301136017,0.123070627450943,0
2182,0.517409086227417,0.36037012934684753,0.12222076952457428,0
2183,0.5126627087593079,0.37373098731040955,0.11360633373260498,0
2184,0.4944688081741333,0.3718620538711548,0.13366912305355072,0
2185,0.5222309231758118,0.35841062664985657,0.11935843527317047,0
2186,0.4525413513183594,0.3865460753440857,0.16091255843639374,0
2187,0.44633644819259644,0.38655349612236023,0.16710999608039856,0
2188,0.4263785481452942,0.3893720805644989,0.18424934148788452,0
2189,0.3738890290260315,0.3970582187175751,0.2290528267621994,1
2190,0.4563809335231781,0.38085904717445374,0.1627599000930786,0
2191,0.5258182287216187,0.3574373126029968,0.11674440652132034,0
2192,0.4513196349143982,0.3847646117210388,0.16391579806804657,0
2193,0.5062861442565918,0.36721718311309814,0.12649665772914886,0
2194,0.4746449291706085,0.3772541582584381,0.14810088276863098,0
2195,0.4581588804721832,0.3831001818180084,0.15874090790748596,0
2196,0.47210511565208435,0.37658196687698364,0.1513129472732544,0
2197,0.4527621865272522,0.3863353133201599,0.16090244054794312,0
2198,0.5114569067955017,0.3652070462703705,0.1233360767364502,0
2199,0.46373775601387024,0.4322441816329956,0.10401804745197296,0
2200,0.505197286605835,0.3982442021369934,0.09655848145484924,0
2201,0.5165120959281921,0.37763240933418274,0.10585550218820572,0
2202,0.5183404684066772,0.37377217411994934,0.10788746178150177,0
2203,0.5159862041473389,0.3801436424255371,0.10387014597654343,0
2204,0.4374181926250458,0.40844210982322693,0.15413962304592133,0
2205,0.5220810770988464,0.3577312231063843,0.12018761038780212,0
2206,0.5189815759658813,0.3701983690261841,0.11082008481025696,0
2207,0.4641224443912506,0.4366673231124878,0.09921036660671234,0
2208,0.5090973973274231,0.3666220009326935,0.12428063899278641,0
2209,0.5255976915359497,0.35747066140174866,0.11693169176578522,0
2210,0.4181657135486603,0.4050501883029938,0.17678415775299072,0
2211,0.3497426509857178,0.4183386266231537,0.2319187968969345,1
2212,0.353639155626297,0.42488014698028564,0.22148068249225616,1
2213,0.33180397748947144,0.4287295937538147,0.23946642875671387,1
2214,0.35956689715385437,0.41667088866233826,0.22376219928264618,1
2215,0.32389184832572937,0.48211419582366943,0.1939939558506012,1
2216,0.3776802122592926,0.3992065191268921,0.2231132835149765,1
2217,0.36984696984291077,0.40190646052360535,0.22824658453464508,1
2218,0.37879130244255066,0.3819713294506073,0.23923739790916443,1
2219,0.38530048727989197,0.3803611993789673,0.23433834314346313,0
2220,0.3719936013221741,0.3848138451576233,0.24319247901439667,1
2221,0.38516727089881897,0.37252792716026306,0.24230478703975677,0
2222,0.36782941222190857,0.3922485113143921,0.23992207646369934,1
2223,0.46632981300354004,0.41721904277801514,0.11645111441612244,0
2224,0.4765857458114624,0.38466590642929077,0.13874833285808563,0
2225,0.40734103322029114,0.4021379053592682,0.19052112102508545,0
2226,0.4059705138206482,0.40941742062568665,0.18461203575134277,1
2227,0.27230286598205566,0.5121643543243408,0.21553277969360352,1
2228,0.28617382049560547,0.4945274591445923,0.21929873526096344,1
2229,0.276673823595047,0.5119917988777161,0.21133440732955933,1
2230,0.26700496673583984,0.530514657497406,0.20248037576675415,1
2231,0.24520152807235718,0.5794010162353516,0.17539741098880768,1
2232,0.24082359671592712,0.5934274196624756,0.16574890911579132,1
2233,0.2475796341896057,0.563281238079071,0.18913914263248444,1
2234,0.26844871044158936,0.5406466126441956,0.19090460240840912,1
2235,0.28777098655700684,0.49988600611686707,0.21234305202960968,1
2236,0.27931898832321167,0.5308036208152771,0.18987734615802765,1
2237,0.2800748944282532,0.5187569856643677,0.20116816461086273,1
2238,0.2988424003124237,0.48420193791389465,0.21695566177368164,1
2239,0.3405240476131439,0.4532853364944458,0.20619061589241028,1
2240,0.3398595154285431,0.45149391889572144,0.20864653587341309,1
2241,0.34083566069602966,0.45480474829673767,0.20435962080955505,1
2242,0.32749396562576294,0.4611852169036865,0.21132075786590576,1
2243,0.3331107199192047,0.5082855224609375,0.15860368311405182,1
2244,0.3482421040534973,0.49224817752838135,0.15950973331928253,1
2245,0.35889700055122375,0.4878312945365906,0.15327174961566925,1
2246,0.3687363862991333,0.48516371846199036,0.14609982073307037,1
2247,0.32856088876724243,0.5559594035148621,0.11547958850860596,1
2248,0.322001188993454,0.5486233830451965,0.1293753981590271,1
2249,0.3705751299858093,0.4870944023132324,0.1423305720090866,1
2250,0.34466975927352905,0.5139482617378235,0.14138196408748627,1
2251,0.3315425217151642,0.5180264115333557,0.15043103694915771,1
2252,0.2603832483291626,0.5970457792282104,0.14257106184959412,1
2253,0.2793378233909607,0.5935137867927551,0.12714841961860657,1
2254,0.2614111006259918,0.6210358142852783,0.11755309998989105,1
2255,0.2691555917263031,0.6093733906745911,0.12147103995084763,1
2256,0.24850474298000336,0.6240017414093018,0.12749356031417847,1
2257,0.22874604165554047,0.6303802728652954,0.14087359607219696,1
2258,0.18724806606769562,0.657579779624939,0.15517228841781616,1
2259,0.18088752031326294,0.6604332327842712,0.15867924690246582,1
2260,0.15632598102092743,0.689930260181427,0.15374381840229034,1
2261,0.17669546604156494,0.6618929505348206,0.1614115834236145,1
2262,0.2357078194618225,0.5711697936058044,0.19312235713005066,1
2263,0.2461327463388443,0.5476780533790588,0.20618915557861328,1
2264,0.26120662689208984,0.5210488438606262,0.21774451434612274,1
2265,0.27006959915161133,0.5015082955360413,0.2284221202135086,1
2266,0.2602883577346802,0.5079140663146973,0.23179762065410614,1
2267,0.2900133728981018,0.4721066355705261,0.23788003623485565,1
2268,0.28228065371513367,0.4764861762523651,0.24123312532901764,1
2269,0.28342607617378235,0.4739440977573395,0.24262993037700653,1
2270,0.28093090653419495,0.4750402569770813,0.24402883648872375,1
2271,0.257681667804718,0.4977511167526245,0.24456721544265747,1
2272,0.23050419986248016,0.5298910140991211,0.23960484564304352,1
2273,0.23710204660892487,0.520412802696228,0.24248510599136353,1
2274,0.2256336808204651,0.5354881882667542,0.23887810111045837,1
2275,0.23014646768569946,0.5312460660934448,0.23860740661621094,1
2276,0.1867741197347641,0.5939460396766663,0.21927982568740845,1
2277,0.22506728768348694,0.540047287940979,0.23488539457321167,1
2278,0.26445427536964417,0.48757097125053406,0.24797475337982178,1
2279,0.2478775978088379,0.5059933662414551,0.2461290806531906,1
2280,0.2588408291339874,0.49277204275131226,0.24838712811470032,1
2281,0.25406506657600403,0.49849843978881836,0.24743646383285522,1
2282,0.2337341159582138,0.5192150473594666,0.24705076217651367,1
2283,0.2333926111459732,0.5177607536315918,0.24884653091430664,1
2284,0.21594631671905518,0.5498925447463989,0.2341611385345459,1
2285,0.21762573719024658,0.5460903644561768,0.23628394305706024,1
2286,0.30202487111091614,0.5019645094871521,0.19601057469844818,1
2287,0.36612802743911743,0.47400978207588196,0.159862220287323,1
2288,0.32750576734542847,0.4563116133213043,0.21618258953094482,1
2289,0.40010324120521545,0.43904733657836914,0.16084939241409302,1
2290,0.3308309316635132,0.4522632658481598,0.21690577268600464,1
2291,0.33654898405075073,0.4448302686214447,0.21862077713012695,1
2292,0.3260454535484314,0.44510430097579956,0.22885026037693024,1
2293,0.3213285207748413,0.44482389092445374,0.23384764790534973,1
2294,0.33272695541381836,0.45136716961860657,0.21590596437454224,1
2295,0.32012709975242615,0.4657825529575348,0.2140902429819107,1
2296,0.3612436354160309,0.48747292160987854,0.15128344297409058,1
2297,0.3627355396747589,0.48030975461006165,0.15695472061634064,1
2298,0.32634592056274414,0.5039197206497192,0.16973426938056946,1
2299,0.28573885560035706,0.5155674815177917,0.1986936330795288,1
2300,0.3202892243862152,0.47584494948387146,0.20386578142642975,1
2301,0.2975462079048157,0.5239014029502869,0.17855243384838104,1
2302,0.3330065608024597,0.474314421415329,0.1926790028810501,1
2303,0.3084157407283783,0.5095649361610413,0.1820193976163864,1
2304,0.3378731906414032,0.46795907616615295,0.19416768848896027,1
2305,0.32039156556129456,0.48581352829933167,0.19379496574401855,1
2306,0.327998548746109,0.47844722867012024,0.1935541331768036,1
2307,0.3224894404411316,0.48744580149650574,0.19006472826004028,1
2308,0.3304407596588135,0.4776856601238251,0.19187353551387787,1
2309,0.32435882091522217,0.48554933071136475,0.1900917887687683,1
2310,0.31515923142433167,0.49090254306793213,0.1939382702112198,1
2311,0.3100539743900299,0.4931466579437256,0.19679930806159973,1
2312,0.31038716435432434,0.5021466016769409,0.18746621906757355,1
2313,0.3108726143836975,0.5163514614105225,0.1727759689092636,1
2314,0.30826014280319214,0.5485098958015442,0.14322994649410248,1
2315,0.3238109052181244,0.5358167290687561,0.1403723806142807,1
2316,0.30684247612953186,0.5451721549034119,0.1479852944612503,1
2317,0.32541424036026,0.5313799381256104,0.14320577681064606,1
2318,0.32951515913009644,0.5155392289161682,0.15494558215141296,1
2319,0.32685586810112,0.5246673226356506,0.1484767496585846,1
2320,0.31873568892478943,0.5143541693687439,0.16691003739833832,1
2321,0.34108400344848633,0.5056010484695435,0.15331488847732544,1
2322,0.3418930172920227,0.5067614316940308,0.15134549140930176,1
2323,0.36365389823913574,0.5051841139793396,0.1311618685722351,1
2324,0.3553588390350342,0.5180339217185974,0.1266072392463684,1
2325,0.34621462225914,0.5112686157226562,0.14251674711704254,1
2326,0.296042263507843,0.5408363342285156,0.16312138736248016,1
2327,0.245657280087471,0.5613108277320862,0.193031907081604,1
2328,0.25340500473976135,0.5541560053825378,0.19243909418582916,1
2329,0.28244006633758545,0.5444023013114929,0.17315760254859924,1
2330,0.2643153667449951,0.5353330373764038,0.2003515064716339,1
2331,0.27310362458229065,0.5319219827651978,0.19497442245483398,1
2332,0.28643035888671875,0.5323066115379333,0.18126289546489716,1
2333,0.30571669340133667,0.5163085460662842,0.17797479033470154,1
2334,0.3185024559497833,0.4944411516189575,0.18705639243125916,1
2335,0.34454286098480225,0.4699958562850952,0.18546131253242493,1
2336,0.3540964424610138,0.45664337277412415,0.18926014006137848,1
2337,0.34688442945480347,0.4695809483528137,0.1835346221923828,1
2338,0.34758761525154114,0.44585752487182617,0.20655480027198792,1
2339,0.3523123264312744,0.4382867217063904,0.20940090715885162,1
2340,0.34617409110069275,0.4440446197986603,0.20978127419948578,1
2341,0.33710092306137085,0.45204558968544006,0.2108534872531891,1
2342,0.3495440185070038,0.43976664543151855,0.21068929135799408,1
2343,0.3349074125289917,0.4513290822505951,0.21376347541809082,1
2344,0.34262001514434814,0.44394704699516296,0.21343302726745605,1
2345,0.33304932713508606,0.450610876083374,0.21633975207805634,1
2346,0.3275667726993561,0.4543271064758301,0.21810616552829742,1
2347,0.311624139547348,0.4676525592803955,0.22072334587574005,1
2348,0.2704528868198395,0.5006279349327087,0.2289191335439682,1
2349,0.25501468777656555,0.5169627070426941,0.22802257537841797,1
2350,0.22179463505744934,0.5551425218582153,0.22306294739246368,1
2351,0.22572968900203705,0.5491540431976318,0.22511620819568634,1
2352,0.2231391966342926,0.5532705783843994,0.2235901951789856,1
2353,0.23400314152240753,0.5392818450927734,0.22671496868133545,1
2354,0.3315659165382385,0.49354544281959534,0.17488867044448853,1
2355,0.3389461934566498,0.5066198706626892,0.1544339656829834,1
2356,0.34151503443717957,0.4855559170246124,0.17292897403240204,1
2357,0.3294859230518341,0.4572889804840088,0.2132250815629959,1
2358,0.3050130605697632,0.46733951568603516,0.2276473343372345,1
2359,0.3422001898288727,0.5382245182991028,0.11957525461912155,1
2360,0.3540852665901184,0.5255498290061951,0.12036488950252533,1
2361,0.2915811836719513,0.5708253383636475,0.13759353756904602,1
2362,0.34129995107650757,0.5040067434310913,0.15469327569007874,1
2363,0.2633533775806427,0.5947275757789612,0.1419190913438797,1
2364,0.2873072326183319,0.5716872811317444,0.14100541174411774,1
2365,0.30663251876831055,0.5386196970939636,0.15474770963191986,1
2366,0.29789626598358154,0.5579808354377747,0.1441228836774826,1
2367,0.28100714087486267,0.5644532442092896,0.154539555311203,1
2368,0.24521683156490326,0.6005851626396179,0.1541978418827057,1
2369,0.2536173462867737,0.5905459523200989,0.15583664178848267,1
2370,0.2640799880027771,0.5722078084945679,0.16371223330497742,1
2371,0.2728467583656311,0.5653237700462341,0.1618293672800064,1
2372,0.2403058558702469,0.5918489694595337,0.16784515976905823,1
2373,0.24210301041603088,0.5708788633346558,0.18701809644699097,1
2374,0.26053160429000854,0.5725858211517334,0.16688264906406403,1
2375,0.2052038311958313,0.6219444274902344,0.17285169661045074,1
2376,0.25563180446624756,0.5741065144538879,0.1702616810798645,1
2377,0.22108694911003113,0.6040254831314087,0.1748874932527542,1
2378,0.3282775580883026,0.5284353494644165,0.14328700304031372,1
2379,0.3126601576805115,0.4874836802482605,0.1998562067747116,1
2380,0.3192708194255829,0.5289632678031921,0.1517658680677414,1
2381,0.2764017581939697,0.5533180832862854,0.1702800989151001,1
2382,0.27561259269714355,0.5572978258132935,0.1670895218849182,1
2383,0.3153142035007477,0.5375536680221558,0.14713218808174133,1
2384,0.3167506754398346,0.5371164083480835,0.14613290131092072,1
2385,0.3043239712715149,0.5449419617652893,0.15073400735855103,1
2386,0.2847971022129059,0.5567091107368469,0.158493772149086,1
2387,0.2921558618545532,0.5491713285446167,0.1586727797985077,1
2388,0.29507771134376526,0.5435460209846497,0.16137628257274628,1
2389,0.2886483371257782,0.5502219200134277,0.16112984716892242,1
2390,0.30354470014572144,0.5402889251708984,0.15616638958454132,1
2391,0.31555184721946716,0.5389441251754761,0.14550405740737915,1
2392,0.2994200885295868,0.5395469069480896,0.16103306412696838,1
2393,0.3011954724788666,0.5371342301368713,0.1616702824831009,1
2394,0.33557066321372986,0.5185015797615051,0.14592768251895905,1
2395,0.31844303011894226,0.5281615853309631,0.15339547395706177,1
2396,0.28259363770484924,0.5460870265960693,0.171319380402565,1
2397,0.22990086674690247,0.5723478198051453,0.19775128364562988,1
2398,0.24566854536533356,0.5612136721611023,0.19311769306659698,1
2399,0.2400730699300766,0.5575509667396545,0.20237603783607483,1
2400,0.233513742685318,0.5623446106910706,0.20414157211780548,1
2401,0.197164386510849,0.6147743463516235,0.18806123733520508,1
2402,0.21529506146907806,0.584773600101471,0.19993136823177338,1
2403,0.1525474637746811,0.6687535047531128,0.1786990761756897,1
2404,0.18150389194488525,0.6221123337745667,0.19638383388519287,1
2405,0.15174856781959534,0.6715619564056396,0.17668955028057098,1
2406,0.1590450555086136,0.6600226759910583,0.18093223869800568,1
2407,0.1633535474538803,0.652270495891571,0.18437595665454865,1
2408,0.1737021803855896,0.638080358505249,0.1882173866033554,1
2409,0.1736639142036438,0.635747492313385,0.19058845937252045,1
2410,0.18997998535633087,0.6082512140274048,0.20176878571510315,1
2411,0.1812090128660202,0.6194787621498108,0.19931218028068542,1
2412,0.1502954065799713,0.6670443415641785,0.18266019225120544,1
2413,0.18624499440193176,0.6121439337730408,0.2016110122203827,1
2414,0.19083814322948456,0.6027196645736694,0.20644225180149078,1
2415,0.20746402442455292,0.5776097774505615,0.21492624282836914,1
2416,0.1916300356388092,0.5973557233810425,0.2110142558813095,1
2417,0.17061112821102142,0.6260915398597717,0.20329730212688446,1
2418,0.18015190958976746,0.6147242188453674,0.20512379705905914,1
2419,0.18857425451278687,0.6089415550231934,0.2024841606616974,1
2420,0.2210252732038498,0.580507755279541,0.19846691191196442,1
2421,0.21828322112560272,0.5888312458992004,0.19288550317287445,1
2422,0.28171613812446594,0.5221929550170898,0.1960909068584442,1
2423,0.28072360157966614,0.5219888091087341,0.19728754460811615,1
2424,0.29008617997169495,0.5257945656776428,0.18411920964717865,1
2425,0.319596529006958,0.512413501739502,0.16798987984657288,1
2426,0.34066277742385864,0.5097621083259583,0.14957505464553833,1
2427,0.2977413535118103,0.5204096436500549,0.18184897303581238,1
2428,0.30588701367378235,0.5051372647285461,0.1889757513999939,1
2429,0.3084349036216736,0.5018153786659241,0.18974970281124115,1
2430,0.31210002303123474,0.500324547290802,0.18757548928260803,1
2431,0.300888329744339,0.516201913356781,0.18290971219539642,1
2432,0.3321017920970917,0.4970569908618927,0.17084120213985443,1
2433,0.32877057790756226,0.49880754947662354,0.17242193222045898,1
2434,0.31128785014152527,0.5151090621948242,0.17360302805900574,1
2435,0.2840748131275177,0.5222494006156921,0.19367577135562897,1
2436,0.3070110082626343,0.5126492381095886,0.18033984303474426,1
2437,0.35945335030555725,0.4991157054901123,0.14143086969852448,1
2438,0.374386727809906,0.48730501532554626,0.13830824196338654,1
2439,0.3539170026779175,0.5201751589775085,0.12590771913528442,1
2440,0.3152582347393036,0.5299926996231079,0.1547490954399109,1
2441,0.2962563931941986,0.5390833020210266,0.1646602600812912,1
2442,0.2977607548236847,0.5369681715965271,0.1652711033821106,1
2443,0.2690320909023285,0.5408624410629272,0.1901053935289383,1
2444,0.24187518656253815,0.5490752458572388,0.2090495526790619,1
2445,0.23903365433216095,0.5553353428840637,0.20563098788261414,1
2446,0.29965803027153015,0.5181423425674438,0.18219953775405884,1
2447,0.19612756371498108,0.6078667640686035,0.19600564241409302,1
2448,0.24133126437664032,0.5573930740356445,0.20127567648887634,1
2449,0.2645672857761383,0.539679765701294,0.1957530379295349,1
2450,0.27165794372558594,0.5325443744659424,0.19579775631427765,1
2451,0.28632768988609314,0.5121014714241028,0.20157074928283691,1
2452,0.2934573292732239,0.513484537601471,0.19305816292762756,1
2453,0.2972320318222046,0.5058403611183167,0.19692760705947876,1
2454,0.2784025967121124,0.5084465742111206,0.213150754570961,1
2455,0.2391170859336853,0.5488359332084656,0.21204698085784912,1
2456,0.24041371047496796,0.54371178150177,0.21587452292442322,1
2457,0.29351893067359924,0.4656851589679718,0.24079598486423492,1
2458,0.27834463119506836,0.4864724278450012,0.2351829707622528,1
2459,0.22719967365264893,0.5505330562591553,0.2222672402858734,1
2460,0.25439688563346863,0.5151078104972839,0.23049524426460266,1
2461,0.23525680601596832,0.5415364503860474,0.22320687770843506,1
2462,0.2270115315914154,0.5495652556419373,0.22342316806316376,1
2463,0.2378017008304596,0.5373778343200684,0.22482043504714966,1
2464,0.274337500333786,0.490094929933548,0.2355675846338272,1
2465,0.26505038142204285,0.5042757987976074,0.2306738644838333,1
2466,0.2984837591648102,0.46155738830566406,0.23995891213417053,1
2467,0.3115255534648895,0.4547869563102722,0.2336873859167099,1
2468,0.33646175265312195,0.43403688073158264,0.2295013666152954,1
2469,0.32714131474494934,0.42422783374786377,0.2486308217048645,1
2470,0.293072909116745,0.4609954059123993,0.2459317445755005,1
2471,0.2693401873111725,0.47766977548599243,0.2529900074005127,1
2472,0.2681863009929657,0.48118385672569275,0.25062984228134155,1
2473,0.32514676451683044,0.42385581135749817,0.2509973347187042,1
2474,0.2741439938545227,0.48518097400665283,0.24067507684230804,1
2475,0.26017022132873535,0.49865978956222534,0.24116989970207214,1
2476,0.2654139995574951,0.4926195442676544,0.24196650087833405,1
2477,0.2652595341205597,0.4932785928249359,0.2414618730545044,1
2478,0.23421142995357513,0.529120683670044,0.23666788637638092,1
2479,0.22092586755752563,0.5476065874099731,0.23146753013134003,1
2480,0.2542291283607483,0.5106897354125977,0.23508112132549286,1
2481,0.3477093279361725,0.4012276530265808,0.25106295943260193,1
2482,0.2879835367202759,0.47545140981674194,0.2365649938583374,1
2483,0.21903182566165924,0.5627502799034119,0.2182178795337677,1
2484,0.24766004085540771,0.5412592887878418,0.2110806256532669,1
2485,0.21462802588939667,0.5677112936973572,0.217660591006279,1
2486,0.2564188539981842,0.5252877473831177,0.2182934582233429,1
2487,0.27639517188072205,0.5055606961250305,0.21804411709308624,1
2488,0.2812122404575348,0.5184255242347717,0.2003621906042099,1
2489,0.2527903914451599,0.5248109102249146,0.22239863872528076,1
2490,0.3195106089115143,0.44304758310317993,0.23744182288646698,1
2491,0.33865365386009216,0.426511287689209,0.23483499884605408,1
2492,0.3853333294391632,0.4513303339481354,0.16333630681037903,1
2493,0.38117390871047974,0.40076592564582825,0.21806015074253082,1
2494,0.35890546441078186,0.4137553870677948,0.22733914852142334,1
2495,0.2702963054180145,0.6120606660842896,0.11764291673898697,1
2496,0.3154674768447876,0.5507381558418274,0.133794367313385,1
2497,0.2844400405883789,0.6202321648597717,0.09532786160707474,1
2498,0.3146352767944336,0.5490736365318298,0.136291041970253,1
2499,0.3117789030075073,0.5048117637634277,0.18340934813022614,1
2500,0.2918573021888733,0.5061842203140259,0.2019585222005844,1
2501,0.2764960527420044,0.5225081443786621,0.2009957879781723,1
2502,0.2665903866291046,0.5342499613761902,0.19915957748889923,1
2503,0.28180578351020813,0.4835861325263977,0.23460811376571655,1
2504,0.2419288605451584,0.5305917859077454,0.22747938334941864,1
2505,0.19412969052791595,0.589901328086853,0.21596893668174744,1
2506,0.2620048224925995,0.5080041885375977,0.22999101877212524,1
2507,0.2744358479976654,0.49520641565322876,0.23035790026187897,1
2508,0.3500535190105438,0.40714704990386963,0.24279938638210297,1
2509,0.3243774175643921,0.4469848573207855,0.22863776981830597,1
2510,0.3953174352645874,0.35578179359436035,0.24890078604221344,0
2511,0.4193909466266632,0.3312237858772278,0.2493852823972702,0
2512,0.40486738085746765,0.35074475407600403,0.2443879097700119,0
2513,0.36719655990600586,0.3940466642379761,0.23875677585601807,1
2514,0.3941228687763214,0.37468695640563965,0.23119017481803894,0
2515,0.40814390778541565,0.3635319471359253,0.22832410037517548,0
2516,0.4269419014453888,0.3396860361099243,0.2333720624446869,0
2517,0.451971173286438,0.3219522535800934,0.22607651352882385,0
2518,0.41568443179130554,0.357444703578949,0.2268708348274231,0
2519,0.4106137156486511,0.3315497636795044,0.2578364312648773,0
2520,0.3788612484931946,0.37026098370552063,0.2508777678012848,0
2521,0.3587747812271118,0.39046555757522583,0.25075969099998474,1
2522,0.336897075176239,0.40910422801971436,0.25399860739707947,1
2523,0.3467988967895508,0.40017232298851013,0.2530286908149719,1
2524,0.27811139822006226,0.4714731276035309,0.25041553378105164,1
2525,0.3282189965248108,0.41923919320106506,0.25254181027412415,1
2526,0.3307860791683197,0.41720321774482727,0.2520107924938202,1
2527,0.38097554445266724,0.38364776968955994,0.23537668585777283,1
2528,0.36623746156692505,0.39837461709976196,0.2353878766298294,1
2529,0.41882455348968506,0.3540559709072113,0.22711950540542603,0
2530,0.4040549397468567,0.3711610436439514,0.22478404641151428,0
2531,0.3538140058517456,0.41426724195480347,0.23191873729228973,1
2532,0.32272177934646606,0.44462597370147705,0.23265226185321808,1
2533,0.29355061054229736,0.47858676314353943,0.2278626412153244,1
2534,0.26358532905578613,0.5155298709869385,0.22088488936424255,1
2535,0.2501106262207031,0.5445544123649597,0.20533493161201477,1
2536,0.249762624502182,0.5494014620780945,0.20083589851856232,1
2537,0.23494355380535126,0.5591397881507874,0.20591670274734497,1
2538,0.23604042828083038,0.5669475197792053,0.19701197743415833,1
2539,0.23724234104156494,0.5721818804740906,0.1905757337808609,1
2540,0.23951835930347443,0.5729297399520874,0.18755191564559937,1
2541,0.20434582233428955,0.6507422924041748,0.1449119597673416,1
2542,0.25025486946105957,0.5721502900123596,0.177594855427742,1
2543,0.2566628158092499,0.5754501819610596,0.16788698732852936,1
2544,0.2557793855667114,0.5478615164756775,0.1963590830564499,1
2545,0.2390986829996109,0.5452466011047363,0.21565477550029755,1
2546,0.20779527723789215,0.5182301998138428,0.27397456765174866,1
2547,0.21837908029556274,0.5260329246520996,0.25558802485466003,1
2548,0.212504580616951,0.518710732460022,0.2687847316265106,1
2549,0.24445922672748566,0.5194892883300781,0.23605147004127502,1
2550,0.22144180536270142,0.5462328791618347,0.23232531547546387,1
2551,0.22972971200942993,0.5735019445419312,0.1967683732509613,1
2552,0.30950281023979187,0.5232234597206116,0.16727371513843536,1
2553,0.3274611830711365,0.5325864553451538,0.13995234668254852,1
2554,0.2464611679315567,0.636696994304657,0.11684183776378632,1
2555,0.17338496446609497,0.718223512172699,0.10839150100946426,1
2556,0.14776726067066193,0.7477749586105347,0.10445767641067505,1
2557,0.12076815962791443,0.793986976146698,0.08524493873119354,1
2558,0.14887785911560059,0.7537028789520264,0.09741916507482529,1
2559,0.21926052868366241,0.6161199808120728,0.16461950540542603,1
2560,0.17478564381599426,0.6998756527900696,0.12533867359161377,1
2561,0.1809844970703125,0.6907150149345398,0.1283005177974701,1
2562,0.16228269040584564,0.7497691512107849,0.08794814348220825,1
2563,0.20974834263324738,0.6286584734916687,0.16159312427043915,1
2564,0.19894486665725708,0.6969961524009705,0.10405892133712769,1
2565,0.2792644500732422,0.5671867728233337,0.1535487174987793,1
2566,0.2949681580066681,0.5014235973358154,0.20360831916332245,1
2567,0.16239693760871887,0.7043806910514832,0.13322237133979797,1
2568,0.15769749879837036,0.709316611289978,0.1329858899116516,1
2569,0.1625063121318817,0.7115195989608765,0.12597402930259705,1
2570,0.13510358333587646,0.7461405992507935,0.11875585466623306,1
2571,0.1337875872850418,0.753545880317688,0.11266656219959259,1
2572,0.14129327237606049,0.7538217902183533,0.10488497465848923,1
2573,0.07424161583185196,0.8448032140731812,0.08095517009496689,1
2574,0.10682406276464462,0.7942704558372498,0.09890557825565338,1
2575,0.1639937311410904,0.7287330627441406,0.10727325826883316,1
2576,0.12287121266126633,0.779905378818512,0.09722349047660828,1
2577,0.05397266149520874,0.8772355318069458,0.06879179924726486,1
2578,0.08049964904785156,0.829578161239624,0.08992215991020203,1
2579,0.08532188087701797,0.8195510506629944,0.09512710571289062,1
2580,0.1387801170349121,0.7407352328300476,0.12048453837633133,1
2581,0.1470918208360672,0.7118984460830688,0.14100973308086395,1
2582,0.15508699417114258,0.6952542066574097,0.14965876936912537,1
2583,0.12995336949825287,0.7606803774833679,0.10936631262302399,1
2584,0.167532816529274,0.6737064719200134,0.1587606519460678,1
2585,0.19776764512062073,0.6483388543128967,0.15389351546764374,1
2586,0.20457476377487183,0.6206466555595398,0.17477862536907196,1
2587,0.2675621509552002,0.5936805009841919,0.13875730335712433,1
2588,0.3024968206882477,0.5394293069839478,0.15807388722896576,1
2589,0.24058236181735992,0.6024810671806335,0.15693657100200653,1
2590,0.18662165105342865,0.6844176054000854,0.12896066904067993,1
2591,0.1258096843957901,0.7694204449653625,0.10476987063884735,1
2592,0.12725642323493958,0.7468143701553345,0.12592928111553192,1
2593,0.1405383050441742,0.7379641532897949,0.12149755656719208,1
2594,0.17137378454208374,0.7017409801483154,0.1268853098154068,1
2595,0.18631970882415771,0.6507930159568787,0.1628873199224472,1
2596,0.19465892016887665,0.6513038277626038,0.15403716266155243,1
2597,0.2970625162124634,0.5325809717178345,0.17035648226737976,1
2598,0.2951401174068451,0.5390167832374573,0.16584306955337524,1
2599,0.18749265372753143,0.6663545966148376,0.14615283906459808,1
2600,0.1710497885942459,0.6786807775497437,0.15026940405368805,1
2601,0.2623053789138794,0.5337046980857849,0.20398996770381927,1
2602,0.22725223004817963,0.6135565042495728,0.15919123589992523,1
2603,0.2747657299041748,0.5302601456642151,0.1949741095304489,1
2604,0.3627883493900299,0.4696001410484314,0.1676114797592163,1
2605,0.3545123338699341,0.47134003043174744,0.17414768040180206,1
2606,0.3275579512119293,0.49910208582878113,0.17333999276161194,1
2607,0.3357751667499542,0.48499754071235657,0.17922741174697876,1
2608,0.3067997097969055,0.5177451968193054,0.17545512318611145,1
2609,0.32517388463020325,0.5099536180496216,0.1648724228143692,1
2610,0.3274901509284973,0.5024797916412354,0.17003001272678375,1
2611,0.18731842935085297,0.6631014943122864,0.14958004653453827,1
2612,0.1660933792591095,0.6980896592140198,0.13581706583499908,1
2613,0.19334562122821808,0.6393114328384399,0.16734303534030914,1
2614,0.19683381915092468,0.632867157459259,0.1702989935874939,1
2615,0.2947610318660736,0.5272156000137329,0.1780233234167099,1
2616,0.2623155117034912,0.5524768829345703,0.1852075308561325,1
2617,0.23712323606014252,0.5772454738616943,0.18563130497932434,1
2618,0.2242763638496399,0.6161342263221741,0.15958939492702484,1
2619,0.38246363401412964,0.4362809360027313,0.18125535547733307,1
2620,0.36686721444129944,0.45410290360450745,0.1790299266576767,1
2621,0.3674909174442291,0.46163320541381836,0.1708759069442749,1
2622,0.3418353199958801,0.4919253885746002,0.16623924672603607,1
2623,0.2594004273414612,0.593266487121582,0.1473330706357956,1
2624,0.23751138150691986,0.609677255153656,0.15281134843826294,1
2625,0.24287983775138855,0.6091034412384033,0.14801669120788574,1
2626,0.24416743218898773,0.5979621410369873,0.1578703671693802,1
2627,0.26230061054229736,0.5939733982086182,0.14372597634792328,1
2628,0.2404865175485611,0.6423550844192505,0.11715836077928543,1
2629,0.22074837982654572,0.6631591320037842,0.1160925105214119,1
2630,0.20801888406276703,0.667368471622467,0.12461267411708832,1
2631,0.20568276941776276,0.6736332774162292,0.12068403512239456,1
2632,0.18529918789863586,0.6899551749229431,0.12474565953016281,1
2633,0.18182478845119476,0.702195942401886,0.11597928404808044,1
2634,0.17776061594486237,0.7121104001998901,0.11012895405292511,1
2635,0.17910337448120117,0.684183657169342,0.1367129236459732,1
2636,0.15876752138137817,0.721703290939331,0.11952926963567734,1
2637,0.16040721535682678,0.712938129901886,0.12665466964244843,1
2638,0.16011632978916168,0.7139844298362732,0.1258993148803711,1
2639,0.14897127449512482,0.7119969129562378,0.13903187215328217,1
2640,0.14975672960281372,0.7134356498718262,0.1368076056241989,1
2641,0.15150657296180725,0.7130935192108154,0.1353999227285385,1
2642,0.1561651974916458,0.7113984823226929,0.13243632018566132,1
2643,0.09042035788297653,0.8664284944534302,0.04315111041069031,1
2644,0.10399867594242096,0.8331097364425659,0.06289157271385193,1
2645,0.09175048768520355,0.8442791700363159,0.06397038698196411,1
2646,0.10850425809621811,0.8048925995826721,0.08660309761762619,1
2647,0.16493315994739532,0.7246966361999512,0.11037017405033112,1
2648,0.2324891984462738,0.6551662087440491,0.11234462261199951,1
2649,0.32502996921539307,0.5409818887710571,0.1339881271123886,1
2650,0.28764814138412476,0.5913901925086975,0.12096159905195236,1
2651,0.3546297550201416,0.48905909061431885,0.15631115436553955,1
2652,0.24368862807750702,0.6465963125228882,0.1097150519490242,1
2653,0.2538505494594574,0.6302677392959595,0.11588169634342194,1
2654,0.263017475605011,0.6206657886505127,0.11631681770086288,1
2655,0.26374977827072144,0.622603714466095,0.1136464923620224,1
2656,0.2380765676498413,0.6569517254829407,0.10497183352708817,1
2657,0.251531720161438,0.6356245279312134,0.1128438264131546,1
2658,0.2340371310710907,0.6556550860404968,0.1103077381849289,1
2659,0.222422257065773,0.6863412261009216,0.09123650938272476,1
2660,0.17949026823043823,0.7374445796012878,0.08306513726711273,1
2661,0.1924971491098404,0.7182133197784424,0.08928945660591125,1
2662,0.17313383519649506,0.7407907843589783,0.0860753282904625,1
2663,0.2043459713459015,0.703440248966217,0.09221383929252625,1
2664,0.22005867958068848,0.6736059784889221,0.10633528977632523,1
2665,0.21267154812812805,0.6755019426345825,0.11182641983032227,1
2666,0.1778363436460495,0.7162293791770935,0.1059342548251152,1
2667,0.1586942821741104,0.7059722542762756,0.1353333592414856,1
2668,0.1612454652786255,0.7158490419387817,0.12290539592504501,1
2669,0.17289774119853973,0.7030335664749146,0.12406859546899796,1
2670,0.21267403662204742,0.6642686724662781,0.12305734306573868,1
2671,0.21775616705417633,0.665946364402771,0.11629750579595566,1
2672,0.2052069902420044,0.6910741329193115,0.10371894389390945,1
2673,0.23027145862579346,0.6708143949508667,0.09891410917043686,1
2674,0.2798583507537842,0.5863988399505615,0.13374274969100952,1
2675,0.19913242757320404,0.6999115943908691,0.10095591098070145,1
2676,0.2123831957578659,0.6811588406562805,0.10645782202482224,1
2677,0.21505951881408691,0.6729995608329773,0.11194087564945221,1
2678,0.20156879723072052,0.6976211071014404,0.10081011056900024,1
2679,0.23432637751102448,0.6525089144706726,0.11316464841365814,1
2680,0.11037636548280716,0.8153611421585083,0.07426252216100693,1
2681,0.08557848632335663,0.8750241994857788,0.03939719870686531,1
2682,0.08446352928876877,0.8721652626991272,0.04337114840745926,1
2683,0.11867232620716095,0.8197422027587891,0.061585474759340286,1
2684,0.15025310218334198,0.7691854238510132,0.08056148141622543,1
2685,0.16797547042369843,0.7371395826339722,0.0948849692940712,1
2686,0.2290978729724884,0.6401422619819641,0.1307598501443863,1
2687,0.22610677778720856,0.6234682202339172,0.1504250168800354,1
2688,0.19941368699073792,0.6418712735176086,0.15871500968933105,1
2689,0.17473652958869934,0.6609628200531006,0.16430063545703888,1
2690,0.23974518477916718,0.5417136549949646,0.218541219830513,1
2691,0.22708305716514587,0.570182204246521,0.20273467898368835,1
2692,0.2608155310153961,0.5060617327690125,0.2331228256225586,1
2693,0.27414974570274353,0.4755178987979889,0.25033238530158997,1
2694,0.192477747797966,0.6035023927688599,0.20401981472969055,1
2695,0.20565129816532135,0.5918079018592834,0.20254072546958923,1
2696,0.24114467203617096,0.5456075072288513,0.21324774622917175,1
2697,0.18189290165901184,0.6141728162765503,0.20393434166908264,1
2698,0.12742559611797333,0.6973129510879517,0.17526140809059143,1
2699,0.18459758162498474,0.5980150103569031,0.21738742291927338,1
2700,0.20462633669376373,0.544646680355072,0.2507269084453583,1
2701,0.19785603880882263,0.5272156596183777,0.27492833137512207,1
2702,0.1937195509672165,0.5286056995391846,0.27767467498779297,1
2703,0.16449832916259766,0.5754748582839966,0.26002684235572815,1
2704,0.25009995698928833,0.45603951811790466,0.2938605546951294,1
2705,0.4044977128505707,0.35648658871650696,0.23901565372943878,0
2706,0.40676170587539673,0.31696853041648865,0.27626970410346985,0
2707,0.404214471578598,0.3406311273574829,0.25515440106391907,0
2708,0.4678458273410797,0.27117401361465454,0.26098018884658813,0
2709,0.4916606545448303,0.25842466950416565,0.24991460144519806,0
2710,0.47172629833221436,0.25961068272590637,0.2686629593372345,0
2711,0.42586550116539,0.27979108691215515,0.2943434417247772,0
2712,0.4148580729961395,0.28379544615745544,0.30134642124176025,0
2713,0.4156077802181244,0.2914835810661316,0.29290854930877686,0
2714,0.4498729705810547,0.3889939486980438,0.16113309562206268,0
2715,0.4602653682231903,0.3721834719181061,0.16755107045173645,0
2716,0.4516352713108063,0.37300512194633484,0.1753595769405365,0
2717,0.3738156259059906,0.41654011607170105,0.20964424312114716,1
2718,0.3808935284614563,0.41325902938842773,0.2058473825454712,1
2719,0.3856254816055298,0.4207509160041809,0.19362357258796692,1
2720,0.3512202799320221,0.44066935777664185,0.20811043679714203,1
2721,0.40024954080581665,0.41664716601371765,0.18310335278511047,1
2722,0.4183705151081085,0.41456690430641174,0.16706261038780212,0
2723,0.4168608784675598,0.372129887342453,0.21100926399230957,0
2724,0.40460634231567383,0.3310607075691223,0.26433295011520386,0
2725,0.405808687210083,0.32347291707992554,0.27071836590766907,0
2726,0.43581801652908325,0.29470881819725037,0.269473135471344,0
2727,0.4059280753135681,0.31387534737586975,0.28019657731056213,0
2728,0.43921905755996704,0.2876683473587036,0.27311256527900696,0
2729,0.4220724403858185,0.3614112138748169,0.21651633083820343,0
2730,0.40362346172332764,0.35031163692474365,0.2460649609565735,0
2731,0.3927280306816101,0.32763171195983887,0.2796403467655182,0
2732,0.35844677686691284,0.3618149161338806,0.27973833680152893,1
2733,0.31956207752227783,0.445680171251297,0.23475782573223114,1
2734,0.2944548428058624,0.4432924687862396,0.26225268840789795,1
2735,0.48853230476379395,0.24848634004592896,0.26298126578330994,0
2736,0.5029615759849548,0.23716090619564056,0.2598775029182434,0
2737,0.5053437352180481,0.2411474883556366,0.25350868701934814,0
2738,0.4634281396865845,0.2636275887489319,0.2729443311691284,0
2739,0.43327996134757996,0.272857129573822,0.29386284947395325,0
2740,0.4868466258049011,0.24840949475765228,0.2647438645362854,0
2741,0.44101977348327637,0.2796097993850708,0.27937042713165283,0
2742,0.4188980162143707,0.29194894433021545,0.28915300965309143,0
2743,0.3887317478656769,0.29329201579093933,0.3179762661457062,0
2744,0.42654678225517273,0.27903518080711365,0.294418066740036,0
2745,0.4278709292411804,0.2777705788612366,0.2943585515022278,0
2746,0.40690872073173523,0.29034602642059326,0.3027452528476715,0
2747,0.44070059061050415,0.3969533145427704,0.16234609484672546,0
2748,0.4032962918281555,0.32945722341537476,0.2672465145587921,0
2749,0.4421778619289398,0.2841988503932953,0.27362334728240967,0
2750,0.40204840898513794,0.3228943347930908,0.27505728602409363,0
2751,0.42066168785095215,0.29635393619537354,0.2829843759536743,0
2752,0.4790833294391632,0.27745869755744934,0.24345803260803223,0
2753,0.44659391045570374,0.28455859422683716,0.26884737610816956,0
2754,0.43829283118247986,0.29245439171791077,0.2692527770996094,0
2755,0.3899182081222534,0.32246991991996765,0.28761178255081177,0
2756,0.4448586106300354,0.29176226258277893,0.2633790373802185,0
2757,0.38265058398246765,0.31911638379096985,0.2982330322265625,0
2758,0.4344656765460968,0.3948439061641693,0.1706903576850891,0
2759,0.43876081705093384,0.3983950912952423,0.16284410655498505,0
2760,0.44265350699424744,0.39937254786491394,0.15797393023967743,0
2761,0.45731717348098755,0.3864186704158783,0.15626421570777893,0
2762,0.45320698618888855,0.37653860449790955,0.1702544093132019,0
2763,0.4497063457965851,0.27479177713394165,0.27550187706947327,0
2764,0.45627856254577637,0.29920661449432373,0.24451477825641632,0
2765,0.5029839873313904,0.25802192091941833,0.2389940768480301,0
2766,0.4459059536457062,0.28968214988708496,0.2644118368625641,0
2767,0.39091843366622925,0.3298701047897339,0.27921146154403687,0
2768,0.45440104603767395,0.2885608673095703,0.2570382058620453,0
2769,0.504172682762146,0.2556605339050293,0.24016675353050232,0
2770,0.4956315755844116,0.2580629885196686,0.2463054656982422,0
2771,0.5007269382476807,0.23650196194648743,0.2627710998058319,0
2772,0.4771243631839752,0.2511826157569885,0.27169302105903625,0
2773,0.4578995704650879,0.284146249294281,0.2579541504383087,0
2774,0.40746375918388367,0.3188483417034149,0.27368783950805664,0
2775,0.38361743092536926,0.34918197989463806,0.26720064878463745,0
2776,0.3656439483165741,0.3809327483177185,0.2534233331680298,1
2777,0.3264703154563904,0.41095149517059326,0.26257818937301636,1
2778,0.3050415813922882,0.458636611700058,0.236321821808815,1
2779,0.2793855667114258,0.46090537309646606,0.25970903038978577,1
2780,0.2978307902812958,0.46756690740585327,0.23460230231285095,1
2781,0.2714007794857025,0.44784724712371826,0.2807519733905792,1
2782,0.28297507762908936,0.42562970519065857,0.2913952171802521,1
2783,0.2766720950603485,0.4151584506034851,0.30816957354545593,1
2784,0.26654595136642456,0.40609461069107056,0.3273594081401825,1
2785,0.2532525956630707,0.3910709619522095,0.35567644238471985,1
2786,0.2594321072101593,0.3956248462200165,0.34494298696517944,1
2787,0.3166302442550659,0.3995576500892639,0.28381213545799255,1
2788,0.3221434950828552,0.3899882137775421,0.28786829113960266,1
2789,0.37801334261894226,0.3879909813404083,0.23399567604064941,1
2790,0.3039644956588745,0.38362807035446167,0.3124074339866638,1
2791,0.2897525727748871,0.3846893906593323,0.32555803656578064,1
2792,0.39947977662086487,0.38733845949172974,0.21318185329437256,0
2793,0.40280795097351074,0.34956881403923035,0.2476232945919037,0
2794,0.3107975721359253,0.49595674872398376,0.19324563443660736,1
2795,0.3919224441051483,0.35734161734580994,0.250735878944397,0
2796,0.36381152272224426,0.3779095411300659,0.25827890634536743,1
2797,0.29977717995643616,0.4494667947292328,0.25075605511665344,1
2798,0.32739830017089844,0.4113623797893524,0.26123932003974915,1
2799,0.2933851182460785,0.4533858299255371,0.253229022026062,1
2800,0.2416181117296219,0.5131914615631104,0.24519044160842896,1
2801,0.24782885611057281,0.4988439083099365,0.25332728028297424,1
2802,0.39668530225753784,0.4495331048965454,0.15378156304359436,1
2803,0.3841753304004669,0.3553061783313751,0.2605184018611908,0
2804,0.443892240524292,0.32421576976776123,0.2318919599056244,0
2805,0.42254379391670227,0.3075730800628662,0.2698831856250763,0
2806,0.4061160385608673,0.2903081774711609,0.303575724363327,0
2807,0.4065403938293457,0.28252577781677246,0.31093382835388184,0
2808,0.4517318904399872,0.28694820404052734,0.2613198757171631,0
2809,0.485898494720459,0.3249523341655731,0.18914911150932312,0
2810,0.48646512627601624,0.3095388114452362,0.20399612188339233,0
2811,0.48029688000679016,0.3055085837841034,0.21419449150562286,0
2812,0.46829724311828613,0.31005147099494934,0.2216513603925705,0
2813,0.4596141576766968,0.31766679883003235,0.22271893918514252,0
2814,0.45023030042648315,0.3136375844478607,0.23613208532333374,0
2815,0.43946120142936707,0.3214903771877289,0.23904843628406525,0
2816,0.39172229170799255,0.2864120602607727,0.32186564803123474,0
2817,0.40154531598091125,0.27589336037635803,0.32256126403808594,0
2818,0.4574790596961975,0.2458641678094864,0.2966567575931549,0
2819,0.3529191315174103,0.32454341650009155,0.3225374221801758,0
2820,0.40801599621772766,0.26826414465904236,0.32371991872787476,0
2821,0.46979308128356934,0.22198589146137238,0.30822113156318665,0
2822,0.42549729347229004,0.2503577768802643,0.32414495944976807,0
2823,0.42473381757736206,0.24800927937030792,0.3272568881511688,0
2824,0.41284245252609253,0.2571679949760437,0.32998958230018616,0
2825,0.4368915855884552,0.2340858280658722,0.32902252674102783,0
2826,0.4699643850326538,0.31312477588653564,0.21691091358661652,0
2827,0.4094288945198059,0.2952367961406708,0.2953343093395233,0
2828,0.4141041934490204,0.3024468719959259,0.2834489643573761,0
2829,0.4272591471672058,0.24639086425304413,0.32635003328323364,0
2830,0.4795633852481842,0.2260444164276123,0.2943921983242035,0
2831,0.494292676448822,0.22746357321739197,0.278243750333786,0
2832,0.49243950843811035,0.2302173376083374,0.27734312415122986,0
2833,0.4250871539115906,0.25582292675971985,0.3190899193286896,0
2834,0.3976067006587982,0.2711844742298126,0.33120882511138916,0
2835,0.40005946159362793,0.2721586227416992,0.32778200507164,0
2836,0.40725356340408325,0.27523326873779297,0.3175131678581238,0
2837,0.40097907185554504,0.2782229781150818,0.32079797983169556,0
2838,0.424123615026474,0.2600942552089691,0.3157821297645569,0
2839,0.4018634557723999,0.27230575680732727,0.3258307874202728,0
2840,0.43045610189437866,0.2472807765007019,0.32226312160491943,0
2841,0.40351271629333496,0.2585468292236328,0.3379404544830322,0
2842,0.4069884121417999,0.2704470753669739,0.3225645124912262,0
2843,0.4805904030799866,0.299165815114975,0.22024385631084442,0
2844,0.4055418074131012,0.2789887487888336,0.3154693841934204,0
2845,0.410383403301239,0.2421092391014099,0.3475072681903839,0
2846,0.4522531032562256,0.28926461935043335,0.2584821879863739,0
2847,0.46527647972106934,0.3069494068622589,0.22777414321899414,0
2848,0.4604451358318329,0.321540504693985,0.21801434457302094,0
2849,0.45835429430007935,0.32411640882492065,0.2175293117761612,0
2850,0.40207090973854065,0.3505299389362335,0.2473991960287094,0
2851,0.3922542333602905,0.31615814566612244,0.29158756136894226,0
2852,0.4260968267917633,0.37977322936058044,0.19413000345230103,0
2853,0.44039690494537354,0.3307873010635376,0.22881580889225006,0
2854,0.4283880591392517,0.3275851905345917,0.24402683973312378,0
2855,0.388727068901062,0.3204159140586853,0.2908570468425751,0
2856,0.37876826524734497,0.3355841040611267,0.2856476604938507,0
2857,0.3719182014465332,0.31276604533195496,0.31531572341918945,0
2858,0.4025495648384094,0.33898672461509705,0.2584637403488159,0
2859,0.416583776473999,0.3327595293521881,0.25065672397613525,0
2860,0.4068478047847748,0.32663530111312866,0.26651686429977417,0
2861,0.3994254767894745,0.32856521010398865,0.27200931310653687,0
2862,0.373599648475647,0.3587040305137634,0.2676963210105896,0
2863,0.39445778727531433,0.3338885009288788,0.2716537415981293,0
2864,0.39030417799949646,0.3353003263473511,0.2743954360485077,0
2865,0.3952988386154175,0.33128708600997925,0.2734139859676361,0
2866,0.3860931396484375,0.33553004264831543,0.27837690711021423,0
2867,0.3886116147041321,0.3411080539226532,0.27028024196624756,0
2868,0.3657692074775696,0.34603914618492126,0.28819167613983154,0
2869,0.3663290739059448,0.33637773990631104,0.29729315638542175,0
2870,0.3650853633880615,0.35627102851867676,0.27864354848861694,0
2871,0.3728923201560974,0.38001731038093567,0.24709035456180573,1
2872,0.40847811102867126,0.304998517036438,0.2865232825279236,0
2873,0.4001508951187134,0.3152671158313751,0.2845819592475891,0
2874,0.34603601694107056,0.3639090657234192,0.29005494713783264,1
2875,0.3536267578601837,0.39492613077163696,0.25144705176353455,1
2876,0.4087281823158264,0.3110237419605255,0.28024810552597046,0
2877,0.3956611454486847,0.354215145111084,0.2501237094402313,0
2878,0.3816274404525757,0.3609962463378906,0.25737637281417847,0
2879,0.40267717838287354,0.37400349974632263,0.22331932187080383,0
2880,0.4092444181442261,0.3504336178302765,0.2403220683336258,0
2881,0.3929254710674286,0.33525893092155457,0.27181556820869446,0
2882,0.39689698815345764,0.3263872265815735,0.27671584486961365,0
2883,0.39484864473342896,0.3798500597476959,0.22530123591423035,0
2884,0.39859360456466675,0.3833790123462677,0.21802741289138794,0
2885,0.3987843692302704,0.374625027179718,0.22659055888652802,0
2886,0.3855750560760498,0.35486820340156555,0.25955674052238464,0
2887,0.4018123149871826,0.3744369447231293,0.22375082969665527,0
2888,0.40776845812797546,0.37271004915237427,0.2195214182138443,0
2889,0.41713792085647583,0.3692282438278198,0.21363388001918793,0
2890,0.4140421152114868,0.3751039505004883,0.2108539491891861,0
2891,0.4466547667980194,0.3608109951019287,0.19253425300121307,0
2892,0.43550363183021545,0.35072144865989685,0.21377496421337128,0
2893,0.4201439917087555,0.3784378170967102,0.2014181911945343,0
2894,0.42773565649986267,0.3621097803115845,0.21015454828739166,0
2895,0.39790472388267517,0.3708025813102722,0.231292724609375,0
2896,0.3696087896823883,0.35117822885513306,0.279213011264801,0
2897,0.37262338399887085,0.33790290355682373,0.28947368264198303,0
2898,0.3762073218822479,0.36324694752693176,0.2605457603931427,0
2899,0.4221612215042114,0.2928456962108612,0.28499317169189453,0
2900,0.4011482298374176,0.33105549216270447,0.2677963376045227,0
2901,0.4399482011795044,0.2857130169868469,0.27433881163597107,0
2902,0.42194581031799316,0.28938809037208557,0.28866615891456604,0
2903,0.44503530859947205,0.2685096263885498,0.28645503520965576,0
2904,0.4477114677429199,0.27176129817962646,0.2805272340774536,0
2905,0.4454787075519562,0.27431076765060425,0.28021058440208435,0
2906,0.42924559116363525,0.28742367029190063,0.2833307385444641,0
2907,0.433393657207489,0.2760066092014313,0.2905997931957245,0
2908,0.44094404578208923,0.26832306385040283,0.29073286056518555,0
2909,0.4577903151512146,0.25588542222976685,0.2863243520259857,0
2910,0.44875645637512207,0.2588867247104645,0.29235681891441345,0
2911,0.45553240180015564,0.2532177269458771,0.29124996066093445,0
2912,0.45093461871147156,0.25164535641670227,0.2974199652671814,0
2913,0.4200117886066437,0.2696807384490967,0.31030747294425964,0
2914,0.40069815516471863,0.2852123975753784,0.31408950686454773,0
2915,0.4400053322315216,0.2573262155056,0.30266839265823364,0
2916,0.42438921332359314,0.265312135219574,0.3102985918521881,0
2917,0.34076711535453796,0.3179963529109955,0.34123656153678894,2
2918,0.3731195628643036,0.31923550367355347,0.30764487385749817,0
2919,0.3618406653404236,0.30997827649116516,0.32818102836608887,0
2920,0.34596139192581177,0.37814992666244507,0.2758888304233551,1
2921,0.3749198913574219,0.43443357944488525,0.19064661860466003,1
2922,0.3547305464744568,0.36525312066078186,0.28001633286476135,1
2923,0.4008084237575531,0.31343701481819153,0.2857545018196106,0
2924,0.4574825167655945,0.31704121828079224,0.22547626495361328,0
2925,0.46488308906555176,0.3164367973804474,0.21868006885051727,0
2926,0.4319978654384613,0.327123761177063,0.24087834358215332,0
2927,0.4439510107040405,0.3255562484264374,0.2304927408695221,0
2928,0.4478174149990082,0.3350110948085785,0.21717150509357452,0
2929,0.4534086287021637,0.3333986699581146,0.2131926417350769,0
2930,0.4430805444717407,0.3432542383670807,0.21366512775421143,0
2931,0.38510581851005554,0.29813823103904724,0.31675592064857483,0
2932,0.46103838086128235,0.24820390343666077,0.29075777530670166,0
2933,0.490386039018631,0.22423742711544037,0.28537654876708984,0
2934,0.46871161460876465,0.28291189670562744,0.2483765184879303,0
2935,0.4953811466693878,0.23871944844722748,0.2658993601799011,0
2936,0.49508023262023926,0.24928392469882965,0.2556358575820923,0
2937,0.4828411936759949,0.24425826966762543,0.2729005813598633,0
2938,0.4826274812221527,0.24980401992797852,0.2675684988498688,0
2939,0.4850093424320221,0.2473742514848709,0.2676163911819458,0
2940,0.4842076003551483,0.24936392903327942,0.26642847061157227,0
2941,0.43529781699180603,0.2823786735534668,0.2823234498500824,0
2942,0.41990143060684204,0.26993730664253235,0.31016117334365845,0
2943,0.39383214712142944,0.31052273511886597,0.29564499855041504,0
2944,0.35661187767982483,0.3255161941051483,0.3178718388080597,0
2945,0.3131117522716522,0.348572701215744,0.338315486907959,1
2946,0.34177273511886597,0.34266820549964905,0.3155590891838074,1
2947,0.3548971116542816,0.33397576212882996,0.31112709641456604,0
2948,0.27999719977378845,0.3318779170513153,0.388124942779541,2
2949,0.2960125207901001,0.3189205825328827,0.385066956281662,2
2950,0.3013951778411865,0.33139345049858093,0.3672112822532654,2
2951,0.20881259441375732,0.5186108350753784,0.27257657051086426,1
2952,0.20652469992637634,0.509296715259552,0.28417855501174927,1
2953,0.20072811841964722,0.47186142206192017,0.327410489320755,1
2954,0.2150416225194931,0.44748902320861816,0.3374693691730499,1
2955,0.2527696490287781,0.4343671500682831,0.3128632605075836,1
2956,0.23216456174850464,0.46688225865364075,0.30095311999320984,1
2957,0.2513042390346527,0.45349761843681335,0.2951980531215668,1
2958,0.3052053153514862,0.4755129814147949,0.21928179264068604,1
2959,0.38740983605384827,0.36681342124938965,0.24577686190605164,0
2960,0.3822564482688904,0.3687954246997833,0.24894820153713226,0
2961,0.30450010299682617,0.4432029724121094,0.25229695439338684,1
2962,0.34059593081474304,0.41515448689460754,0.244249626994133,1
2963,0.3263770043849945,0.43601518869400024,0.23760783672332764,1
2964,0.3944253623485565,0.34214287996292114,0.2634317874908447,0
2965,0.3692781627178192,0.37702059745788574,0.2537013590335846,1
2966,0.3315311670303345,0.42918622493743896,0.23928257822990417,1
2967,0.2615276575088501,0.503007709980011,0.23546460270881653,1
2968,0.2586778998374939,0.5021390318870544,0.23918305337429047,1
2969,0.22125878930091858,0.5252802968025208,0.25346091389656067,1
2970,0.27879583835601807,0.5067200660705566,0.21448403596878052,1
2971,0.3059779405593872,0.5063015222549438,0.18772047758102417,1
2972,0.2813282907009125,0.4460921585559845,0.2725796401500702,1
2973,0.28975751996040344,0.4336438477039337,0.27659860253334045,1
2974,0.2912195920944214,0.45310577750205994,0.25567471981048584,1
2975,0.28742530941963196,0.4167356789112091,0.2958389222621918,1
2976,0.2849135100841522,0.41317886114120483,0.3019077181816101,1
2977,0.35370752215385437,0.3593274652957916,0.286965012550354,1
2978,0.31266000866889954,0.3913516104221344,0.29598841071128845,1
2979,0.34561753273010254,0.3603532612323761,0.29402923583984375,1
2980,0.3571314513683319,0.3589794635772705,0.2838890850543976,1
2981,0.3773575723171234,0.3453356623649597,0.27730679512023926,0
2982,0.407524049282074,0.311282753944397,0.28119319677352905,0
2983,0.39948782324790955,0.31704023480415344,0.2834719121456146,0
2984,0.3435076177120209,0.37784522771835327,0.2786470651626587,1
2985,0.2843394875526428,0.4295959174633026,0.2860645055770874,1
2986,0.3183461129665375,0.4071204960346222,0.2745335102081299,1
2987,0.30583426356315613,0.42575743794441223,0.26840823888778687,1
2988,0.28183573484420776,0.4612950384616852,0.2568691670894623,1
2989,0.2512091100215912,0.4887427091598511,0.26004812121391296,1
2990,0.254482626914978,0.4885997772216797,0.2569176256656647,1
2991,0.24808724224567413,0.4816707968711853,0.27024197578430176,1
2992,0.2528689205646515,0.47366824746131897,0.27346286177635193,1
2993,0.23696430027484894,0.4684063494205475,0.29462936520576477,1
2994,0.22758807241916656,0.44753867387771606,0.324873149394989,1
2995,0.23046980798244476,0.4221724271774292,0.347357839345932,1
2996,0.22943416237831116,0.44248196482658386,0.3280837833881378,1
2997,0.29690465331077576,0.41270753741264343,0.29038774967193604,1
2998,0.23624087870121002,0.38050127029418945,0.3832578957080841,2
2999,0.24680794775485992,0.37742605805397034,0.37576594948768616,1
3000,0.32872992753982544,0.34673264622688293,0.3245374262332916,1
3001,0.4007706940174103,0.3031814992427826,0.2960478365421295,0
3002,0.35202357172966003,0.31654810905456543,0.33142825961112976,0
3003,0.29074355959892273,0.31738927960395813,0.391867071390152,2
3004,0.40726977586746216,0.2826085686683655,0.31012162566185,0
3005,0.45471423864364624,0.2511850595474243,0.29410073161125183,0
3006,0.4493904709815979,0.2242860496044159,0.3263234496116638,0
3007,0.3725948631763458,0.2597721517086029,0.36763298511505127,0
3008,0.3515002131462097,0.2575099766254425,0.39098989963531494,2
3009,0.38724952936172485,0.2526732087135315,0.36007726192474365,0
3010,0.40480297803878784,0.22892257571220398,0.36627450585365295,0
3011,0.3644205331802368,0.24914279580116272,0.3864366412162781,2
3012,0.3416958749294281,0.24244211614131927,0.41586196422576904,2
3013,0.38038507103919983,0.25583532452583313,0.3637796938419342,0
3014,0.4087585508823395,0.21745645999908447,0.3737850785255432,0
3015,0.4055418074131012,0.20428402721881866,0.39017415046691895,0
3016,0.38257378339767456,0.2230394035577774,0.39438679814338684,2
3017,0.3841121792793274,0.21400734782218933,0.4018804728984833,2
3018,0.3813606798648834,0.22518721222877502,0.39345210790634155,2
3019,0.38450291752815247,0.22474531829357147,0.3907518684864044,2
3020,0.375284880399704,0.24071478843688965,0.38400039076805115,2
3021,0.3507384657859802,0.2867574095726013,0.36250412464141846,2
3022,0.38606637716293335,0.23597273230552673,0.37796080112457275,0
3023,0.3648355007171631,0.2689267098903656,0.36623772978782654,2
3024,0.36551663279533386,0.272803395986557,0.36167988181114197,0
3025,0.37648171186447144,0.2647482454776764,0.35877007246017456,0
3026,0.3723224997520447,0.268658310174942,0.3590191602706909,0
3027,0.36701247096061707,0.2681160271167755,0.3648715317249298,0
3028,0.356346994638443,0.2893587350845337,0.3542943000793457,0
3029,0.3722374439239502,0.27835485339164734,0.34940770268440247,0
3030,0.4000098705291748,0.2606908679008484,0.33929935097694397,0
3031,0.3960948586463928,0.2608661353588104,0.34303900599479675,0
3032,0.4165208339691162,0.24206440150737762,0.34141483902931213,0
3033,0.41518646478652954,0.2518078684806824,0.3330056667327881,0
3034,0.41648247838020325,0.24411778151988983,0.33939969539642334,0
3035,0.40963828563690186,0.24930992722511292,0.34105178713798523,0
3036,0.4170726537704468,0.24079304933547974,0.3421342968940735,0
3037,0.4281696081161499,0.23290903866291046,0.33892133831977844,0
3038,0.4332544207572937,0.2308380901813507,0.3359074890613556,0
3039,0.42712727189064026,0.2375098168849945,0.33536288142204285,0
3040,0.4359831213951111,0.23058077692985535,0.33343610167503357,0
3041,0.4275258183479309,0.23108944296836853,0.34138476848602295,0
3042,0.4243497848510742,0.23338955640792847,0.3422606587409973,0
3043,0.39668723940849304,0.2510090172290802,0.35230374336242676,0
3044,0.39461642503738403,0.2512909471988678,0.3540925681591034,0
3045,0.38599658012390137,0.2580510377883911,0.3559524118900299,0
3046,0.35073307156562805,0.26606640219688416,0.3832005262374878,2
3047,0.3377053141593933,0.27713125944137573,0.38516345620155334,2
3048,0.3182018995285034,0.2838059365749359,0.3979921042919159,2
3049,0.27438104152679443,0.29849159717559814,0.4271273612976074,2
3050,0.2938731610774994,0.29111331701278687,0.41501352190971375,2
3051,0.3328554928302765,0.2768612802028656,0.39028316736221313,2
3052,0.3013421297073364,0.2913307249546051,0.40732714533805847,2
3053,0.4233986437320709,0.2577260136604309,0.31887540221214294,0
3054,0.4196244180202484,0.2665368914604187,0.3138386905193329,0
3055,0.4258834719657898,0.26041626930236816,0.31370022892951965,0
3056,0.4096132814884186,0.2739509642124176,0.3164357841014862,0
3057,0.31242141127586365,0.28379160165786743,0.4037870466709137,2
3058,0.2815658748149872,0.29847338795661926,0.41996076703071594,2
3059,0.24058376252651215,0.3273889124393463,0.43202731013298035,2
3060,0.30011698603630066,0.34548017382621765,0.3544028103351593,2
3061,0.35475799441337585,0.3003697693347931,0.34487229585647583,0
3062,0.44341376423835754,0.23792479932308197,0.3186614513397217,0
3063,0.4081525206565857,0.25835204124450684,0.33349543809890747,0
3064,0.4473125636577606,0.2073497772216797,0.34533774852752686,0
3065,0.42649713158607483,0.21677352488040924,0.3567293882369995,0
3066,0.35251933336257935,0.2528459429740906,0.39463478326797485,2
3067,0.3924190402030945,0.261565625667572,0.3460153341293335,0
3068,0.3861570358276367,0.26100441813468933,0.3528384268283844,0
3069,0.3990631699562073,0.2595207095146179,0.3414161801338196,0
3070,0.4222501218318939,0.20260995626449585,0.3751399517059326,0
3071,0.3478754162788391,0.2671223282814026,0.3850022256374359,2
3072,0.4008021354675293,0.24533867835998535,0.35385915637016296,0
3073,0.4321184456348419,0.22937563061714172,0.33850592374801636,0
3074,0.43123576045036316,0.22565755248069763,0.3431066572666168,0
3075,0.39817067980766296,0.22647899389266968,0.37535035610198975,0
3076,0.41131728887557983,0.26847371459007263,0.32020893692970276,0
3077,0.3927880525588989,0.297146201133728,0.31006568670272827,0
3078,0.408267080783844,0.24573256075382233,0.3460003435611725,0
3079,0.389390230178833,0.2412874847650528,0.369322270154953,0
3080,0.37662988901138306,0.24543830752372742,0.37793177366256714,2
3081,0.39621150493621826,0.2518468201160431,0.3519415855407715,0
3082,0.37404686212539673,0.24955174326896667,0.37640145421028137,2
3083,0.38263988494873047,0.24507802724838257,0.37228211760520935,0
3084,0.36355602741241455,0.26028525829315186,0.3761587142944336,2
3085,0.3932526707649231,0.24239136278629303,0.3643559217453003,0
3086,0.36731454730033875,0.2583208978176117,0.37436455488204956,2
3087,0.40915918350219727,0.23299762606620789,0.3578431308269501,0
3088,0.4258267283439636,0.23496174812316895,0.3392116129398346,0
3089,0.41883614659309387,0.23865631222724915,0.34250763058662415,0
3090,0.3989502191543579,0.2424088716506958,0.3586409091949463,0
3091,0.34058764576911926,0.2681826055049896,0.39122968912124634,2
3092,0.35368165373802185,0.26170098781585693,0.3846173882484436,2
3093,0.3509538471698761,0.26431629061698914,0.38472992181777954,2
3094,0.31500500440597534,0.28572264313697815,0.3992723524570465,2
3095,0.2690335214138031,0.3265998661518097,0.40436655282974243,2
3096,0.31852421164512634,0.27766215801239014,0.4038136303424835,2
3097,0.3518373966217041,0.26893091201782227,0.37923160195350647,2
3098,0.39666250348091125,0.21729157865047455,0.38604599237442017,0
3099,0.421088844537735,0.2191932648420334,0.35971787571907043,0
3100,0.38655441999435425,0.21597608923912048,0.3974694311618805,2
3101,0.36781978607177734,0.21497884392738342,0.417201429605484,2
3102,0.38853105902671814,0.21029715240001678,0.40117183327674866,2
3103,0.3647926449775696,0.23455461859703064,0.40065276622772217,2
3104,0.38911619782447815,0.25905317068099976,0.3518306612968445,0
3105,0.38787758350372314,0.2532997727394104,0.35882270336151123,0
3106,0.37041914463043213,0.24946007132530212,0.3801208734512329,2
3107,0.363834023475647,0.25169241428375244,0.3844735026359558,2
3108,0.37557217478752136,0.2531558871269226,0.37127193808555603,0
3109,0.3282989263534546,0.2666984498500824,0.4050025939941406,2
3110,0.4113871455192566,0.21000252664089203,0.3786103129386902,0
3111,0.4189335107803345,0.1891414374113083,0.39192506670951843,0
3112,0.38467901945114136,0.22685356438159943,0.388467401266098,2
3113,0.46652063727378845,0.2200293391942978,0.3134499192237854,0
3114,0.38681572675704956,0.2440716028213501,0.36911267042160034,0
3115,0.41521358489990234,0.19472889602184296,0.39005762338638306,0
3116,0.41668108105659485,0.19115352630615234,0.3921653926372528,0
3117,0.41322290897369385,0.19729891419410706,0.38947823643684387,0
3118,0.3852621018886566,0.24776418507099152,0.3669736385345459,0
3119,0.4006142020225525,0.24051640927791595,0.35886940360069275,0
3120,0.40126878023147583,0.22979901731014252,0.3689321279525757,0
3121,0.4189276695251465,0.21346482634544373,0.3676074743270874,0
3122,0.40079882740974426,0.2149892896413803,0.38421186804771423,0
3123,0.4002511501312256,0.21498219668865204,0.38476669788360596,0
3124,0.3951699435710907,0.21788614988327026,0.38694387674331665,0
3125,0.38528239727020264,0.21683141589164734,0.3978862166404724,2
3126,0.3538554310798645,0.23725047707557678,0.40889406204223633,2
3127,0.3129834830760956,0.28777793049812317,0.39923858642578125,2
3128,0.28695982694625854,0.32121458649635315,0.3918255865573883,2
3129,0.34256571531295776,0.336508184671402,0.32092610001564026,0
3130,0.3107984960079193,0.2949185073375702,0.3942830264568329,2
3131,0.33094725012779236,0.2901700437068939,0.3788827061653137,2
3132,0.36300572752952576,0.2910837233066559,0.34591054916381836,0
3133,0.3256840109825134,0.33583903312683105,0.33847689628601074,2
3134,0.3739597797393799,0.26893487572669983,0.3571053445339203,0
3135,0.36406901478767395,0.25676387548446655,0.3791670501232147,2
3136,0.3757419288158417,0.23548850417137146,0.38876956701278687,2
3137,0.3060872256755829,0.3958049416542053,0.2981078326702118,1
3138,0.30207812786102295,0.355577677488327,0.3423442244529724,1
3139,0.3694162368774414,0.27387556433677673,0.3567081689834595,0
3140,0.3659360408782959,0.26310744881629944,0.37095651030540466,2
3141,0.3667442202568054,0.2568608522415161,0.37639495730400085,2
3142,0.3966613709926605,0.1853778064250946,0.4179607927799225,2
3143,0.38597917556762695,0.19710181653499603,0.41691896319389343,2
3144,0.37873607873916626,0.1975458860397339,0.4237179756164551,2
3145,0.3740350902080536,0.20435260236263275,0.4216122627258301,2
3146,0.38846200704574585,0.21338589489459991,0.39815211296081543,2
3147,0.42948806285858154,0.2286565899848938,0.34185537695884705,0
3148,0.39784470200538635,0.20194412767887115,0.4002111852169037,2
3149,0.4105578064918518,0.183700293302536,0.4057418704032898,0
3150,0.3872765898704529,0.23937693238258362,0.3733464479446411,0
3151,0.42146939039230347,0.27596578001976013,0.302564799785614,0
3152,0.40350204706192017,0.20780934393405914,0.3886885941028595,0
3153,0.3340755105018616,0.33604708313941956,0.3298773467540741,1
3154,0.4645000100135803,0.2655062675476074,0.2699936628341675,0
3155,0.4573192298412323,0.25278717279434204,0.28989362716674805,0
3156,0.4212370812892914,0.31612154841423035,0.26264142990112305,0
3157,0.37513089179992676,0.30115947127342224,0.3237096071243286,0
3158,0.4299151599407196,0.29933515191078186,0.27074959874153137,0
3159,0.45061445236206055,0.22716179490089417,0.32222381234169006,0
3160,0.4523219168186188,0.24801626801490784,0.2996617555618286,0
3161,0.4711820185184479,0.20889858901500702,0.3199194669723511,0
3162,0.47378525137901306,0.20928125083446503,0.31693366169929504,0
3163,0.4426470994949341,0.24290382862091064,0.3144490718841553,0
3164,0.35901373624801636,0.26705455780029297,0.3739316463470459,2
3165,0.3668454885482788,0.25854572653770447,0.3746086657047272,2
3166,0.3796548545360565,0.24060098826885223,0.37974417209625244,2
3167,0.3628992438316345,0.263923704624176,0.37317702174186707,2
3168,0.40466198325157166,0.2738417685031891,0.32149624824523926,0
3169,0.36214303970336914,0.25784024596214294,0.38001665472984314,2
3170,0.3588484525680542,0.2634403109550476,0.37771129608154297,2
3171,0.37432631850242615,0.24483180046081543,0.38084185123443604,2
3172,0.3994022011756897,0.2575194239616394,0.34307828545570374,0
3173,0.3987434208393097,0.2409391701221466,0.3603174090385437,0
3174,0.3402443826198578,0.335656076669693,0.3240995705127716,0
3175,0.353487104177475,0.29816171526908875,0.34835124015808105,0
3176,0.363654762506485,0.23323118686676025,0.40311408042907715,2
3177,0.3742861747741699,0.21063873171806335,0.4150750935077667,2
3178,0.3857325613498688,0.20474575459957123,0.4095216691493988,2
3179,0.36868003010749817,0.21045570075511932,0.4208642840385437,2
3180,0.36309564113616943,0.2138175368309021,0.42308685183525085,2
3181,0.3384009301662445,0.23033805191516876,0.4312610328197479,2
3182,0.32800495624542236,0.23866285383701324,0.4333322048187256,2
3183,0.32175782322883606,0.2501102685928345,0.4281318783760071,2
3184,0.3128412961959839,0.2531132996082306,0.4340454041957855,2
3185,0.2958657741546631,0.2738877534866333,0.4302464723587036,2
3186,0.3078272044658661,0.258445143699646,0.4337276220321655,2
3187,0.28377243876457214,0.272956907749176,0.44327062368392944,2
3188,0.22156327962875366,0.31135424971580505,0.4670824706554413,2
3189,0.24700383841991425,0.307826966047287,0.44516927003860474,2
3190,0.2522296607494354,0.3034607172012329,0.44430971145629883,2
3191,0.23870304226875305,0.34322160482406616,0.4180753827095032,2
3192,0.2479325830936432,0.3710568845272064,0.381010502576828,2
3193,0.2696034014225006,0.3460318148136139,0.3843648433685303,2
3194,0.23837721347808838,0.3805142045021057,0.3811085522174835,2
3195,0.275516539812088,0.3370036780834198,0.3874798119068146,2
3196,0.31556808948516846,0.23783090710639954,0.4466010332107544,2
3197,0.3084081709384918,0.2468651980161667,0.4447266459465027,2
3198,0.3342456519603729,0.18876531720161438,0.47698891162872314,2
3199,0.3277566432952881,0.18231482803821564,0.4899284243583679,2
3200,0.33489593863487244,0.19187016785144806,0.4732339382171631,2
3201,0.30543941259384155,0.20242558419704437,0.49213501811027527,2
3202,0.3253703713417053,0.19591008126735687,0.4787195026874542,2
3203,0.33475300669670105,0.2041507214307785,0.46109625697135925,2
3204,0.3282575309276581,0.20452800393104553,0.4672144651412964,2
3205,0.3308591842651367,0.21926270425319672,0.4498780369758606,2
3206,0.33361026644706726,0.20549680292606354,0.4608929753303528,2
3207,0.32720693945884705,0.20076991617679596,0.4720231890678406,2
3208,0.33228951692581177,0.20518046617507935,0.4625299572944641,2
3209,0.33190032839775085,0.21671859920024872,0.451381117105484,2
3210,0.3217173218727112,0.2285345196723938,0.44974806904792786,2
3211,0.32421189546585083,0.214146688580513,0.46164143085479736,2
3212,0.300370991230011,0.2587853968143463,0.4408436715602875,2
3213,0.30312037467956543,0.25245970487594604,0.4444199204444885,2
3214,0.33627936244010925,0.22506071627140045,0.4386599063873291,2
3215,0.1918756514787674,0.35810422897338867,0.4500201940536499,2
3216,0.28121450543403625,0.27677375078201294,0.4420117735862732,2
3217,0.3130132555961609,0.2396770864725113,0.4473096430301666,2
3218,0.35344845056533813,0.2030288130044937,0.4435228109359741,2
3219,0.293744832277298,0.25017186999320984,0.4560832977294922,2
3220,0.3239298164844513,0.21539919078350067,0.46067100763320923,2
3221,0.27111250162124634,0.2563779354095459,0.47250956296920776,2
3222,0.2735384404659271,0.23726007342338562,0.4892016351222992,2
3223,0.1918037235736847,0.3081732392311096,0.5000230669975281,2
3224,0.32162436842918396,0.31991052627563477,0.3584650754928589,2
3225,0.2240036576986313,0.29520416259765625,0.48079219460487366,2
3226,0.219048410654068,0.2923092246055603,0.4886423647403717,2
3227,0.26027143001556396,0.2262960821390152,0.5134324431419373,2
3228,0.22155778110027313,0.2742030620574951,0.5042391419410706,2
3229,0.25326108932495117,0.22621382772922516,0.5205250978469849,2
3230,0.292621910572052,0.2081858068704605,0.4991922080516815,2
3231,0.2902040183544159,0.20332148671150208,0.5064744353294373,2
3232,0.2885684370994568,0.2049024999141693,0.5065290331840515,2
3233,0.28787317872047424,0.20811733603477478,0.504009485244751,2
3234,0.2835017740726471,0.21319159865379333,0.5033066272735596,2
3235,0.2876504957675934,0.21244722604751587,0.4999021887779236,2
3236,0.28390946984291077,0.22185446321964264,0.4942361116409302,2
3237,0.2728548049926758,0.23572497069835663,0.4914202094078064,2
3238,0.2705111801624298,0.2246151715517044,0.5048735737800598,2
3239,0.293120414018631,0.22976647317409515,0.47711309790611267,2
3240,0.27004894614219666,0.23473653197288513,0.495214581489563,2
3241,0.2538561522960663,0.23667417466640472,0.5094696879386902,2
3242,0.23313237726688385,0.21934983134269714,0.547517716884613,2
3243,0.21996936202049255,0.25567978620529175,0.5243507623672485,2
3244,0.2310466468334198,0.2331797331571579,0.5357736349105835,2
3245,0.20603947341442108,0.2686328887939453,0.5253276228904724,2
3246,0.20196042954921722,0.2707710862159729,0.5272685289382935,2
3247,0.2525794804096222,0.2552031874656677,0.49221742153167725,2
3248,0.3035808801651001,0.21728351712226868,0.4791356325149536,2
3249,0.2619524896144867,0.22934982180595398,0.5086976289749146,2
3250,0.2361421138048172,0.2522962987422943,0.5115616321563721,2
3251,0.26112812757492065,0.22643357515335083,0.5124382972717285,2
3252,0.2537040412425995,0.22952009737491608,0.5167759656906128,2
3253,0.22113525867462158,0.25737476348876953,0.5214899778366089,2
3254,0.20139040052890778,0.25998494029045105,0.5386245846748352,2
3255,0.1852920651435852,0.2805671691894531,0.5341407656669617,2
3256,0.1644776612520218,0.2790890038013458,0.556433379650116,2
3257,0.17699508368968964,0.2764386832714081,0.5465661883354187,2
3258,0.17883318662643433,0.2676067054271698,0.5535601377487183,2
3259,0.17305314540863037,0.27365759015083313,0.5532892346382141,2
3260,0.18187369406223297,0.2540256977081299,0.5641005635261536,2
3261,0.22979378700256348,0.20290109515190125,0.5673051476478577,2
3262,0.21398773789405823,0.2189159244298935,0.5670963525772095,2
3263,0.2622818648815155,0.19779260456562042,0.5399255156517029,2
3264,0.25001785159111023,0.1954965889453888,0.5544854998588562,2
3265,0.2485753297805786,0.19656987488269806,0.5548548102378845,2
3266,0.2551926374435425,0.212940976023674,0.5318664312362671,2
3267,0.2589602768421173,0.21722716093063354,0.5238125920295715,2
3268,0.24845249950885773,0.2117735892534256,0.5397738814353943,2
3269,0.24338868260383606,0.2354450225830078,0.5211662650108337,2
3270,0.24641619622707367,0.23931430280208588,0.5142694711685181,2
3271,0.22182680666446686,0.22437158226966858,0.5538015365600586,2
3272,0.24525274336338043,0.17715565860271454,0.577591598033905,2
3273,0.24461866915225983,0.18761654198169708,0.5677647590637207,2
3274,0.2082769274711609,0.21305163204669952,0.578671395778656,2
3275,0.24447374045848846,0.1741999238729477,0.5813263654708862,2
3276,0.22828319668769836,0.17051398754119873,0.6012028455734253,2
3277,0.07735618948936462,0.706576943397522,0.21606697142124176,1
3278,0.06755331158638,0.7320224046707153,0.20042423903942108,1
3279,0.06560610234737396,0.7551045417785645,0.1792893260717392,1
3280,0.06811118870973587,0.7745279669761658,0.15736065804958344,1
3281,0.07330390065908432,0.776505172252655,0.15019099414348602,1
3282,0.07568871974945068,0.7831700444221497,0.14114126563072205,1
3283,0.0774017721414566,0.8030648231506348,0.11953338235616684,1
3284,0.07728705555200577,0.7898544669151306,0.13285857439041138,1
3285,0.07912863790988922,0.7588507533073425,0.16202065348625183,1
3286,0.08099439740180969,0.7674819231033325,0.15152370929718018,1
3287,0.1124282106757164,0.6427373290061951,0.24483440816402435,1
3288,0.12352167814970016,0.5944133400917053,0.2820650339126587,1
3289,0.10790222883224487,0.6702984571456909,0.2217993140220642,1
3290,0.11728358268737793,0.6289945244789124,0.2537218928337097,1
3291,0.11617261171340942,0.6244373321533203,0.2593901753425598,1
3292,0.10951786488294601,0.6608685255050659,0.2296135425567627,1
3293,0.11904560029506683,0.6279104351997375,0.2530439496040344,1
3294,0.12020628154277802,0.6237636804580688,0.25602999329566956,1
3295,0.1117326095700264,0.6687139272689819,0.21955342590808868,1
3296,0.11994116008281708,0.6457200050354004,0.23433881998062134,1
3297,0.11960314214229584,0.6364495158195496,0.24394729733467102,1
3298,0.12352129817008972,0.6451011896133423,0.231377512216568,1
3299,0.13150575757026672,0.6127617359161377,0.2557324767112732,1
3300,0.13093280792236328,0.6348374485969543,0.23422977328300476,1
3301,0.12329400330781937,0.6720314025878906,0.20467454195022583,1
3302,0.10847260057926178,0.7248662710189819,0.1666610836982727,1
3303,0.1460781693458557,0.6203704476356506,0.23355139791965485,1
3304,0.15247207880020142,0.6044390797615051,0.24308890104293823,1
3305,0.13422594964504242,0.6563593745231628,0.20941463112831116,1
3306,0.143657386302948,0.6247125267982483,0.2316301017999649,1
3307,0.1394728273153305,0.629503607749939,0.23102357983589172,1
3308,0.12427280843257904,0.6524125337600708,0.22331468760967255,1
3309,0.14030194282531738,0.6396397948265076,0.22005824744701385,1
3310,0.13395188748836517,0.6264810562133789,0.23956705629825592,1
3311,0.14413832128047943,0.6009365916252136,0.25492507219314575,1
3312,0.12018616497516632,0.6808387637138367,0.198975071310997,1
3313,0.1423330157995224,0.6091030836105347,0.24856384098529816,1
3314,0.12484179437160492,0.6518760919570923,0.2232820689678192,1
3315,0.1347886174917221,0.6323034167289734,0.23290805518627167,1
3316,0.10026555508375168,0.6973129510879517,0.20242144167423248,1
3317,0.08627573400735855,0.7416329979896545,0.17209124565124512,1
3318,0.0858125239610672,0.7429565191268921,0.1712310016155243,1
3319,0.14064179360866547,0.6097773313522339,0.24958093464374542,1
3320,0.1328113079071045,0.6467549204826355,0.22043386101722717,1
3321,0.13348442316055298,0.653264582157135,0.21325097978115082,1
3322,0.14203877747058868,0.6391400098800659,0.218821182847023,1
3323,0.1331556737422943,0.6696962118148804,0.1971481293439865,1
3324,0.14500541985034943,0.636226236820221,0.2187683880329132,1
3325,0.16007451713085175,0.587500274181366,0.2524251937866211,1
3326,0.16027411818504333,0.5851700901985168,0.2545558512210846,1
3327,0.22228530049324036,0.4201648533344269,0.35754990577697754,1
3328,0.2001308798789978,0.47428250312805176,0.3255866467952728,1
3329,0.16973547637462616,0.5499523282051086,0.2803122103214264,1
3330,0.2140442281961441,0.4670635163784027,0.31889230012893677,1
3331,0.1620568335056305,0.5729284882545471,0.2650147080421448,1
3332,0.15168927609920502,0.5933799147605896,0.25493091344833374,1
3333,0.14394409954547882,0.6003823280334473,0.2556735575199127,1
3334,0.16747787594795227,0.5612688064575195,0.2712532877922058,1
3335,0.15865172445774078,0.5720402002334595,0.2693081200122833,1
3336,0.16620653867721558,0.5570852160453796,0.27670833468437195,1
3337,0.15401139855384827,0.5746098160743713,0.27137869596481323,1
3338,0.16674211621284485,0.5484243631362915,0.2848334312438965,1
3339,0.2594619393348694,0.37508052587509155,0.36545759439468384,1
3340,0.2945055067539215,0.3273213505744934,0.3781731128692627,2
3341,0.2510329484939575,0.3845691978931427,0.3643978238105774,1
3342,0.20937708020210266,0.45574790239334106,0.3348749876022339,1
3343,0.1462630182504654,0.5818818807601929,0.2718551456928253,1
3344,0.13248376548290253,0.6113699078559875,0.25614631175994873,1
3345,0.14437896013259888,0.5874289870262146,0.2681920528411865,1
3346,0.10907980054616928,0.6627508401870728,0.22816936671733856,1
3347,0.08418767899274826,0.7168694734573364,0.1989428550004959,1
3348,0.07162091881036758,0.7455562353134155,0.18282285332679749,1
3349,0.03219255059957504,0.8583828806877136,0.1094246581196785,1
3350,0.035172220319509506,0.8497103452682495,0.11511752009391785,1
3351,0.032532159239053726,0.8607686161994934,0.10669923573732376,1
3352,0.038220442831516266,0.8441612720489502,0.11761819571256638,1
3353,0.04315541684627533,0.8334290385246277,0.12341543287038803,1
3354,0.04827013239264488,0.816113293170929,0.13561654090881348,1
3355,0.07475998997688293,0.7441450357437134,0.18109504878520966,1
3356,0.062015026807785034,0.7782489657402039,0.1597360074520111,1
3357,0.06727434694766998,0.7651221752166748,0.1676034927368164,1
3358,0.10754726082086563,0.6588218212127686,0.23363083600997925,1
3359,0.0625322163105011,0.7776959538459778,0.15977182984352112,1
3360,0.09977729618549347,0.6809558272361755,0.21926678717136383,1
3361,0.05253332480788231,0.802597165107727,0.14486947655677795,1
3362,0.03339235857129097,0.8574044108390808,0.10920324176549911,1
3363,0.02906072326004505,0.869982898235321,0.10095645487308502,1
3364,0.02802734076976776,0.8752791285514832,0.09669344872236252,1
3365,0.03123113326728344,0.8676990866661072,0.10106971859931946,1
3366,0.03864810988306999,0.8439160585403442,0.11743582785129547,1
3367,0.04871551692485809,0.811246931552887,0.14003759622573853,1
3368,0.06699235737323761,0.7533748149871826,0.17963282763957977,1
3369,0.03836250677704811,0.8442621827125549,0.11737527698278427,1
3370,0.041632816195487976,0.8358020782470703,0.1225651353597641,1
3371,0.048807475715875626,0.8149654865264893,0.13622711598873138,1
3372,0.05558689683675766,0.7956595420837402,0.1487535834312439,1
3373,0.06774866580963135,0.7673661708831787,0.16488522291183472,1
3374,0.07605254650115967,0.7438784837722778,0.1800689995288849,1
3375,0.06168276071548462,0.7984150648117065,0.1399022489786148,1
3376,0.06379424780607224,0.7987684607505798,0.13743731379508972,1
3377,0.07231166213750839,0.7833347916603088,0.14435364305973053,1
3378,0.06340047717094421,0.8155267238616943,0.12107279151678085,1
3379,0.05013343319296837,0.8565964102745056,0.0932702124118805,1
3380,0.04794555529952049,0.8698035478591919,0.08225097507238388,1
3381,0.05035698786377907,0.8679053783416748,0.08173765987157822,1
3382,0.041307639330625534,0.8974327445030212,0.06125965341925621,1
3383,0.05782400071620941,0.8547475337982178,0.08742840588092804,1
3384,0.05403373762965202,0.8694155216217041,0.07655071467161179,1
3385,0.060727789998054504,0.8528110384941101,0.08646108210086823,1
3386,0.058671802282333374,0.8572160005569458,0.08411229401826859,1
3387,0.04912210628390312,0.876553475856781,0.07432443648576736,1
3388,0.05234174430370331,0.86375892162323,0.08389923721551895,1
3389,0.05764053761959076,0.8475228548049927,0.09483671188354492,1
3390,0.06464562565088272,0.8318949937820435,0.10345937311649323,1
3391,0.060980379581451416,0.8490722179412842,0.08994747698307037,1
3392,0.04790807142853737,0.8843958377838135,0.06769606471061707,1
3393,0.04145114868879318,0.9002382159233093,0.05831068009138107,1
3394,0.043565668165683746,0.8939821720123291,0.06245223805308342,1
3395,0.0434335395693779,0.8942234516143799,0.062343087047338486,1
3396,0.045052483677864075,0.8906217813491821,0.06432577222585678,1
3397,0.05115291103720665,0.876398503780365,0.07244858145713806,1
3398,0.04940152168273926,0.878797173500061,0.07180123031139374,1
3399,0.05460637807846069,0.8678160309791565,0.07757768034934998,1
3400,0.057023320347070694,0.8588515520095825,0.08412518352270126,1
3401,0.05501402169466019,0.8515019416809082,0.0934840515255928,1
3402,0.05526324361562729,0.8440442085266113,0.10069256275892258,1
3403,0.06591576337814331,0.8259395956993103,0.10814452171325684,1
3404,0.0656246542930603,0.8073996901512146,0.12697556614875793,1
3405,0.06799890846014023,0.7986459732055664,0.133355051279068,1
3406,0.0741339847445488,0.7830867171287537,0.14277930557727814,1
3407,0.07055453211069107,0.7990962266921997,0.1303492933511734,1
3408,0.06519845128059387,0.829961359500885,0.10484015196561813,1
3409,0.06685581058263779,0.8042718172073364,0.12887242436408997,1
3410,0.04419907554984093,0.8274916410446167,0.12830932438373566,1
3411,0.045300133526325226,0.8318790197372437,0.1228208914399147,1
3412,0.04370833933353424,0.8321593999862671,0.12413220852613449,1
3413,0.04253391921520233,0.8369624614715576,0.12050356715917587,1
3414,0.0415036641061306,0.8470433950424194,0.11145298182964325,1
3415,0.05408753454685211,0.8137767910957336,0.1321357786655426,1
3416,0.057216644287109375,0.7936083674430847,0.14917507767677307,1
3417,0.06322840601205826,0.7817834615707397,0.15498805046081543,1
3418,0.06391291320323944,0.7682598233222961,0.16782723367214203,1
3419,0.06544734537601471,0.7544827461242676,0.18006998300552368,1
3420,0.070214182138443,0.7263220548629761,0.20346377789974213,1
3421,0.07408443093299866,0.7025031447410583,0.22341248393058777,1
3422,0.07956697046756744,0.707058310508728,0.21337471902370453,1
3423,0.09165839105844498,0.6899867057800293,0.21835482120513916,1
3424,0.09444315731525421,0.6874438524246216,0.218112975358963,1
3425,0.09221989661455154,0.7069730162620544,0.20080703496932983,1
3426,0.09080632030963898,0.7166649699211121,0.19252870976924896,1
3427,0.10094604641199112,0.6707802414894104,0.2282736748456955,1
3428,0.10692910104990005,0.6621698141098022,0.23090103268623352,1
3429,0.0923340693116188,0.6996322870254517,0.20803360641002655,1
3430,0.11388072371482849,0.6339316368103027,0.25218769907951355,1
3431,0.0953475683927536,0.6873780488967896,0.21727442741394043,1
3432,0.11435758322477341,0.6228494644165039,0.2627928853034973,1
3433,0.11137373745441437,0.6300795078277588,0.25854676961898804,1
3434,0.10537774115800858,0.6840372085571289,0.21058504283428192,1
3435,0.07634120434522629,0.747817873954773,0.17584089934825897,1
3436,0.10886916518211365,0.6783002614974976,0.2128305733203888,1
3437,0.105687715113163,0.6851152777671814,0.20919692516326904,1
3438,0.08722271770238876,0.7253280878067017,0.18744926154613495,1
3439,0.09899646043777466,0.6941612362861633,0.2068423479795456,1
3440,0.06348526477813721,0.7969970107078552,0.13951770961284637,1
3441,0.08077006042003632,0.7402380108833313,0.1789918690919876,1
3442,0.08264534920454025,0.739759624004364,0.17759495973587036,1
3443,0.08622512966394424,0.7376453876495361,0.1761295348405838,1
3444,0.08611521869897842,0.7437258362770081,0.17015895247459412,1
3445,0.08607816696166992,0.751386821269989,0.16253511607646942,1
3446,0.09459156543016434,0.7367167472839355,0.1686916947364807,1
3447,0.09138830751180649,0.7364770770072937,0.17213457822799683,1
3448,0.09793819487094879,0.7277787923812866,0.17428307235240936,1
3449,0.09977436810731888,0.722478985786438,0.1777466982603073,1
3450,0.09683916717767715,0.7284328937530518,0.1747279316186905,1
3451,0.145056813955307,0.5966269373893738,0.2583162784576416,1
3452,0.15378938615322113,0.5784037709236145,0.26780685782432556,1
3453,0.11553287506103516,0.6815013289451599,0.20296581089496613,1
3454,0.11272893846035004,0.7069248557090759,0.18034610152244568,1
3455,0.13103382289409637,0.6433021426200867,0.22566410899162292,1
3456,0.13945162296295166,0.6378351449966431,0.22271323204040527,1
3457,0.1385987251996994,0.6397377848625183,0.22166350483894348,1
3458,0.13234612345695496,0.6598859429359436,0.2077680081129074,1
3459,0.1464415192604065,0.6223450303077698,0.2312135398387909,1
3460,0.12395564466714859,0.6714991927146912,0.204545259475708,1
3461,0.1179797500371933,0.6852560043334961,0.19676415622234344,1
3462,0.12926386296749115,0.6363845467567444,0.23435163497924805,1
3463,0.1322876662015915,0.640661358833313,0.22705094516277313,1
3464,0.13026000559329987,0.6220352649688721,0.24770468473434448,1
3465,0.13147321343421936,0.6274147629737854,0.24111197888851166,1
3466,0.13640926778316498,0.6213734149932861,0.24221734702587128,1
3467,0.1295281946659088,0.6302142143249512,0.24025757610797882,1
3468,0.13027992844581604,0.6261679530143738,0.2435520738363266,1
3469,0.14333848655223846,0.6030250787734985,0.2536363899707794,1
3470,0.1428399682044983,0.6230931282043457,0.2340669333934784,1
3471,0.1330229789018631,0.6164292693138123,0.2505476474761963,1
3472,0.1185254454612732,0.6510679721832275,0.23040664196014404,1
3473,0.13304227590560913,0.6245055198669434,0.2424522340297699,1
3474,0.11321411281824112,0.6580318808555603,0.22875408828258514,1
3475,0.07166007906198502,0.7762532234191895,0.15208670496940613,1
3476,0.056752100586891174,0.8282873034477234,0.11496053636074066,1
3477,0.04884091764688492,0.8467046022415161,0.10445444285869598,1
3478,0.06032044440507889,0.8042854070663452,0.13539408147335052,1
3479,0.06208983436226845,0.8002917766571045,0.13761833310127258,1
3480,0.0777205154299736,0.7676615715026855,0.15461789071559906,1
3481,0.08594822883605957,0.7506265640258789,0.16342519223690033,1
3482,0.08740247040987015,0.7362074255943298,0.17639009654521942,1
3483,0.09479872137308121,0.7310075759887695,0.17419365048408508,1
3484,0.13327573239803314,0.616133451461792,0.25059089064598083,1
3485,0.1143079623579979,0.6428175568580627,0.24287447333335876,1
3486,0.06615688651800156,0.7833832502365112,0.15045985579490662,1
3487,0.04505136236548424,0.8651667833328247,0.08978202939033508,1
3488,0.05603288859128952,0.8216858506202698,0.12228123843669891,1
3489,0.09845762699842453,0.6870629787445068,0.21447932720184326,1
3490,0.10775262862443924,0.6725369691848755,0.21971040964126587,1
3491,0.10441915690898895,0.6722058057785034,0.22337505221366882,1
3492,0.10308405756950378,0.6771887540817261,0.21972718834877014,1
3493,0.10962806642055511,0.6730074286460876,0.21736441552639008,1
3494,0.10656243562698364,0.6919138431549072,0.20152367651462555,1
3495,0.12306403368711472,0.6302610635757446,0.24667486548423767,1
3496,0.1279570609331131,0.6208881139755249,0.2511548697948456,1
3497,0.12265072762966156,0.6492540836334229,0.22809520363807678,1
3498,0.1254609078168869,0.640124499797821,0.23441454768180847,1
3499,0.1363178938627243,0.6050551533699036,0.25862690806388855,1
3500,0.1420639455318451,0.5805121660232544,0.27742376923561096,1
3501,0.15031707286834717,0.539953351020813,0.3097296357154846,1
3502,0.1469215452671051,0.5436567664146423,0.3094216585159302,1
3503,0.1319195032119751,0.5752869248390198,0.2927936613559723,1
3504,0.12136770039796829,0.6044415235519409,0.2741907238960266,1
3505,0.09964411705732346,0.6660217642784119,0.2343340963125229,1
3506,0.12209635227918625,0.5962775349617004,0.2816261649131775,1
3507,0.1424463838338852,0.5374920964241028,0.32006147503852844,1
3508,0.1307087242603302,0.5691205263137817,0.3001706898212433,1
3509,0.14238497614860535,0.498322069644928,0.3592929542064667,1
3510,0.1664927899837494,0.40569189190864563,0.4278152585029602,2
3511,0.18597911298274994,0.3627902567386627,0.45123061537742615,2
3512,0.17058227956295013,0.3915287256240845,0.4378890097141266,2
3513,0.15911120176315308,0.4358616769313812,0.4050270915031433,1
3514,0.1410502940416336,0.4844849407672882,0.3744647204875946,1
3515,0.1621427685022354,0.43567925691604614,0.4021780490875244,1
3516,0.1616503745317459,0.42908185720443726,0.40926775336265564,1
3517,0.13217198848724365,0.5045804977416992,0.36324745416641235,1
3518,0.13427934050559998,0.49023574590682983,0.3754848837852478,1
3519,0.13544395565986633,0.506534993648529,0.3580210208892822,1
3520,0.08505842834711075,0.6729209423065186,0.2420206367969513,1
3521,0.08753816038370132,0.6622672080993652,0.2501946687698364,1
3522,0.0709553211927414,0.7495703101158142,0.17947427928447723,1
3523,0.05026432126760483,0.8251069784164429,0.12462872266769409,1
3524,0.05319119989871979,0.812933623790741,0.13387517631053925,1
3525,0.06130195036530495,0.774200975894928,0.16449713706970215,1
3526,0.10302364826202393,0.6261904835700989,0.2707858979701996,1
3527,0.08795314282178879,0.659845232963562,0.2522016763687134,1
3528,0.07350008189678192,0.7087807059288025,0.2177192121744156,1
3529,0.10682646185159683,0.599930465221405,0.2932431697845459,1
3530,0.10905566811561584,0.6032205820083618,0.2877237796783447,1
3531,0.11706359684467316,0.5823979377746582,0.30053839087486267,1
3532,0.12788227200508118,0.5430861115455627,0.3290315866470337,1
3533,0.14443033933639526,0.5061315894126892,0.34943804144859314,1
3534,0.1454494595527649,0.5279861688613892,0.32656440138816833,1
3535,0.1464495062828064,0.5561151504516602,0.29743537306785583,1
3536,0.15861469507217407,0.5238096117973328,0.31757572293281555,1
3537,0.1566154658794403,0.5298784971237183,0.3135060966014862,1
3538,0.16023989021778107,0.5242022275924683,0.31555792689323425,1
3539,0.16430234909057617,0.5144116282463074,0.3212859332561493,1
3540,0.1627383679151535,0.5181358456611633,0.31912583112716675,1
3541,0.16264556348323822,0.5077760219573975,0.3295784592628479,1
3542,0.15811198949813843,0.5190743803977966,0.3228135406970978,1
3543,0.156987726688385,0.5232194066047668,0.31979280710220337,1
3544,0.16237440705299377,0.48650166392326355,0.3511238992214203,1
3545,0.16171163320541382,0.48463836312294006,0.3536500036716461,1
3546,0.15897391736507416,0.48020365834236145,0.36082252860069275,1
3547,0.1834910660982132,0.39651626348495483,0.4199926555156708,2
3548,0.1798187792301178,0.3943857252597809,0.4257954955101013,2
3549,0.18269723653793335,0.40474918484687805,0.4125535488128662,2
3550,0.17364118993282318,0.4665069282054901,0.35985198616981506,1
3551,0.18477024137973785,0.3935433328151703,0.42168647050857544,2
3552,0.18070298433303833,0.38279545307159424,0.43650153279304504,2
3553,0.1576055884361267,0.46472853422164917,0.37766581773757935,1
3554,0.21851542592048645,0.40089964866638184,0.3805848956108093,1
3555,0.2701599895954132,0.31983882188796997,0.4100012183189392,2
3556,0.23725691437721252,0.3762933015823364,0.3864497244358063,2
3557,0.23821410536766052,0.3790043890476227,0.382781445980072,2
3558,0.23190638422966003,0.3942534327507019,0.3738401234149933,1
3559,0.16905586421489716,0.4989149570465088,0.33202919363975525,1
3560,0.19309140741825104,0.4728006422519684,0.3341079354286194,1
3561,0.17172974348068237,0.5156998634338379,0.31257039308547974,1
3562,0.09580346941947937,0.6789844036102295,0.2252121865749359,1
3563,0.0896354615688324,0.6953325867652893,0.2150319367647171,1
3564,0.088629812002182,0.698032557964325,0.21333768963813782,1
3565,0.09556067734956741,0.6811532974243164,0.22328592836856842,1
3566,0.08923085033893585,0.6992759704589844,0.21149316430091858,1
3567,0.09241354465484619,0.69292813539505,0.21465833485126495,1
3568,0.0852341279387474,0.7152667045593262,0.1994992196559906,1
3569,0.07717680186033249,0.7376527786254883,0.18517038226127625,1
3570,0.08964985609054565,0.7082300186157227,0.20212005078792572,1
3571,0.09440185129642487,0.6896874308586121,0.21591059863567352,1
3572,0.09653830528259277,0.6885702610015869,0.2148914486169815,1
3573,0.09752561151981354,0.6835891604423523,0.218885138630867,1
3574,0.11778169870376587,0.6304819583892822,0.2517363727092743,1
3575,0.10523754358291626,0.6643879413604736,0.23037457466125488,1
3576,0.1862829178571701,0.5349071621894836,0.27880987524986267,1
3577,0.20864346623420715,0.5080748200416565,0.28328174352645874,1
3578,0.175226628780365,0.5682956576347351,0.2564776837825775,1
3579,0.10992781072854996,0.6847652792930603,0.20530688762664795,1
3580,0.0679796114563942,0.7832563519477844,0.14876408874988556,1
3581,0.05967313423752785,0.8033862113952637,0.1369405835866928,1
3582,0.07182882726192474,0.7681826949119568,0.1599884331226349,1
3583,0.05797382444143295,0.8082559704780579,0.13377025723457336,1
3584,0.052560098469257355,0.8186072707176208,0.12883269786834717,1
3585,0.037386029958724976,0.8628355264663696,0.09977840632200241,1
3586,0.05222243815660477,0.8262626528739929,0.12151487171649933,1
3587,0.056853245943784714,0.8156198859214783,0.12752681970596313,1
3588,0.06573726236820221,0.7936201691627502,0.14064259827136993,1
3589,0.07717336714267731,0.7632944583892822,0.1595320999622345,1
3590,0.06852342933416367,0.7874869704246521,0.14398960769176483,1
3591,0.1308135688304901,0.662250816822052,0.2069355994462967,1
3592,0.12630273401737213,0.6794754862785339,0.19422177970409393,1
3593,0.1431024968624115,0.6517590284347534,0.20513851940631866,1
3594,0.17440710961818695,0.6063241958618164,0.21926866471767426,1
3595,0.06251374632120132,0.8171735405921936,0.12031274288892746,1
3596,0.03897930309176445,0.8769314885139465,0.08408916741609573,1
3597,0.04029690474271774,0.8742507696151733,0.08545234054327011,1
3598,0.02724437415599823,0.9079626798629761,0.0647929459810257,1
3599,0.027333082631230354,0.9095158576965332,0.06315102428197861,1
3600,0.021878212690353394,0.9254481196403503,0.05267370864748955,1
3601,0.024034889414906502,0.9203078150749207,0.05565732344985008,1
3602,0.02066982164978981,0.932512104511261,0.04681801423430443,1
3603,0.02311639115214348,0.9269459843635559,0.04993763193488121,1
3604,0.024856893345713615,0.9244070053100586,0.050736092031002045,1
3605,0.026946859434247017,0.9230162501335144,0.05003690719604492,1
3606,0.02883230522274971,0.9175519347190857,0.05361570790410042,1
3607,0.03048532083630562,0.914076566696167,0.055438052862882614,1
3608,0.03327567130327225,0.9095445275306702,0.05717986077070236,1
3609,0.03810873627662659,0.9017632603645325,0.060127899050712585,1
3610,0.036292366683483124,0.9052565693855286,0.05845111608505249,1
3611,0.03863508626818657,0.9046738743782043,0.05669094994664192,1
3612,0.03839923068881035,0.913969874382019,0.04763079807162285,1
3613,0.03815944865345955,0.9174413084983826,0.04439926892518997,1
3614,0.03757712244987488,0.919284999370575,0.043137844651937485,1
3615,0.0344308540225029,0.9267940521240234,0.03877519443631172,1
3616,0.03578459843993187,0.9248216152191162,0.03939377889037132,1
3617,0.03609638288617134,0.9240572452545166,0.039846379309892654,1
3618,0.036040134727954865,0.9217923283576965,0.042167503386735916,1
3619,0.040555525571107864,0.906152606010437,0.053291913121938705,1
3620,0.047325026243925095,0.8920063972473145,0.060668546706438065,1
3621,0.06378105282783508,0.8550809025764465,0.08113798499107361,1
3622,0.05601153150200844,0.8717954158782959,0.07219307124614716,1
3623,0.07230926305055618,0.8374425172805786,0.09024827182292938,1
3624,0.06920932978391647,0.843172550201416,0.08761812001466751,1
3625,0.0804552361369133,0.819678544998169,0.09986621141433716,1
3626,0.08153976500034332,0.8164846897125244,0.10197550803422928,1
3627,0.06281442940235138,0.8540356755256653,0.0831499695777893,1
3628,0.06733975559473038,0.8431135416030884,0.08954664319753647,1
3629,0.06729995459318161,0.8464425206184387,0.08625748753547668,1
3630,0.058908816426992416,0.8611526489257812,0.0799386128783226,1
3631,0.05361756309866905,0.8698731064796448,0.07650934904813766,1
3632,0.05787497013807297,0.8631851077079773,0.07893989235162735,1
3633,0.06181405112147331,0.8556391596794128,0.08254685997962952,1
3634,0.059130843728780746,0.860030472278595,0.08083872497081757,1
3635,0.09005709737539291,0.8025243282318115,0.10741855949163437,1
3636,0.09322170168161392,0.7760208249092102,0.13075746595859528,1
3637,0.07815386354923248,0.8069853186607361,0.1148608922958374,1
3638,0.07914842665195465,0.8061808347702026,0.11467071622610092,1
3639,0.0678340345621109,0.838701069355011,0.09346476197242737,1
3640,0.06400483846664429,0.8442075252532959,0.09178764373064041,1
3641,0.06242324784398079,0.8448016047477722,0.09277507662773132,1
3642,0.06086914241313934,0.8465445637702942,0.0925862267613411,1
3643,0.052606094628572464,0.8737784624099731,0.07361535727977753,1
3644,0.050031114369630814,0.881552517414093,0.06841634958982468,1
3645,0.05613353103399277,0.8675954937934875,0.07627096772193909,1
3646,0.051823005080223083,0.8775953054428101,0.07058168947696686,1
3647,0.04844296723604202,0.8842594623565674,0.06729751080274582,1
3648,0.048520755022764206,0.8860864043235779,0.0653928741812706,1
3649,0.041554536670446396,0.9002394080162048,0.05820611119270325,1
3650,0.07268308103084564,0.8339975476264954,0.0933193564414978,1
3651,0.04094870388507843,0.9013943076133728,0.05765697360038757,1
3652,0.03889834135770798,0.9069182872772217,0.05418331176042557,1
3653,0.04055410996079445,0.9041075706481934,0.055338263511657715,1
3654,0.03981319069862366,0.9057647585868835,0.05442209914326668,1
3655,0.04813652113080025,0.889533281326294,0.062330204993486404,1
3656,0.04797182232141495,0.8902000188827515,0.06182818487286568,1
3657,0.03867952898144722,0.9093219041824341,0.051998697221279144,1
3658,0.04332330450415611,0.9102340340614319,0.046442657709121704,1
3659,0.04244442284107208,0.9116287231445312,0.04592685401439667,1
3660,0.0435648187994957,0.906157374382019,0.05027780681848526,1
3661,0.04340668395161629,0.9034485220909119,0.05314486846327782,1
3662,0.04104477912187576,0.9102123379707336,0.0487428680062294,1
3663,0.043539684265851974,0.9028380513191223,0.053622227162122726,1
3664,0.04741645231842995,0.8904573321342468,0.062126126140356064,1
3665,0.04908296465873718,0.884770393371582,0.06614670157432556,1
3666,0.04777401685714722,0.888160765171051,0.06406524032354355,1
3667,0.04925718903541565,0.8840742111206055,0.0666685700416565,1
3668,0.04459521546959877,0.8975288271903992,0.05787588283419609,1
3669,0.039239443838596344,0.9138413667678833,0.046919118613004684,1
3670,0.0433504544198513,0.8986439108848572,0.05800563469529152,1
3671,0.04983096197247505,0.8833523988723755,0.06681671738624573,1
3672,0.04585883766412735,0.8929609060287476,0.061180274933576584,1
3673,0.04189086705446243,0.9063530564308167,0.05175609514117241,1
3674,0.046163734048604965,0.8988317251205444,0.05500457435846329,1
3675,0.048269495368003845,0.8905980587005615,0.061132464557886124,1
3676,0.05468149855732918,0.8784849047660828,0.06683361530303955,1
3677,0.0574624203145504,0.8714103102684021,0.0711272656917572,1
3678,0.05764209106564522,0.8698721528053284,0.0724857822060585,1
3679,0.05814254283905029,0.8705369234085083,0.07132049649953842,1
3680,0.05012086406350136,0.8852109909057617,0.06466814130544662,1
3681,0.04950859397649765,0.885015070438385,0.06547629833221436,1
3682,0.0629764050245285,0.8452359437942505,0.09178762882947922,1
3683,0.06550710648298264,0.8440359830856323,0.09045702964067459,1
3684,0.06952890008687973,0.8403134942054749,0.09015768021345139,1
3685,0.052504949271678925,0.8800714015960693,0.0674237310886383,1
3686,0.058167681097984314,0.8656596541404724,0.07617268711328506,1
3687,0.07402303069829941,0.8312817215919495,0.09469534456729889,1
3688,0.06294503062963486,0.8505452275276184,0.08650971204042435,1
3689,0.056409645825624466,0.8599686622619629,0.08362168073654175,1
3690,0.07186146080493927,0.8325607776641846,0.09557773917913437,1
3691,0.06436939537525177,0.8435019850730896,0.09212872385978699,1
3692,0.09330426156520844,0.7927119135856628,0.11398382484912872,1
3693,0.09031475335359573,0.7975736856460571,0.11211150884628296,1
3694,0.09470297396183014,0.789955735206604,0.11534130573272705,1
3695,0.07652370631694794,0.8171184062957764,0.1063578650355339,1
3696,0.08618572354316711,0.8015256524085999,0.11228860914707184,1
3697,0.07748977839946747,0.8180509805679321,0.10445927083492279,1
3698,0.04545076563954353,0.8766518235206604,0.07789744436740875,1
3699,0.05334514006972313,0.8290776610374451,0.11757722496986389,1
3700,0.09595033526420593,0.7432750463485718,0.16077452898025513,1
3701,0.09462755918502808,0.7472692728042603,0.1581031084060669,1
3702,0.08215223997831345,0.7830309271812439,0.13481687009334564,1
3703,0.07327535003423691,0.8055514693260193,0.12117327004671097,1
3704,0.07559720426797867,0.8173985481262207,0.107004314661026,1
3705,0.07587716728448868,0.8175075650215149,0.10661523044109344,1
3706,0.05651544779539108,0.8487722873687744,0.09471233189105988,1
3707,0.05900027975440025,0.8418564200401306,0.09914325922727585,1
3708,0.09027229249477386,0.7675406336784363,0.14218714833259583,1
3709,0.0431077666580677,0.8802779912948608,0.07661425322294235,1
3710,0.027146873995661736,0.9118873476982117,0.06096572056412697,1
3711,0.061471398919820786,0.8325144648551941,0.10601414740085602,1
3712,0.04199223220348358,0.8826600313186646,0.07534770667552948,1
3713,0.035694412887096405,0.9042366147041321,0.06006902828812599,1
3714,0.03071950562298298,0.8940819501876831,0.07519853115081787,1
3715,0.02643231302499771,0.9173811674118042,0.0561864897608757,1
3716,0.03557707369327545,0.8783143162727356,0.08610859513282776,1
3717,0.03506100922822952,0.8829281330108643,0.0820109024643898,1
3718,0.037325188517570496,0.8684658408164978,0.09420894831418991,1
3719,0.05678751692175865,0.830326497554779,0.11288592964410782,1
3720,0.040090400725603104,0.8661876320838928,0.09372199326753616,1
3721,0.03883127123117447,0.8731509447097778,0.0880177691578865,1
3722,0.03171730786561966,0.9022087454795837,0.06607388705015182,1
3723,0.05248498544096947,0.8530097007751465,0.09450523555278778,1
3724,0.04741343855857849,0.851816713809967,0.10076991468667984,1
3725,0.046130672097206116,0.85635906457901,0.09751024097204208,1
3726,0.04446703568100929,0.8760785460472107,0.07945436984300613,1
3727,0.03915301337838173,0.8788588643074036,0.0819881334900856,1
3728,0.05170576274394989,0.8470057845115662,0.10128837078809738,1
3729,0.06599343568086624,0.8159269094467163,0.11807967722415924,1
3730,0.0529320053756237,0.8479979038238525,0.09907004237174988,1
3731,0.06631837785243988,0.8183586001396179,0.11532308161258698,1
3732,0.07103293389081955,0.8036462664604187,0.12532079219818115,1
3733,0.07489912956953049,0.7998470067977905,0.12525393068790436,1
3734,0.0766567587852478,0.8009573221206665,0.12238596379756927,1
3735,0.08714806288480759,0.7647061347961426,0.14814580976963043,1
3736,0.0754409208893776,0.7896420359611511,0.1349169909954071,1
3737,0.06900052726268768,0.8034616708755493,0.1275378167629242,1
3738,0.0722062885761261,0.8030074238777161,0.12478633970022202,1
3739,0.06544878333806992,0.8093562126159668,0.12519501149654388,1
3740,0.07092129439115524,0.7944293022155762,0.13464947044849396,1
3741,0.05818731337785721,0.8307835459709167,0.11102911084890366,1
3742,0.05980882793664932,0.8307047486305237,0.10948646068572998,1
3743,0.06053784862160683,0.8421424627304077,0.09731972217559814,1
3744,0.06722652912139893,0.8227449655532837,0.1100284531712532,1
3745,0.06580691039562225,0.8344899415969849,0.09970318526029587,1
3746,0.061469364911317825,0.8457295298576355,0.09280114620923996,1
3747,0.06682801246643066,0.8388187885284424,0.09435318410396576,1
3748,0.061073847115039825,0.8494338393211365,0.0894922986626625,1
3749,0.05817532166838646,0.856034517288208,0.0857902392745018,1
3750,0.05162467807531357,0.8577703237533569,0.09060496836900711,1
3751,0.053919095546007156,0.8626977205276489,0.08338310569524765,1
3752,0.050501782447099686,0.8710799217224121,0.07841838896274567,1
3753,0.055371370166540146,0.8653850555419922,0.07924354821443558,1
3754,0.050196774303913116,0.8732480406761169,0.07655522972345352,1
3755,0.04918038472533226,0.8818060159683228,0.06901364028453827,1
3756,0.04597630351781845,0.8867769837379456,0.06724673509597778,1
3757,0.04103758558630943,0.8984652757644653,0.060497209429740906,1
3758,0.04412871226668358,0.9006954431533813,0.05517583340406418,1
3759,0.03315272554755211,0.9214814305305481,0.045365944504737854,1
3760,0.02866392396390438,0.9371868968009949,0.03414922580122948,1
3761,0.03215907886624336,0.9295731782913208,0.03826774284243584,1
3762,0.03095824085175991,0.9325087666511536,0.03653311729431152,1
3763,0.03125399351119995,0.9322710037231445,0.036475006490945816,1
3764,0.031924039125442505,0.9303969740867615,0.03767899423837662,1
3765,0.030276158824563026,0.9328122138977051,0.036911558359861374,1
3766,0.03696368634700775,0.916335940361023,0.04670042544603348,1
3767,0.03498126193881035,0.9221632480621338,0.04285554587841034,1
3768,0.0321054607629776,0.9305493831634521,0.03734511509537697,1
3769,0.014622656628489494,0.9677003622055054,0.01767691969871521,1
3770,0.01321621797978878,0.9704786539077759,0.01630513183772564,1
3771,0.013262744061648846,0.9701057076454163,0.016631552949547768,1
3772,0.017586052417755127,0.9592737555503845,0.02314016781747341,1
3773,0.018348269164562225,0.9572485685348511,0.024403156712651253,1
3774,0.01788686029613018,0.9587433934211731,0.02336972951889038,1
3775,0.01649867743253708,0.9631660580635071,0.020335229113698006,1
3776,0.017106296494603157,0.9609715342521667,0.021922187879681587,1
3777,0.016880236566066742,0.9620665311813354,0.021053312346339226,1
3778,0.013740104623138905,0.9688849449157715,0.01737486943602562,1
3779,0.015495672821998596,0.9655994176864624,0.018904905766248703,1
3780,0.012792029418051243,0.9709461331367493,0.016261806711554527,1
3781,0.015273080207407475,0.9657502174377441,0.018976621329784393,1
3782,0.017012087628245354,0.9606295228004456,0.022358417510986328,1
3783,0.014879819937050343,0.9666868448257446,0.018433360382914543,1
3784,0.01769999787211418,0.95582115650177,0.026478849351406097,1
3785,0.017346173524856567,0.958081066608429,0.02457275055348873,1
3786,0.016595611348748207,0.9572199583053589,0.0261843279004097,1
3787,0.01673995330929756,0.958379328250885,0.02488071471452713,1
3788,0.014798651449382305,0.9634907841682434,0.021710652858018875,1
3789,0.015839213505387306,0.9634935855865479,0.02066723071038723,1
3790,0.015721309930086136,0.9662595987319946,0.018019020557403564,1
3791,0.016418736428022385,0.963775634765625,0.01980561763048172,1
3792,0.015114955604076385,0.9625709056854248,0.02231411449611187,1
3793,0.01537057664245367,0.9619207978248596,0.022708628326654434,1
3794,0.01501865591853857,0.9636831879615784,0.02129817008972168,1
3795,0.017678648233413696,0.9582897424697876,0.024031560868024826,1
3796,0.019399026408791542,0.9593207836151123,0.021280214190483093,1
3797,0.01957559958100319,0.9596843719482422,0.020740028470754623,1
3798,0.019306590780615807,0.9601672887802124,0.020526167005300522,1
3799,0.0192404892295599,0.9602197408676147,0.0205399002879858,1
3800,0.019258705899119377,0.9598844647407532,0.020856818184256554,1
3801,0.019398702308535576,0.9599089622497559,0.02069232240319252,1
3802,0.021438507363200188,0.9554937481880188,0.023067841306328773,1
3803,0.019800972193479538,0.9574260115623474,0.02277299202978611,1
3804,0.019930480048060417,0.9563419818878174,0.023727580904960632,1
3805,0.018293896690011024,0.9616529941558838,0.020053107291460037,1
3806,0.01647302322089672,0.9651164412498474,0.01841055043041706,1
3807,0.014127951115369797,0.9679815769195557,0.01789059117436409,1
3808,0.014218483120203018,0.9679482579231262,0.017833318561315536,1
3809,0.010489041917026043,0.9766620993614197,0.012848826125264168,1
3810,0.009718446061015129,0.975620448589325,0.014661140739917755,1
3811,0.010540091432631016,0.9737970232963562,0.015662802383303642,1
3812,0.010056201368570328,0.9742948412895203,0.015649085864424706,1
3813,0.010993335396051407,0.9714574813842773,0.017549267038702965,1
3814,0.014389464631676674,0.9627620577812195,0.0228485818952322,1
3815,0.020731283351778984,0.9440709948539734,0.03519776090979576,1
3816,0.01726195029914379,0.9519632458686829,0.030774764716625214,1
3817,0.016718819737434387,0.9556351900100708,0.027645930647850037,1
3818,0.016782980412244797,0.954875648021698,0.028341341763734818,1
3819,0.014518986456096172,0.959528386592865,0.025952594354748726,1
3820,0.016042567789554596,0.9528530836105347,0.031104251742362976,1
3821,0.018585840240120888,0.9455371499061584,0.035876959562301636,1
3822,0.01640572026371956,0.9528566002845764,0.030737780034542084,1
3823,0.014878178015351295,0.9579535126686096,0.02716825343668461,1
3824,0.01397718582302332,0.9646309614181519,0.02139195241034031,1
3825,0.01384247001260519,0.961624264717102,0.024533316493034363,1
3826,0.01337662898004055,0.9566850662231445,0.029938241466879845,1
3827,0.01492990180850029,0.9543426036834717,0.030727529898285866,1
3828,0.014301711693406105,0.9585009217262268,0.027197295799851418,1
3829,0.014451330527663231,0.9599095582962036,0.025638960301876068,1
3830,0.014393213205039501,0.9596033692359924,0.026003336533904076,1
3831,0.014723696745932102,0.9609552621841431,0.024321014061570168,1
3832,0.014529218897223473,0.9605453610420227,0.02492542751133442,1
3833,0.01491452008485794,0.9589252471923828,0.026160256937146187,1
3834,0.014217816293239594,0.9640452265739441,0.021736936643719673,1
3835,0.014267824590206146,0.9642968773841858,0.02143530175089836,1
3836,0.04275261238217354,0.892082929611206,0.06516443192958832,1
3837,0.049929700791835785,0.8752374053001404,0.07483293861150742,1
3838,0.03948502242565155,0.9017888307571411,0.05872607231140137,1
3839,0.03153347596526146,0.9204738140106201,0.04799271747469902,1
3840,0.01578412763774395,0.9645576477050781,0.01965828239917755,1
3841,0.01444573886692524,0.9665429592132568,0.01901131495833397,1
3842,0.015355575829744339,0.9652957916259766,0.019348565489053726,1
3843,0.013293446972966194,0.9691399931907654,0.017566606402397156,1
3844,0.027598658576607704,0.9324629306793213,0.039938412606716156,1
3845,0.02769826352596283,0.9335378408432007,0.038763873279094696,1
3846,0.022563178092241287,0.9475640654563904,0.029872780665755272,1
3847,0.025066036731004715,0.9392672181129456,0.03566669672727585,1
3848,0.02240988239645958,0.94545578956604,0.03213432431221008,1
3849,0.01963641308248043,0.9527937769889832,0.027569837868213654,1
3850,0.023589203134179115,0.944838285446167,0.031572483479976654,1
3851,0.026236223056912422,0.9387836456298828,0.03498014435172081,1
3852,0.022220073267817497,0.9486886262893677,0.02909133955836296,1
3853,0.02212042361497879,0.9490088820457458,0.02887076884508133,1
3854,0.021701661869883537,0.9506115913391113,0.02768660895526409,1
3855,0.019148459658026695,0.9551615715026855,0.025690050795674324,1
3856,0.0189199335873127,0.9556098580360413,0.025470251217484474,1
3857,0.019326936453580856,0.9554318785667419,0.025241130962967873,1
3858,0.019388899207115173,0.9547199010848999,0.025891244411468506,1
3859,0.01951741799712181,0.9545326232910156,0.025949830189347267,1
3860,0.017613356932997704,0.9611125588417053,0.02127407304942608,1
3861,0.01886054500937462,0.9598981142044067,0.021241407841444016,1
3862,0.01695471815764904,0.9631925225257874,0.01985279656946659,1
3863,0.018227726221084595,0.9608413577079773,0.020930932834744453,1
3864,0.01919330656528473,0.955834686756134,0.02497197687625885,1
3865,0.019576383754611015,0.9531760215759277,0.02724747732281685,1
3866,0.019415073096752167,0.9543408751487732,0.026243973523378372,1
3867,0.033782366663217545,0.9200961589813232,0.04612144082784653,1
3868,0.02196172997355461,0.9503682255744934,0.0276701208204031,1
3869,0.030032198876142502,0.9296140670776367,0.04035370051860809,1
3870,0.026187509298324585,0.9380737543106079,0.03573866933584213,1
3871,0.020190240815281868,0.9545575380325317,0.025252223014831543,1
3872,0.028847286477684975,0.9342114925384521,0.03694117069244385,1
3873,0.024893049150705338,0.9440603852272034,0.031046610325574875,1
3874,0.02922683209180832,0.9336404800415039,0.03713265806436539,1
3875,0.023925749585032463,0.9458397030830383,0.030234599485993385,1
3876,0.021475913003087044,0.9517878890037537,0.026736123487353325,1
3877,0.023962385952472687,0.9469135999679565,0.029124081134796143,1
3878,0.02329252101480961,0.9486134648323059,0.028093986213207245,1
3879,0.023454967886209488,0.9461032748222351,0.03044172003865242,1
3880,0.023648135364055634,0.9457774758338928,0.030574480071663857,1
3881,0.022843671962618828,0.9487777948379517,0.028378590941429138,1
3882,0.01893792487680912,0.9577578902244568,0.02330418862402439,1
3883,0.019632898271083832,0.9568808078765869,0.023486265912652016,1
3884,0.020150328055024147,0.9526271224021912,0.02722247876226902,1
3885,0.02053338848054409,0.9503406882286072,0.02912592701613903,1
3886,0.01865973323583603,0.9548887014389038,0.026451516896486282,1
3887,0.019061308354139328,0.9531649947166443,0.02777368202805519,1
3888,0.019097479060292244,0.9562634825706482,0.024639107286930084,1
3889,0.01969868689775467,0.9567278027534485,0.023573491722345352,1
3890,0.020356835797429085,0.9566354751586914,0.023007815703749657,1
3891,0.021306093782186508,0.956991970539093,0.02170184999704361,1
3892,0.02062046527862549,0.9587318301200867,0.020647745579481125,1
3893,0.02338452637195587,0.952738881111145,0.0238766148686409,1
3894,0.022380786016583443,0.9550207853317261,0.02259841002523899,1
3895,0.028134990483522415,0.9448999762535095,0.026964938268065453,1
3896,0.02895224094390869,0.9430533051490784,0.02799445018172264,1
3897,0.029657967388629913,0.9418453574180603,0.02849661186337471,1
3898,0.028801558539271355,0.9432445764541626,0.027953891083598137,1
3899,0.03017633967101574,0.9406535625457764,0.029170075431466103,1
3900,0.028721541166305542,0.9427767395973206,0.02850179933011532,1
3901,0.026145637035369873,0.9482206702232361,0.025633668527007103,1
3902,0.030342550948262215,0.9406253099441528,0.029032129794359207,1
3903,0.025215664878487587,0.9507139921188354,0.024070262908935547,1
3904,0.03063647635281086,0.9408361315727234,0.028527412563562393,1
3905,0.0361817441880703,0.9295892715454102,0.03422892093658447,1
3906,0.03205690532922745,0.9356498122215271,0.032293155789375305,1
3907,0.031726986169815063,0.9353800415992737,0.032892972230911255,1
3908,0.026940401643514633,0.9440561532974243,0.029003379866480827,1
3909,0.027943702414631844,0.9420456290245056,0.030010612681508064,1
3910,0.02185240015387535,0.9531883001327515,0.024959241971373558,1
3911,0.021940868347883224,0.9533901810646057,0.02466893568634987,1
3912,0.01821483112871647,0.9605053067207336,0.021279865875840187,1
3913,0.01982787810266018,0.9574772119522095,0.022694958373904228,1
3914,0.01743130572140217,0.9586162567138672,0.02395245060324669,1
3915,0.01769493892788887,0.9584075212478638,0.02389759197831154,1
3916,0.018287817016243935,0.9568823575973511,0.0248298067599535,1
3917,0.01661769114434719,0.9595997333526611,0.02378261834383011,1
3918,0.01998751237988472,0.9574041962623596,0.022608354687690735,1
3919,0.016729505732655525,0.9588961005210876,0.024374399334192276,1
3920,0.01652134768664837,0.9613932967185974,0.02208537422120571,1
3921,0.01833389513194561,0.9578285813331604,0.02383754402399063,1
3922,0.036219943314790726,0.9243391156196594,0.03944094851613045,1
3923,0.027153804898262024,0.9404508471488953,0.032395318150520325,1
3924,0.030234381556510925,0.935692548751831,0.034073133021593094,1
3925,0.03344149887561798,0.9301022291183472,0.03645627945661545,1
3926,0.015458330512046814,0.9583460092544556,0.026195773854851723,1
3927,0.04499411955475807,0.8990615010261536,0.05594441667199135,1
3928,0.05576169118285179,0.8675457835197449,0.07669251412153244,1
3929,0.08315548300743103,0.7975963354110718,0.11924819648265839,1
3930,0.06499067693948746,0.855100154876709,0.07990919798612595,1
3931,0.07553832232952118,0.8395846486091614,0.08487703651189804,1
3932,0.07538200914859772,0.8408029675483704,0.08381496369838715,1
3933,0.07949613034725189,0.8340139389038086,0.08648984134197235,1
3934,0.092017263174057,0.8152258396148682,0.09275691956281662,1
3935,0.0829138532280922,0.8325985074043274,0.084487684071064,1
3936,0.06783207505941391,0.8616691827774048,0.07049867510795593,1
3937,0.06921902298927307,0.857953667640686,0.07282736897468567,1
3938,0.0553133450448513,0.8827771544456482,0.06190957501530647,1
3939,0.050600048154592514,0.891677975654602,0.05772201716899872,1
3940,0.05233114957809448,0.8878974914550781,0.05977145582437515,1
3941,0.051685918122529984,0.888771653175354,0.059542443603277206,1
3942,0.05411151796579361,0.8831470608711243,0.06274142861366272,1
3943,0.04285215586423874,0.9060354828834534,0.05111240595579147,1
3944,0.048588626086711884,0.8943990468978882,0.05701229348778725,1
3945,0.04463765025138855,0.9023070335388184,0.053055353462696075,1
3946,0.05407147482037544,0.8830963373184204,0.06283219158649445,1
3947,0.043979257345199585,0.9034844636917114,0.05253627896308899,1
3948,0.03875808045268059,0.9142131209373474,0.047028813511133194,1
3949,0.043672434985637665,0.9049713015556335,0.05135626345872879,1
3950,0.04271078482270241,0.9079444408416748,0.049344807863235474,1
3951,0.022714048624038696,0.9451875686645508,0.03209838643670082,1
3952,0.025494709610939026,0.9402430057525635,0.034262314438819885,1
3953,0.02529682032763958,0.9403230547904968,0.03438008949160576,1
3954,0.02346363291144371,0.9378398656845093,0.03869648650288582,1
3955,0.07306603342294693,0.8385390639305115,0.08839485049247742,1
3956,0.08083342015743256,0.8276429772377014,0.091523677110672,1
3957,0.08834733814001083,0.8020150661468506,0.10963756591081619,1
3958,0.025531193241477013,0.9212163686752319,0.0532524436712265,1
3959,0.024118592962622643,0.9290426969528198,0.04683876037597656,1
3960,0.029414627701044083,0.92454993724823,0.046035416424274445,1
3961,0.03144795820116997,0.9178510904312134,0.0507010743021965,1
3962,0.056300584226846695,0.8709675073623657,0.07273197174072266,1
3963,0.06136959791183472,0.862469494342804,0.07616086304187775,1
3964,0.035123784095048904,0.9135366678237915,0.05133955925703049,1
3965,0.027613982558250427,0.9271728992462158,0.04521307349205017,1
3966,0.023517096415162086,0.9334778189659119,0.043005067855119705,1
3967,0.020048364996910095,0.9453268051147461,0.03462488204240799,1
3968,0.0242657158523798,0.9296199679374695,0.04611433297395706,1
3969,0.021768901497125626,0.9394623637199402,0.038768719881772995,1
3970,0.030683215707540512,0.915784478187561,0.053532298654317856,1
3971,0.0352131612598896,0.9137036204338074,0.05108321085572243,1
3972,0.0227583646774292,0.9406285881996155,0.03661302477121353,1
3973,0.035150617361068726,0.9143450856208801,0.050504300743341446,1
3974,0.03289830684661865,0.915441632270813,0.051660019904375076,1
3975,0.022191843017935753,0.9409935474395752,0.036814525723457336,1
3976,0.06203397735953331,0.8492216467857361,0.08874441683292389,1
3977,0.043201934546232224,0.8937365412712097,0.06306149810552597,1
3978,0.03669489547610283,0.9088680744171143,0.05443699657917023,1
3979,0.04326389729976654,0.8926252126693726,0.06411087512969971,1
3980,0.05469900742173195,0.8654202818870544,0.0798807293176651,1
3981,0.05404096841812134,0.8645421266555786,0.08141691237688065,1
3982,0.025880960747599602,0.9405165910720825,0.033602531999349594,1
3983,0.03491385653614998,0.923709511756897,0.04137656092643738,1
3984,0.034127332270145416,0.9203378558158875,0.04553474858403206,1
3985,0.044457267969846725,0.8995503783226013,0.05599232390522957,1
3986,0.07329625636339188,0.837922990322113,0.08878074586391449,1
3987,0.07674536108970642,0.8284458518028259,0.09480872750282288,1
3988,0.07636082917451859,0.8347756266593933,0.0888635590672493,1
3989,0.08046029508113861,0.8355885744094849,0.08395110070705414,1
3990,0.07049489766359329,0.8573748469352722,0.07213027030229568,1
3991,0.04990534111857414,0.8912683725357056,0.05882633477449417,1
3992,0.06213722005486488,0.8740847706794739,0.06377805024385452,1
3993,0.07119398564100266,0.8572409749031067,0.07156507670879364,1
3994,0.07264973968267441,0.8562607169151306,0.07108958065509796,1
3995,0.07150756567716599,0.8526613712310791,0.07583101838827133,1
3996,0.05786198005080223,0.8809093236923218,0.06122874468564987,1
3997,0.05291227996349335,0.8874351382255554,0.059652604162693024,1
3998,0.04920680820941925,0.8975817561149597,0.05321143567562103,1
3999,0.04197939857840538,0.915115237236023,0.04290531575679779,1
4000,0.03062477894127369,0.9397189021110535,0.029656222090125084,1
4001,0.026848597452044487,0.9444946646690369,0.028656689450144768,1
4002,0.03994695842266083,0.9226051568984985,0.037447862327098846,1
4003,0.038988396525382996,0.9241543412208557,0.03685734421014786,1
4004,0.034975357353687286,0.9325917363166809,0.03243285417556763,1
4005,0.049384087324142456,0.9076001644134521,0.04301568493247032,1
4006,0.06632983684539795,0.8749514818191528,0.0587187185883522,1
4007,0.07361195981502533,0.857290506362915,0.06909753382205963,1
4008,0.06150469183921814,0.879235029220581,0.05926036462187767,1
4009,0.05715935304760933,0.8854947686195374,0.05734589323401451,1
4010,0.0614088699221611,0.8751940131187439,0.06339718401432037,1
4011,0.05391525849699974,0.8912009596824646,0.054883819073438644,1
4012,0.04616963863372803,0.901751697063446,0.05207868292927742,1
4013,0.06157143786549568,0.8605937361717224,0.07783466577529907,1
4014,0.05850047245621681,0.8769108653068542,0.06458871066570282,1
4015,0.02878928929567337,0.9405982494354248,0.03061237558722496,1
4016,0.050177235156297684,0.8962780237197876,0.053544625639915466,1
4017,0.027714284136891365,0.9304352402687073,0.04185042157769203,1
4018,0.0382251963019371,0.9106652140617371,0.05110962316393852,1
4019,0.02864118292927742,0.9305452108383179,0.04081371799111366,1
4020,0.03515211120247841,0.9240941405296326,0.04075377807021141,1
4021,0.04096625745296478,0.9154912829399109,0.043542519211769104,1
4022,0.03119281493127346,0.9327585101127625,0.036048755049705505,1
4023,0.01719304732978344,0.9636307954788208,0.01917615532875061,1
4024,0.016103003174066544,0.9630924463272095,0.0208046305924654,1
4025,0.016991764307022095,0.9586775302886963,0.024330733343958855,1
4026,0.035068970173597336,0.9175328016281128,0.047398123890161514,1
4027,0.02641037479043007,0.9378722310066223,0.0357174351811409,1
4028,0.020613284781575203,0.9515379071235657,0.02784884162247181,1
4029,0.027844635769724846,0.935127317905426,0.03702803701162338,1
4030,0.08648364990949631,0.8059852719306946,0.10753098130226135,1
4031,0.05445823818445206,0.886950671672821,0.058591049164533615,1
4032,0.05523956939578056,0.8863850235939026,0.058375392109155655,1
4033,0.051656514406204224,0.8940110802650452,0.05433238670229912,1
4034,0.052188172936439514,0.8925943374633789,0.05521749332547188,1
4035,0.05341636762022972,0.8908728361129761,0.05571085959672928,1
4036,0.06302937120199203,0.8733797073364258,0.06359098106622696,1
4037,0.05957006290555,0.8816365599632263,0.05879334360361099,1
4038,0.06662124395370483,0.8686510920524597,0.06472766399383545,1
4039,0.05843024700880051,0.885256290435791,0.05631339177489281,1
4040,0.07031693309545517,0.8635204434394836,0.06616264581680298,1
4041,0.07743561267852783,0.8507672548294067,0.07179714739322662,1
4042,0.08050651848316193,0.8457837700843811,0.07370971888303757,1
4043,0.09069187194108963,0.826470136642456,0.08283793181180954,1
4044,0.08257022500038147,0.8413566946983337,0.07607300579547882,1
4045,0.09698851406574249,0.8170453906059265,0.08596619963645935,1
4046,0.09219399839639664,0.8159235715866089,0.09188244491815567,1
4047,0.07694336771965027,0.8381361365318298,0.08492046594619751,1
4048,0.08445417135953903,0.8243044018745422,0.09124135226011276,1
4049,0.06902183592319489,0.8483295440673828,0.08264860510826111,1
4050,0.07277821004390717,0.8408088684082031,0.0864129289984703,1
4051,0.0871146023273468,0.8170056343078613,0.0958797037601471,1
4052,0.07410678267478943,0.8374204635620117,0.08847285062074661,1
4053,0.0655984878540039,0.8519096970558167,0.08249182254076004,1
4054,0.0509352833032608,0.8753910064697266,0.07367384433746338,1
4055,0.07813383638858795,0.8224489688873291,0.09941720217466354,1
4056,0.07264269888401031,0.8307924866676331,0.09656480699777603,1
4057,0.055128779262304306,0.8616203665733337,0.08325090259313583,1
4058,0.05515604093670845,0.8612027168273926,0.08364125341176987,1
4059,0.050265803933143616,0.8721708655357361,0.07756341993808746,1
4060,0.04414710775017738,0.8846879601478577,0.07116486877202988,1
4061,0.022149980068206787,0.9384687542915344,0.03938132897019386,1
4062,0.021303053945302963,0.9408680200576782,0.037828922271728516,1
4063,0.023629438132047653,0.9382081627845764,0.03816239535808563,1
4064,0.020063895732164383,0.9472774863243103,0.03265862166881561,1
4065,0.01887950487434864,0.9500824213027954,0.031037921085953712,1
4066,0.025563443079590797,0.9333350658416748,0.04110140725970268,1
4067,0.018999094143509865,0.9486840963363647,0.03231685236096382,1
4068,0.024936266243457794,0.9342144727706909,0.040849242359399796,1
4069,0.038149990141391754,0.906517505645752,0.05533242225646973,1
4070,0.09823797643184662,0.797946035861969,0.10381606221199036,1
4071,0.044766925275325775,0.8937323689460754,0.06150064989924431,1
4072,0.041979189962148666,0.8977414965629578,0.060279347002506256,1
4073,0.05799008905887604,0.8711260557174683,0.07088380306959152,1
4074,0.04667564108967781,0.8907341957092285,0.0625900998711586,1
4075,0.05025389790534973,0.8820153474807739,0.06773077696561813,1
4076,0.12089977413415909,0.7645166516304016,0.11458365619182587,1
4077,0.05199141055345535,0.881007194519043,0.0670013278722763,1
4078,0.014237298630177975,0.9613587260246277,0.02440388686954975,1
4079,0.013724715448915958,0.9630948901176453,0.02318050153553486,1
4080,0.029863812029361725,0.9261384010314941,0.043997760862112045,1
4081,0.022111020982265472,0.94346022605896,0.03442869335412979,1
4082,0.04058495908975601,0.9040050506591797,0.05541009083390236,1
4083,0.06687331944704056,0.8405807018280029,0.09254598617553711,1
4084,0.06587206572294235,0.8427040576934814,0.091423898935318,1
4085,0.04963317885994911,0.8791235685348511,0.07124334573745728,1
4086,0.048745352774858475,0.8813727498054504,0.06988188624382019,1
4087,0.04756618291139603,0.8858960866928101,0.06653767079114914,1
4088,0.043052177876234055,0.8969554901123047,0.05999242141842842,1
4089,0.045366786420345306,0.8934211134910583,0.061212070286273956,1
4090,0.04592638835310936,0.892946720123291,0.0611269511282444,1
4091,0.03942372649908066,0.9078022241592407,0.05277397483587265,1
4092,0.048981647938489914,0.8916984796524048,0.05931992083787918,1
4093,0.05843131244182587,0.8798650503158569,0.06170368194580078,1
4094,0.03692421689629555,0.9249715209007263,0.038104329258203506,1
4095,0.04446477070450783,0.9089181423187256,0.04661718010902405,1
4096,0.04478112608194351,0.9100905656814575,0.04512821510434151,1
4097,0.03713059797883034,0.926836371421814,0.03603294864296913,1
4098,0.03361382707953453,0.9317193627357483,0.03466671332716942,1
4099,0.028797872364521027,0.940604567527771,0.030597630888223648,1
4100,0.030610250309109688,0.9364266991615295,0.032962996512651443,1
4101,0.027319123968482018,0.9432623982429504,0.02941852994263172,1
4102,0.044916797429323196,0.9057310223579407,0.049352191388607025,1
4103,0.043417789041996,0.9068071246147156,0.049775056540966034,1
4104,0.02720397152006626,0.9468775391578674,0.02591855265200138,1
4105,0.01970849372446537,0.960270345211029,0.020021162927150726,1
4106,0.013921573758125305,0.9726461172103882,0.013432285748422146,1
4107,0.014537845738232136,0.971490740776062,0.013971446081995964,1
4108,0.013322263956069946,0.9740086793899536,0.012669107876718044,1
4109,0.012504235841333866,0.975736677646637,0.011759218759834766,1
4110,0.01125381886959076,0.9782076478004456,0.010538559406995773,1
4111,0.012244450859725475,0.9764991402626038,0.011256447993218899,1
4112,0.013510942459106445,0.9737945795059204,0.012694530189037323,1
4113,0.013963697478175163,0.9728459715843201,0.013190419413149357,1
4114,0.01584811322391033,0.9682096242904663,0.015942249447107315,1
4115,0.01456194743514061,0.971182644367218,0.014255447313189507,1
4116,0.014224153943359852,0.972291111946106,0.01348479650914669,1
4117,0.02051527611911297,0.9579536318778992,0.021531008183956146,1
4118,0.024720091372728348,0.9491655230522156,0.02611445263028145,1
4119,0.03176240622997284,0.934610903263092,0.03362656757235527,1
4120,0.027505502104759216,0.9433090686798096,0.029185526072978973,1
4121,0.03447529301047325,0.931519627571106,0.034005146473646164,1
4122,0.0352303721010685,0.9303697347640991,0.0343998558819294,1
4123,0.022664878517389297,0.9544503092765808,0.02288484387099743,1
4124,0.014981772750616074,0.970270037651062,0.014748278073966503,1
4125,0.013202193193137646,0.9745885133743286,0.012209205888211727,1
4126,0.015009339898824692,0.9701966047286987,0.014794126152992249,1
4127,0.011080579832196236,0.9787992238998413,0.010120146907866001,1
4128,0.03754284977912903,0.9245604872703552,0.037896573543548584,1
4129,0.02236754819750786,0.9540247321128845,0.023607665672898293,1
4130,0.024349501356482506,0.9507743120193481,0.024876266717910767,1
4131,0.0599365308880806,0.8899506330490112,0.05011283978819847,1
4132,0.057002950459718704,0.8954976201057434,0.04749949276447296,1
4133,0.05172521993517876,0.9005632996559143,0.04771147295832634,1
4134,0.04702870175242424,0.9095098376274109,0.04346149414777756,1
4135,0.04985432326793671,0.9028039574623108,0.0473417229950428,1
4136,0.04031071439385414,0.9245496988296509,0.03513970226049423,1
4137,0.03743068501353264,0.9295765161514282,0.032992828637361526,1
4138,0.024095963686704636,0.9549434781074524,0.02096056565642357,1
4139,0.02593923546373844,0.951626181602478,0.02243467979133129,1
4140,0.032197486609220505,0.9388599991798401,0.028942547738552094,1
4141,0.01657906360924244,0.9682503342628479,0.01517057977616787,1
4142,0.01486965361982584,0.97158282995224,0.013547523878514767,1
4143,0.014675840735435486,0.9692602157592773,0.016063980758190155,1
4144,0.022915786132216454,0.952276885509491,0.024807320907711983,1
4145,0.02641826681792736,0.9453399181365967,0.028241898864507675,1
4146,0.020013360306620598,0.9595339298248291,0.0204528346657753,1
4147,0.015031292103230953,0.9696143269538879,0.015354473143815994,1
4148,0.010915199294686317,0.9789819717407227,0.010102787986397743,1
4149,0.014075481332838535,0.9718642234802246,0.014060340821743011,1
4150,0.01180077251046896,0.977397084236145,0.010802262462675571,1
4151,0.014892114326357841,0.9714194536209106,0.013688402250409126,1
4152,0.011087805032730103,0.9786825180053711,0.010229703970253468,1
4153,0.011615167371928692,0.9768186211585999,0.011566205881536007,1
4154,0.01274255570024252,0.9742200374603271,0.013037479482591152,1
4155,0.04198627918958664,0.918312668800354,0.039701078087091446,1
4156,0.05096592754125595,0.9040987491607666,0.04493539407849312,1
4157,0.063138447701931,0.884208083152771,0.052653420716524124,1
4158,0.04149030148983002,0.9190173745155334,0.03949228674173355,1
4159,0.02308594062924385,0.9545797109603882,0.022334402427077293,1
4160,0.04379483312368393,0.9154108762741089,0.04079441353678703,1
4161,0.0628054216504097,0.8822168111801147,0.054977744817733765,1
4162,0.076117143034935,0.8604191541671753,0.06346369534730911,1
4163,0.059199973940849304,0.89072585105896,0.05007416754961014,1
4164,0.07454637438058853,0.8643579483032227,0.061095647513866425,1
4165,0.09614618867635727,0.8277847170829773,0.07606908679008484,1
4166,0.08142396062612534,0.8519684076309204,0.06660762429237366,1
4167,0.09292292594909668,0.8341382145881653,0.07293887436389923,1
4168,0.09159467369318008,0.8373034000396729,0.07110192626714706,1
4169,0.09693396091461182,0.8290715217590332,0.07399450987577438,1
4170,0.10988177359104156,0.8064025640487671,0.08371556550264359,1
4171,0.09240879863500595,0.8381567597389221,0.0694345235824585,1
4172,0.0761483684182167,0.8661100268363953,0.05774161219596863,1
4173,0.03866778686642647,0.9297077655792236,0.031624533236026764,1
4174,0.03238106146454811,0.9395062327384949,0.02811274491250515,1
4175,0.04592963680624962,0.9174134731292725,0.03665681928396225,1
4176,0.0437869131565094,0.9205068349838257,0.03570627421140671,1
4177,0.044816989451646805,0.9185922741889954,0.036590658128261566,1
4178,0.03598470613360405,0.9330903887748718,0.030924899503588676,1
4179,0.013768390752375126,0.9692656397819519,0.016965962946414948,1
4180,0.012112989090383053,0.9725447297096252,0.01534224022179842,1
4181,0.011465761810541153,0.9739472270011902,0.014587030746042728,1
4182,0.01573430374264717,0.9661284685134888,0.018137363716959953,1
4183,0.02228449657559395,0.9548269510269165,0.022888576611876488,1
4184,0.020532555878162384,0.9577481746673584,0.021719226613640785,1
4185,0.021497221663594246,0.9561480283737183,0.022354766726493835,1
4186,0.020677687600255013,0.958038866519928,0.02128341794013977,1
4187,0.03530914708971977,0.9335342049598694,0.031156647950410843,1
4188,0.02161535434424877,0.9576439261436462,0.020740767940878868,1
4189,0.011292871087789536,0.9784426689147949,0.010264405980706215,1
4190,0.01326723862439394,0.9744058847427368,0.012326880358159542,1
4191,0.008055783808231354,0.9849758148193359,0.006968456320464611,1
4192,0.0077077108435332775,0.9860292673110962,0.006262958515435457,1
4193,0.005483631044626236,0.9899783730506897,0.004538032691925764,1
4194,0.0038220395799726248,0.9930251836776733,0.003152783028781414,1
4195,0.004310442600399256,0.9920653104782104,0.0036243225913494825,1
4196,0.005149107426404953,0.9906233549118042,0.004227586556226015,1
4197,0.006118935067206621,0.9888575077056885,0.005023494362831116,1
4198,0.007105743978172541,0.9870506525039673,0.005843654740601778,1
4199,0.004736960865557194,0.9914029240608215,0.0038601160049438477,1
4200,0.005358738359063864,0.9903566241264343,0.004284599795937538,1
4201,0.005617334507405758,0.9899576902389526,0.004425026010721922,1
4202,0.006066373083740473,0.9891071915626526,0.0048264614306390285,1
4203,0.008560515008866787,0.9846526384353638,0.006786917801946402,1
4204,0.009531299583613873,0.9828305840492249,0.00763813266530633,1
4205,0.012049955315887928,0.9784150719642639,0.009534977376461029,1
4206,0.011283371597528458,0.9798382520675659,0.008878365159034729,1
4207,0.00944752898067236,0.9831172823905945,0.007435172330588102,1
4208,0.009940368123352528,0.9821721315383911,0.007887652143836021,1
4209,0.009924777783453465,0.981772780418396,0.008302467875182629,1
4210,0.011956635862588882,0.9782264232635498,0.009816880337893963,1
4211,0.014194335788488388,0.9739120006561279,0.011893711984157562,1
4212,0.010312385857105255,0.9811389446258545,0.008548530749976635,1
4213,0.011543815955519676,0.9788019061088562,0.009654303081333637,1
4214,0.00995543785393238,0.9818958044052124,0.00814878847450018,1
4215,0.009232881478965282,0.9821586608886719,0.008608438074588776,1
4216,0.01662665605545044,0.9649357199668884,0.018437584862113,1
4217,0.011444146744906902,0.9755455851554871,0.01301023829728365,1
4218,0.011448496021330357,0.9753836393356323,0.013167873956263065,1
4219,0.012838169001042843,0.9722273349761963,0.014934414066374302,1
4220,0.045001689344644547,0.9220563173294067,0.032941944897174835,1
4221,0.04283176735043526,0.9266051054000854,0.030563142150640488,1
4222,0.04337036609649658,0.925879716873169,0.030749890953302383,1
4223,0.035102952271699905,0.9397196769714355,0.025177309289574623,1
4224,0.04328713193535805,0.9218564629554749,0.03485643491148949,1
4225,0.06145608425140381,0.8922799229621887,0.04626403748989105,1
4226,0.05187038332223892,0.9101954102516174,0.03793419525027275,1
4227,0.29259735345840454,0.47714322805404663,0.2302594929933548,1
4228,0.2780173718929291,0.5081672072410583,0.21381539106369019,1
4229,0.2950785458087921,0.4753483533859253,0.229573056101799,1
4230,0.2941880524158478,0.47420063614845276,0.23161132633686066,1
4231,0.2590710520744324,0.510983407497406,0.22994552552700043,1
4232,0.25390997529029846,0.5303565859794617,0.21573340892791748,1
4233,0.1416124701499939,0.7334639430046082,0.12492363899946213,1
4234,0.15714724361896515,0.699833869934082,0.14301887154579163,1
4235,0.13334251940250397,0.7465309500694275,0.12012650817632675,1
4236,0.11912743747234344,0.7666692137718201,0.11420326679944992,1
4237,0.131268709897995,0.752575159072876,0.11615611612796783,1
4238,0.13512331247329712,0.7448675632476807,0.12000913918018341,1
4239,0.08118138462305069,0.8272154331207275,0.09160318225622177,1
4240,0.05612722784280777,0.8774016499519348,0.066471166908741,1
4241,0.053780801594257355,0.8824741244316101,0.06374497711658478,1
4242,0.07390113174915314,0.8548581004142761,0.07124072313308716,1
4243,0.18822036683559418,0.6763246655464172,0.1354549080133438,1
4244,0.26309627294540405,0.505396842956543,0.2315068393945694,1
4245,0.11667151749134064,0.7530991435050964,0.13022929430007935,1
4246,0.3138049244880676,0.4031093418598175,0.28308576345443726,1
4247,0.30105963349342346,0.4272540807723999,0.27168625593185425,1
4248,0.21744954586029053,0.5862528085708618,0.1962977796792984,1
4249,0.23974953591823578,0.532934844493866,0.22731555998325348,1
4250,0.3030991554260254,0.41450271010398865,0.2823981046676636,1
4251,0.28453558683395386,0.4460638463497162,0.26940059661865234,1
4252,0.22866886854171753,0.5583639144897461,0.21296726167201996,1
4253,0.15994414687156677,0.6949760913848877,0.14507977664470673,1
4254,0.17185400426387787,0.6775940656661987,0.150551900267601,1
4255,0.14539863169193268,0.7120426297187805,0.14255882799625397,1
4256,0.3384378254413605,0.3634602725505829,0.29810190200805664,1
4257,0.29629310965538025,0.4443816542625427,0.25932517647743225,1
4258,0.2243635356426239,0.5681419968605042,0.20749440789222717,1
4259,0.32940447330474854,0.3903338611125946,0.2802616357803345,1
4260,0.32425540685653687,0.4039645195007324,0.2717800736427307,1
4261,0.33544132113456726,0.3793758749961853,0.28518277406692505,1
4262,0.33180513978004456,0.38541290163993835,0.2827819287776947,1
4263,0.2781558036804199,0.5187491774559021,0.20309506356716156,1
4264,0.2919521927833557,0.49109339714050293,0.21695438027381897,1
4265,0.28694337606430054,0.4966413378715515,0.21641531586647034,1
4266,0.3016120493412018,0.46340397000312805,0.23498402535915375,1
4267,0.3151807487010956,0.4069446921348572,0.27787458896636963,1
4268,0.31305184960365295,0.43105822801589966,0.2558899223804474,1
4269,0.21339191496372223,0.6124025583267212,0.17420552670955658,1
4270,0.23986414074897766,0.5610056519508362,0.19913023710250854,1
4271,0.24315667152404785,0.551479697227478,0.20536358654499054,1
4272,0.20350879430770874,0.619114339351654,0.17737682163715363,1
4273,0.1726672351360321,0.6728455424308777,0.15448717772960663,1
4274,0.20066779851913452,0.6232706904411316,0.17606154084205627,1
4275,0.2298768311738968,0.5698484778404236,0.20027470588684082,1
4276,0.20581960678100586,0.6107059121131897,0.18347448110580444,1
4277,0.19240082800388336,0.632569432258606,0.1750297248363495,1
4278,0.19264711439609528,0.6249876618385315,0.18236514925956726,1
4279,0.24660970270633698,0.5175211429595947,0.2358691543340683,1
4280,0.23335818946361542,0.5359281897544861,0.23071353137493134,1
4281,0.21334147453308105,0.5657137036323547,0.22094491124153137,1
4282,0.13557937741279602,0.7105986475944519,0.15382200479507446,1
4283,0.12132642418146133,0.7458849549293518,0.13278861343860626,1
4284,0.12490236759185791,0.7795765399932861,0.09552117437124252,1
4285,0.10640495270490646,0.7740897536277771,0.11950524151325226,1
4286,0.12216408550739288,0.76983642578125,0.1079995185136795,1
4287,0.15794800221920013,0.6890841722488403,0.15296784043312073,1
4288,0.1729212999343872,0.6745264530181885,0.15255223214626312,1
4289,0.17986389994621277,0.6555894017219543,0.16454683244228363,1
4290,0.2263469249010086,0.5625311732292175,0.21112190186977386,1
4291,0.1524094194173813,0.686506450176239,0.16108419001102448,1
4292,0.19896262884140015,0.6133095026016235,0.18772785365581512,1
4293,0.1749676614999771,0.6556999087333679,0.16933247447013855,1
4294,0.18979613482952118,0.6335796117782593,0.17662426829338074,1
4295,0.07617371529340744,0.8510169982910156,0.07280930876731873,1
4296,0.06293223053216934,0.8715007305145264,0.0655670017004013,1
4297,0.06621655821800232,0.8668301105499268,0.06695327907800674,1
4298,0.07379833608865738,0.8534097671508789,0.07279195636510849,1
4299,0.08349432796239853,0.8413227200508118,0.07518301159143448,1
4300,0.08847396820783615,0.8323495984077454,0.07917643338441849,1
4301,0.09805009514093399,0.8106436133384705,0.09130632132291794,1
4302,0.11730262637138367,0.7689381837844849,0.11375926434993744,1
4303,0.19576194882392883,0.6111416220664978,0.19309639930725098,1
4304,0.26906657218933105,0.4693683683872223,0.2615649998188019,1
4305,0.2546195089817047,0.5023536682128906,0.2430267333984375,1
4306,0.13226264715194702,0.7371870279312134,0.1305502951145172,1
4307,0.08044926077127457,0.8409420847892761,0.07860862463712692,1
4308,0.029490545392036438,0.9387336373329163,0.031775906682014465,1
4309,0.05621537193655968,0.8836989402770996,0.060085736215114594,1
4310,0.052684541791677475,0.8913047909736633,0.05601067468523979,1
4311,0.12222474068403244,0.7516688108444214,0.12610642611980438,1
4312,0.08272634446620941,0.8338042497634888,0.08346939086914062,1
4313,0.19101612269878387,0.6327508091926575,0.17623308300971985,1
4314,0.2517282962799072,0.555663526058197,0.19260822236537933,1
4315,0.13418392837047577,0.7496222853660583,0.1161937341094017,1
4316,0.10836172848939896,0.7930423617362976,0.09859585762023926,1
4317,0.11495064944028854,0.7770565748214722,0.10799281299114227,1
4318,0.1200995147228241,0.7673555016517639,0.11254497617483139,1
4319,0.09213273972272873,0.821303129196167,0.08656425774097443,1
4320,0.11114641278982162,0.7875964641571045,0.10125716030597687,1
4321,0.10102571547031403,0.8069532513618469,0.09202104806900024,1
4322,0.12914232909679413,0.7512499094009399,0.1196078509092331,1
4323,0.09941589832305908,0.8075374960899353,0.0930466577410698,1
4324,0.10250049829483032,0.79705411195755,0.10044543445110321,1
4325,0.11820088326931,0.771011233329773,0.11078790575265884,1
4326,0.18301644921302795,0.6658194065093994,0.15116417407989502,1
4327,0.29318565130233765,0.4947039783000946,0.21211038529872894,1
4328,0.265354722738266,0.539366602897644,0.19527870416641235,1
4329,0.1807417869567871,0.6785994172096252,0.14065882563591003,1
4330,0.11587050557136536,0.7790245413780212,0.10510502010583878,1
4331,0.09372354298830032,0.8152579069137573,0.09101854264736176,1
4332,0.0819418802857399,0.8333262801170349,0.08473170548677444,1
4333,0.07937595248222351,0.8302930593490601,0.09033095836639404,1
4334,0.10615846514701843,0.7932068705558777,0.10063470155000687,1
4335,0.07148563861846924,0.864751935005188,0.06376245617866516,1
4336,0.08433783054351807,0.8400480151176453,0.0756143108010292,1
4337,0.06994840502738953,0.8674678802490234,0.06258362531661987,1
4338,0.05690566077828407,0.8930881023406982,0.0500061959028244,1
4339,0.08431486785411835,0.8377037644386292,0.07798140496015549,1
4340,0.12348031997680664,0.7641001343727112,0.11241946369409561,1
4341,0.2188582420349121,0.5925595164299011,0.18858224153518677,1
4342,0.19227555394172668,0.6358656287193298,0.1718587875366211,1
4343,0.18981686234474182,0.6399343013763428,0.17024876177310944,1
4344,0.17395037412643433,0.6667010188102722,0.15934856235980988,1
4345,0.16079910099506378,0.6920636892318726,0.14713717997074127,1
4346,0.15469898283481598,0.7044817209243774,0.1408192664384842,1
4347,0.14119654893875122,0.729177713394165,0.12962572276592255,1
4348,0.08074648678302765,0.844115674495697,0.07513786852359772,1
4349,0.0700085461139679,0.8646600246429443,0.06533139199018478,1
4350,0.051135722547769547,0.902697741985321,0.046166468411684036,1
4351,0.045401327311992645,0.9154210686683655,0.03917761892080307,1
4352,0.058410532772541046,0.892568826675415,0.04902064427733421,1
4353,0.06258261948823929,0.8810326457023621,0.056384701281785965,1
4354,0.06616142392158508,0.8726162910461426,0.061222221702337265,1
4355,0.07327871024608612,0.8576644659042358,0.06905689090490341,1
4356,0.09213917702436447,0.8198341131210327,0.08802681416273117,1
4357,0.14156335592269897,0.7386886477470398,0.11974798887968063,1
4358,0.18204955756664276,0.6730116605758667,0.14493878185749054,1
4359,0.19684462249279022,0.6475775241851807,0.15557774901390076,1
4360,0.15895821154117584,0.7075297236442566,0.13351206481456757,1
4361,0.09749814122915268,0.8084221482276917,0.09407972544431686,1
4362,0.11412566900253296,0.7827556729316711,0.1031186506152153,1
4363,0.0951826274394989,0.813373863697052,0.09144341200590134,1
4364,0.1313330978155136,0.7543308138847351,0.11433617770671844,1
4365,0.1574951559305191,0.7048823833465576,0.1376224011182785,1
4366,0.15806740522384644,0.7067692875862122,0.1351633071899414,1
4367,0.22969062626361847,0.5806984305381775,0.18961094319820404,1
4368,0.08885349333286285,0.8411593437194824,0.06998714804649353,1
4369,0.14321695268154144,0.7385907769203186,0.11819221079349518,1
4370,0.12646353244781494,0.7618906497955322,0.11164585500955582,1
4371,0.1168857291340828,0.7809132933616638,0.10220102965831757,1
4372,0.08811187744140625,0.8371917009353638,0.07469651848077774,1
4373,0.17221014201641083,0.6819526553153992,0.14583724737167358,1
4374,0.10499599575996399,0.8055135607719421,0.08949045091867447,1
4375,0.03974887728691101,0.9270681738853455,0.03318290412425995,1
4376,0.03314659371972084,0.9385594725608826,0.028293928131461143,1
4377,0.03680812194943428,0.9323728084564209,0.03081897459924221,1
4378,0.036078862845897675,0.9328566193580627,0.031064467504620552,1
4379,0.031731802970170975,0.9409708976745605,0.02729724906384945,1
4380,0.02497965469956398,0.9541075825691223,0.020912639796733856,1
4381,0.025937886908650398,0.952012836933136,0.022049231454730034,1
4382,0.026486800983548164,0.9484750628471375,0.0250379741191864,1
4383,0.02348501980304718,0.953052818775177,0.023462167009711266,1
4384,0.032499250024557114,0.9322609305381775,0.035239722579717636,1
4385,0.038407690823078156,0.9208626747131348,0.04072975739836693,1
4386,0.036605458706617355,0.9296681880950928,0.03372635692358017,1
4387,0.03931351378560066,0.924124538898468,0.03656185045838356,1
4388,0.05948571115732193,0.877230703830719,0.06328366696834564,1
4389,0.04733143746852875,0.9025549292564392,0.05011368542909622,1
4390,0.04475833848118782,0.9089523553848267,0.04628932848572731,1
4391,0.07662302255630493,0.8521225452423096,0.07125446200370789,1
4392,0.2987789809703827,0.43552279472351074,0.2656981945037842,1
4393,0.1521967649459839,0.7080056667327881,0.139797642827034,1
4394,0.08827343583106995,0.8231238126754761,0.08860278874635696,1
4395,0.10057579725980759,0.7997719645500183,0.09965228289365768,1
4396,0.1361098438501358,0.7341272830963135,0.12976285815238953,1
4397,0.1580556184053421,0.7103658318519592,0.13157851994037628,1
4398,0.1545398086309433,0.7133151292800903,0.13214515149593353,1
4399,0.17587457597255707,0.677693784236908,0.1464315950870514,1
4400,0.19804923236370087,0.6363863348960876,0.16556453704833984,1
4401,0.18534548580646515,0.6730630397796631,0.14159154891967773,1
4402,0.1753777116537094,0.6838671565055847,0.1407550722360611,1
4403,0.1819385588169098,0.6745251417160034,0.14353621006011963,1
4404,0.15450261533260345,0.7143697738647461,0.13112767040729523,1
4405,0.15989291667938232,0.7062704563140869,0.13383661210536957,1
4406,0.09969217330217361,0.8067784309387207,0.09352944046258926,1
4407,0.15730026364326477,0.7107399106025696,0.13195984065532684,1
4408,0.15685658156871796,0.7115969657897949,0.13154642283916473,1
4409,0.1782987266778946,0.6778907179832458,0.14381060004234314,1
4410,0.16549718379974365,0.6960474252700806,0.1384553760290146,1
4411,0.18302686512470245,0.6682558059692383,0.14871732890605927,1
4412,0.10249800980091095,0.8054381012916565,0.09206386655569077,1
4413,0.0912918820977211,0.8205117583274841,0.08819635212421417,1
4414,0.10034939646720886,0.8078575134277344,0.09179318696260452,1
4415,0.1356419026851654,0.7495150566101074,0.11484301090240479,1
4416,0.16327880322933197,0.688237726688385,0.1484835147857666,1
4417,0.23200656473636627,0.5736176371574402,0.1943756639957428,1
4418,0.2590492367744446,0.5364493727684021,0.2045014351606369,1
4419,0.22244280576705933,0.5890438556671143,0.1885133981704712,1
4420,0.2577703595161438,0.5401915311813354,0.20203816890716553,1
4421,0.17662061750888824,0.6593852639198303,0.1639941930770874,1
4422,0.17512530088424683,0.6631740927696228,0.16170063614845276,1
4423,0.1869255155324936,0.6466322541236877,0.1664421707391739,1
4424,0.14680026471614838,0.7191170454025269,0.13408268988132477,1
4425,0.16046027839183807,0.691564679145813,0.14797504246234894,1
4426,0.11770344525575638,0.7696296572685242,0.11266692727804184,1
4427,0.13482451438903809,0.7309987545013428,0.13417665660381317,1
4428,0.2530703544616699,0.5434427857398987,0.2034868746995926,1
4429,0.09358862787485123,0.8224793076515198,0.08393209427595139,1
4430,0.11249513924121857,0.7897258996963501,0.09777902066707611,1
4431,0.11071288585662842,0.7949073910713196,0.09437967836856842,1
4432,0.08964796364307404,0.8330162763595581,0.07733580470085144,1
4433,0.08909528702497482,0.8361648321151733,0.07473983615636826,1
4434,0.08891762793064117,0.8353753089904785,0.07570715993642807,1
4435,0.07058911770582199,0.8705024719238281,0.05890847370028496,1
4436,0.0916970819234848,0.8297523856163025,0.07855056971311569,1
4437,0.15410742163658142,0.7137920260429382,0.13210056722164154,1
4438,0.15240973234176636,0.7203603386878967,0.1272299885749817,1
4439,0.14719679951667786,0.727751612663269,0.12505163252353668,1
4440,0.14459246397018433,0.732883870601654,0.12252376973628998,1
4441,0.06558080017566681,0.8804575204849243,0.05396168678998947,1
4442,0.0414753220975399,0.9233515858650208,0.035173192620277405,1
4443,0.1396077424287796,0.7307789325714111,0.12961338460445404,1
4444,0.10530685633420944,0.803957462310791,0.09073567390441895,1
4445,0.1488628387451172,0.704435408115387,0.14670182764530182,1
4446,0.14068791270256042,0.7239412665367126,0.13537079095840454,1
4447,0.11446312069892883,0.7810598611831665,0.10447707027196884,1
4448,0.08337638527154922,0.8366193175315857,0.08000427484512329,1
4449,0.07895128428936005,0.8489354252815247,0.07211324572563171,1
4450,0.07528974115848541,0.8488985300064087,0.07581169903278351,1
4451,0.13453295826911926,0.7418906688690186,0.12357631325721741,1
4452,0.23941941559314728,0.5518732666969299,0.2087072730064392,1
4453,0.23221534490585327,0.5499297380447388,0.21785490214824677,1
4454,0.22502478957176208,0.5643278956413269,0.2106473296880722,1
4455,0.269272118806839,0.511917769908905,0.2188100516796112,1
4456,0.26527073979377747,0.518077552318573,0.21665169298648834,1
4457,0.23162658512592316,0.5713831186294556,0.19699019193649292,1
4458,0.21938931941986084,0.5891492962837219,0.19146132469177246,1
4459,0.23360233008861542,0.5668835639953613,0.19951415061950684,1
4460,0.22879590094089508,0.575497031211853,0.19570711255073547,1
4461,0.22951827943325043,0.5743330717086792,0.19614866375923157,1
4462,0.25337302684783936,0.517448902130127,0.2291780561208725,1
4463,0.2512005865573883,0.5236746072769165,0.2251248061656952,1
4464,0.25962308049201965,0.5002227425575256,0.2401541769504547,1
4465,0.2718682289123535,0.47797444462776184,0.2501573860645294,1
4466,0.27073851227760315,0.4904026687145233,0.2388588786125183,1
4467,0.2101101279258728,0.6052489876747131,0.18464086949825287,1
4468,0.3084263205528259,0.422414094209671,0.26915955543518066,1
4469,0.29302123188972473,0.46294254064559937,0.2440362274646759,1
4470,0.20674394071102142,0.6082857251167297,0.18497037887573242,1
4471,0.10082053393125534,0.806919515132904,0.09225998818874359,1
4472,0.1894329935312271,0.6447375416755676,0.16582942008972168,1
4473,0.24201585352420807,0.5597876906394958,0.19819650053977966,1
4474,0.3003612160682678,0.44289645552635193,0.25674235820770264,1
4475,0.1550401747226715,0.7254770398139954,0.11948271095752716,1
4476,0.14711718261241913,0.7397428154945374,0.11313988268375397,1
4477,0.08288580924272537,0.8524700403213501,0.06464406847953796,1
4478,0.08333582431077957,0.8523606061935425,0.06430362164974213,1
4479,0.07793513685464859,0.8579713702201843,0.0640934407711029,1
4480,0.069097138941288,0.8713741302490234,0.05952882021665573,1
4481,0.07232843339443207,0.8643519282341003,0.06331957131624222,1
4482,0.09453187137842178,0.8218881487846375,0.08358000218868256,1
4483,0.08282535523176193,0.847648024559021,0.06952665746212006,1
4484,0.08658327162265778,0.837046205997467,0.07637053728103638,1
4485,0.08482840657234192,0.8412960767745972,0.07387548685073853,1
4486,0.11552269011735916,0.7802649140357971,0.10421232134103775,1
4487,0.09251409769058228,0.82151859998703,0.08596737682819366,1
4488,0.107674740254879,0.7963423132896423,0.09598292410373688,1
4489,0.11898959428071976,0.7736679315567017,0.10734247416257858,1
4490,0.11337028443813324,0.7851872444152832,0.10144255310297012,1
4491,0.07684642821550369,0.8401029706001282,0.08305059373378754,1
4492,0.17347417771816254,0.6552069187164307,0.17131896317005157,1
4493,0.19143082201480865,0.613516092300415,0.1950531303882599,1
4494,0.2866261303424835,0.43421146273612976,0.27916234731674194,1
4495,0.3148340880870819,0.4261985421180725,0.2589673697948456,1
4496,0.2871667742729187,0.49990683794021606,0.21292634308338165,1
4497,0.28480958938598633,0.5084779858589172,0.20671233534812927,1
4498,0.27459827065467834,0.5118427872657776,0.21355894207954407,1
4499,0.17638738453388214,0.6482869386672974,0.17532563209533691,1
4500,0.18548671901226044,0.626665472984314,0.18784786760807037,1
4501,0.18349765241146088,0.6270136833190918,0.18948866426944733,1
4502,0.1654258668422699,0.6461004614830017,0.18847370147705078,1
4503,0.18250583112239838,0.6159536838531494,0.20154042541980743,1
4504,0.21247702836990356,0.5637134909629822,0.22380949556827545,1
4505,0.22860148549079895,0.5463305115699768,0.22506794333457947,1
4506,0.231687992811203,0.5391188263893127,0.22919315099716187,1
4507,0.22632157802581787,0.5506685972213745,0.22300982475280762,1
4508,0.23010696470737457,0.5488408803939819,0.2210521399974823,1
4509,0.1915450394153595,0.6198699474334717,0.18858511745929718,1
4510,0.19674184918403625,0.6137189269065857,0.18953923881053925,1
4511,0.27859246730804443,0.46536222100257874,0.25604528188705444,1
4512,0.2916896343231201,0.43546169996261597,0.2728486955165863,1
4513,0.2745126485824585,0.4840284287929535,0.24145884811878204,1
4514,0.2560158669948578,0.5063337683677673,0.23765040934085846,1
4515,0.1907898336648941,0.5925564765930176,0.2166537642478943,1
4516,0.1974760740995407,0.5893917083740234,0.2131323218345642,1
4517,0.22172363102436066,0.5538120269775391,0.2244642674922943,1
4518,0.23584423959255219,0.5405225157737732,0.2236332893371582,1
4519,0.1781284213066101,0.6381329894065857,0.18373864889144897,1
4520,0.16098733246326447,0.6681272983551025,0.17088539898395538,1
4521,0.18350575864315033,0.6352308392524719,0.18126338720321655,1
4522,0.21725505590438843,0.5809775590896606,0.2017674744129181,1
4523,0.19144538044929504,0.6299110651016235,0.17864347994327545,1
4524,0.1848759949207306,0.6418535709381104,0.1732703447341919,1
4525,0.09958566725254059,0.8019982576370239,0.09841609746217728,1
4526,0.08589382469654083,0.8281185030937195,0.08598774671554565,1
4527,0.06965310126543045,0.862565279006958,0.06778166443109512,1
4528,0.08268553018569946,0.8360528945922852,0.08126160502433777,1
4529,0.05118560418486595,0.9008812308311462,0.047933150082826614,1
4530,0.054221656173467636,0.8950662016868591,0.05071219056844711,1
4531,0.10178647190332413,0.806799590587616,0.09141399711370468,1
4532,0.0775148943066597,0.852858304977417,0.06962675601243973,1
4533,0.15490372478961945,0.7059488296508789,0.13914744555950165,1
4534,0.12859927117824554,0.7476302981376648,0.1237703263759613,1
4535,0.13476040959358215,0.7496829628944397,0.11555656790733337,1
4536,0.11338892579078674,0.7938510179519653,0.0927601233124733,1
4537,0.20669867098331451,0.6380385160446167,0.15526282787322998,1
4538,0.20660041272640228,0.6207776069641113,0.17262187600135803,1
4539,0.3370109796524048,0.416933536529541,0.2460555136203766,1
4540,0.3368017077445984,0.40911421179771423,0.254084050655365,1
4541,0.3126378059387207,0.44416242837905884,0.24319972097873688,1
4542,0.2807995676994324,0.49060481786727905,0.22859564423561096,1
4543,0.284829705953598,0.48887377977371216,0.22629648447036743,1
4544,0.22430817782878876,0.6003018617630005,0.17538982629776,1
4545,0.21394479274749756,0.5956668257713318,0.19038838148117065,1
4546,0.20082205533981323,0.6267600655555725,0.17241787910461426,1
4547,0.20650367438793182,0.5983351469039917,0.19516116380691528,1
4548,0.19916056096553802,0.6129641532897949,0.18787537515163422,1
4549,0.17777568101882935,0.6593034267425537,0.16292089223861694,1
4550,0.16394783556461334,0.6816835999488831,0.1543685346841812,1
4551,0.2515479326248169,0.5311722159385681,0.21727989614009857,1
4552,0.26549237966537476,0.5117558240890503,0.2227519005537033,1
4553,0.26120296120643616,0.5165181756019592,0.22227886319160461,1
4554,0.30145642161369324,0.449235200881958,0.24930831789970398,1
4555,0.23443663120269775,0.552923858165741,0.21263951063156128,1
4556,0.24403224885463715,0.5479389429092407,0.20802873373031616,1
4557,0.23780958354473114,0.5582384467124939,0.203951895236969,1
4558,0.26046252250671387,0.5216453075408936,0.21789221465587616,1
4559,0.22317537665367126,0.5786426663398743,0.19818198680877686,1
4560,0.22199811041355133,0.5784009099006653,0.19960087537765503,1
4561,0.2543606162071228,0.525743842124939,0.21989549696445465,1
4562,0.24783112108707428,0.5364360809326172,0.21573278307914734,1
4563,0.2111402302980423,0.6179094314575195,0.17095033824443817,1
4564,0.1201135441660881,0.7825414538383484,0.09734489023685455,1
4565,0.1076229065656662,0.7996881008148193,0.09268898516893387,1
4566,0.08803191035985947,0.8340414762496948,0.07792661339044571,1
4567,0.10219313949346542,0.8094875812530518,0.08831937611103058,1
4568,0.19308526813983917,0.6450120210647583,0.16190272569656372,1
4569,0.25903987884521484,0.5327643752098083,0.20819570124149323,1
4570,0.3071232736110687,0.4567870497703552,0.2360895872116089,1
4571,0.3029954135417938,0.4654620289802551,0.23154252767562866,1
4572,0.2939503490924835,0.4661378264427185,0.23991179466247559,1
4573,0.3161464035511017,0.42529645562171936,0.2585572302341461,1
4574,0.2957632541656494,0.45586276054382324,0.248373880982399,1
4575,0.2619752585887909,0.5150567889213562,0.2229679971933365,1
4576,0.23275740444660187,0.5804354548454285,0.1868070811033249,1
4577,0.2764756679534912,0.5043374300003052,0.21918687224388123,1
4578,0.3217070698738098,0.41046494245529175,0.2678280174732208,1
4579,0.18979981541633606,0.6464900970458984,0.16371004283428192,1
4580,0.1517019271850586,0.7268834710121155,0.12141462415456772,1
4581,0.19060535728931427,0.6632458567619324,0.14614878594875336,1
4582,0.1842690259218216,0.6726481914520264,0.14308282732963562,1
4583,0.17399433255195618,0.6931352615356445,0.1328704059123993,1
4584,0.176637664437294,0.6904188394546509,0.13294349610805511,1
4585,0.20148323476314545,0.6459904909133911,0.15252622961997986,1
4586,0.20318260788917542,0.6444202661514282,0.15239712595939636,1
4587,0.23435541987419128,0.5737734436988831,0.19187115132808685,1
4588,0.20480170845985413,0.6262388229370117,0.16895948350429535,1
4589,0.14761047065258026,0.7366204857826233,0.11576909571886063,1
4590,0.10936813801527023,0.797645628452301,0.09298624843358994,1
4591,0.1255878359079361,0.773350179195404,0.10106198489665985,1
4592,0.1242736428976059,0.772962749004364,0.10276365280151367,1
4593,0.10343068838119507,0.782814085483551,0.1137552410364151,1
4594,0.223198801279068,0.562933087348938,0.2138681709766388,1
4595,0.20867487788200378,0.5852017998695374,0.2061232626438141,1
4596,0.19029434025287628,0.6433820724487305,0.1663237065076828,1
4597,0.32434722781181335,0.43975114822387695,0.23590168356895447,1
4598,0.2228274941444397,0.5955965518951416,0.18157590925693512,1
4599,0.14766104519367218,0.7130234837532043,0.1393154114484787,1
4600,0.23369285464286804,0.5652655959129333,0.20104146003723145,1
4601,0.3161424696445465,0.43914520740509033,0.24471233785152435,1
4602,0.3362417221069336,0.4307502508163452,0.23300801217556,1
4603,0.34264740347862244,0.425164133310318,0.23218847811222076,1
4604,0.3436588943004608,0.42263922095298767,0.2337018996477127,1
4605,0.337567001581192,0.4243263006210327,0.23810678720474243,1
4606,0.32387781143188477,0.4552554786205292,0.22086678445339203,1
4607,0.3402676582336426,0.4279378056526184,0.23179452121257782,1
4608,0.30807942152023315,0.46139928698539734,0.23052135109901428,1
4609,0.27167069911956787,0.49046075344085693,0.23786860704421997,1
4610,0.2787139415740967,0.48127481341362,0.24001115560531616,1
4611,0.21042226254940033,0.5926270484924316,0.19695071876049042,1
4612,0.18065397441387177,0.6426920294761658,0.17665395140647888,1
4613,0.1876717209815979,0.6339800953865051,0.1783481240272522,1
4614,0.15155811607837677,0.695888876914978,0.15255291759967804,1
4615,0.17610101401805878,0.6576334834098816,0.1662655919790268,1
4616,0.15680447220802307,0.6946909427642822,0.14850471913814545,1
4617,0.11977331340312958,0.7719590663909912,0.10826767235994339,1
4618,0.1054590493440628,0.7842328548431396,0.1103082075715065,1
4619,0.08113838732242584,0.8322914242744446,0.08657020330429077,1
4620,0.12149720638990402,0.7580827474594116,0.12042016535997391,1
4621,0.16643524169921875,0.6801921129226685,0.15337251126766205,1
4622,0.15462486445903778,0.693293571472168,0.1520816534757614,1
4623,0.15648211538791656,0.6937893033027649,0.14972864091396332,1
4624,0.21301202476024628,0.5896129608154297,0.19737495481967926,1
4625,0.20523788034915924,0.6235635876655579,0.17119842767715454,1
4626,0.17982324957847595,0.6613357663154602,0.158841073513031,1
4627,0.17327329516410828,0.6659142971038818,0.1608123630285263,1
4628,0.1689867228269577,0.6727131605148315,0.15830016136169434,1
4629,0.17523688077926636,0.662319004535675,0.16244426369667053,1
4630,0.09538577497005463,0.7666369080543518,0.13797734677791595,1
4631,0.1000298336148262,0.7673041224479675,0.13266608119010925,1
4632,0.14955691993236542,0.6858305335044861,0.16461248695850372,1
4633,0.16954244673252106,0.6671318411827087,0.1633257120847702,1
4634,0.15907375514507294,0.6868310570716858,0.15409520268440247,1
4635,0.16778911650180817,0.674344003200531,0.15786691009998322,1
4636,0.19513843953609467,0.6307923793792725,0.17406919598579407,1
4637,0.19873420894145966,0.6225684881210327,0.17869728803634644,1
4638,0.20453140139579773,0.6085538864135742,0.18691468238830566,1
4639,0.19312751293182373,0.6240131855010986,0.18285928666591644,1
4640,0.19461046159267426,0.6205359697341919,0.18485356867313385,1
4641,0.21646682918071747,0.5799949765205383,0.20353813469409943,1
4642,0.28627899289131165,0.47336795926094055,0.24035316705703735,1
4643,0.29572758078575134,0.4550231099128723,0.24924921989440918,1
4644,0.2624138295650482,0.5000123977661133,0.2375738024711609,1
4645,0.2690757215023041,0.49317941069602966,0.23774489760398865,1
4646,0.2936573326587677,0.4638366997241974,0.24250583350658417,1
4647,0.2474854588508606,0.5423616766929626,0.21015281975269318,1
4648,0.2615249454975128,0.5345302820205688,0.2039448469877243,1
4649,0.26559579372406006,0.5280499458312988,0.20635436475276947,1
4650,0.3399084806442261,0.3987375795841217,0.26135390996932983,1
4651,0.33980634808540344,0.4003302752971649,0.25986334681510925,1
4652,0.25799718499183655,0.5371395945549011,0.20486316084861755,1
4653,0.2793576717376709,0.5049273371696472,0.21571485698223114,1
4654,0.29182812571525574,0.4836004972457886,0.22457151114940643,1
4655,0.4078107476234436,0.2750539183616638,0.3171353042125702,0
4656,0.4542444944381714,0.19789068400859833,0.3478647470474243,0
4657,0.4737893342971802,0.17347130179405212,0.3527393043041229,0
4658,0.44643187522888184,0.23683668673038483,0.3167315125465393,0
4659,0.44358089566230774,0.24400514364242554,0.3124140202999115,0
4660,0.45652955770492554,0.2240879088640213,0.3193824887275696,0
4661,0.44743070006370544,0.23042728006839752,0.3221420645713806,0
4662,0.4275619387626648,0.25871971249580383,0.3137182891368866,0
4663,0.4800621569156647,0.1917962282896042,0.32814162969589233,0
4664,0.5092493891716003,0.17594590783119202,0.3148046135902405,0
4665,0.5517139434814453,0.15900225937366486,0.2892836928367615,0
4666,0.5175107717514038,0.21461422741413116,0.2678750157356262,0
4667,0.5211407542228699,0.20900215208530426,0.26985710859298706,0
4668,0.47936582565307617,0.2530689239501953,0.2675653398036957,0
4669,0.4621775150299072,0.27050530910491943,0.26731717586517334,0
4670,0.4261159598827362,0.29762935638427734,0.27625471353530884,0
4671,0.44478604197502136,0.28084829449653625,0.27436563372612,0
4672,0.44212472438812256,0.28190141916275024,0.2759737968444824,0
4673,0.41314178705215454,0.29863980412483215,0.28821852803230286,0
4674,0.41716599464416504,0.30101820826530457,0.2818158268928528,0
4675,0.41666513681411743,0.30120888352394104,0.2821260392665863,0
4676,0.414875864982605,0.29506635665893555,0.29005783796310425,0
4677,0.39374858140945435,0.30163612961769104,0.3046152889728546,0
4678,0.3783893883228302,0.304378479719162,0.31723204255104065,0
4679,0.36256474256515503,0.3309117257595062,0.3065235912799835,0
4680,0.3485480844974518,0.36025166511535645,0.2912002503871918,1
4681,0.345455527305603,0.3705650866031647,0.2839793264865875,1
4682,0.33302080631256104,0.35568416118621826,0.3112949728965759,1
4683,0.3519251048564911,0.3421122431755066,0.3059627413749695,0
4684,0.3528556525707245,0.3356400430202484,0.3115042746067047,0
4685,0.3682722747325897,0.3151833713054657,0.3165443539619446,0
4686,0.3688701391220093,0.31922397017478943,0.31190598011016846,0
4687,0.37957102060317993,0.32163533568382263,0.29879358410835266,0
4688,0.3838842809200287,0.3674842417240143,0.24863149225711823,0
4689,0.3609982430934906,0.4495171010494232,0.1894845962524414,1
4690,0.3597250282764435,0.4456478953361511,0.19462698698043823,1
4691,0.3385149836540222,0.4781969487667084,0.183288112282753,1
4692,0.3198731243610382,0.4876445233821869,0.19248241186141968,1
4693,0.3366236984729767,0.4572390615940094,0.20613731443881989,1
4694,0.33585864305496216,0.43040555715560913,0.23373574018478394,1
4695,0.3364630341529846,0.45488789677619934,0.20864896476268768,1
4696,0.3400270938873291,0.45751869678497314,0.20245416462421417,1
4697,0.353133887052536,0.41792652010917664,0.22893953323364258,1
4698,0.35691124200820923,0.428147554397583,0.21494123339653015,1
4699,0.36239293217658997,0.42983323335647583,0.20777375996112823,1
4700,0.3549782931804657,0.4359557628631592,0.20906585454940796,1
4701,0.3566252887248993,0.4075818359851837,0.23579289019107819,1
4702,0.34540852904319763,0.3830207288265228,0.27157077193260193,1
4703,0.34128743410110474,0.37601667642593384,0.282696008682251,1
4704,0.3372688889503479,0.37242433428764343,0.29030683636665344,1
4705,0.3351096212863922,0.35577788949012756,0.3091125786304474,1
4706,0.3328291177749634,0.32604527473449707,0.34112560749053955,2
4707,0.3325769901275635,0.3367544114589691,0.33066850900650024,1
4708,0.3728190064430237,0.2540901303291321,0.37309083342552185,2
4709,0.34579694271087646,0.3007271885871887,0.3534758985042572,2
4710,0.34230276942253113,0.306663453578949,0.35103386640548706,2
4711,0.34672874212265015,0.30159613490104675,0.35167503356933594,2
4712,0.34757140278816223,0.2974752187728882,0.3549533188343048,2
4713,0.3300330936908722,0.3344179689884186,0.33554893732070923,2
4714,0.3272177278995514,0.3355926275253296,0.337189644575119,2
4715,0.3256409168243408,0.3435732126235962,0.3307859003543854,1
4716,0.3512783646583557,0.3678584098815918,0.28086331486701965,1
4717,0.32229942083358765,0.37682294845581055,0.30087772011756897,1
4718,0.33315911889076233,0.4343774616718292,0.23246341943740845,1
4719,0.3180195391178131,0.44848760962486267,0.23349285125732422,1
4720,0.311868816614151,0.4593864977359772,0.22874465584754944,1
4721,0.32838335633277893,0.3975845277309418,0.2740321159362793,1
4722,0.3604588806629181,0.3442302942276001,0.2953108251094818,0
4723,0.3211613893508911,0.3590836226940155,0.31975504755973816,1
4724,0.3136737048625946,0.3641219735145569,0.3222042918205261,1
4725,0.31253841519355774,0.3375803232192993,0.34988129138946533,2
4726,0.3076244592666626,0.3528294861316681,0.3395460247993469,1
4727,0.3280261754989624,0.31941407918930054,0.3525597155094147,2
4728,0.35959571599960327,0.2751399576663971,0.36526429653167725,2
4729,0.3709542453289032,0.2512895464897156,0.377756267786026,2
4730,0.30821752548217773,0.3667054772377014,0.32507702708244324,1
4731,0.3109717071056366,0.3912188708782196,0.2978094220161438,1
4732,0.28401684761047363,0.48183122277259827,0.2341519296169281,1
4733,0.33532658219337463,0.3448355197906494,0.3198378384113312,1
4734,0.32601693272590637,0.35049745440483093,0.3234855830669403,1
4735,0.3275318741798401,0.3660486042499542,0.3064195215702057,1
4736,0.31265345215797424,0.3891991376876831,0.2981473505496979,1
4737,0.31291916966438293,0.34975990653038025,0.3373209536075592,1
4738,0.3117201030254364,0.351850688457489,0.336429238319397,1
4739,0.30604493618011475,0.3704557716846466,0.32349923253059387,1
4740,0.301980197429657,0.3619437515735626,0.3360760807991028,1
4741,0.3380046486854553,0.34853827953338623,0.31345710158348083,1
4742,0.30080288648605347,0.37389999628067017,0.32529717683792114,1
4743,0.29802870750427246,0.3690145015716553,0.33295682072639465,1
4744,0.3280240595340729,0.3541026711463928,0.31787335872650146,1
4745,0.2896791398525238,0.3897625803947449,0.3205582797527313,1
4746,0.24397167563438416,0.4181923568248749,0.3378358781337738,1
4747,0.32263022661209106,0.30629515647888184,0.3710745871067047,2
4748,0.26957035064697266,0.401113361120224,0.32931628823280334,1
4749,0.3280355632305145,0.30657920241355896,0.3653853237628937,2
4750,0.3516538143157959,0.26964542269706726,0.3787006735801697,2
4751,0.3486303985118866,0.2868114709854126,0.36455807089805603,2
4752,0.3135356307029724,0.39216217398643494,0.29430222511291504,1
4753,0.32037273049354553,0.38288378715515137,0.2967435121536255,1
4754,0.3584902882575989,0.2565685510635376,0.38494113087654114,2
4755,0.31980258226394653,0.33192142844200134,0.34827589988708496,2
4756,0.3252846896648407,0.3226175904273987,0.35209769010543823,2
4757,0.31475940346717834,0.3621653616428375,0.3230751156806946,1
4758,0.3313325345516205,0.3154071569442749,0.3532603681087494,2
4759,0.31182223558425903,0.3725895285606384,0.31558823585510254,1
4760,0.3114435374736786,0.37537282705307007,0.3131837248802185,1
4761,0.300914466381073,0.37222033739089966,0.32686516642570496,1
4762,0.29826873540878296,0.3709263801574707,0.33080488443374634,1
4763,0.2926390469074249,0.3753979206085205,0.33196303248405457,1
4764,0.292838990688324,0.37263962626457214,0.3345213830471039,1
4765,0.28542283177375793,0.3526349663734436,0.36194223165512085,2
4766,0.2771628499031067,0.3789431154727936,0.3438939154148102,1
4767,0.283183217048645,0.3995668292045593,0.31725001335144043,1
4768,0.2963448464870453,0.39303579926490784,0.31061938405036926,1
4769,0.2906920313835144,0.39629995822906494,0.31300801038742065,1
4770,0.33119282126426697,0.362020343542099,0.3067869246006012,1
4771,0.3511432409286499,0.342747300863266,0.3061094880104065,0
4772,0.40004587173461914,0.2978668510913849,0.30208736658096313,0
4773,0.4323866665363312,0.2698141634464264,0.29779917001724243,0
4774,0.38138547539711,0.3219704031944275,0.29664409160614014,0
4775,0.3421512544155121,0.3489335775375366,0.3089151084423065,1
4776,0.3192833662033081,0.359173446893692,0.3215431571006775,1
4777,0.3402669429779053,0.35087689757347107,0.30885612964630127,1
4778,0.3075074255466461,0.37679609656333923,0.31569647789001465,1
4779,0.2948146164417267,0.37473738193511963,0.3304480314254761,1
4780,0.2852272093296051,0.3986440598964691,0.31612876057624817,1
4781,0.2890152335166931,0.3955591917037964,0.3154255747795105,1
4782,0.28371548652648926,0.43449845910072327,0.2817860245704651,1
4783,0.29530736804008484,0.4057760238647461,0.2989165782928467,1
4784,0.3030610978603363,0.355691134929657,0.3412478566169739,1
4785,0.2967480719089508,0.3701638877391815,0.3330880105495453,1
4786,0.2971740961074829,0.3727010488510132,0.33012476563453674,1
4787,0.3005220592021942,0.36742421984672546,0.33205366134643555,1
4788,0.29633602499961853,0.3802919387817383,0.3233720362186432,1
4789,0.2958287298679352,0.3932670056819916,0.31090423464775085,1
4790,0.31158435344696045,0.36096295714378357,0.327452689409256,1
4791,0.29669031500816345,0.3654785454273224,0.33783113956451416,1
4792,0.288534551858902,0.3695201575756073,0.3419452905654907,1
4793,0.3054969310760498,0.3370325565338135,0.3574706017971039,2
4794,0.3058549463748932,0.33531829714775085,0.3588266372680664,2
4795,0.30011752247810364,0.34692612290382385,0.3529563546180725,2
4796,0.24155673384666443,0.41998639702796936,0.3384568989276886,1
4797,0.20286013185977936,0.4677947461605072,0.3293450176715851,1
4798,0.21903911232948303,0.4692240059375763,0.31173697113990784,1
4799,0.23362791538238525,0.45469948649406433,0.3116726279258728,1
4800,0.24716132879257202,0.4420640170574188,0.3107745945453644,1
4801,0.21395008265972137,0.47954490780830383,0.30650508403778076,1
4802,0.3269391357898712,0.3742596507072449,0.29880115389823914,1
4803,0.3577593266963959,0.3534291088581085,0.2888115346431732,0
4804,0.36393386125564575,0.34962043166160583,0.2864457070827484,0
4805,0.4276526868343353,0.28054115176200867,0.2918061912059784,0
4806,0.38722819089889526,0.33114808797836304,0.2816237509250641,0
4807,0.3687317967414856,0.34708407521247864,0.2841840982437134,0
4808,0.38761141896247864,0.3357855975627899,0.27660295367240906,0
4809,0.3681296110153198,0.3493827283382416,0.2824876308441162,0
4810,0.40777647495269775,0.30923789739608765,0.28298553824424744,0
4811,0.39092904329299927,0.324539452791214,0.2845315933227539,0
4812,0.3785680830478668,0.3439749479293823,0.27745693922042847,0
4813,0.36594679951667786,0.356714129447937,0.27733904123306274,0
4814,0.35190072655677795,0.376819372177124,0.27127987146377563,1
4815,0.35134992003440857,0.36598703265190125,0.2826629877090454,1
4816,0.28676339983940125,0.4168091118335724,0.296427458524704,1
4817,0.24160516262054443,0.43439334630966187,0.32400158047676086,1
4818,0.24268601834774017,0.4395037591457367,0.31781017780303955,1
4819,0.2316235899925232,0.4450637102127075,0.3233127295970917,1
4820,0.2773521840572357,0.42530304193496704,0.29734480381011963,1
4821,0.27736151218414307,0.4209963083267212,0.3016422390937805,1
4822,0.27067452669143677,0.400814026594162,0.32851147651672363,1
4823,0.2782208025455475,0.3845377266407013,0.337241530418396,1
4824,0.2794307768344879,0.4040878117084503,0.31648144125938416,1
4825,0.27657273411750793,0.4000706374645233,0.32335665822029114,1
4826,0.3043648898601532,0.3377602696418762,0.3578747808933258,2
4827,0.3022735118865967,0.34494683146476746,0.3527795970439911,2
4828,0.34517619013786316,0.25789856910705566,0.39692530035972595,2
4829,0.3450188934803009,0.27791857719421387,0.3770626187324524,2
4830,0.31587302684783936,0.31935006380081177,0.3647768795490265,2
4831,0.30279502272605896,0.3414404094219208,0.35576456785202026,2
4832,0.3454342186450958,0.2746012210845947,0.37996453046798706,2
4833,0.33610549569129944,0.2848333716392517,0.3790610730648041,2
4834,0.286612331867218,0.3562449514865875,0.3571426272392273,2
4835,0.2662012577056885,0.3761529326438904,0.35764583945274353,1
4836,0.24705563485622406,0.3999291956424713,0.35301512479782104,1
4837,0.2319490909576416,0.4229106903076172,0.345140278339386,1
4838,0.22083674371242523,0.43819865584373474,0.34096473455429077,1
4839,0.18658991158008575,0.4985566735267639,0.31485337018966675,1
4840,0.20461112260818481,0.47175997495651245,0.3236289918422699,1
4841,0.23414818942546844,0.44965100288391113,0.3162009119987488,1
4842,0.2590034008026123,0.427932471036911,0.3130640983581543,1
4843,0.2407795488834381,0.44070327281951904,0.31851717829704285,1
4844,0.37837040424346924,0.33118489384651184,0.29044467210769653,0
4845,0.2944127321243286,0.3960344195365906,0.3095528185367584,1
4846,0.25384005904197693,0.413203626871109,0.3329562842845917,1
4847,0.27051442861557007,0.41681239008903503,0.31267330050468445,1
4848,0.3233470916748047,0.3751288056373596,0.3015240430831909,1
4849,0.3315058946609497,0.3722555935382843,0.29623860120773315,1
4850,0.30305781960487366,0.3923889994621277,0.30455315113067627,1
4851,0.31217050552368164,0.3865666389465332,0.30126285552978516,1
4852,0.2894202768802643,0.40570688247680664,0.3048728108406067,1
4853,0.28707146644592285,0.39912018179893494,0.31380826234817505,1
4854,0.2888477146625519,0.39760297536849976,0.31354933977127075,1
4855,0.3124127984046936,0.3853573799133301,0.3022298812866211,1
4856,0.33317533135414124,0.38753753900527954,0.2792871296405792,1
4857,0.2823471426963806,0.44222545623779297,0.2754274606704712,1
4858,0.281410276889801,0.44986435770988464,0.26872536540031433,1
4859,0.3790788948535919,0.3743540346622467,0.24656711518764496,0
4860,0.3974531888961792,0.3643072545528412,0.23823942244052887,0
4861,0.38792967796325684,0.37643489241600037,0.23563548922538757,0
4862,0.35387396812438965,0.41240888833999634,0.23371706902980804,1
4863,0.3602120280265808,0.4117175340652466,0.22807051241397858,1
4864,0.318306565284729,0.44513875246047974,0.23655469715595245,1
4865,0.2990702688694,0.4639624357223511,0.23696723580360413,1
4866,0.3157925009727478,0.4554082751274109,0.22879914939403534,1
4867,0.2943078279495239,0.4675825834274292,0.23810958862304688,1
4868,0.2071247398853302,0.5466721057891846,0.2462032288312912,1
4869,0.2659565508365631,0.48937785625457764,0.24466565251350403,1
4870,0.2619136571884155,0.46897032856941223,0.26911601424217224,1
4871,0.25773531198501587,0.4777229130268097,0.2645418047904968,1
4872,0.24141600728034973,0.47877946496009827,0.279804527759552,1
4873,0.29628127813339233,0.36355510354042053,0.34016358852386475,1
4874,0.3166954219341278,0.3293984830379486,0.35390618443489075,2
4875,0.3008474111557007,0.3630422353744507,0.336110383272171,1
4876,0.2833453416824341,0.4142368733882904,0.3024178445339203,1
4877,0.28074201941490173,0.41462597250938416,0.30463188886642456,1
4878,0.28700968623161316,0.4044020473957062,0.3085884153842926,1
4879,0.28001242876052856,0.41638535261154175,0.3036022186279297,1
4880,0.2708759009838104,0.4234067499637604,0.3057173788547516,1
4881,0.2913861572742462,0.40222203731536865,0.3063918650150299,1
4882,0.2915692925453186,0.40661710500717163,0.30181369185447693,1
4883,0.2596803307533264,0.4291095733642578,0.311210036277771,1
4884,0.20900209248065948,0.4941849410533905,0.29681286215782166,1
4885,0.21199527382850647,0.4910895824432373,0.29691511392593384,1
4886,0.2066870480775833,0.49678826332092285,0.2965245544910431,1
4887,0.1944342404603958,0.5149096250534058,0.29065611958503723,1
4888,0.1999557614326477,0.506331205368042,0.29371294379234314,1
4889,0.20365774631500244,0.5004156827926636,0.29592660069465637,1
4890,0.16309703886508942,0.561208963394165,0.2756938934326172,1
4891,0.1528824418783188,0.5873836874961853,0.25973382592201233,1
4892,0.23833990097045898,0.4560789465904236,0.3055811822414398,1
4893,0.20287276804447174,0.5028641819953918,0.29426309466362,1
4894,0.17179718613624573,0.564670741558075,0.2635321021080017,1
4895,0.36311009526252747,0.3880225121974945,0.2488674372434616,1
4896,0.3829265236854553,0.3852314054965973,0.23184210062026978,1
4897,0.38174962997436523,0.3753693997859955,0.2428809106349945,0
4898,0.39041170477867126,0.3549916446208954,0.2545967102050781,0
4899,0.38308823108673096,0.36977654695510864,0.24713532626628876,0
4900,0.35924649238586426,0.4053672254085541,0.23538632690906525,1
4901,0.35858312249183655,0.3983146846294403,0.24310220777988434,1
4902,0.3407502770423889,0.4118185043334961,0.24743112921714783,1
4903,0.2960110902786255,0.46374648809432983,0.2402423620223999,1
4904,0.3054217994213104,0.4575774073600769,0.23700082302093506,1
4905,0.27226221561431885,0.4756194055080414,0.25211837887763977,1
4906,0.26202160120010376,0.47494029998779297,0.2630382478237152,1
4907,0.24762658774852753,0.49545779824256897,0.25691553950309753,1
4908,0.2529449164867401,0.5037044882774353,0.2433505654335022,1
4909,0.246390238404274,0.49840015172958374,0.2552095949649811,1
4910,0.2473703771829605,0.5017647743225098,0.25086477398872375,1
4911,0.24613285064697266,0.49698346853256226,0.2568836808204651,1
4912,0.2504936158657074,0.4949820637702942,0.25452420115470886,1
4913,0.24997016787528992,0.4939659535884857,0.256063848733902,1
4914,0.24899539351463318,0.5085765719413757,0.24242796003818512,1
4915,0.24856281280517578,0.5140941739082336,0.2373429834842682,1
4916,0.2697807848453522,0.5026575922966003,0.2275615930557251,1
4917,0.28928929567337036,0.49172917008399963,0.2189815789461136,1
4918,0.28102535009384155,0.49177631735801697,0.22719840705394745,1
4919,0.2527848780155182,0.47379326820373535,0.2734220027923584,1
4920,0.20280981063842773,0.5433710813522339,0.25381898880004883,1
4921,0.20487992465496063,0.5498250126838684,0.24529512226581573,1
4922,0.17641682922840118,0.5813208222389221,0.2422623187303543,1
4923,0.16086722910404205,0.6071079969406128,0.2320246696472168,1
4924,0.18736562132835388,0.5967464447021484,0.2158879041671753,1
4925,0.15797021985054016,0.6196811199188232,0.22234873473644257,1
4926,0.15858182311058044,0.6299614906311035,0.21145665645599365,1
4927,0.16998952627182007,0.6133238077163696,0.2166866660118103,1
4928,0.13601724803447723,0.6648080348968506,0.1991746872663498,1
4929,0.23475110530853271,0.5661828517913818,0.19906607270240784,1
4930,0.3163839876651764,0.5001624226570129,0.1834535300731659,1
4931,0.2776810824871063,0.538316011428833,0.1840028464794159,1
4932,0.22992807626724243,0.5757350325584412,0.1943369209766388,1
4933,0.2761034071445465,0.5100064277648926,0.2138901650905609,1
4934,0.32533320784568787,0.4667281210422516,0.20793870091438293,1
4935,0.34364283084869385,0.43911948800086975,0.21723774075508118,1
4936,0.3594724237918854,0.42972004413604736,0.21080756187438965,1
4937,0.29917842149734497,0.4881214499473572,0.21270011365413666,1
4938,0.29064083099365234,0.4818010926246643,0.22755801677703857,1
4939,0.27085840702056885,0.47841677069664,0.2507248818874359,1
4940,0.2909635603427887,0.4742964208126068,0.23474004864692688,1
4941,0.30060797929763794,0.4635235667228699,0.23586851358413696,1
4942,0.2854195833206177,0.4866970181465149,0.22788336873054504,1
4943,0.2629736363887787,0.46676963567733765,0.2702566683292389,1
4944,0.3085165023803711,0.4532564878463745,0.2382270246744156,1
4945,0.2881024181842804,0.47725263237953186,0.23464487493038177,1
4946,0.26524657011032104,0.4948357045650482,0.23991777002811432,1
4947,0.25209566950798035,0.5170043110847473,0.23089995980262756,1
4948,0.26678913831710815,0.5134545564651489,0.2197563201189041,1
4949,0.24995476007461548,0.5246301293373108,0.2254151552915573,1
4950,0.252956748008728,0.5292832851409912,0.21775995194911957,1
4951,0.2524084150791168,0.5210234522819519,0.2265680879354477,1
4952,0.2540746033191681,0.5233981609344482,0.2225271761417389,1
4953,0.2731018364429474,0.5216725468635559,0.2052256017923355,1
4954,0.2302158921957016,0.5822397470474243,0.18754427134990692,1
4955,0.23437392711639404,0.5590383410453796,0.2065877914428711,1
4956,0.2570354640483856,0.5229040384292603,0.2200605273246765,1
4957,0.22459349036216736,0.5580748915672302,0.21733155846595764,1
4958,0.20642641186714172,0.6067823767662048,0.18679124116897583,1
4959,0.19792930781841278,0.6238819360733032,0.17818881571292877,1
4960,0.18614183366298676,0.6213850975036621,0.19247308373451233,1
4961,0.23751309514045715,0.5459706783294678,0.2165161818265915,1
4962,0.22270449995994568,0.5839366912841797,0.19335880875587463,1
4963,0.23667119443416595,0.5634668469429016,0.19986198842525482,1
4964,0.24520164728164673,0.5121225714683533,0.24267573654651642,1
4965,0.2759014368057251,0.43509578704833984,0.2890028655529022,1
4966,0.25277653336524963,0.46887966990470886,0.2783438563346863,1
4967,0.2674521207809448,0.4467152953147888,0.2858326733112335,1
4968,0.21140921115875244,0.5344581604003906,0.25413262844085693,1
4969,0.17550413310527802,0.5941742658615112,0.23032157123088837,1
4970,0.19718831777572632,0.5585840344429016,0.24422772228717804,1
4971,0.20989428460597992,0.5366034507751465,0.25350216031074524,1
4972,0.17093363404273987,0.5939544439315796,0.23511193692684174,1
4973,0.18583577871322632,0.5686298608779907,0.24553437530994415,1
4974,0.16015329957008362,0.6062355041503906,0.23361119627952576,1
4975,0.175185427069664,0.5807574391365051,0.24405716359615326,1
4976,0.14759066700935364,0.6229808926582336,0.22942839562892914,1
4977,0.10941575467586517,0.6838127970695496,0.20677147805690765,1
4978,0.1175527423620224,0.6706979870796204,0.21174928545951843,1
4979,0.12260174751281738,0.6598559021949768,0.2175423502922058,1
4980,0.11035492271184921,0.6801581382751465,0.20948690176010132,1
4981,0.13178549706935883,0.643838107585907,0.22437642514705658,1
4982,0.1717890501022339,0.5838452577590942,0.24436576664447784,1
4983,0.1474333107471466,0.6203818917274475,0.23218472301959991,1
4984,0.14457464218139648,0.6387358903884888,0.21668946743011475,1
4985,0.24956640601158142,0.5289997458457947,0.2214338779449463,1
4986,0.31252017617225647,0.47505757212638855,0.21242225170135498,1
4987,0.23952293395996094,0.5488083958625793,0.2116686999797821,1
4988,0.18586912751197815,0.5831097364425659,0.23102125525474548,1
4989,0.27377763390541077,0.5073451995849609,0.2188771367073059,1
4990,0.26980626583099365,0.5124234557151794,0.21777021884918213,1
4991,0.3116748631000519,0.4702323079109192,0.21809281408786774,1
4992,0.26497992873191833,0.5108445286750793,0.2241755723953247,1
4993,0.25499656796455383,0.5223793983459473,0.2226240634918213,1
4994,0.26813191175460815,0.5031005144119263,0.2287675440311432,1
4995,0.2734341621398926,0.47192642092704773,0.2546394467353821,1
4996,0.2352379858493805,0.5198410153388977,0.24492092430591583,1
4997,0.2399434596300125,0.5141736268997192,0.24588291347026825,1
4998,0.25068917870521545,0.507001519203186,0.24230928719043732,1
4999,0.24253687262535095,0.5145447850227356,0.24291835725307465,1
5000,0.2580014169216156,0.5089507699012756,0.23304778337478638,1
5001,0.2310747504234314,0.5251740217208862,0.24375119805335999,1
5002,0.26713088154792786,0.49239885807037354,0.24047017097473145,1
5003,0.28982287645339966,0.45324966311454773,0.2569274306297302,1
5004,0.2843592166900635,0.45689430832862854,0.2587464153766632,1
5005,0.24233198165893555,0.510063886642456,0.247604101896286,1
5006,0.2910555899143219,0.48310527205467224,0.22583918273448944,1
5007,0.27462804317474365,0.4770461916923523,0.24832583963871002,1
5008,0.26941996812820435,0.4674220681190491,0.2631579637527466,1
5009,0.26754170656204224,0.4667402505874634,0.26571810245513916,1
5010,0.2637364864349365,0.4644818902015686,0.2717815637588501,1
5011,0.23438020050525665,0.5079460740089417,0.2576736509799957,1
5012,0.21010912954807281,0.5456422567367554,0.24424859881401062,1
5013,0.22068378329277039,0.5559657216072083,0.22335048019886017,1
5014,0.32244032621383667,0.3985961079597473,0.278963565826416,1
5015,0.3440496027469635,0.3770109713077545,0.278939425945282,1
5016,0.34468066692352295,0.38187670707702637,0.27344265580177307,1
5017,0.35436612367630005,0.3725929260253906,0.27304092049598694,1
5018,0.3098672032356262,0.4251483082771301,0.2649845480918884,1
5019,0.3267486095428467,0.41669145226478577,0.25655996799468994,1
5020,0.23687347769737244,0.5176964402198792,0.24543000757694244,1
5021,0.29197999835014343,0.4525117576122284,0.2555082142353058,1
5022,0.28773045539855957,0.4585726857185364,0.25369688868522644,1
5023,0.28274890780448914,0.4601152837276459,0.25713589787483215,1
5024,0.23501522839069366,0.519280195236206,0.24570460617542267,1
5025,0.25064992904663086,0.5005418062210083,0.24880824983119965,1
5026,0.23760147392749786,0.5181902647018433,0.2442081868648529,1
5027,0.2546009123325348,0.4979163110256195,0.2474827766418457,1
5028,0.29504629969596863,0.4507603347301483,0.2541934549808502,1
5029,0.31607475876808167,0.41503122448921204,0.2688939869403839,1
5030,0.30640706419944763,0.43424129486083984,0.2593516409397125,1
5031,0.301197350025177,0.4337203800678253,0.26508215069770813,1
5032,0.2469242960214615,0.5058026313781738,0.2472730576992035,1
5033,0.26929524540901184,0.47866982221603394,0.2520349323749542,1
5034,0.2851586937904358,0.4606725573539734,0.25416865944862366,1
5035,0.23830057680606842,0.5161317586898804,0.2455676645040512,1
5036,0.2403058558702469,0.511551022529602,0.24814307689666748,1
5037,0.2712149918079376,0.4664998948574066,0.26228511333465576,1
5038,0.36506494879722595,0.366474986076355,0.26846009492874146,1
5039,0.37041372060775757,0.36345788836479187,0.26612839102745056,0
5040,0.34871426224708557,0.3896890878677368,0.2615966200828552,1
5041,0.3356214761734009,0.40836653113365173,0.256011962890625,1
5042,0.3242521286010742,0.417402982711792,0.258344829082489,1
5043,0.31333258748054504,0.42983466386795044,0.25683268904685974,1
5044,0.24617646634578705,0.5009360313415527,0.25288745760917664,1
5045,0.2591800093650818,0.4903565049171448,0.2504635453224182,1
5046,0.22617876529693604,0.532825767993927,0.24099549651145935,1
5047,0.2533445656299591,0.4990731179714203,0.24758225679397583,1
5048,0.23174147307872772,0.5208203792572021,0.24743817746639252,1
5049,0.19544315338134766,0.5783278346061707,0.22622908651828766,1
5050,0.17778442800045013,0.5973624587059021,0.22485306859016418,1
5051,0.24784892797470093,0.5005834102630615,0.25156763195991516,1
5052,0.23273546993732452,0.52598637342453,0.24127823114395142,1
5053,0.2867242991924286,0.4612186849117279,0.2520570456981659,1
5054,0.24300262331962585,0.5232033729553223,0.2337939292192459,1
5055,0.24948282539844513,0.5181719064712524,0.23234528303146362,1
5056,0.1924799084663391,0.5918684601783752,0.21565163135528564,1
5057,0.24543927609920502,0.5367447733879089,0.21781596541404724,1
5058,0.2957710325717926,0.48298096656799316,0.22124800086021423,1
5059,0.1959223449230194,0.587226152420044,0.21685145795345306,1
5060,0.24572812020778656,0.5412384867668152,0.21303334832191467,1
5061,0.21688349545001984,0.5557799935340881,0.22733648121356964,1
5062,0.2775396406650543,0.49891483783721924,0.22354553639888763,1
5063,0.3116353750228882,0.47477057576179504,0.21359410881996155,1
5064,0.2955050468444824,0.4836423695087433,0.22085264325141907,1
5065,0.27603545784950256,0.511005699634552,0.21295876801013947,1
5066,0.2669391930103302,0.509655773639679,0.22340503334999084,1
5067,0.255710631608963,0.5234893560409546,0.2208000123500824,1
5068,0.25745058059692383,0.5364922285079956,0.20605726540088654,1
5069,0.22490747272968292,0.5677284598350525,0.2073640376329422,1
5070,0.1972903460264206,0.6057230234146118,0.196986585855484,1
5071,0.2688145339488983,0.5376733541488647,0.19351214170455933,1
5072,0.22572124004364014,0.5777786374092102,0.19650009274482727,1
5073,0.2527795433998108,0.5637452006340027,0.18347518146038055,1
5074,0.25218328833580017,0.5594233870506287,0.18839330971240997,1
5075,0.34853971004486084,0.44693705439567566,0.20452329516410828,1
5076,0.2591162919998169,0.547313928604126,0.19356970489025116,1
5077,0.2566741108894348,0.5333122611045837,0.21001364290714264,1
5078,0.22297286987304688,0.5674293041229248,0.20959782600402832,1
5079,0.2539854943752289,0.5434161424636841,0.202598437666893,1
5080,0.2363559901714325,0.564399003982544,0.19924502074718475,1
5081,0.2886294424533844,0.5250489711761475,0.18632158637046814,1
5082,0.29139286279678345,0.5257183313369751,0.18288876116275787,1
5083,0.33869513869285583,0.4622816741466522,0.19902309775352478,1
5084,0.3220691680908203,0.4814794659614563,0.19645127654075623,1
5085,0.32765862345695496,0.452243834733963,0.22009748220443726,1
5086,0.3056824505329132,0.4770077168941498,0.21730980277061462,1
5087,0.3452388346195221,0.4485888183116913,0.20617233216762543,1
5088,0.35991591215133667,0.4336825907230377,0.20640148222446442,1
5089,0.33580780029296875,0.4386554956436157,0.22553658485412598,1
5090,0.3296533524990082,0.44464224576950073,0.22570446133613586,1
5091,0.3142528831958771,0.45622360706329346,0.22952352464199066,1
5092,0.27306047081947327,0.49221062660217285,0.23472894728183746,1
5093,0.294191837310791,0.47454747557640076,0.23126071691513062,1
5094,0.27369213104248047,0.4905661344528198,0.23574167490005493,1
5095,0.2721979320049286,0.5087102055549622,0.2190917730331421,1
5096,0.25681719183921814,0.5090447664260864,0.23413804173469543,1
5097,0.2639203667640686,0.5170833468437195,0.21899627149105072,1
5098,0.25908172130584717,0.5150676965713501,0.22585052251815796,1
5099,0.26990237832069397,0.5166073441505432,0.2134903371334076,1
5100,0.24757350981235504,0.5089365839958191,0.24348993599414825,1
5101,0.23587410151958466,0.5206570029258728,0.24346888065338135,1
5102,0.2335093468427658,0.5221458673477173,0.2443448156118393,1
5103,0.23395653069019318,0.5233008861541748,0.24274258315563202,1
5104,0.23610463738441467,0.526313841342926,0.23758140206336975,1
5105,0.24516728520393372,0.5351020097732544,0.2197307050228119,1
5106,0.233057901263237,0.5761477947235107,0.19079428911209106,1
5107,0.23365174233913422,0.5784577131271362,0.18789054453372955,1
5108,0.23617136478424072,0.5814244151115417,0.18240416049957275,1
5109,0.22518891096115112,0.5922964215278625,0.1825147122144699,1
5110,0.22178158164024353,0.5849880576133728,0.19323039054870605,1
5111,0.18779504299163818,0.6493967175483704,0.1628081500530243,1
5112,0.15650422871112823,0.7380794882774353,0.1054162085056305,1
5113,0.16359521448612213,0.7117827534675598,0.12462195008993149,1
5114,0.19544847309589386,0.6192781925201416,0.18527339398860931,1
5115,0.16907444596290588,0.6479976773262024,0.18292783200740814,1
5116,0.1753796637058258,0.6330174207687378,0.19160281121730804,1
5117,0.13630050420761108,0.686712384223938,0.1769871711730957,1
5118,0.1441374123096466,0.6713582277297974,0.184504434466362,1
5119,0.15044409036636353,0.6778832077980042,0.17167267203330994,1
5120,0.15698611736297607,0.6725925207138062,0.17042133212089539,1
5121,0.15991395711898804,0.6675877571105957,0.17249830067157745,1
5122,0.15489561855793,0.6693586707115173,0.17574574053287506,1
5123,0.12930867075920105,0.6913381814956665,0.17935311794281006,1
5124,0.11796700209379196,0.7124567031860352,0.16957628726959229,1
5125,0.10420912504196167,0.7372401356697083,0.15855081379413605,1
5126,0.10444878786802292,0.7415345907211304,0.15401670336723328,1
5127,0.09703786671161652,0.7576136589050293,0.1453484296798706,1
5128,0.1158539205789566,0.7456784248352051,0.13846760988235474,1
5129,0.12878885865211487,0.7432101368904114,0.12800100445747375,1
5130,0.1371660679578781,0.733860433101654,0.1289735734462738,1
5131,0.12040355801582336,0.7560014724731445,0.12359503656625748,1
5132,0.08274619281291962,0.8099016547203064,0.10735221207141876,1
5133,0.09437494724988937,0.7930911779403687,0.11253379285335541,1
5134,0.11316217482089996,0.7588700652122498,0.12796767055988312,1
5135,0.13296400010585785,0.7318711876869202,0.1351647973060608,1
5136,0.2316579669713974,0.5747663974761963,0.19357557594776154,1
5137,0.21780604124069214,0.5837714672088623,0.19842249155044556,1
5138,0.24459931254386902,0.5326974391937256,0.22270333766937256,1
5139,0.26168540120124817,0.5187210440635681,0.2195935696363449,1
5140,0.2916944921016693,0.5073803067207336,0.20092524588108063,1
5141,0.28015780448913574,0.5048876404762268,0.21495454013347626,1
5142,0.30330339074134827,0.508425235748291,0.1882714033126831,1
5143,0.22379210591316223,0.5860469937324524,0.19016093015670776,1
5144,0.2700802981853485,0.527737021446228,0.20218271017074585,1
5145,0.2789916396141052,0.5441030263900757,0.17690534889698029,1
5146,0.26805806159973145,0.5556444525718689,0.1762973815202713,1
5147,0.2191735953092575,0.6119556427001953,0.1688707321882248,1
5148,0.22809208929538727,0.5950961112976074,0.1768117994070053,1
5149,0.23662744462490082,0.5861876606941223,0.17718490958213806,1
5150,0.20458823442459106,0.6094889640808105,0.18592281639575958,1
5151,0.20425207912921906,0.6152490973472595,0.18049874901771545,1
5152,0.13207252323627472,0.6826854348182678,0.18524202704429626,1
5153,0.08769199997186661,0.7594913244247437,0.15281662344932556,1
5154,0.1425093412399292,0.6599637269973755,0.1975269317626953,1
5155,0.1822449415922165,0.5964001417160034,0.2213549166917801,1
5156,0.17655758559703827,0.6038380861282349,0.2196042537689209,1
5157,0.1958174854516983,0.5708422064781189,0.2333402931690216,1
5158,0.20143184065818787,0.5600979328155518,0.2384701669216156,1
5159,0.15418583154678345,0.6289309859275818,0.21688313782215118,1
5160,0.10111480206251144,0.7222192287445068,0.17666588723659515,1
5161,0.12595970928668976,0.6842529773712158,0.1897873431444168,1
5162,0.12130799889564514,0.6963711977005005,0.18232083320617676,1
5163,0.13207150995731354,0.679966390132904,0.18796196579933167,1
5164,0.13997295498847961,0.6673934459686279,0.19263359904289246,1
5165,0.13944590091705322,0.6667453050613403,0.19380877912044525,1
5166,0.1385774314403534,0.6698861122131348,0.19153638184070587,1
5167,0.14575356245040894,0.6576067805290222,0.19663962721824646,1
5168,0.20795485377311707,0.5662569999694824,0.22578810155391693,1
5169,0.2318122386932373,0.5368466377258301,0.2313411682844162,1
5170,0.27143844962120056,0.48419782519340515,0.24436376988887787,1
