,Probability Buy,Probability Hold,Probability Sell,Prediction,Dates
0,0.36361226439476013,0.18850962817668915,0.4478782117366791,2,2024-07-20 11:00:00+00:00
1,0.36765339970588684,0.19592759013175964,0.4364190101623535,2,2024-07-20 11:00:00+00:00
2,0.36765339970588684,0.19592759013175964,0.4364190101623535,2,2024-07-20 12:00:00+00:00
3,0.41463565826416016,0.20380280911922455,0.3815614581108093,0,2024-07-20 12:00:00+00:00
4,0.41463565826416016,0.20380280911922455,0.3815614581108093,0,2024-07-20 13:00:00+00:00
5,0.43673694133758545,0.20295865833759308,0.36030447483062744,0,2024-07-20 13:00:00+00:00
6,0.43673694133758545,0.20295865833759308,0.36030447483062744,0,2024-07-20 14:00:00+00:00
7,0.4143984317779541,0.21573232114315033,0.3698692321777344,0,2024-07-20 14:00:00+00:00
8,0.4143984317779541,0.21573232114315033,0.3698692321777344,0,2024-07-20 15:00:00+00:00
9,0.39356905221939087,0.21674112975597382,0.38968977332115173,0,2024-07-20 15:00:00+00:00
10,0.39356905221939087,0.21674112975597382,0.38968977332115173,0,2024-07-20 16:00:00+00:00
11,0.38856905698776245,0.2146969735622406,0.39673396944999695,2,2024-07-20 16:00:00+00:00
12,0.38856905698776245,0.2146969735622406,0.39673396944999695,2,2024-07-20 17:00:00+00:00
13,0.4526110589504242,0.1952572464942932,0.35213175415992737,0,2024-07-20 17:00:00+00:00
14,0.4526110589504242,0.1952572464942932,0.35213175415992737,0,2024-07-20 18:00:00+00:00
15,0.38293248414993286,0.17157615721225739,0.4454914629459381,2,2024-07-20 18:00:00+00:00
16,0.38293248414993286,0.17157615721225739,0.4454914629459381,2,2024-07-20 19:00:00+00:00
17,0.35790368914604187,0.17307807505130768,0.46901819109916687,2,2024-07-20 19:00:00+00:00
18,0.35790368914604187,0.17307807505130768,0.46901819109916687,2,2024-07-20 20:00:00+00:00
19,0.33640429377555847,0.1792723685503006,0.48432332277297974,2,2024-07-20 20:00:00+00:00
20,0.33640429377555847,0.1792723685503006,0.48432332277297974,2,2024-07-20 21:00:00+00:00
21,0.2972283959388733,0.17802946269512177,0.5247421264648438,2,2024-07-20 21:00:00+00:00
22,0.2972283959388733,0.17802946269512177,0.5247421264648438,2,2024-07-20 22:00:00+00:00
23,0.2746649384498596,0.18037009239196777,0.5449649691581726,2,2024-07-20 22:00:00+00:00
24,0.2746649384498596,0.18037009239196777,0.5449649691581726,2,2024-07-20 23:00:00+00:00
25,0.30335816740989685,0.1839744746685028,0.5126674771308899,2,2024-07-20 23:00:00+00:00
26,0.30335816740989685,0.1839744746685028,0.5126674771308899,2,2024-07-21 00:00:00+00:00
27,0.30081355571746826,0.18411408364772797,0.5150723457336426,2,2024-07-21 00:00:00+00:00
28,0.30081355571746826,0.18411408364772797,0.5150723457336426,2,2024-07-21 01:00:00+00:00
29,0.331574410200119,0.18980994820594788,0.4786156117916107,2,2024-07-21 01:00:00+00:00
30,0.331574410200119,0.18980994820594788,0.4786156117916107,2,2024-07-21 02:00:00+00:00
31,0.31206315755844116,0.18182885646820068,0.5061080455780029,2,2024-07-21 02:00:00+00:00
32,0.31206315755844116,0.18182885646820068,0.5061080455780029,2,2024-07-21 03:00:00+00:00
33,0.3384398818016052,0.18547697365283966,0.47608307003974915,2,2024-07-21 03:00:00+00:00
34,0.3384398818016052,0.18547697365283966,0.47608307003974915,2,2024-07-21 04:00:00+00:00
35,0.348969966173172,0.19294141232967377,0.4580886662006378,2,2024-07-21 04:00:00+00:00
36,0.348969966173172,0.19294141232967377,0.4580886662006378,2,2024-07-21 05:00:00+00:00
37,0.35515955090522766,0.19914688169956207,0.44569361209869385,2,2024-07-21 05:00:00+00:00
38,0.35515955090522766,0.19914688169956207,0.44569361209869385,2,2024-07-21 06:00:00+00:00
39,0.3501010239124298,0.20012128353118896,0.44977766275405884,2,2024-07-21 06:00:00+00:00
40,0.3501010239124298,0.20012128353118896,0.44977766275405884,2,2024-07-21 07:00:00+00:00
41,0.3865661025047302,0.22037853300571442,0.39305537939071655,2,2024-07-21 07:00:00+00:00
42,0.3865661025047302,0.22037853300571442,0.39305537939071655,2,2024-07-21 08:00:00+00:00
43,0.3742031157016754,0.21964432299137115,0.4061525762081146,2,2024-07-21 08:00:00+00:00
44,0.3742031157016754,0.21964432299137115,0.4061525762081146,2,2024-07-21 09:00:00+00:00
45,0.35131511092185974,0.21575064957141876,0.4329342544078827,2,2024-07-21 09:00:00+00:00
46,0.35131511092185974,0.21575064957141876,0.4329342544078827,2,2024-07-21 10:00:00+00:00
47,0.3213290572166443,0.20450590550899506,0.4741649329662323,2,2024-07-21 10:00:00+00:00
48,0.3213290572166443,0.20450590550899506,0.4741649329662323,2,2024-07-21 11:00:00+00:00
49,0.32086339592933655,0.20663519203662872,0.4725014269351959,2,2024-07-21 11:00:00+00:00
50,0.32086339592933655,0.20663519203662872,0.4725014269351959,2,2024-07-21 12:00:00+00:00
51,0.317664235830307,0.2001863420009613,0.4821494221687317,2,2024-07-21 12:00:00+00:00
52,0.317664235830307,0.2001863420009613,0.4821494221687317,2,2024-07-21 13:00:00+00:00
53,0.33363696932792664,0.20618557929992676,0.46017754077911377,2,2024-07-21 13:00:00+00:00
54,0.33363696932792664,0.20618557929992676,0.46017754077911377,2,2024-07-21 14:00:00+00:00
55,0.35193586349487305,0.21309049427509308,0.4349735677242279,2,2024-07-21 14:00:00+00:00
56,0.35193586349487305,0.21309049427509308,0.4349735677242279,2,2024-07-21 15:00:00+00:00
57,0.40776583552360535,0.18576157093048096,0.40647250413894653,0,2024-07-21 15:00:00+00:00
58,0.40776583552360535,0.18576157093048096,0.40647250413894653,0,2024-07-21 16:00:00+00:00
59,0.4105657935142517,0.17618046700954437,0.4132537543773651,2,2024-07-21 16:00:00+00:00
60,0.4105657935142517,0.17618046700954437,0.4132537543773651,2,2024-07-21 17:00:00+00:00
61,0.3849446475505829,0.17686858773231506,0.4381868243217468,2,2024-07-21 17:00:00+00:00
62,0.3849446475505829,0.17686858773231506,0.4381868243217468,2,2024-07-21 18:00:00+00:00
63,0.4176168143749237,0.20074373483657837,0.3816394805908203,0,2024-07-21 18:00:00+00:00
64,0.4176168143749237,0.20074373483657837,0.3816394805908203,0,2024-07-21 19:00:00+00:00
65,0.3979300856590271,0.2145887315273285,0.3874812126159668,0,2024-07-21 19:00:00+00:00
66,0.3979300856590271,0.2145887315273285,0.3874812126159668,0,2024-07-21 20:00:00+00:00
67,0.3820682168006897,0.17969512939453125,0.43823671340942383,2,2024-07-21 20:00:00+00:00
68,0.3820682168006897,0.17969512939453125,0.43823671340942383,2,2024-07-21 21:00:00+00:00
69,0.3756416440010071,0.18929044902324677,0.435067743062973,2,2024-07-21 21:00:00+00:00
70,0.3756416440010071,0.18929044902324677,0.435067743062973,2,2024-07-21 22:00:00+00:00
71,0.3109239637851715,0.17856788635253906,0.510508120059967,2,2024-07-21 22:00:00+00:00
72,0.3109239637851715,0.17856788635253906,0.510508120059967,2,2024-07-21 23:00:00+00:00
73,0.29349038004875183,0.1751771867275238,0.5313324928283691,2,2024-07-21 23:00:00+00:00
74,0.29349038004875183,0.1751771867275238,0.5313324928283691,2,2024-07-22 00:00:00+00:00
75,0.35124680399894714,0.17303717136383057,0.4757160544395447,2,2024-07-22 00:00:00+00:00
76,0.35124680399894714,0.17303717136383057,0.4757160544395447,2,2024-07-22 01:00:00+00:00
77,0.3420221507549286,0.17979955673217773,0.4781782925128937,2,2024-07-22 01:00:00+00:00
78,0.3420221507549286,0.17979955673217773,0.4781782925128937,2,2024-07-22 02:00:00+00:00
79,0.40485358238220215,0.17521952092647552,0.41992688179016113,2,2024-07-22 02:00:00+00:00
80,0.40485358238220215,0.17521952092647552,0.41992688179016113,2,2024-07-22 03:00:00+00:00
81,0.38502466678619385,0.17493782937526703,0.44003742933273315,2,2024-07-22 03:00:00+00:00
82,0.38502466678619385,0.17493782937526703,0.44003742933273315,2,2024-07-22 04:00:00+00:00
83,0.41480422019958496,0.1729678064584732,0.4122280180454254,0,2024-07-22 04:00:00+00:00
84,0.41480422019958496,0.1729678064584732,0.4122280180454254,0,2024-07-22 05:00:00+00:00
85,0.415850430727005,0.1764858216047287,0.4076637625694275,0,2024-07-22 05:00:00+00:00
86,0.415850430727005,0.1764858216047287,0.4076637625694275,0,2024-07-22 06:00:00+00:00
87,0.44076859951019287,0.18046967685222626,0.37876176834106445,0,2024-07-22 06:00:00+00:00
88,0.44076859951019287,0.18046967685222626,0.37876176834106445,0,2024-07-22 07:00:00+00:00
89,0.42100435495376587,0.17947527766227722,0.39952030777931213,0,2024-07-22 07:00:00+00:00
90,0.42100435495376587,0.17947527766227722,0.39952030777931213,0,2024-07-22 08:00:00+00:00
91,0.42784231901168823,0.18400593101978302,0.38815170526504517,0,2024-07-22 08:00:00+00:00
92,0.42784231901168823,0.18400593101978302,0.38815170526504517,0,2024-07-22 09:00:00+00:00
93,0.44587424397468567,0.18722981214523315,0.36689600348472595,0,2024-07-22 09:00:00+00:00
94,0.44587424397468567,0.18722981214523315,0.36689600348472595,0,2024-07-22 10:00:00+00:00
95,0.4382278621196747,0.18696993589401245,0.3748021721839905,0,2024-07-22 10:00:00+00:00
96,0.4382278621196747,0.18696993589401245,0.3748021721839905,0,2024-07-22 11:00:00+00:00
97,0.4064505696296692,0.189528688788414,0.4040207266807556,0,2024-07-22 11:00:00+00:00
98,0.4064505696296692,0.189528688788414,0.4040207266807556,0,2024-07-22 12:00:00+00:00
99,0.39495888352394104,0.1892269253730774,0.4158141314983368,2,2024-07-22 12:00:00+00:00
100,0.39495888352394104,0.1892269253730774,0.4158141314983368,2,2024-07-22 13:00:00+00:00
101,0.42976775765419006,0.18750515580177307,0.38272711634635925,0,2024-07-22 13:00:00+00:00
102,0.42976775765419006,0.18750515580177307,0.38272711634635925,0,2024-07-22 14:00:00+00:00
103,0.49173977971076965,0.19010214507579803,0.31815820932388306,0,2024-07-22 14:00:00+00:00
104,0.49173977971076965,0.19010214507579803,0.31815820932388306,0,2024-07-22 15:00:00+00:00
105,0.5043268799781799,0.201579287648201,0.2940937876701355,0,2024-07-22 15:00:00+00:00
106,0.5043268799781799,0.201579287648201,0.2940937876701355,0,2024-07-22 16:00:00+00:00
107,0.4920176565647125,0.19907121360301971,0.30891114473342896,0,2024-07-22 16:00:00+00:00
108,0.4920176565647125,0.19907121360301971,0.30891114473342896,0,2024-07-22 17:00:00+00:00
109,0.4457816183567047,0.20606817305088043,0.34815019369125366,0,2024-07-22 17:00:00+00:00
110,0.4457816183567047,0.20606817305088043,0.34815019369125366,0,2024-07-22 18:00:00+00:00
111,0.4275752305984497,0.1923578679561615,0.3800669014453888,0,2024-07-22 18:00:00+00:00
112,0.4275752305984497,0.1923578679561615,0.3800669014453888,0,2024-07-22 19:00:00+00:00
113,0.4270242750644684,0.195548415184021,0.37742719054222107,0,2024-07-22 19:00:00+00:00
114,0.4270242750644684,0.195548415184021,0.37742719054222107,0,2024-07-22 20:00:00+00:00
115,0.36964094638824463,0.18999023735523224,0.4403688311576843,2,2024-07-22 20:00:00+00:00
116,0.36964094638824463,0.18999023735523224,0.4403688311576843,2,2024-07-22 21:00:00+00:00
117,0.4919387996196747,0.17546021938323975,0.33260098099708557,0,2024-07-22 21:00:00+00:00
118,0.4919387996196747,0.17546021938323975,0.33260098099708557,0,2024-07-22 22:00:00+00:00
119,0.5785874724388123,0.16663944721221924,0.2547730803489685,0,2024-07-22 22:00:00+00:00
120,0.5785874724388123,0.16663944721221924,0.2547730803489685,0,2024-07-22 23:00:00+00:00
121,0.5969027876853943,0.1649579107761383,0.2381393313407898,0,2024-07-22 23:00:00+00:00
122,0.5969027876853943,0.1649579107761383,0.2381393313407898,0,2024-07-23 00:00:00+00:00
123,0.576664924621582,0.16995519399642944,0.2533798813819885,0,2024-07-23 00:00:00+00:00
124,0.576664924621582,0.16995519399642944,0.2533798813819885,0,2024-07-23 01:00:00+00:00
125,0.42509162425994873,0.22380255162715912,0.35110577940940857,0,2024-07-23 01:00:00+00:00
126,0.42509162425994873,0.22380255162715912,0.35110577940940857,0,2024-07-23 02:00:00+00:00
127,0.42607250809669495,0.2185939997434616,0.3553335666656494,0,2024-07-23 02:00:00+00:00
128,0.42607250809669495,0.2185939997434616,0.3553335666656494,0,2024-07-23 03:00:00+00:00
129,0.35628777742385864,0.22040897607803345,0.4233032166957855,2,2024-07-23 03:00:00+00:00
130,0.35628777742385864,0.22040897607803345,0.4233032166957855,2,2024-07-23 04:00:00+00:00
131,0.34091615676879883,0.22153107821941376,0.4375527799129486,2,2024-07-23 04:00:00+00:00
132,0.34091615676879883,0.22153107821941376,0.4375527799129486,2,2024-07-23 05:00:00+00:00
133,0.5072983503341675,0.17180277407169342,0.3208988904953003,0,2024-07-23 05:00:00+00:00
134,0.5072983503341675,0.17180277407169342,0.3208988904953003,0,2024-07-23 06:00:00+00:00
135,0.5472170114517212,0.1591605842113495,0.2936224639415741,0,2024-07-23 06:00:00+00:00
136,0.5472170114517212,0.1591605842113495,0.2936224639415741,0,2024-07-23 07:00:00+00:00
137,0.49049112200737,0.17593565583229065,0.3335731327533722,0,2024-07-23 07:00:00+00:00
138,0.49049112200737,0.17593565583229065,0.3335731327533722,0,2024-07-23 08:00:00+00:00
139,0.40646034479141235,0.21171905100345612,0.3818206787109375,0,2024-07-23 08:00:00+00:00
140,0.40646034479141235,0.21171905100345612,0.3818206787109375,0,2024-07-23 09:00:00+00:00
141,0.4146825969219208,0.21601736545562744,0.3693000376224518,0,2024-07-23 09:00:00+00:00
142,0.4146825969219208,0.21601736545562744,0.3693000376224518,0,2024-07-23 10:00:00+00:00
143,0.3597949147224426,0.22847677767276764,0.4117283523082733,2,2024-07-23 10:00:00+00:00
144,0.3597949147224426,0.22847677767276764,0.4117283523082733,2,2024-07-23 11:00:00+00:00
145,0.3837120532989502,0.21552060544490814,0.40076735615730286,2,2024-07-23 11:00:00+00:00
146,0.3837120532989502,0.21552060544490814,0.40076735615730286,2,2024-07-23 12:00:00+00:00
147,0.4098290205001831,0.20407746732234955,0.386093407869339,0,2024-07-23 12:00:00+00:00
148,0.4098290205001831,0.20407746732234955,0.386093407869339,0,2024-07-23 13:00:00+00:00
149,0.4319837987422943,0.19790871441364288,0.3701074719429016,0,2024-07-23 13:00:00+00:00
150,0.4319837987422943,0.19790871441364288,0.3701074719429016,0,2024-07-23 14:00:00+00:00
151,0.4747907221317291,0.17758820950984955,0.3476210832595825,0,2024-07-23 14:00:00+00:00
152,0.4747907221317291,0.17758820950984955,0.3476210832595825,0,2024-07-23 15:00:00+00:00
153,0.4489084482192993,0.21900790929794312,0.3320836126804352,0,2024-07-23 15:00:00+00:00
154,0.4489084482192993,0.21900790929794312,0.3320836126804352,0,2024-07-23 16:00:00+00:00
155,0.42906078696250916,0.21510718762874603,0.35583198070526123,0,2024-07-23 16:00:00+00:00
156,0.42906078696250916,0.21510718762874603,0.35583198070526123,0,2024-07-23 17:00:00+00:00
157,0.526483952999115,0.15100596845149994,0.32251012325286865,0,2024-07-23 17:00:00+00:00
158,0.526483952999115,0.15100596845149994,0.32251012325286865,0,2024-07-23 18:00:00+00:00
159,0.42530205845832825,0.1970614641904831,0.3776364326477051,0,2024-07-23 18:00:00+00:00
160,0.42530205845832825,0.1970614641904831,0.3776364326477051,0,2024-07-23 19:00:00+00:00
161,0.432527095079422,0.18232960999011993,0.3851432502269745,0,2024-07-23 19:00:00+00:00
162,0.432527095079422,0.18232960999011993,0.3851432502269745,0,2024-07-23 20:00:00+00:00
163,0.442233145236969,0.16974756121635437,0.388019323348999,0,2024-07-23 20:00:00+00:00
164,0.442233145236969,0.16974756121635437,0.388019323348999,0,2024-07-23 21:00:00+00:00
165,0.4023512005805969,0.18893682956695557,0.40871191024780273,2,2024-07-23 21:00:00+00:00
166,0.4023512005805969,0.18893682956695557,0.40871191024780273,2,2024-07-23 22:00:00+00:00
167,0.4173320233821869,0.18824152648448944,0.39442646503448486,0,2024-07-23 22:00:00+00:00
168,0.4173320233821869,0.18824152648448944,0.39442646503448486,0,2024-07-23 23:00:00+00:00
169,0.4219500422477722,0.18621638417243958,0.3918336033821106,0,2024-07-23 23:00:00+00:00
170,0.4219500422477722,0.18621638417243958,0.3918336033821106,0,2024-07-24 00:00:00+00:00
171,0.41878780722618103,0.1900002360343933,0.3912118673324585,0,2024-07-24 00:00:00+00:00
172,0.41878780722618103,0.1900002360343933,0.3912118673324585,0,2024-07-24 01:00:00+00:00
173,0.456810861825943,0.17493285238742828,0.36825624108314514,0,2024-07-24 01:00:00+00:00
174,0.456810861825943,0.17493285238742828,0.36825624108314514,0,2024-07-24 02:00:00+00:00
175,0.42527782917022705,0.18780754506587982,0.38691458106040955,0,2024-07-24 02:00:00+00:00
176,0.42527782917022705,0.18780754506587982,0.38691458106040955,0,2024-07-24 03:00:00+00:00
177,0.4227932095527649,0.19164933264255524,0.38555747270584106,0,2024-07-24 03:00:00+00:00
178,0.4227932095527649,0.19164933264255524,0.38555747270584106,0,2024-07-24 04:00:00+00:00
179,0.43048128485679626,0.19406329095363617,0.3754553496837616,0,2024-07-24 04:00:00+00:00
180,0.43048128485679626,0.19406329095363617,0.3754553496837616,0,2024-07-24 05:00:00+00:00
181,0.42923372983932495,0.19603243470191956,0.3747338652610779,0,2024-07-24 05:00:00+00:00
182,0.42923372983932495,0.19603243470191956,0.3747338652610779,0,2024-07-24 06:00:00+00:00
183,0.42383384704589844,0.19448541104793549,0.3816806375980377,0,2024-07-24 06:00:00+00:00
184,0.42383384704589844,0.19448541104793549,0.3816806375980377,0,2024-07-24 07:00:00+00:00
185,0.4270602762699127,0.1960657387971878,0.37687405943870544,0,2024-07-24 07:00:00+00:00
186,0.4270602762699127,0.1960657387971878,0.37687405943870544,0,2024-07-24 08:00:00+00:00
187,0.43272802233695984,0.19702458381652832,0.37024739384651184,0,2024-07-24 08:00:00+00:00
188,0.43272802233695984,0.19702458381652832,0.37024739384651184,0,2024-07-24 09:00:00+00:00
189,0.43955758213996887,0.20383960008621216,0.35660281777381897,0,2024-07-24 09:00:00+00:00
190,0.43955758213996887,0.20383960008621216,0.35660281777381897,0,2024-07-24 10:00:00+00:00
191,0.43039998412132263,0.20535482466220856,0.36424514651298523,0,2024-07-24 10:00:00+00:00
192,0.43039998412132263,0.20535482466220856,0.36424514651298523,0,2024-07-24 11:00:00+00:00
193,0.40561583638191223,0.21190868318080902,0.38247552514076233,0,2024-07-24 11:00:00+00:00
194,0.40561583638191223,0.21190868318080902,0.38247552514076233,0,2024-07-24 12:00:00+00:00
195,0.37612447142601013,0.21558502316474915,0.4082906246185303,2,2024-07-24 12:00:00+00:00
196,0.37612447142601013,0.21558502316474915,0.4082906246185303,2,2024-07-24 13:00:00+00:00
197,0.3774729371070862,0.22144469618797302,0.4010823965072632,2,2024-07-24 13:00:00+00:00
198,0.3774729371070862,0.22144469618797302,0.4010823965072632,2,2024-07-24 14:00:00+00:00
199,0.36102572083473206,0.2230834662914276,0.4158909022808075,2,2024-07-24 14:00:00+00:00
200,0.36102572083473206,0.2230834662914276,0.4158909022808075,2,2024-07-24 15:00:00+00:00
201,0.4306463301181793,0.19193343818187714,0.37742021679878235,0,2024-07-24 15:00:00+00:00
202,0.4306463301181793,0.19193343818187714,0.37742021679878235,0,2024-07-24 16:00:00+00:00
203,0.41199207305908203,0.20923729240894318,0.378770649433136,0,2024-07-24 16:00:00+00:00
204,0.41199207305908203,0.20923729240894318,0.378770649433136,0,2024-07-24 17:00:00+00:00
205,0.4417945146560669,0.19018614292144775,0.3680194616317749,0,2024-07-24 17:00:00+00:00
206,0.4417945146560669,0.19018614292144775,0.3680194616317749,0,2024-07-24 18:00:00+00:00
207,0.3811569809913635,0.19470062851905823,0.42414236068725586,2,2024-07-24 18:00:00+00:00
208,0.3811569809913635,0.19470062851905823,0.42414236068725586,2,2024-07-24 19:00:00+00:00
209,0.3591780364513397,0.2194337695837021,0.421388179063797,2,2024-07-24 19:00:00+00:00
210,0.3591780364513397,0.2194337695837021,0.421388179063797,2,2024-07-24 20:00:00+00:00
211,0.33681315183639526,0.21957893669605255,0.4436078667640686,2,2024-07-24 20:00:00+00:00
212,0.33681315183639526,0.21957893669605255,0.4436078667640686,2,2024-07-24 21:00:00+00:00
213,0.30742147564888,0.21245069801807404,0.48012781143188477,2,2024-07-24 21:00:00+00:00
214,0.30742147564888,0.21245069801807404,0.48012781143188477,2,2024-07-24 22:00:00+00:00
215,0.36202043294906616,0.21893690526485443,0.4190426468849182,2,2024-07-24 22:00:00+00:00
216,0.36202043294906616,0.21893690526485443,0.4190426468849182,2,2024-07-24 23:00:00+00:00
217,0.3863135576248169,0.21773560345172882,0.39595088362693787,2,2024-07-24 23:00:00+00:00
218,0.3863135576248169,0.21773560345172882,0.39595088362693787,2,2024-07-25 00:00:00+00:00
219,0.3485869765281677,0.22161443531513214,0.4297984838485718,2,2024-07-25 00:00:00+00:00
220,0.3485869765281677,0.22161443531513214,0.4297984838485718,2,2024-07-25 01:00:00+00:00
221,0.3203635811805725,0.22153931856155396,0.45809707045555115,2,2024-07-25 01:00:00+00:00
222,0.3203635811805725,0.22153931856155396,0.45809707045555115,2,2024-07-25 02:00:00+00:00
223,0.39692309498786926,0.22571764886379242,0.3773592412471771,0,2024-07-25 02:00:00+00:00
224,0.39692309498786926,0.22571764886379242,0.3773592412471771,0,2024-07-25 03:00:00+00:00
225,0.4954893887042999,0.15999697148799896,0.34451353549957275,0,2024-07-25 03:00:00+00:00
226,0.4954893887042999,0.15999697148799896,0.34451353549957275,0,2024-07-25 04:00:00+00:00
227,0.48157578706741333,0.17268244922161102,0.34574177861213684,0,2024-07-25 04:00:00+00:00
228,0.48157578706741333,0.17268244922161102,0.34574177861213684,0,2024-07-25 05:00:00+00:00
229,0.4518376886844635,0.20125117897987366,0.34691107273101807,0,2024-07-25 05:00:00+00:00
230,0.4518376886844635,0.20125117897987366,0.34691107273101807,0,2024-07-25 06:00:00+00:00
231,0.41922643780708313,0.1866009533405304,0.39417263865470886,0,2024-07-25 06:00:00+00:00
232,0.41922643780708313,0.1866009533405304,0.39417263865470886,0,2024-07-25 07:00:00+00:00
233,0.4095599055290222,0.1938920021057129,0.3965480327606201,0,2024-07-25 07:00:00+00:00
234,0.4095599055290222,0.1938920021057129,0.3965480327606201,0,2024-07-25 08:00:00+00:00
235,0.42791441082954407,0.18145422637462616,0.39063137769699097,0,2024-07-25 08:00:00+00:00
236,0.42791441082954407,0.18145422637462616,0.39063137769699097,0,2024-07-25 09:00:00+00:00
237,0.4211908280849457,0.17900384962558746,0.3998052775859833,0,2024-07-25 09:00:00+00:00
238,0.4211908280849457,0.17900384962558746,0.3998052775859833,0,2024-07-25 10:00:00+00:00
239,0.42190417647361755,0.17875833809375763,0.39933741092681885,0,2024-07-25 10:00:00+00:00
240,0.42190417647361755,0.17875833809375763,0.39933741092681885,0,2024-07-25 11:00:00+00:00
241,0.433759480714798,0.1657782644033432,0.40046223998069763,0,2024-07-25 11:00:00+00:00
242,0.433759480714798,0.1657782644033432,0.40046223998069763,0,2024-07-25 12:00:00+00:00
243,0.4089638590812683,0.17499199509620667,0.416044145822525,2,2024-07-25 12:00:00+00:00
244,0.4089638590812683,0.17499199509620667,0.416044145822525,2,2024-07-25 13:00:00+00:00
245,0.4212786555290222,0.1661497950553894,0.4125714898109436,0,2024-07-25 13:00:00+00:00
246,0.4212786555290222,0.1661497950553894,0.4125714898109436,0,2024-07-25 14:00:00+00:00
247,0.3972538709640503,0.17099547386169434,0.4317505955696106,2,2024-07-25 14:00:00+00:00
248,0.3972538709640503,0.17099547386169434,0.4317505955696106,2,2024-07-25 15:00:00+00:00
249,0.3827708959579468,0.18458081781864166,0.43264827132225037,2,2024-07-25 15:00:00+00:00
250,0.3827708959579468,0.18458081781864166,0.43264827132225037,2,2024-07-25 16:00:00+00:00
251,0.38635313510894775,0.1855652630329132,0.4280816912651062,2,2024-07-25 16:00:00+00:00
252,0.38635313510894775,0.1855652630329132,0.4280816912651062,2,2024-07-25 17:00:00+00:00
253,0.3747410774230957,0.17993174493312836,0.4453272521495819,2,2024-07-25 17:00:00+00:00
254,0.3747410774230957,0.17993174493312836,0.4453272521495819,2,2024-07-25 18:00:00+00:00
255,0.37446537613868713,0.17730094492435455,0.4482336640357971,2,2024-07-25 18:00:00+00:00
256,0.37446537613868713,0.17730094492435455,0.4482336640357971,2,2024-07-25 19:00:00+00:00
257,0.38870397210121155,0.16771200299263,0.4435841143131256,2,2024-07-25 19:00:00+00:00
258,0.38870397210121155,0.16771200299263,0.4435841143131256,2,2024-07-25 20:00:00+00:00
259,0.3680364787578583,0.1706411987543106,0.4613223671913147,2,2024-07-25 20:00:00+00:00
260,0.3680364787578583,0.1706411987543106,0.4613223671913147,2,2024-07-25 21:00:00+00:00
261,0.3829650580883026,0.18537776172161102,0.43165716528892517,2,2024-07-25 21:00:00+00:00
262,0.3829650580883026,0.18537776172161102,0.43165716528892517,2,2024-07-25 22:00:00+00:00
263,0.4039878845214844,0.19376584887504578,0.40224623680114746,0,2024-07-25 22:00:00+00:00
264,0.4039878845214844,0.19376584887504578,0.40224623680114746,0,2024-07-25 23:00:00+00:00
265,0.4186657667160034,0.19038128852844238,0.39095285534858704,0,2024-07-25 23:00:00+00:00
266,0.4186657667160034,0.19038128852844238,0.39095285534858704,0,2024-07-26 00:00:00+00:00
267,0.41774144768714905,0.18372562527656555,0.398532897233963,0,2024-07-26 00:00:00+00:00
268,0.41774144768714905,0.18372562527656555,0.398532897233963,0,2024-07-26 01:00:00+00:00
269,0.43770018219947815,0.18363720178604126,0.3786626160144806,0,2024-07-26 01:00:00+00:00
270,0.43770018219947815,0.18363720178604126,0.3786626160144806,0,2024-07-26 02:00:00+00:00
271,0.43782147765159607,0.1916700154542923,0.37050849199295044,0,2024-07-26 02:00:00+00:00
272,0.43782147765159607,0.1916700154542923,0.37050849199295044,0,2024-07-26 03:00:00+00:00
273,0.3915710151195526,0.2043384313583374,0.40409055352211,2,2024-07-26 03:00:00+00:00
274,0.3915710151195526,0.2043384313583374,0.40409055352211,2,2024-07-26 04:00:00+00:00
275,0.3752145767211914,0.20860831439495087,0.41617706418037415,2,2024-07-26 04:00:00+00:00
276,0.3752145767211914,0.20860831439495087,0.41617706418037415,2,2024-07-26 05:00:00+00:00
277,0.35675233602523804,0.21081465482711792,0.43243300914764404,2,2024-07-26 05:00:00+00:00
278,0.35675233602523804,0.21081465482711792,0.43243300914764404,2,2024-07-26 06:00:00+00:00
279,0.3253748118877411,0.21382401883602142,0.46080124378204346,2,2024-07-26 06:00:00+00:00
280,0.3253748118877411,0.21382401883602142,0.46080124378204346,2,2024-07-26 07:00:00+00:00
281,0.3155323266983032,0.21769163012504578,0.466776043176651,2,2024-07-26 07:00:00+00:00
282,0.3155323266983032,0.21769163012504578,0.466776043176651,2,2024-07-26 08:00:00+00:00
283,0.2935844957828522,0.21333187818527222,0.4930837154388428,2,2024-07-26 08:00:00+00:00
284,0.2935844957828522,0.21333187818527222,0.4930837154388428,2,2024-07-26 09:00:00+00:00
285,0.2854873538017273,0.20795421302318573,0.506558358669281,2,2024-07-26 09:00:00+00:00
286,0.2854873538017273,0.20795421302318573,0.506558358669281,2,2024-07-26 10:00:00+00:00
287,0.3074665069580078,0.20532755553722382,0.4872059226036072,2,2024-07-26 10:00:00+00:00
288,0.3074665069580078,0.20532755553722382,0.4872059226036072,2,2024-07-26 11:00:00+00:00
289,0.31534039974212646,0.20761871337890625,0.4770408868789673,2,2024-07-26 11:00:00+00:00
290,0.31534039974212646,0.20761871337890625,0.4770408868789673,2,2024-07-26 12:00:00+00:00
291,0.267422080039978,0.20310181379318237,0.5294761061668396,2,2024-07-26 12:00:00+00:00
292,0.267422080039978,0.20310181379318237,0.5294761061668396,2,2024-07-26 13:00:00+00:00
293,0.2801603078842163,0.2056611180305481,0.5141785144805908,2,2024-07-26 13:00:00+00:00
294,0.2801603078842163,0.2056611180305481,0.5141785144805908,2,2024-07-26 14:00:00+00:00
295,0.3164351284503937,0.20073482394218445,0.48283007740974426,2,2024-07-26 14:00:00+00:00
296,0.3164351284503937,0.20073482394218445,0.48283007740974426,2,2024-07-26 15:00:00+00:00
297,0.35471636056900024,0.1998845785856247,0.4453990161418915,2,2024-07-26 15:00:00+00:00
298,0.35471636056900024,0.1998845785856247,0.4453990161418915,2,2024-07-26 16:00:00+00:00
299,0.33378276228904724,0.19791916012763977,0.46829816699028015,2,2024-07-26 16:00:00+00:00
300,0.33378276228904724,0.19791916012763977,0.46829816699028015,2,2024-07-26 17:00:00+00:00
301,0.3197622001171112,0.19919241964817047,0.4810453951358795,2,2024-07-26 17:00:00+00:00
302,0.3197622001171112,0.19919241964817047,0.4810453951358795,2,2024-07-26 18:00:00+00:00
303,0.29568010568618774,0.19697745144367218,0.5073423981666565,2,2024-07-26 18:00:00+00:00
304,0.29568010568618774,0.19697745144367218,0.5073423981666565,2,2024-07-26 19:00:00+00:00
305,0.286594957113266,0.1931815892457962,0.5202234983444214,2,2024-07-26 19:00:00+00:00
306,0.286594957113266,0.1931815892457962,0.5202234983444214,2,2024-07-26 20:00:00+00:00
307,0.28777098655700684,0.19215027987957,0.5200786590576172,2,2024-07-26 20:00:00+00:00
308,0.28777098655700684,0.19215027987957,0.5200786590576172,2,2024-07-26 21:00:00+00:00
309,0.2688332498073578,0.1908857673406601,0.5402808785438538,2,2024-07-26 21:00:00+00:00
310,0.2688332498073578,0.1908857673406601,0.5402808785438538,2,2024-07-26 22:00:00+00:00
311,0.26314830780029297,0.1885005384683609,0.5483511686325073,2,2024-07-26 22:00:00+00:00
312,0.26314830780029297,0.1885005384683609,0.5483511686325073,2,2024-07-26 23:00:00+00:00
313,0.26670148968696594,0.18578332662582397,0.5475151538848877,2,2024-07-26 23:00:00+00:00
314,0.26670148968696594,0.18578332662582397,0.5475151538848877,2,2024-07-27 00:00:00+00:00
315,0.24442604184150696,0.18347109854221344,0.5721029043197632,2,2024-07-27 00:00:00+00:00
316,0.24442604184150696,0.18347109854221344,0.5721029043197632,2,2024-07-27 01:00:00+00:00
317,0.25242847204208374,0.18790629506111145,0.559665322303772,2,2024-07-27 01:00:00+00:00
318,0.25242847204208374,0.18790629506111145,0.559665322303772,2,2024-07-27 02:00:00+00:00
319,0.2574891746044159,0.19247257709503174,0.5500383377075195,2,2024-07-27 02:00:00+00:00
320,0.2574891746044159,0.19247257709503174,0.5500383377075195,2,2024-07-27 03:00:00+00:00
321,0.2164372056722641,0.18177811801433563,0.6017845869064331,2,2024-07-27 03:00:00+00:00
322,0.2164372056722641,0.18177811801433563,0.6017845869064331,2,2024-07-27 04:00:00+00:00
323,0.2528771758079529,0.19354310631752014,0.5535797476768494,2,2024-07-27 04:00:00+00:00
324,0.2528771758079529,0.19354310631752014,0.5535797476768494,2,2024-07-27 05:00:00+00:00
325,0.2314002513885498,0.18965092301368713,0.5789487957954407,2,2024-07-27 05:00:00+00:00
326,0.2314002513885498,0.18965092301368713,0.5789487957954407,2,2024-07-27 06:00:00+00:00
327,0.23062454164028168,0.1859523504972458,0.5834230780601501,2,2024-07-27 06:00:00+00:00
328,0.23062454164028168,0.1859523504972458,0.5834230780601501,2,2024-07-27 07:00:00+00:00
329,0.21892204880714417,0.1807219684123993,0.6003559827804565,2,2024-07-27 07:00:00+00:00
330,0.21892204880714417,0.1807219684123993,0.6003559827804565,2,2024-07-27 08:00:00+00:00
331,0.2105124294757843,0.18224775791168213,0.607239842414856,2,2024-07-27 08:00:00+00:00
332,0.2105124294757843,0.18224775791168213,0.607239842414856,2,2024-07-27 09:00:00+00:00
333,0.20581920444965363,0.1834469437599182,0.6107338070869446,2,2024-07-27 09:00:00+00:00
334,0.20581920444965363,0.1834469437599182,0.6107338070869446,2,2024-07-27 10:00:00+00:00
335,0.20510470867156982,0.1773882955312729,0.6175070405006409,2,2024-07-27 10:00:00+00:00
336,0.20510470867156982,0.1773882955312729,0.6175070405006409,2,2024-07-27 11:00:00+00:00
337,0.21943610906600952,0.1802712231874466,0.6002926230430603,2,2024-07-27 11:00:00+00:00
338,0.21943610906600952,0.1802712231874466,0.6002926230430603,2,2024-07-27 12:00:00+00:00
339,0.2538797855377197,0.18503394722938538,0.5610861778259277,2,2024-07-27 12:00:00+00:00
340,0.2538797855377197,0.18503394722938538,0.5610861778259277,2,2024-07-27 13:00:00+00:00
341,0.25511205196380615,0.18081653118133545,0.5640712976455688,2,2024-07-27 13:00:00+00:00
342,0.25511205196380615,0.18081653118133545,0.5640712976455688,2,2024-07-27 14:00:00+00:00
343,0.2571442425251007,0.18401174247264862,0.5588440299034119,2,2024-07-27 14:00:00+00:00
344,0.2571442425251007,0.18401174247264862,0.5588440299034119,2,2024-07-27 15:00:00+00:00
345,0.34895676374435425,0.19090668857097626,0.4601365625858307,2,2024-07-27 15:00:00+00:00
346,0.34895676374435425,0.19090668857097626,0.4601365625858307,2,2024-07-27 16:00:00+00:00
347,0.4521316587924957,0.20372220873832703,0.3441462516784668,0,2024-07-27 16:00:00+00:00
348,0.4521316587924957,0.20372220873832703,0.3441462516784668,0,2024-07-27 17:00:00+00:00
349,0.4129255414009094,0.2104308158159256,0.37664365768432617,0,2024-07-27 17:00:00+00:00
350,0.4129255414009094,0.2104308158159256,0.37664365768432617,0,2024-07-27 18:00:00+00:00
351,0.4488712251186371,0.20694448053836823,0.3441843092441559,0,2024-07-27 18:00:00+00:00
352,0.4488712251186371,0.20694448053836823,0.3441843092441559,0,2024-07-27 19:00:00+00:00
353,0.39765506982803345,0.2171957790851593,0.3851490616798401,0,2024-07-27 19:00:00+00:00
354,0.39765506982803345,0.2171957790851593,0.3851490616798401,0,2024-07-27 20:00:00+00:00
355,0.4068863093852997,0.22178930044174194,0.37132441997528076,0,2024-07-27 20:00:00+00:00
356,0.4068863093852997,0.22178930044174194,0.37132441997528076,0,2024-07-27 21:00:00+00:00
357,0.4437357187271118,0.21108300983905792,0.3451812267303467,0,2024-07-27 21:00:00+00:00
358,0.4437357187271118,0.21108300983905792,0.3451812267303467,0,2024-07-27 22:00:00+00:00
359,0.42253023386001587,0.1943880021572113,0.38308167457580566,0,2024-07-27 22:00:00+00:00
360,0.42253023386001587,0.1943880021572113,0.38308167457580566,0,2024-07-27 23:00:00+00:00
361,0.39503324031829834,0.19759899377822876,0.4073677659034729,2,2024-07-27 23:00:00+00:00
362,0.39503324031829834,0.19759899377822876,0.4073677659034729,2,2024-07-28 00:00:00+00:00
363,0.41817188262939453,0.20554010570049286,0.37628790736198425,0,2024-07-28 00:00:00+00:00
364,0.41817188262939453,0.20554010570049286,0.37628790736198425,0,2024-07-28 01:00:00+00:00
365,0.3950543999671936,0.20767633616924286,0.39726927876472473,2,2024-07-28 01:00:00+00:00
366,0.3950543999671936,0.20767633616924286,0.39726927876472473,2,2024-07-28 02:00:00+00:00
367,0.4027661383152008,0.1952282339334488,0.40200570225715637,0,2024-07-28 02:00:00+00:00
368,0.4027661383152008,0.1952282339334488,0.40200570225715637,0,2024-07-28 03:00:00+00:00
369,0.39510074257850647,0.20359283685684204,0.4013064503669739,2,2024-07-28 03:00:00+00:00
370,0.39510074257850647,0.20359283685684204,0.4013064503669739,2,2024-07-28 04:00:00+00:00
371,0.3991716802120209,0.2090451866388321,0.3917831778526306,0,2024-07-28 04:00:00+00:00
372,0.3991716802120209,0.2090451866388321,0.3917831778526306,0,2024-07-28 05:00:00+00:00
373,0.41085389256477356,0.2224435955286026,0.36670252680778503,0,2024-07-28 05:00:00+00:00
374,0.41085389256477356,0.2224435955286026,0.36670252680778503,0,2024-07-28 06:00:00+00:00
375,0.40128210186958313,0.2237682342529297,0.37494969367980957,0,2024-07-28 06:00:00+00:00
376,0.40128210186958313,0.2237682342529297,0.37494969367980957,0,2024-07-28 07:00:00+00:00
377,0.3853529989719391,0.22172853350639343,0.39291855692863464,2,2024-07-28 07:00:00+00:00
378,0.3853529989719391,0.22172853350639343,0.39291855692863464,2,2024-07-28 08:00:00+00:00
379,0.3680039644241333,0.21895365417003632,0.41304245591163635,2,2024-07-28 08:00:00+00:00
380,0.3680039644241333,0.21895365417003632,0.41304245591163635,2,2024-07-28 09:00:00+00:00
381,0.36324194073677063,0.22181206941604614,0.4149460196495056,2,2024-07-28 09:00:00+00:00
382,0.36324194073677063,0.22181206941604614,0.4149460196495056,2,2024-07-28 10:00:00+00:00
383,0.3655867576599121,0.2215908020734787,0.4128224551677704,2,2024-07-28 10:00:00+00:00
384,0.3655867576599121,0.2215908020734787,0.4128224551677704,2,2024-07-28 11:00:00+00:00
385,0.37315118312835693,0.21581244468688965,0.41103649139404297,2,2024-07-28 11:00:00+00:00
386,0.37315118312835693,0.21581244468688965,0.41103649139404297,2,2024-07-28 12:00:00+00:00
387,0.41322094202041626,0.20677754282951355,0.38000157475471497,0,2024-07-28 12:00:00+00:00
388,0.41322094202041626,0.20677754282951355,0.38000157475471497,0,2024-07-28 13:00:00+00:00
389,0.4045577645301819,0.21171170473098755,0.38373056054115295,0,2024-07-28 13:00:00+00:00
390,0.4045577645301819,0.21171170473098755,0.38373056054115295,0,2024-07-28 14:00:00+00:00
391,0.4086804986000061,0.1984720528125763,0.39284756779670715,0,2024-07-28 14:00:00+00:00
392,0.4086804986000061,0.1984720528125763,0.39284756779670715,0,2024-07-28 15:00:00+00:00
393,0.3998005986213684,0.21528293192386627,0.3849164545536041,0,2024-07-28 15:00:00+00:00
394,0.3998005986213684,0.21528293192386627,0.3849164545536041,0,2024-07-28 16:00:00+00:00
395,0.4040899872779846,0.20801974833011627,0.38789013028144836,0,2024-07-28 16:00:00+00:00
396,0.4040899872779846,0.20801974833011627,0.38789013028144836,0,2024-07-28 17:00:00+00:00
397,0.38287031650543213,0.21683064103126526,0.4002991318702698,2,2024-07-28 17:00:00+00:00
398,0.38287031650543213,0.21683064103126526,0.4002991318702698,2,2024-07-28 18:00:00+00:00
399,0.3317534029483795,0.22140219807624817,0.44684427976608276,2,2024-07-28 18:00:00+00:00
400,0.3317534029483795,0.22140219807624817,0.44684427976608276,2,2024-07-28 19:00:00+00:00
401,0.3424542546272278,0.2160322219133377,0.4415135085582733,2,2024-07-28 19:00:00+00:00
402,0.3424542546272278,0.2160322219133377,0.4415135085582733,2,2024-07-28 20:00:00+00:00
403,0.3506828248500824,0.21598389744758606,0.43333324790000916,2,2024-07-28 20:00:00+00:00
404,0.3506828248500824,0.21598389744758606,0.43333324790000916,2,2024-07-28 21:00:00+00:00
405,0.3670564591884613,0.21100053191184998,0.42194297909736633,2,2024-07-28 21:00:00+00:00
406,0.3670564591884613,0.21100053191184998,0.42194297909736633,2,2024-07-28 22:00:00+00:00
407,0.3665063977241516,0.22169017791748047,0.41180339455604553,2,2024-07-28 22:00:00+00:00
408,0.3665063977241516,0.22169017791748047,0.41180339455604553,2,2024-07-28 23:00:00+00:00
409,0.3758929669857025,0.2295263260602951,0.3945806920528412,2,2024-07-28 23:00:00+00:00
410,0.3758929669857025,0.2295263260602951,0.3945806920528412,2,2024-07-29 00:00:00+00:00
411,0.3415902853012085,0.21964916586875916,0.43876057863235474,2,2024-07-29 00:00:00+00:00
412,0.3415902853012085,0.21964916586875916,0.43876057863235474,2,2024-07-29 01:00:00+00:00
413,0.43202972412109375,0.1915334016084671,0.37643688917160034,0,2024-07-29 01:00:00+00:00
414,0.43202972412109375,0.1915334016084671,0.37643688917160034,0,2024-07-29 02:00:00+00:00
415,0.42482489347457886,0.18940728902816772,0.3857678771018982,0,2024-07-29 02:00:00+00:00
416,0.42482489347457886,0.18940728902816772,0.3857678771018982,0,2024-07-29 03:00:00+00:00
417,0.38683298230171204,0.19930006563663483,0.4138669967651367,2,2024-07-29 03:00:00+00:00
418,0.38683298230171204,0.19930006563663483,0.4138669967651367,2,2024-07-29 04:00:00+00:00
419,0.3262925148010254,0.19947385787963867,0.47423356771469116,2,2024-07-29 04:00:00+00:00
420,0.3262925148010254,0.19947385787963867,0.47423356771469116,2,2024-07-29 05:00:00+00:00
421,0.23554465174674988,0.19808997213840485,0.5663653612136841,2,2024-07-29 05:00:00+00:00
422,0.23554465174674988,0.19808997213840485,0.5663653612136841,2,2024-07-29 06:00:00+00:00
423,0.31154865026474,0.19602808356285095,0.4924231469631195,2,2024-07-29 06:00:00+00:00
424,0.31154865026474,0.19602808356285095,0.4924231469631195,2,2024-07-29 07:00:00+00:00
425,0.3290347456932068,0.19246000051498413,0.4785052239894867,2,2024-07-29 07:00:00+00:00
426,0.3290347456932068,0.19246000051498413,0.4785052239894867,2,2024-07-29 08:00:00+00:00
427,0.2960343062877655,0.1936907023191452,0.5102749466896057,2,2024-07-29 08:00:00+00:00
428,0.2960343062877655,0.1936907023191452,0.5102749466896057,2,2024-07-29 09:00:00+00:00
429,0.26746225357055664,0.19274067878723145,0.5397970080375671,2,2024-07-29 09:00:00+00:00
430,0.26746225357055664,0.19274067878723145,0.5397970080375671,2,2024-07-29 10:00:00+00:00
431,0.2651461362838745,0.19130994379520416,0.5435439944267273,2,2024-07-29 10:00:00+00:00
432,0.2651461362838745,0.19130994379520416,0.5435439944267273,2,2024-07-29 11:00:00+00:00
433,0.2509709894657135,0.19581224024295807,0.553216814994812,2,2024-07-29 11:00:00+00:00
434,0.2509709894657135,0.19581224024295807,0.553216814994812,2,2024-07-29 12:00:00+00:00
435,0.2736112177371979,0.19765618443489075,0.5287326574325562,2,2024-07-29 12:00:00+00:00
436,0.2736112177371979,0.19765618443489075,0.5287326574325562,2,2024-07-29 13:00:00+00:00
437,0.31809133291244507,0.19377224147319794,0.48813650012016296,2,2024-07-29 13:00:00+00:00
438,0.31809133291244507,0.19377224147319794,0.48813650012016296,2,2024-07-29 14:00:00+00:00
439,0.32593896985054016,0.20063985884189606,0.47342127561569214,2,2024-07-29 14:00:00+00:00
440,0.32593896985054016,0.20063985884189606,0.47342127561569214,2,2024-07-29 15:00:00+00:00
441,0.41319432854652405,0.2053658664226532,0.381439745426178,0,2024-07-29 15:00:00+00:00
442,0.41319432854652405,0.2053658664226532,0.381439745426178,0,2024-07-29 16:00:00+00:00
443,0.4232860207557678,0.20776383578777313,0.36895009875297546,0,2024-07-29 16:00:00+00:00
444,0.4232860207557678,0.20776383578777313,0.36895009875297546,0,2024-07-29 17:00:00+00:00
445,0.5332773327827454,0.1927499771118164,0.27397266030311584,0,2024-07-29 17:00:00+00:00
446,0.5332773327827454,0.1927499771118164,0.27397266030311584,0,2024-07-29 18:00:00+00:00
447,0.49486732482910156,0.18699543178081512,0.3181372582912445,0,2024-07-29 18:00:00+00:00
448,0.49486732482910156,0.18699543178081512,0.3181372582912445,0,2024-07-29 19:00:00+00:00
449,0.4837089478969574,0.1848987489938736,0.331392377614975,0,2024-07-29 19:00:00+00:00
450,0.4837089478969574,0.1848987489938736,0.331392377614975,0,2024-07-29 20:00:00+00:00
451,0.4777277708053589,0.1913202553987503,0.330951988697052,0,2024-07-29 20:00:00+00:00
452,0.4777277708053589,0.1913202553987503,0.330951988697052,0,2024-07-29 21:00:00+00:00
453,0.4102008640766144,0.20590870082378387,0.3838903605937958,0,2024-07-29 21:00:00+00:00
454,0.4102008640766144,0.20590870082378387,0.3838903605937958,0,2024-07-29 22:00:00+00:00
455,0.41808614134788513,0.2008921355009079,0.38102179765701294,0,2024-07-29 22:00:00+00:00
456,0.41808614134788513,0.2008921355009079,0.38102179765701294,0,2024-07-29 23:00:00+00:00
457,0.42400598526000977,0.19075331091880798,0.38524073362350464,0,2024-07-29 23:00:00+00:00
458,0.42400598526000977,0.19075331091880798,0.38524073362350464,0,2024-07-30 00:00:00+00:00
459,0.4453430771827698,0.17551346123218536,0.37914347648620605,0,2024-07-30 00:00:00+00:00
460,0.4453430771827698,0.17551346123218536,0.37914347648620605,0,2024-07-30 01:00:00+00:00
461,0.4501055181026459,0.17887400090694427,0.37102052569389343,0,2024-07-30 01:00:00+00:00
462,0.4501055181026459,0.17887400090694427,0.37102052569389343,0,2024-07-30 02:00:00+00:00
463,0.44586580991744995,0.1568172127008438,0.39731693267822266,0,2024-07-30 02:00:00+00:00
464,0.44586580991744995,0.1568172127008438,0.39731693267822266,0,2024-07-30 03:00:00+00:00
465,0.4021546542644501,0.154688760638237,0.44315654039382935,2,2024-07-30 03:00:00+00:00
466,0.4021546542644501,0.154688760638237,0.44315654039382935,2,2024-07-30 04:00:00+00:00
467,0.37368980050086975,0.16553224623203278,0.46077799797058105,2,2024-07-30 04:00:00+00:00
468,0.37368980050086975,0.16553224623203278,0.46077799797058105,2,2024-07-30 05:00:00+00:00
469,0.37142446637153625,0.18043406307697296,0.4481414556503296,2,2024-07-30 05:00:00+00:00
470,0.37142446637153625,0.18043406307697296,0.4481414556503296,2,2024-07-30 06:00:00+00:00
471,0.4012225568294525,0.18071766197681427,0.4180597960948944,2,2024-07-30 06:00:00+00:00
472,0.4012225568294525,0.18071766197681427,0.4180597960948944,2,2024-07-30 07:00:00+00:00
473,0.4076107442378998,0.18928061425685883,0.403108686208725,0,2024-07-30 07:00:00+00:00
474,0.4076107442378998,0.18928061425685883,0.403108686208725,0,2024-07-30 08:00:00+00:00
475,0.4051644206047058,0.18785052001476288,0.4069851338863373,2,2024-07-30 08:00:00+00:00
476,0.4051644206047058,0.18785052001476288,0.4069851338863373,2,2024-07-30 09:00:00+00:00
477,0.4233820140361786,0.18006153404712677,0.39655646681785583,0,2024-07-30 09:00:00+00:00
478,0.4233820140361786,0.18006153404712677,0.39655646681785583,0,2024-07-30 10:00:00+00:00
479,0.39118173718452454,0.17895452678203583,0.42986372113227844,2,2024-07-30 10:00:00+00:00
480,0.39118173718452454,0.17895452678203583,0.42986372113227844,2,2024-07-30 11:00:00+00:00
481,0.3911644518375397,0.1737234741449356,0.4351120889186859,2,2024-07-30 11:00:00+00:00
482,0.3911644518375397,0.1737234741449356,0.4351120889186859,2,2024-07-30 12:00:00+00:00
483,0.38114848732948303,0.1757635921239853,0.4430878162384033,2,2024-07-30 12:00:00+00:00
484,0.38114848732948303,0.1757635921239853,0.4430878162384033,2,2024-07-30 13:00:00+00:00
485,0.3662026822566986,0.16926056146621704,0.46453672647476196,2,2024-07-30 13:00:00+00:00
486,0.3662026822566986,0.16926056146621704,0.46453672647476196,2,2024-07-30 14:00:00+00:00
487,0.37850624322891235,0.1458640992641449,0.4756295680999756,2,2024-07-30 14:00:00+00:00
488,0.37850624322891235,0.1458640992641449,0.4756295680999756,2,2024-07-30 15:00:00+00:00
489,0.3784889876842499,0.1654544621706009,0.4560565650463104,2,2024-07-30 15:00:00+00:00
490,0.3784889876842499,0.1654544621706009,0.4560565650463104,2,2024-07-30 16:00:00+00:00
491,0.3689717948436737,0.17057780921459198,0.4604504108428955,2,2024-07-30 16:00:00+00:00
492,0.3689717948436737,0.17057780921459198,0.4604504108428955,2,2024-07-30 17:00:00+00:00
493,0.38532984256744385,0.16265356540679932,0.45201653242111206,2,2024-07-30 17:00:00+00:00
494,0.38532984256744385,0.16265356540679932,0.45201653242111206,2,2024-07-30 18:00:00+00:00
495,0.4700804352760315,0.14119379222393036,0.38872572779655457,0,2024-07-30 18:00:00+00:00
496,0.4700804352760315,0.14119379222393036,0.38872572779655457,0,2024-07-30 19:00:00+00:00
497,0.40089479088783264,0.14230136573314667,0.4568037986755371,2,2024-07-30 19:00:00+00:00
498,0.40089479088783264,0.14230136573314667,0.4568037986755371,2,2024-07-30 20:00:00+00:00
499,0.4110913872718811,0.1416185200214386,0.44729000329971313,2,2024-07-30 20:00:00+00:00
500,0.4110913872718811,0.1416185200214386,0.44729000329971313,2,2024-07-30 21:00:00+00:00
501,0.3667442202568054,0.1694308966398239,0.46382495760917664,2,2024-07-30 21:00:00+00:00
502,0.3667442202568054,0.1694308966398239,0.46382495760917664,2,2024-07-30 22:00:00+00:00
503,0.3652717173099518,0.1753823608160019,0.4593460261821747,2,2024-07-30 22:00:00+00:00
504,0.3652717173099518,0.1753823608160019,0.4593460261821747,2,2024-07-30 23:00:00+00:00
505,0.3931576907634735,0.18381164968013763,0.4230307340621948,2,2024-07-30 23:00:00+00:00
506,0.3931576907634735,0.18381164968013763,0.4230307340621948,2,2024-07-31 00:00:00+00:00
507,0.39827150106430054,0.18859876692295074,0.41312965750694275,2,2024-07-31 00:00:00+00:00
508,0.39827150106430054,0.18859876692295074,0.41312965750694275,2,2024-07-31 01:00:00+00:00
509,0.39327937364578247,0.1937788426876068,0.41294175386428833,2,2024-07-31 01:00:00+00:00
510,0.39327937364578247,0.1937788426876068,0.41294175386428833,2,2024-07-31 02:00:00+00:00
511,0.4092358350753784,0.19626936316490173,0.39449477195739746,0,2024-07-31 02:00:00+00:00
512,0.4092358350753784,0.19626936316490173,0.39449477195739746,0,2024-07-31 03:00:00+00:00
513,0.37876003980636597,0.1876707822084427,0.43356916308403015,2,2024-07-31 03:00:00+00:00
514,0.37876003980636597,0.1876707822084427,0.43356916308403015,2,2024-07-31 04:00:00+00:00
515,0.389006108045578,0.19363822042942047,0.41735562682151794,2,2024-07-31 04:00:00+00:00
516,0.389006108045578,0.19363822042942047,0.41735562682151794,2,2024-07-31 05:00:00+00:00
517,0.3693256080150604,0.17814891040325165,0.45252540707588196,2,2024-07-31 05:00:00+00:00
518,0.3693256080150604,0.17814891040325165,0.45252540707588196,2,2024-07-31 06:00:00+00:00
519,0.41521158814430237,0.2115810066461563,0.3732074201107025,0,2024-07-31 06:00:00+00:00
520,0.41521158814430237,0.2115810066461563,0.3732074201107025,0,2024-07-31 07:00:00+00:00
521,0.416081964969635,0.2050764411687851,0.3788415193557739,0,2024-07-31 07:00:00+00:00
522,0.416081964969635,0.2050764411687851,0.3788415193557739,0,2024-07-31 08:00:00+00:00
523,0.389248251914978,0.21923822164535522,0.3915134370326996,2,2024-07-31 08:00:00+00:00
524,0.389248251914978,0.21923822164535522,0.3915134370326996,2,2024-07-31 09:00:00+00:00
525,0.3663167655467987,0.22593089938163757,0.40775230526924133,2,2024-07-31 09:00:00+00:00
526,0.3663167655467987,0.22593089938163757,0.40775230526924133,2,2024-07-31 10:00:00+00:00
527,0.38274669647216797,0.2212398648262024,0.39601340889930725,2,2024-07-31 10:00:00+00:00
528,0.38274669647216797,0.2212398648262024,0.39601340889930725,2,2024-07-31 13:00:00+00:00
529,0.3959479033946991,0.2224312126636505,0.3816208839416504,0,2024-07-31 13:00:00+00:00
530,0.3959479033946991,0.2224312126636505,0.3816208839416504,0,2024-07-31 15:00:00+00:00
531,0.39175543189048767,0.2085208296775818,0.3997237980365753,2,2024-07-31 15:00:00+00:00
532,0.39175543189048767,0.2085208296775818,0.3997237980365753,2,2024-07-31 17:00:00+00:00
533,0.388308584690094,0.2126251757144928,0.3990662693977356,2,2024-07-31 17:00:00+00:00
534,0.388308584690094,0.2126251757144928,0.3990662693977356,2,2024-07-31 18:00:00+00:00
535,0.35402241349220276,0.22962583601474762,0.4163518249988556,2,2024-07-31 18:00:00+00:00
536,0.35402241349220276,0.22962583601474762,0.4163518249988556,2,2024-07-31 19:00:00+00:00
537,0.39530396461486816,0.22273309528827667,0.3819628953933716,0,2024-07-31 19:00:00+00:00
538,0.39530396461486816,0.22273309528827667,0.3819628953933716,0,2024-07-31 21:00:00+00:00
539,0.7212504148483276,0.08722466975450516,0.191524937748909,0,2024-07-31 21:00:00+00:00
540,0.7212504148483276,0.08722466975450516,0.191524937748909,0,2024-07-31 22:00:00+00:00
541,0.6115310192108154,0.1160268634557724,0.2724420130252838,0,2024-07-31 22:00:00+00:00
542,0.6115310192108154,0.1160268634557724,0.2724420130252838,0,2024-07-31 23:00:00+00:00
543,0.5931509137153625,0.12181559205055237,0.28503358364105225,0,2024-07-31 23:00:00+00:00
544,0.5931509137153625,0.12181559205055237,0.28503358364105225,0,2024-08-01 00:00:00+00:00
545,0.6255189776420593,0.12290249764919281,0.25157856941223145,0,2024-08-01 00:00:00+00:00
546,0.6255189776420593,0.12290249764919281,0.25157856941223145,0,2024-08-01 01:00:00+00:00
547,0.5230910778045654,0.14544332027435303,0.3314655125141144,0,2024-08-01 01:00:00+00:00
548,0.5230910778045654,0.14544332027435303,0.3314655125141144,0,2024-08-01 02:00:00+00:00
549,0.531970739364624,0.1476166546344757,0.32041260600090027,0,2024-08-01 02:00:00+00:00
550,0.531970739364624,0.1476166546344757,0.32041260600090027,0,2024-08-01 03:00:00+00:00
551,0.5166743993759155,0.14758159220218658,0.3357440233230591,0,2024-08-01 03:00:00+00:00
552,0.5166743993759155,0.14758159220218658,0.3357440233230591,0,2024-08-01 04:00:00+00:00
553,0.5809609293937683,0.13669852912425995,0.28234052658081055,0,2024-08-01 04:00:00+00:00
554,0.5809609293937683,0.13669852912425995,0.28234052658081055,0,2024-08-01 05:00:00+00:00
555,0.5699589252471924,0.12398821860551834,0.3060528635978699,0,2024-08-01 05:00:00+00:00
556,0.5699589252471924,0.12398821860551834,0.3060528635978699,0,2024-08-01 06:00:00+00:00
557,0.5411306619644165,0.13470754027366638,0.32416173815727234,0,2024-08-01 06:00:00+00:00
558,0.5411306619644165,0.13470754027366638,0.32416173815727234,0,2024-08-01 07:00:00+00:00
559,0.5584118366241455,0.12757524847984314,0.3140128254890442,0,2024-08-01 07:00:00+00:00
560,0.5584118366241455,0.12757524847984314,0.3140128254890442,0,2024-08-01 08:00:00+00:00
561,0.5496484637260437,0.1268753707408905,0.3234761655330658,0,2024-08-01 08:00:00+00:00
562,0.5496484637260437,0.1268753707408905,0.3234761655330658,0,2024-08-01 09:00:00+00:00
563,0.5180609822273254,0.12961651384830475,0.352322518825531,0,2024-08-01 09:00:00+00:00
564,0.5180609822273254,0.12961651384830475,0.352322518825531,0,2024-08-01 10:00:00+00:00
565,0.51462721824646,0.12643744051456451,0.3589353561401367,0,2024-08-01 10:00:00+00:00
566,0.51462721824646,0.12643744051456451,0.3589353561401367,0,2024-08-01 11:00:00+00:00
567,0.5065951943397522,0.13301202654838562,0.360392689704895,0,2024-08-01 11:00:00+00:00
568,0.5065951943397522,0.13301202654838562,0.360392689704895,0,2024-08-01 12:00:00+00:00
569,0.45380207896232605,0.1406175047159195,0.40558046102523804,0,2024-08-01 12:00:00+00:00
570,0.45380207896232605,0.1406175047159195,0.40558046102523804,0,2024-08-01 13:00:00+00:00
571,0.40067821741104126,0.14737896621227264,0.4519428610801697,2,2024-08-01 13:00:00+00:00
572,0.40067821741104126,0.14737896621227264,0.4519428610801697,2,2024-08-01 14:00:00+00:00
573,0.40126174688339233,0.13404177129268646,0.4646965563297272,2,2024-08-01 14:00:00+00:00
574,0.40126174688339233,0.13404177129268646,0.4646965563297272,2,2024-08-01 15:00:00+00:00
575,0.5033590197563171,0.1265908181667328,0.3700501024723053,0,2024-08-01 15:00:00+00:00
576,0.5033590197563171,0.1265908181667328,0.3700501024723053,0,2024-08-01 17:00:00+00:00
577,0.6789031624794006,0.09827699512243271,0.22281989455223083,0,2024-08-01 17:00:00+00:00
578,0.6789031624794006,0.09827699512243271,0.22281989455223083,0,2024-08-01 19:00:00+00:00
579,0.740290105342865,0.07970614731311798,0.18000374734401703,0,2024-08-01 19:00:00+00:00
580,0.740290105342865,0.07970614731311798,0.18000374734401703,0,2024-08-01 21:00:00+00:00
581,0.44848373532295227,0.13438493013381958,0.4171314537525177,0,2024-08-01 21:00:00+00:00
582,0.44848373532295227,0.13438493013381958,0.4171314537525177,0,2024-08-01 22:00:00+00:00
583,0.420772522687912,0.15577039122581482,0.4234571158885956,2,2024-08-01 22:00:00+00:00
584,0.420772522687912,0.15577039122581482,0.4234571158885956,2,2024-08-01 23:00:00+00:00
585,0.41966572403907776,0.16447508335113525,0.4158591330051422,0,2024-08-01 23:00:00+00:00
586,0.41966572403907776,0.16447508335113525,0.4158591330051422,0,2024-08-02 00:00:00+00:00
587,0.4238034188747406,0.1620311439037323,0.4141654670238495,0,2024-08-02 00:00:00+00:00
588,0.4238034188747406,0.1620311439037323,0.4141654670238495,0,2024-08-02 01:00:00+00:00
589,0.4275394082069397,0.16204486787319183,0.41041576862335205,0,2024-08-02 01:00:00+00:00
590,0.4275394082069397,0.16204486787319183,0.41041576862335205,0,2024-08-02 03:00:00+00:00
591,0.41986820101737976,0.14024218916893005,0.4398895800113678,2,2024-08-02 03:00:00+00:00
592,0.41986820101737976,0.14024218916893005,0.4398895800113678,2,2024-08-02 04:00:00+00:00
593,0.41621604561805725,0.15675045549869537,0.4270334839820862,2,2024-08-02 04:00:00+00:00
594,0.41621604561805725,0.15675045549869537,0.4270334839820862,2,2024-08-02 05:00:00+00:00
595,0.4213268756866455,0.16282133758068085,0.41585177183151245,0,2024-08-02 05:00:00+00:00
596,0.4213268756866455,0.16282133758068085,0.41585177183151245,0,2024-08-02 07:00:00+00:00
597,0.430358350276947,0.13582713901996613,0.4338144361972809,2,2024-08-02 07:00:00+00:00
598,0.430358350276947,0.13582713901996613,0.4338144361972809,2,2024-08-02 08:00:00+00:00
599,0.43803516030311584,0.13338223099708557,0.4285825788974762,0,2024-08-02 08:00:00+00:00
600,0.43803516030311584,0.13338223099708557,0.4285825788974762,0,2024-08-02 09:00:00+00:00
601,0.42235931754112244,0.15625743567943573,0.4213833510875702,0,2024-08-02 09:00:00+00:00
602,0.42235931754112244,0.15625743567943573,0.4213833510875702,0,2024-08-02 10:00:00+00:00
603,0.39339229464530945,0.16271451115608215,0.443893164396286,2,2024-08-02 10:00:00+00:00
604,0.39339229464530945,0.16271451115608215,0.443893164396286,2,2024-08-02 11:00:00+00:00
605,0.42578014731407166,0.16755086183547974,0.4066689908504486,0,2024-08-02 11:00:00+00:00
606,0.42578014731407166,0.16755086183547974,0.4066689908504486,0,2024-08-02 12:00:00+00:00
607,0.4269101917743683,0.16698697209358215,0.40610283613204956,0,2024-08-02 12:00:00+00:00
608,0.4269101917743683,0.16698697209358215,0.40610283613204956,0,2024-08-02 15:00:00+00:00
609,0.7212729454040527,0.07588472962379456,0.2028423398733139,0,2024-08-02 15:00:00+00:00
610,0.7212729454040527,0.07588472962379456,0.2028423398733139,0,2024-08-02 16:00:00+00:00
611,0.7245575785636902,0.07818735390901566,0.19725507497787476,0,2024-08-02 16:00:00+00:00
612,0.7245575785636902,0.07818735390901566,0.19725507497787476,0,2024-08-02 17:00:00+00:00
613,0.6794528365135193,0.07832874357700348,0.24221836030483246,0,2024-08-02 17:00:00+00:00
614,0.6794528365135193,0.07832874357700348,0.24221836030483246,0,2024-08-02 18:00:00+00:00
615,0.6456708312034607,0.0881841704249382,0.2661450207233429,0,2024-08-02 18:00:00+00:00
616,0.6456708312034607,0.0881841704249382,0.2661450207233429,0,2024-08-02 19:00:00+00:00
617,0.642073929309845,0.09018275886774063,0.26774343848228455,0,2024-08-02 19:00:00+00:00
618,0.642073929309845,0.09018275886774063,0.26774343848228455,0,2024-08-02 20:00:00+00:00
619,0.6807536482810974,0.0819060355424881,0.2373403161764145,0,2024-08-02 20:00:00+00:00
620,0.6807536482810974,0.0819060355424881,0.2373403161764145,0,2024-08-02 21:00:00+00:00
621,0.554625391960144,0.10390131175518036,0.34147337079048157,0,2024-08-02 21:00:00+00:00
622,0.554625391960144,0.10390131175518036,0.34147337079048157,0,2024-08-02 22:00:00+00:00
623,0.5606533885002136,0.11211885511875153,0.3272276818752289,0,2024-08-02 22:00:00+00:00
624,0.5606533885002136,0.11211885511875153,0.3272276818752289,0,2024-08-02 23:00:00+00:00
625,0.6198287606239319,0.09858876466751099,0.28158238530158997,0,2024-08-02 23:00:00+00:00
626,0.6198287606239319,0.09858876466751099,0.28158238530158997,0,2024-08-03 00:00:00+00:00
627,0.6042406558990479,0.10148166120052338,0.29427775740623474,0,2024-08-03 00:00:00+00:00
628,0.6042406558990479,0.10148166120052338,0.29427775740623474,0,2024-08-03 01:00:00+00:00
629,0.669235348701477,0.09124431014060974,0.2395203858613968,0,2024-08-03 01:00:00+00:00
630,0.669235348701477,0.09124431014060974,0.2395203858613968,0,2024-08-03 02:00:00+00:00
631,0.5815330743789673,0.10772206634283066,0.3107447922229767,0,2024-08-03 02:00:00+00:00
632,0.5815330743789673,0.10772206634283066,0.3107447922229767,0,2024-08-03 03:00:00+00:00
633,0.6404491066932678,0.0999404564499855,0.2596103847026825,0,2024-08-03 03:00:00+00:00
634,0.6404491066932678,0.0999404564499855,0.2596103847026825,0,2024-08-03 04:00:00+00:00
635,0.5217689871788025,0.12441427260637283,0.3538167178630829,0,2024-08-03 04:00:00+00:00
636,0.5217689871788025,0.12441427260637283,0.3538167178630829,0,2024-08-03 05:00:00+00:00
637,0.5383067727088928,0.12886537611484528,0.3328278362751007,0,2024-08-03 05:00:00+00:00
638,0.5383067727088928,0.12886537611484528,0.3328278362751007,0,2024-08-03 06:00:00+00:00
639,0.4854832589626312,0.13236968219280243,0.38214704394340515,0,2024-08-03 06:00:00+00:00
640,0.4854832589626312,0.13236968219280243,0.38214704394340515,0,2024-08-03 07:00:00+00:00
641,0.47723066806793213,0.14063474535942078,0.3821346163749695,0,2024-08-03 07:00:00+00:00
642,0.47723066806793213,0.14063474535942078,0.3821346163749695,0,2024-08-03 08:00:00+00:00
643,0.453712522983551,0.13501939177513123,0.4112681448459625,0,2024-08-03 08:00:00+00:00
644,0.453712522983551,0.13501939177513123,0.4112681448459625,0,2024-08-03 09:00:00+00:00
645,0.47213035821914673,0.1268240362405777,0.40104565024375916,0,2024-08-03 09:00:00+00:00
646,0.47213035821914673,0.1268240362405777,0.40104565024375916,0,2024-08-03 10:00:00+00:00
647,0.46338438987731934,0.12866687774658203,0.4079488515853882,0,2024-08-03 10:00:00+00:00
648,0.46338438987731934,0.12866687774658203,0.4079488515853882,0,2024-08-03 11:00:00+00:00
649,0.44010108709335327,0.13261893391609192,0.4272800385951996,0,2024-08-03 11:00:00+00:00
650,0.44010108709335327,0.13261893391609192,0.4272800385951996,0,2024-08-03 12:00:00+00:00
651,0.4443091154098511,0.14139437675476074,0.41429662704467773,0,2024-08-03 12:00:00+00:00
652,0.4443091154098511,0.14139437675476074,0.41429662704467773,0,2024-08-03 13:00:00+00:00
653,0.40827906131744385,0.14227451384067535,0.44944629073143005,2,2024-08-03 13:00:00+00:00
654,0.40827906131744385,0.14227451384067535,0.44944629073143005,2,2024-08-03 14:00:00+00:00
655,0.4181423783302307,0.1325806975364685,0.4492768943309784,2,2024-08-03 14:00:00+00:00
656,0.4181423783302307,0.1325806975364685,0.4492768943309784,2,2024-08-03 15:00:00+00:00
657,0.35465556383132935,0.13464723527431488,0.5106973052024841,2,2024-08-03 15:00:00+00:00
658,0.35465556383132935,0.13464723527431488,0.5106973052024841,2,2024-08-03 16:00:00+00:00
659,0.7233211994171143,0.06858912855386734,0.2080896943807602,0,2024-08-03 16:00:00+00:00
660,0.7233211994171143,0.06858912855386734,0.2080896943807602,0,2024-08-03 17:00:00+00:00
661,0.801857590675354,0.058954861015081406,0.13918758928775787,0,2024-08-03 17:00:00+00:00
662,0.801857590675354,0.058954861015081406,0.13918758928775787,0,2024-08-03 18:00:00+00:00
663,0.8756213784217834,0.04135943204164505,0.08301917463541031,0,2024-08-03 18:00:00+00:00
664,0.8756213784217834,0.04135943204164505,0.08301917463541031,0,2024-08-03 19:00:00+00:00
665,0.7932770252227783,0.05987197905778885,0.14685097336769104,0,2024-08-03 19:00:00+00:00
666,0.7932770252227783,0.05987197905778885,0.14685097336769104,0,2024-08-03 20:00:00+00:00
667,0.7771157026290894,0.06329207122325897,0.15959221124649048,0,2024-08-03 20:00:00+00:00
668,0.7771157026290894,0.06329207122325897,0.15959221124649048,0,2024-08-03 21:00:00+00:00
669,0.7426412105560303,0.07632789760828018,0.1810309737920761,0,2024-08-03 21:00:00+00:00
670,0.7426412105560303,0.07632789760828018,0.1810309737920761,0,2024-08-03 22:00:00+00:00
671,0.6209732294082642,0.10257679969072342,0.276449978351593,0,2024-08-03 22:00:00+00:00
672,0.6209732294082642,0.10257679969072342,0.276449978351593,0,2024-08-03 23:00:00+00:00
673,0.5538387298583984,0.11155255138874054,0.334608793258667,0,2024-08-03 23:00:00+00:00
674,0.5538387298583984,0.11155255138874054,0.334608793258667,0,2024-08-04 00:00:00+00:00
675,0.5846650004386902,0.11137339472770691,0.3039616644382477,0,2024-08-04 00:00:00+00:00
676,0.5846650004386902,0.11137339472770691,0.3039616644382477,0,2024-08-04 01:00:00+00:00
677,0.4592408239841461,0.13218285143375397,0.4085763990879059,0,2024-08-04 01:00:00+00:00
678,0.4592408239841461,0.13218285143375397,0.4085763990879059,0,2024-08-04 02:00:00+00:00
679,0.46323129534721375,0.12991635501384735,0.4068523943424225,0,2024-08-04 02:00:00+00:00
680,0.46323129534721375,0.12991635501384735,0.4068523943424225,0,2024-08-04 03:00:00+00:00
681,0.4254496693611145,0.13980667293071747,0.434743732213974,2,2024-08-04 03:00:00+00:00
682,0.4254496693611145,0.13980667293071747,0.434743732213974,2,2024-08-04 04:00:00+00:00
683,0.4395926892757416,0.12668295204639435,0.43372437357902527,0,2024-08-04 04:00:00+00:00
684,0.4395926892757416,0.12668295204639435,0.43372437357902527,0,2024-08-04 05:00:00+00:00
685,0.4836205244064331,0.12804897129535675,0.38833051919937134,0,2024-08-04 05:00:00+00:00
686,0.4836205244064331,0.12804897129535675,0.38833051919937134,0,2024-08-04 06:00:00+00:00
687,0.47665441036224365,0.13604064285755157,0.3873048722743988,0,2024-08-04 06:00:00+00:00
688,0.47665441036224365,0.13604064285755157,0.3873048722743988,0,2024-08-04 07:00:00+00:00
689,0.46883177757263184,0.1400255262851715,0.39114269614219666,0,2024-08-04 07:00:00+00:00
690,0.46883177757263184,0.1400255262851715,0.39114269614219666,0,2024-08-04 08:00:00+00:00
691,0.5619277954101562,0.12048576772212982,0.31758633255958557,0,2024-08-04 08:00:00+00:00
692,0.5619277954101562,0.12048576772212982,0.31758633255958557,0,2024-08-04 09:00:00+00:00
693,0.48713943362236023,0.1380624920129776,0.37479808926582336,0,2024-08-04 09:00:00+00:00
694,0.48713943362236023,0.1380624920129776,0.37479808926582336,0,2024-08-04 10:00:00+00:00
695,0.46525058150291443,0.1507849544286728,0.3839643597602844,0,2024-08-04 10:00:00+00:00
696,0.46525058150291443,0.1507849544286728,0.3839643597602844,0,2024-08-04 11:00:00+00:00
697,0.45218467712402344,0.15169726312160492,0.39611801505088806,0,2024-08-04 11:00:00+00:00
698,0.45218467712402344,0.15169726312160492,0.39611801505088806,0,2024-08-04 12:00:00+00:00
699,0.450905442237854,0.14763736724853516,0.40145719051361084,0,2024-08-04 12:00:00+00:00
700,0.450905442237854,0.14763736724853516,0.40145719051361084,0,2024-08-04 13:00:00+00:00
701,0.4466298222541809,0.15727941691875458,0.39609071612358093,0,2024-08-04 13:00:00+00:00
702,0.4466298222541809,0.15727941691875458,0.39609071612358093,0,2024-08-04 14:00:00+00:00
703,0.4448738098144531,0.15621350705623627,0.3989126682281494,0,2024-08-04 14:00:00+00:00
704,0.4448738098144531,0.15621350705623627,0.3989126682281494,0,2024-08-04 15:00:00+00:00
705,0.7947131395339966,0.060823678970336914,0.1444632112979889,0,2024-08-04 15:00:00+00:00
706,0.7947131395339966,0.060823678970336914,0.1444632112979889,0,2024-08-04 16:00:00+00:00
707,0.841182291507721,0.0494903139770031,0.10932740569114685,0,2024-08-04 16:00:00+00:00
708,0.841182291507721,0.0494903139770031,0.10932740569114685,0,2024-08-04 17:00:00+00:00
709,0.7761468887329102,0.06299107521772385,0.160861998796463,0,2024-08-04 17:00:00+00:00
710,0.7761468887329102,0.06299107521772385,0.160861998796463,0,2024-08-04 18:00:00+00:00
711,0.5886116027832031,0.09613701701164246,0.31525149941444397,0,2024-08-04 18:00:00+00:00
712,0.5886116027832031,0.09613701701164246,0.31525149941444397,0,2024-08-04 19:00:00+00:00
713,0.379238486289978,0.15193530917167664,0.46882620453834534,2,2024-08-04 19:00:00+00:00
714,0.379238486289978,0.15193530917167664,0.46882620453834534,2,2024-08-04 20:00:00+00:00
715,0.40351709723472595,0.1835600584745407,0.41292285919189453,2,2024-08-04 20:00:00+00:00
716,0.40351709723472595,0.1835600584745407,0.41292285919189453,2,2024-08-04 21:00:00+00:00
717,0.4037714898586273,0.17573507130146027,0.42049339413642883,2,2024-08-04 21:00:00+00:00
718,0.4037714898586273,0.17573507130146027,0.42049339413642883,2,2024-08-04 22:00:00+00:00
719,0.422454833984375,0.15668652951717377,0.4208587408065796,0,2024-08-04 22:00:00+00:00
720,0.422454833984375,0.15668652951717377,0.4208587408065796,0,2024-08-04 23:00:00+00:00
721,0.4149143695831299,0.16026419401168823,0.4248213768005371,2,2024-08-04 23:00:00+00:00
722,0.4149143695831299,0.16026419401168823,0.4248213768005371,2,2024-08-05 00:00:00+00:00
723,0.4468650221824646,0.160557359457016,0.39257755875587463,0,2024-08-05 00:00:00+00:00
724,0.4468650221824646,0.160557359457016,0.39257755875587463,0,2024-08-05 01:00:00+00:00
725,0.7396990060806274,0.07302799075841904,0.18727299571037292,0,2024-08-05 01:00:00+00:00
726,0.7396990060806274,0.07302799075841904,0.18727299571037292,0,2024-08-05 02:00:00+00:00
727,0.7410680651664734,0.0918833315372467,0.16704867780208588,0,2024-08-05 02:00:00+00:00
728,0.7410680651664734,0.0918833315372467,0.16704867780208588,0,2024-08-05 03:00:00+00:00
729,0.7191720604896545,0.0845605656504631,0.19626739621162415,0,2024-08-05 03:00:00+00:00
730,0.7191720604896545,0.0845605656504631,0.19626739621162415,0,2024-08-05 04:00:00+00:00
731,0.8522952198982239,0.051347799599170685,0.09635704010725021,0,2024-08-05 04:00:00+00:00
732,0.8522952198982239,0.051347799599170685,0.09635704010725021,0,2024-08-05 05:00:00+00:00
733,0.8471351265907288,0.05296171084046364,0.09990314394235611,0,2024-08-05 05:00:00+00:00
734,0.8471351265907288,0.05296171084046364,0.09990314394235611,0,2024-08-05 06:00:00+00:00
735,0.8879851698875427,0.04770093411207199,0.0643138661980629,0,2024-08-05 06:00:00+00:00
736,0.8879851698875427,0.04770093411207199,0.0643138661980629,0,2024-08-05 07:00:00+00:00
737,0.8507339954376221,0.06878335773944855,0.08048268407583237,0,2024-08-05 07:00:00+00:00
738,0.8507339954376221,0.06878335773944855,0.08048268407583237,0,2024-08-05 08:00:00+00:00
739,0.6491578817367554,0.1145048439502716,0.23633722960948944,0,2024-08-05 08:00:00+00:00
740,0.6491578817367554,0.1145048439502716,0.23633722960948944,0,2024-08-05 09:00:00+00:00
741,0.7041125297546387,0.10962960869073868,0.18625789880752563,0,2024-08-05 09:00:00+00:00
742,0.7041125297546387,0.10962960869073868,0.18625789880752563,0,2024-08-05 10:00:00+00:00
743,0.658965528011322,0.12324247509241104,0.21779200434684753,0,2024-08-05 10:00:00+00:00
744,0.658965528011322,0.12324247509241104,0.21779200434684753,0,2024-08-05 11:00:00+00:00
745,0.6868196129798889,0.1134524717926979,0.19972792267799377,0,2024-08-05 11:00:00+00:00
746,0.6868196129798889,0.1134524717926979,0.19972792267799377,0,2024-08-05 12:00:00+00:00
747,0.6620890498161316,0.1240297481417656,0.21388117969036102,0,2024-08-05 12:00:00+00:00
748,0.6620890498161316,0.1240297481417656,0.21388117969036102,0,2024-08-05 13:00:00+00:00
749,0.7589777708053589,0.09493084996938705,0.14609135687351227,0,2024-08-05 13:00:00+00:00
750,0.7589777708053589,0.09493084996938705,0.14609135687351227,0,2024-08-05 14:00:00+00:00
751,0.5343194603919983,0.18675610423088074,0.2789243161678314,0,2024-08-05 14:00:00+00:00
752,0.5343194603919983,0.18675610423088074,0.2789243161678314,0,2024-08-05 15:00:00+00:00
753,0.4367232322692871,0.20679622888565063,0.3564804792404175,0,2024-08-05 15:00:00+00:00
754,0.4367232322692871,0.20679622888565063,0.3564804792404175,0,2024-08-05 16:00:00+00:00
755,0.42222291231155396,0.2120373547077179,0.36573970317840576,0,2024-08-05 16:00:00+00:00
756,0.42222291231155396,0.2120373547077179,0.36573970317840576,0,2024-08-05 17:00:00+00:00
757,0.41985395550727844,0.2193443477153778,0.36080169677734375,0,2024-08-05 17:00:00+00:00
758,0.41985395550727844,0.2193443477153778,0.36080169677734375,0,2024-08-05 18:00:00+00:00
759,0.415788859128952,0.20911915600299835,0.37509191036224365,0,2024-08-05 18:00:00+00:00
760,0.415788859128952,0.20911915600299835,0.37509191036224365,0,2024-08-05 19:00:00+00:00
761,0.418464720249176,0.19450204074382782,0.3870331645011902,0,2024-08-05 19:00:00+00:00
762,0.418464720249176,0.19450204074382782,0.3870331645011902,0,2024-08-05 20:00:00+00:00
763,0.42717716097831726,0.19849729537963867,0.3743254840373993,0,2024-08-05 20:00:00+00:00
764,0.42717716097831726,0.19849729537963867,0.3743254840373993,0,2024-08-05 21:00:00+00:00
765,0.4465104937553406,0.19336868822574615,0.3601207733154297,0,2024-08-05 21:00:00+00:00
766,0.4465104937553406,0.19336868822574615,0.3601207733154297,0,2024-08-05 22:00:00+00:00
767,0.46233272552490234,0.19124455749988556,0.34642261266708374,0,2024-08-05 22:00:00+00:00
768,0.46233272552490234,0.19124455749988556,0.34642261266708374,0,2024-08-05 23:00:00+00:00
769,0.4530545473098755,0.19788360595703125,0.3490618169307709,0,2024-08-05 23:00:00+00:00
770,0.4530545473098755,0.19788360595703125,0.3490618169307709,0,2024-08-06 00:00:00+00:00
771,0.4358793795108795,0.18802742660045624,0.37609314918518066,0,2024-08-06 00:00:00+00:00
772,0.4358793795108795,0.18802742660045624,0.37609314918518066,0,2024-08-06 01:00:00+00:00
773,0.4502490758895874,0.23777233064174652,0.3119785487651825,0,2024-08-06 01:00:00+00:00
774,0.4502490758895874,0.23777233064174652,0.3119785487651825,0,2024-08-06 02:00:00+00:00
775,0.44320347905158997,0.25155338644981384,0.3052431046962738,0,2024-08-06 02:00:00+00:00
776,0.44320347905158997,0.25155338644981384,0.3052431046962738,0,2024-08-06 03:00:00+00:00
777,0.45294082164764404,0.2343667596578598,0.31269240379333496,0,2024-08-06 03:00:00+00:00
778,0.45294082164764404,0.2343667596578598,0.31269240379333496,0,2024-08-06 04:00:00+00:00
779,0.44770199060440063,0.22362956404685974,0.32866835594177246,0,2024-08-06 04:00:00+00:00
780,0.44770199060440063,0.22362956404685974,0.32866835594177246,0,2024-08-06 05:00:00+00:00
781,0.4505532681941986,0.2247595340013504,0.3246871531009674,0,2024-08-06 05:00:00+00:00
782,0.4505532681941986,0.2247595340013504,0.3246871531009674,0,2024-08-06 06:00:00+00:00
783,0.44942378997802734,0.2230161428451538,0.3275601863861084,0,2024-08-06 06:00:00+00:00
784,0.44942378997802734,0.2230161428451538,0.3275601863861084,0,2024-08-06 07:00:00+00:00
785,0.4423983097076416,0.2205781787633896,0.3370235860347748,0,2024-08-06 07:00:00+00:00
786,0.4423983097076416,0.2205781787633896,0.3370235860347748,0,2024-08-06 08:00:00+00:00
787,0.43539124727249146,0.22501903772354126,0.3395897150039673,0,2024-08-06 08:00:00+00:00
788,0.43539124727249146,0.22501903772354126,0.3395897150039673,0,2024-08-06 09:00:00+00:00
789,0.4260121285915375,0.2277616262435913,0.3462262451648712,0,2024-08-06 09:00:00+00:00
790,0.4260121285915375,0.2277616262435913,0.3462262451648712,0,2024-08-06 10:00:00+00:00
791,0.43179190158843994,0.21763212978839874,0.35057586431503296,0,2024-08-06 10:00:00+00:00
792,0.43179190158843994,0.21763212978839874,0.35057586431503296,0,2024-08-06 11:00:00+00:00
793,0.43850940465927124,0.2072073072195053,0.3542831838130951,0,2024-08-06 11:00:00+00:00
794,0.43850940465927124,0.2072073072195053,0.3542831838130951,0,2024-08-06 12:00:00+00:00
795,0.4377063810825348,0.20605461299419403,0.35623911023139954,0,2024-08-06 12:00:00+00:00
796,0.4377063810825348,0.20605461299419403,0.35623911023139954,0,2024-08-06 13:00:00+00:00
797,0.4556012749671936,0.20768894255161285,0.3367098271846771,0,2024-08-06 13:00:00+00:00
798,0.4556012749671936,0.20768894255161285,0.3367098271846771,0,2024-08-06 14:00:00+00:00
799,0.4239601492881775,0.22250322997570038,0.3535367548465729,0,2024-08-06 14:00:00+00:00
800,0.4239601492881775,0.22250322997570038,0.3535367548465729,0,2024-08-06 15:00:00+00:00
801,0.4047957956790924,0.20532937347888947,0.3898749053478241,0,2024-08-06 15:00:00+00:00
802,0.4047957956790924,0.20532937347888947,0.3898749053478241,0,2024-08-06 16:00:00+00:00
803,0.40405014157295227,0.2022874653339386,0.39366239309310913,0,2024-08-06 16:00:00+00:00
804,0.40405014157295227,0.2022874653339386,0.39366239309310913,0,2024-08-06 17:00:00+00:00
805,0.4000324606895447,0.20037806034088135,0.3995894193649292,0,2024-08-06 17:00:00+00:00
806,0.4000324606895447,0.20037806034088135,0.3995894193649292,0,2024-08-06 18:00:00+00:00
807,0.38734734058380127,0.21615928411483765,0.39649340510368347,2,2024-08-06 18:00:00+00:00
808,0.38734734058380127,0.21615928411483765,0.39649340510368347,2,2024-08-06 19:00:00+00:00
809,0.4123319089412689,0.19262881577014923,0.3950392007827759,0,2024-08-06 19:00:00+00:00
810,0.4123319089412689,0.19262881577014923,0.3950392007827759,0,2024-08-06 20:00:00+00:00
811,0.42504724860191345,0.18754903972148895,0.3874037265777588,0,2024-08-06 20:00:00+00:00
812,0.42504724860191345,0.18754903972148895,0.3874037265777588,0,2024-08-06 21:00:00+00:00
813,0.3917428255081177,0.19025573134422302,0.4180014133453369,2,2024-08-06 21:00:00+00:00
814,0.3917428255081177,0.19025573134422302,0.4180014133453369,2,2024-08-06 22:00:00+00:00
815,0.40509742498397827,0.1890942007303238,0.40580829977989197,2,2024-08-06 22:00:00+00:00
816,0.40509742498397827,0.1890942007303238,0.40580829977989197,2,2024-08-06 23:00:00+00:00
817,0.38986486196517944,0.20749621093273163,0.40263891220092773,2,2024-08-06 23:00:00+00:00
818,0.38986486196517944,0.20749621093273163,0.40263891220092773,2,2024-08-07 00:00:00+00:00
819,0.4361031651496887,0.19719058275222778,0.3667062819004059,0,2024-08-07 00:00:00+00:00
820,0.4361031651496887,0.19719058275222778,0.3667062819004059,0,2024-08-07 01:00:00+00:00
821,0.3943783938884735,0.21425914764404297,0.3913624584674835,0,2024-08-07 01:00:00+00:00
822,0.3943783938884735,0.21425914764404297,0.3913624584674835,0,2024-08-07 02:00:00+00:00
823,0.3986634910106659,0.21012179553508759,0.3912147283554077,0,2024-08-07 02:00:00+00:00
824,0.3986634910106659,0.21012179553508759,0.3912147283554077,0,2024-08-07 03:00:00+00:00
825,0.3841359615325928,0.19841837882995605,0.41744565963745117,2,2024-08-07 03:00:00+00:00
826,0.3841359615325928,0.19841837882995605,0.41744565963745117,2,2024-08-07 04:00:00+00:00
827,0.3980952203273773,0.19680960476398468,0.4050951302051544,2,2024-08-07 04:00:00+00:00
828,0.3980952203273773,0.19680960476398468,0.4050951302051544,2,2024-08-07 05:00:00+00:00
829,0.38204532861709595,0.20388075709342957,0.41407397389411926,2,2024-08-07 05:00:00+00:00
830,0.38204532861709595,0.20388075709342957,0.41407397389411926,2,2024-08-07 06:00:00+00:00
831,0.3805789053440094,0.19799089431762695,0.42143020033836365,2,2024-08-07 06:00:00+00:00
832,0.3805789053440094,0.19799089431762695,0.42143020033836365,2,2024-08-07 07:00:00+00:00
833,0.3789542615413666,0.1923704594373703,0.4286752939224243,2,2024-08-07 07:00:00+00:00
834,0.3789542615413666,0.1923704594373703,0.4286752939224243,2,2024-08-07 08:00:00+00:00
835,0.37558847665786743,0.18727900087833405,0.4371325671672821,2,2024-08-07 08:00:00+00:00
836,0.37558847665786743,0.18727900087833405,0.4371325671672821,2,2024-08-07 09:00:00+00:00
837,0.36499354243278503,0.1865287721157074,0.44847774505615234,2,2024-08-07 09:00:00+00:00
838,0.36499354243278503,0.1865287721157074,0.44847774505615234,2,2024-08-07 10:00:00+00:00
839,0.3910057544708252,0.19446973502635956,0.41452455520629883,2,2024-08-07 10:00:00+00:00
840,0.3910057544708252,0.19446973502635956,0.41452455520629883,2,2024-08-07 11:00:00+00:00
841,0.39968928694725037,0.17806093394756317,0.42224982380867004,2,2024-08-07 11:00:00+00:00
842,0.39968928694725037,0.17806093394756317,0.42224982380867004,2,2024-08-07 12:00:00+00:00
843,0.4038170278072357,0.17505687475204468,0.4211260974407196,2,2024-08-07 12:00:00+00:00
844,0.4038170278072357,0.17505687475204468,0.4211260974407196,2,2024-08-07 13:00:00+00:00
845,0.4104457497596741,0.18907269835472107,0.40048161149024963,0,2024-08-07 13:00:00+00:00
846,0.4104457497596741,0.18907269835472107,0.40048161149024963,0,2024-08-07 14:00:00+00:00
847,0.43589556217193604,0.19543838500976562,0.36866602301597595,0,2024-08-07 14:00:00+00:00
848,0.43589556217193604,0.19543838500976562,0.36866602301597595,0,2024-08-07 15:00:00+00:00
849,0.45634379982948303,0.22497929632663727,0.3186768591403961,0,2024-08-07 15:00:00+00:00
850,0.45634379982948303,0.22497929632663727,0.3186768591403961,0,2024-08-07 16:00:00+00:00
851,0.44101908802986145,0.21999381482601166,0.3389871120452881,0,2024-08-07 16:00:00+00:00
852,0.44101908802986145,0.21999381482601166,0.3389871120452881,0,2024-08-07 17:00:00+00:00
853,0.4502992033958435,0.20125550031661987,0.34844520688056946,0,2024-08-07 17:00:00+00:00
854,0.4502992033958435,0.20125550031661987,0.34844520688056946,0,2024-08-07 18:00:00+00:00
855,0.48029953241348267,0.19051064550876617,0.32918980717658997,0,2024-08-07 18:00:00+00:00
856,0.48029953241348267,0.19051064550876617,0.32918980717658997,0,2024-08-07 19:00:00+00:00
857,0.46892431378364563,0.20345014333724976,0.3276255428791046,0,2024-08-07 19:00:00+00:00
858,0.46892431378364563,0.20345014333724976,0.3276255428791046,0,2024-08-07 20:00:00+00:00
859,0.46822428703308105,0.2084076702594757,0.32336804270744324,0,2024-08-07 20:00:00+00:00
860,0.46822428703308105,0.2084076702594757,0.32336804270744324,0,2024-08-07 21:00:00+00:00
861,0.4347135126590729,0.24155205488204956,0.3237342834472656,0,2024-08-07 21:00:00+00:00
862,0.4347135126590729,0.24155205488204956,0.3237342834472656,0,2024-08-07 22:00:00+00:00
863,0.41317954659461975,0.22658202052116394,0.3602384924888611,0,2024-08-07 22:00:00+00:00
864,0.41317954659461975,0.22658202052116394,0.3602384924888611,0,2024-08-07 23:00:00+00:00
865,0.41811785101890564,0.23781494796276093,0.34406718611717224,0,2024-08-07 23:00:00+00:00
866,0.41811785101890564,0.23781494796276093,0.34406718611717224,0,2024-08-08 00:00:00+00:00
867,0.42846962809562683,0.19874894618988037,0.3727814853191376,0,2024-08-08 00:00:00+00:00
868,0.42846962809562683,0.19874894618988037,0.3727814853191376,0,2024-08-08 01:00:00+00:00
869,0.40905994176864624,0.2651783525943756,0.3257618248462677,0,2024-08-08 01:00:00+00:00
870,0.40905994176864624,0.2651783525943756,0.3257618248462677,0,2024-08-08 02:00:00+00:00
871,0.38358238339424133,0.24160948395729065,0.3748081922531128,0,2024-08-08 02:00:00+00:00
872,0.38358238339424133,0.24160948395729065,0.3748081922531128,0,2024-08-08 03:00:00+00:00
873,0.38556715846061707,0.2268921136856079,0.3875407576560974,2,2024-08-08 03:00:00+00:00
874,0.38556715846061707,0.2268921136856079,0.3875407576560974,2,2024-08-08 04:00:00+00:00
875,0.38960638642311096,0.21165166795253754,0.3987419009208679,2,2024-08-08 04:00:00+00:00
876,0.38960638642311096,0.21165166795253754,0.3987419009208679,2,2024-08-08 05:00:00+00:00
877,0.39195483922958374,0.20875966548919678,0.39928555488586426,2,2024-08-08 05:00:00+00:00
878,0.39195483922958374,0.20875966548919678,0.39928555488586426,2,2024-08-08 06:00:00+00:00
879,0.4021584987640381,0.19153618812561035,0.40630534291267395,2,2024-08-08 06:00:00+00:00
880,0.4021584987640381,0.19153618812561035,0.40630534291267395,2,2024-08-08 07:00:00+00:00
881,0.40094801783561707,0.18888093531131744,0.4101710319519043,2,2024-08-08 07:00:00+00:00
882,0.40094801783561707,0.18888093531131744,0.4101710319519043,2,2024-08-08 08:00:00+00:00
883,0.3943140208721161,0.19522057473659515,0.41046538949012756,2,2024-08-08 08:00:00+00:00
884,0.3943140208721161,0.19522057473659515,0.41046538949012756,2,2024-08-08 09:00:00+00:00
885,0.39438575506210327,0.18894250690937042,0.4166716933250427,2,2024-08-08 09:00:00+00:00
886,0.39438575506210327,0.18894250690937042,0.4166716933250427,2,2024-08-08 10:00:00+00:00
887,0.3956809639930725,0.18753133714199066,0.416787713766098,2,2024-08-08 10:00:00+00:00
888,0.3956809639930725,0.18753133714199066,0.416787713766098,2,2024-08-08 11:00:00+00:00
889,0.3958118259906769,0.19674430787563324,0.40744391083717346,2,2024-08-08 11:00:00+00:00
890,0.3958118259906769,0.19674430787563324,0.40744391083717346,2,2024-08-08 12:00:00+00:00
891,0.3983454704284668,0.19441327452659607,0.4072413742542267,2,2024-08-08 12:00:00+00:00
892,0.3983454704284668,0.19441327452659607,0.4072413742542267,2,2024-08-08 13:00:00+00:00
893,0.39372915029525757,0.20390942692756653,0.4023614525794983,2,2024-08-08 13:00:00+00:00
894,0.39372915029525757,0.20390942692756653,0.4023614525794983,2,2024-08-08 14:00:00+00:00
895,0.37352263927459717,0.23132513463497162,0.39515221118927,2,2024-08-08 14:00:00+00:00
896,0.37352263927459717,0.23132513463497162,0.39515221118927,2,2024-08-08 15:00:00+00:00
897,0.38664281368255615,0.19799719750881195,0.4153600037097931,2,2024-08-08 15:00:00+00:00
898,0.38664281368255615,0.19799719750881195,0.4153600037097931,2,2024-08-08 16:00:00+00:00
899,0.390377402305603,0.18267877399921417,0.4269438087940216,2,2024-08-08 16:00:00+00:00
900,0.390377402305603,0.18267877399921417,0.4269438087940216,2,2024-08-08 17:00:00+00:00
901,0.3888101577758789,0.18645597994327545,0.42473381757736206,2,2024-08-08 17:00:00+00:00
902,0.3888101577758789,0.18645597994327545,0.42473381757736206,2,2024-08-08 18:00:00+00:00
903,0.3988512456417084,0.1806613951921463,0.4204873740673065,2,2024-08-08 18:00:00+00:00
904,0.3988512456417084,0.1806613951921463,0.4204873740673065,2,2024-08-08 19:00:00+00:00
905,0.357272744178772,0.17992767691612244,0.4627995193004608,2,2024-08-08 19:00:00+00:00
906,0.357272744178772,0.17992767691612244,0.4627995193004608,2,2024-08-08 20:00:00+00:00
907,0.322760671377182,0.18274901807308197,0.494490385055542,2,2024-08-08 20:00:00+00:00
908,0.322760671377182,0.18274901807308197,0.494490385055542,2,2024-08-08 21:00:00+00:00
909,0.3493763506412506,0.1832890808582306,0.467334508895874,2,2024-08-08 21:00:00+00:00
910,0.3493763506412506,0.1832890808582306,0.467334508895874,2,2024-08-08 22:00:00+00:00
911,0.3218289613723755,0.17950750887393951,0.4986634850502014,2,2024-08-08 22:00:00+00:00
912,0.3218289613723755,0.17950750887393951,0.4986634850502014,2,2024-08-08 23:00:00+00:00
913,0.3853680491447449,0.17597196996212006,0.43865999579429626,2,2024-08-08 23:00:00+00:00
914,0.3853680491447449,0.17597196996212006,0.43865999579429626,2,2024-08-09 00:00:00+00:00
915,0.35948723554611206,0.1802665889263153,0.46024614572525024,2,2024-08-09 00:00:00+00:00
916,0.35948723554611206,0.1802665889263153,0.46024614572525024,2,2024-08-09 01:00:00+00:00
917,0.3703084886074066,0.17965209484100342,0.45003944635391235,2,2024-08-09 01:00:00+00:00
918,0.3703084886074066,0.17965209484100342,0.45003944635391235,2,2024-08-09 02:00:00+00:00
919,0.3891403079032898,0.18085239827632904,0.43000727891921997,2,2024-08-09 02:00:00+00:00
920,0.3891403079032898,0.18085239827632904,0.43000727891921997,2,2024-08-09 03:00:00+00:00
921,0.39832159876823425,0.17994262278079987,0.42173588275909424,2,2024-08-09 03:00:00+00:00
922,0.39832159876823425,0.17994262278079987,0.42173588275909424,2,2024-08-09 04:00:00+00:00
923,0.37839969992637634,0.18227854371070862,0.4393218457698822,2,2024-08-09 04:00:00+00:00
924,0.37839969992637634,0.18227854371070862,0.4393218457698822,2,2024-08-09 05:00:00+00:00
925,0.4012397229671478,0.18098270893096924,0.4177775979042053,2,2024-08-09 05:00:00+00:00
926,0.4012397229671478,0.18098270893096924,0.4177775979042053,2,2024-08-09 06:00:00+00:00
927,0.355305016040802,0.1902945339679718,0.4544004499912262,2,2024-08-09 06:00:00+00:00
928,0.355305016040802,0.1902945339679718,0.4544004499912262,2,2024-08-09 07:00:00+00:00
929,0.36591655015945435,0.19395481050014496,0.4401285946369171,2,2024-08-09 07:00:00+00:00
930,0.36591655015945435,0.19395481050014496,0.4401285946369171,2,2024-08-09 08:00:00+00:00
931,0.3762458264827728,0.19332744181156158,0.430426687002182,2,2024-08-09 08:00:00+00:00
932,0.3762458264827728,0.19332744181156158,0.430426687002182,2,2024-08-09 09:00:00+00:00
933,0.3690391182899475,0.191615492105484,0.43934541940689087,2,2024-08-09 09:00:00+00:00
934,0.3690391182899475,0.191615492105484,0.43934541940689087,2,2024-08-09 10:00:00+00:00
935,0.39700382947921753,0.19311299920082092,0.40988320112228394,2,2024-08-09 10:00:00+00:00
936,0.39700382947921753,0.19311299920082092,0.40988320112228394,2,2024-08-09 11:00:00+00:00
937,0.41019362211227417,0.1887975037097931,0.4010089337825775,0,2024-08-09 11:00:00+00:00
938,0.41019362211227417,0.1887975037097931,0.4010089337825775,0,2024-08-09 12:00:00+00:00
939,0.3896203935146332,0.19408512115478516,0.41629448533058167,2,2024-08-09 12:00:00+00:00
940,0.3896203935146332,0.19408512115478516,0.41629448533058167,2,2024-08-09 13:00:00+00:00
941,0.4450947046279907,0.1879153698682785,0.36699000000953674,0,2024-08-09 13:00:00+00:00
942,0.4450947046279907,0.1879153698682785,0.36699000000953674,0,2024-08-09 14:00:00+00:00
943,0.4452146291732788,0.19091768562793732,0.3638676106929779,0,2024-08-09 14:00:00+00:00
944,0.4452146291732788,0.19091768562793732,0.3638676106929779,0,2024-08-09 15:00:00+00:00
945,0.4291587173938751,0.24976162612438202,0.32107970118522644,0,2024-08-09 15:00:00+00:00
946,0.4291587173938751,0.24976162612438202,0.32107970118522644,0,2024-08-09 16:00:00+00:00
947,0.5006119608879089,0.19280438125133514,0.3065837025642395,0,2024-08-09 16:00:00+00:00
948,0.5006119608879089,0.19280438125133514,0.3065837025642395,0,2024-08-09 17:00:00+00:00
949,0.4211733937263489,0.2161000669002533,0.3627265989780426,0,2024-08-09 17:00:00+00:00
950,0.4211733937263489,0.2161000669002533,0.3627265989780426,0,2024-08-09 18:00:00+00:00
951,0.3733143210411072,0.21366041898727417,0.4130253195762634,2,2024-08-09 18:00:00+00:00
952,0.3733143210411072,0.21366041898727417,0.4130253195762634,2,2024-08-09 19:00:00+00:00
953,0.3963848948478699,0.21639439463615417,0.3872207999229431,0,2024-08-09 19:00:00+00:00
954,0.3963848948478699,0.21639439463615417,0.3872207999229431,0,2024-08-09 20:00:00+00:00
955,0.375485360622406,0.2180422991514206,0.4064723551273346,2,2024-08-09 20:00:00+00:00
956,0.375485360622406,0.2180422991514206,0.4064723551273346,2,2024-08-09 21:00:00+00:00
957,0.38008037209510803,0.21552711725234985,0.4043924808502197,2,2024-08-09 21:00:00+00:00
958,0.38008037209510803,0.21552711725234985,0.4043924808502197,2,2024-08-09 22:00:00+00:00
959,0.40673771500587463,0.21541516482830048,0.37784716486930847,0,2024-08-09 22:00:00+00:00
960,0.40673771500587463,0.21541516482830048,0.37784716486930847,0,2024-08-09 23:00:00+00:00
961,0.39722687005996704,0.22833365201950073,0.374439537525177,0,2024-08-09 23:00:00+00:00
962,0.39722687005996704,0.22833365201950073,0.374439537525177,0,2024-08-10 00:00:00+00:00
963,0.3896801173686981,0.23179537057876587,0.3785244822502136,0,2024-08-10 00:00:00+00:00
964,0.3896801173686981,0.23179537057876587,0.3785244822502136,0,2024-08-10 01:00:00+00:00
965,0.39331743121147156,0.23060068488121033,0.3760819435119629,0,2024-08-10 01:00:00+00:00
966,0.39331743121147156,0.23060068488121033,0.3760819435119629,0,2024-08-10 02:00:00+00:00
967,0.40187376737594604,0.22264514863491058,0.3754810690879822,0,2024-08-10 02:00:00+00:00
968,0.40187376737594604,0.22264514863491058,0.3754810690879822,0,2024-08-10 03:00:00+00:00
969,0.399318665266037,0.2283652126789093,0.3723162114620209,0,2024-08-10 03:00:00+00:00
970,0.399318665266037,0.2283652126789093,0.3723162114620209,0,2024-08-10 04:00:00+00:00
971,0.41440826654434204,0.2223638892173767,0.36322787404060364,0,2024-08-10 04:00:00+00:00
972,0.41440826654434204,0.2223638892173767,0.36322787404060364,0,2024-08-10 05:00:00+00:00
973,0.4035254120826721,0.21465180814266205,0.381822794675827,0,2024-08-10 05:00:00+00:00
974,0.4035254120826721,0.21465180814266205,0.381822794675827,0,2024-08-10 06:00:00+00:00
975,0.4088146984577179,0.2201080471277237,0.3710772693157196,0,2024-08-10 06:00:00+00:00
976,0.4088146984577179,0.2201080471277237,0.3710772693157196,0,2024-08-10 07:00:00+00:00
977,0.4041132628917694,0.21999530494213104,0.37589147686958313,0,2024-08-10 07:00:00+00:00
978,0.4041132628917694,0.21999530494213104,0.37589147686958313,0,2024-08-10 08:00:00+00:00
979,0.3893734812736511,0.22546829283237457,0.3851582109928131,0,2024-08-10 08:00:00+00:00
980,0.3893734812736511,0.22546829283237457,0.3851582109928131,0,2024-08-10 09:00:00+00:00
981,0.4195268452167511,0.22216004133224487,0.35831308364868164,0,2024-08-10 09:00:00+00:00
982,0.4195268452167511,0.22216004133224487,0.35831308364868164,0,2024-08-10 10:00:00+00:00
983,0.4113604724407196,0.22863785922527313,0.3600016236305237,0,2024-08-10 10:00:00+00:00
984,0.4113604724407196,0.22863785922527313,0.3600016236305237,0,2024-08-10 11:00:00+00:00
985,0.4001595079898834,0.22754600644111633,0.37229451537132263,0,2024-08-10 11:00:00+00:00
986,0.4001595079898834,0.22754600644111633,0.37229451537132263,0,2024-08-10 12:00:00+00:00
987,0.38900992274284363,0.22511081397533417,0.3858793079853058,0,2024-08-10 12:00:00+00:00
988,0.38900992274284363,0.22511081397533417,0.3858793079853058,0,2024-08-10 13:00:00+00:00
989,0.3823027014732361,0.22792232036590576,0.3897749185562134,2,2024-08-10 13:00:00+00:00
990,0.3823027014732361,0.22792232036590576,0.3897749185562134,2,2024-08-10 14:00:00+00:00
991,0.43486952781677246,0.19743004441261292,0.367700457572937,0,2024-08-10 14:00:00+00:00
992,0.43486952781677246,0.19743004441261292,0.367700457572937,0,2024-08-10 15:00:00+00:00
993,0.3900955617427826,0.22363753616809845,0.3862668573856354,0,2024-08-10 15:00:00+00:00
994,0.3900955617427826,0.22363753616809845,0.3862668573856354,0,2024-08-10 16:00:00+00:00
995,0.3505653440952301,0.2208356410264969,0.428599089384079,2,2024-08-10 16:00:00+00:00
996,0.3505653440952301,0.2208356410264969,0.428599089384079,2,2024-08-10 17:00:00+00:00
997,0.3740876615047455,0.21243911981582642,0.4134732186794281,2,2024-08-10 17:00:00+00:00
998,0.3740876615047455,0.21243911981582642,0.4134732186794281,2,2024-08-10 18:00:00+00:00
999,0.3568643629550934,0.23630131781101227,0.4068344235420227,2,2024-08-10 18:00:00+00:00
1000,0.3568643629550934,0.23630131781101227,0.4068344235420227,2,2024-08-10 19:00:00+00:00
1001,0.3806079924106598,0.2224550098180771,0.3969370126724243,2,2024-08-10 19:00:00+00:00
1002,0.3806079924106598,0.2224550098180771,0.3969370126724243,2,2024-08-10 20:00:00+00:00
1003,0.37482908368110657,0.23650413751602173,0.3886667490005493,2,2024-08-10 20:00:00+00:00
1004,0.37482908368110657,0.23650413751602173,0.3886667490005493,2,2024-08-10 21:00:00+00:00
1005,0.37657228112220764,0.22962966561317444,0.3937981426715851,2,2024-08-10 21:00:00+00:00
1006,0.37657228112220764,0.22962966561317444,0.3937981426715851,2,2024-08-10 22:00:00+00:00
1007,0.3979334533214569,0.2263936847448349,0.3756728768348694,0,2024-08-10 22:00:00+00:00
1008,0.3979334533214569,0.2263936847448349,0.3756728768348694,0,2024-08-10 23:00:00+00:00
1009,0.4037916660308838,0.22796601057052612,0.3682422637939453,0,2024-08-10 23:00:00+00:00
1010,0.4037916660308838,0.22796601057052612,0.3682422637939453,0,2024-08-11 00:00:00+00:00
1011,0.44015946984291077,0.2084268033504486,0.35141369700431824,0,2024-08-11 00:00:00+00:00
1012,0.44015946984291077,0.2084268033504486,0.35141369700431824,0,2024-08-11 01:00:00+00:00
1013,0.3973555862903595,0.23184460401535034,0.3707997500896454,0,2024-08-11 01:00:00+00:00
1014,0.3973555862903595,0.23184460401535034,0.3707997500896454,0,2024-08-11 02:00:00+00:00
1015,0.40334588289260864,0.2116183638572693,0.38503578305244446,0,2024-08-11 02:00:00+00:00
1016,0.40334588289260864,0.2116183638572693,0.38503578305244446,0,2024-08-11 03:00:00+00:00
1017,0.38181594014167786,0.23169997334480286,0.3864840567111969,2,2024-08-11 03:00:00+00:00
1018,0.38181594014167786,0.23169997334480286,0.3864840567111969,2,2024-08-11 04:00:00+00:00
1019,0.44402939081192017,0.1995343416929245,0.3564363420009613,0,2024-08-11 04:00:00+00:00
1020,0.44402939081192017,0.1995343416929245,0.3564363420009613,0,2024-08-11 05:00:00+00:00
1021,0.3785586953163147,0.23121090233325958,0.39023029804229736,2,2024-08-11 05:00:00+00:00
1022,0.3785586953163147,0.23121090233325958,0.39023029804229736,2,2024-08-11 06:00:00+00:00
1023,0.4131573736667633,0.2087874710559845,0.3780551254749298,0,2024-08-11 06:00:00+00:00
1024,0.4131573736667633,0.2087874710559845,0.3780551254749298,0,2024-08-11 07:00:00+00:00
1025,0.4044623374938965,0.21500715613365173,0.3805304765701294,0,2024-08-11 07:00:00+00:00
1026,0.4044623374938965,0.21500715613365173,0.3805304765701294,0,2024-08-11 08:00:00+00:00
1027,0.4342963397502899,0.18510253727436066,0.3806009888648987,0,2024-08-11 08:00:00+00:00
1028,0.4342963397502899,0.18510253727436066,0.3806009888648987,0,2024-08-11 09:00:00+00:00
1029,0.4157697260379791,0.1934860199689865,0.39074426889419556,0,2024-08-11 09:00:00+00:00
1030,0.4157697260379791,0.1934860199689865,0.39074426889419556,0,2024-08-11 10:00:00+00:00
1031,0.4320808947086334,0.2119094431400299,0.3560097813606262,0,2024-08-11 10:00:00+00:00
1032,0.4320808947086334,0.2119094431400299,0.3560097813606262,0,2024-08-11 11:00:00+00:00
1033,0.37221068143844604,0.23725348711013794,0.39053577184677124,2,2024-08-11 11:00:00+00:00
1034,0.37221068143844604,0.23725348711013794,0.39053577184677124,2,2024-08-11 12:00:00+00:00
1035,0.4255779981613159,0.20213986933231354,0.37228214740753174,0,2024-08-11 12:00:00+00:00
1036,0.4255779981613159,0.20213986933231354,0.37228214740753174,0,2024-08-11 13:00:00+00:00
1037,0.5672017335891724,0.15083441138267517,0.2819638252258301,0,2024-08-11 13:00:00+00:00
1038,0.5672017335891724,0.15083441138267517,0.2819638252258301,0,2024-08-11 14:00:00+00:00
1039,0.5225132703781128,0.15889130532741547,0.31859534978866577,0,2024-08-11 14:00:00+00:00
1040,0.5225132703781128,0.15889130532741547,0.31859534978866577,0,2024-08-11 15:00:00+00:00
1041,0.6488593220710754,0.12996447086334229,0.2211761474609375,0,2024-08-11 15:00:00+00:00
1042,0.6488593220710754,0.12996447086334229,0.2211761474609375,0,2024-08-11 16:00:00+00:00
1043,0.6214371919631958,0.14425905048847198,0.23430383205413818,0,2024-08-11 16:00:00+00:00
1044,0.6214371919631958,0.14425905048847198,0.23430383205413818,0,2024-08-11 17:00:00+00:00
1045,0.6398867964744568,0.16947638988494873,0.19063670933246613,0,2024-08-11 17:00:00+00:00
1046,0.6398867964744568,0.16947638988494873,0.19063670933246613,0,2024-08-11 18:00:00+00:00
1047,0.5845930576324463,0.17188523709774017,0.2435218095779419,0,2024-08-11 18:00:00+00:00
1048,0.5845930576324463,0.17188523709774017,0.2435218095779419,0,2024-08-11 19:00:00+00:00
1049,0.6088014841079712,0.16640539467334747,0.22479310631752014,0,2024-08-11 19:00:00+00:00
1050,0.6088014841079712,0.16640539467334747,0.22479310631752014,0,2024-08-11 20:00:00+00:00
1051,0.6423797607421875,0.15770605206489563,0.19991420209407806,0,2024-08-11 20:00:00+00:00
1052,0.6423797607421875,0.15770605206489563,0.19991420209407806,0,2024-08-11 21:00:00+00:00
1053,0.6179799437522888,0.1413498818874359,0.24067017436027527,0,2024-08-11 21:00:00+00:00
1054,0.6179799437522888,0.1413498818874359,0.24067017436027527,0,2024-08-11 22:00:00+00:00
1055,0.5864493250846863,0.13894933462142944,0.2746012508869171,0,2024-08-11 22:00:00+00:00
1056,0.5864493250846863,0.13894933462142944,0.2746012508869171,0,2024-08-11 23:00:00+00:00
1057,0.5792862772941589,0.13869518041610718,0.2820184528827667,0,2024-08-11 23:00:00+00:00
1058,0.5792862772941589,0.13869518041610718,0.2820184528827667,0,2024-08-12 00:00:00+00:00
1059,0.588914692401886,0.14183777570724487,0.26924753189086914,0,2024-08-12 00:00:00+00:00
1060,0.588914692401886,0.14183777570724487,0.26924753189086914,0,2024-08-12 01:00:00+00:00
1061,0.501793622970581,0.16991151869297028,0.3282948434352875,0,2024-08-12 01:00:00+00:00
1062,0.501793622970581,0.16991151869297028,0.3282948434352875,0,2024-08-12 02:00:00+00:00
1063,0.4823712706565857,0.17793548107147217,0.3396933376789093,0,2024-08-12 02:00:00+00:00
1064,0.4823712706565857,0.17793548107147217,0.3396933376789093,0,2024-08-12 03:00:00+00:00
1065,0.4405735433101654,0.18224522471427917,0.3771812617778778,0,2024-08-12 03:00:00+00:00
1066,0.4405735433101654,0.18224522471427917,0.3771812617778778,0,2024-08-12 04:00:00+00:00
1067,0.43190690875053406,0.17859958112239838,0.389493465423584,0,2024-08-12 04:00:00+00:00
1068,0.43190690875053406,0.17859958112239838,0.389493465423584,0,2024-08-12 05:00:00+00:00
1069,0.4404512643814087,0.17335931956768036,0.3861893117427826,0,2024-08-12 05:00:00+00:00
1070,0.4404512643814087,0.17335931956768036,0.3861893117427826,0,2024-08-12 06:00:00+00:00
1071,0.43977928161621094,0.17862467467784882,0.38159599900245667,0,2024-08-12 06:00:00+00:00
1072,0.43977928161621094,0.17862467467784882,0.38159599900245667,0,2024-08-12 07:00:00+00:00
1073,0.436703085899353,0.18342283368110657,0.3798740804195404,0,2024-08-12 07:00:00+00:00
1074,0.436703085899353,0.18342283368110657,0.3798740804195404,0,2024-08-12 08:00:00+00:00
1075,0.4075935184955597,0.19804777204990387,0.39435869455337524,0,2024-08-12 08:00:00+00:00
1076,0.4075935184955597,0.19804777204990387,0.39435869455337524,0,2024-08-12 09:00:00+00:00
1077,0.40563952922821045,0.20254823565483093,0.39181214570999146,0,2024-08-12 09:00:00+00:00
1078,0.40563952922821045,0.20254823565483093,0.39181214570999146,0,2024-08-12 10:00:00+00:00
1079,0.4132141172885895,0.1986256241798401,0.3881602883338928,0,2024-08-12 10:00:00+00:00
1080,0.4132141172885895,0.1986256241798401,0.3881602883338928,0,2024-08-12 11:00:00+00:00
1081,0.4235724210739136,0.1989443153142929,0.3774833381175995,0,2024-08-12 11:00:00+00:00
1082,0.4235724210739136,0.1989443153142929,0.3774833381175995,0,2024-08-12 12:00:00+00:00
1083,0.4329414665699005,0.22755879163742065,0.33949971199035645,0,2024-08-12 12:00:00+00:00
1084,0.4329414665699005,0.22755879163742065,0.33949971199035645,0,2024-08-12 13:00:00+00:00
1085,0.4340226650238037,0.2280106395483017,0.3379666805267334,0,2024-08-12 13:00:00+00:00
1086,0.4340226650238037,0.2280106395483017,0.3379666805267334,0,2024-08-12 14:00:00+00:00
1087,0.4004579782485962,0.21524038910865784,0.38430172204971313,0,2024-08-12 14:00:00+00:00
1088,0.4004579782485962,0.21524038910865784,0.38430172204971313,0,2024-08-12 15:00:00+00:00
1089,0.4312417507171631,0.2665232717990875,0.3022349178791046,0,2024-08-12 15:00:00+00:00
1090,0.4312417507171631,0.2665232717990875,0.3022349178791046,0,2024-08-12 16:00:00+00:00
1091,0.4181574285030365,0.25506657361984253,0.32677602767944336,0,2024-08-12 16:00:00+00:00
1092,0.4181574285030365,0.25506657361984253,0.32677602767944336,0,2024-08-12 17:00:00+00:00
1093,0.4266856908798218,0.2244880050420761,0.3488263785839081,0,2024-08-12 17:00:00+00:00
1094,0.4266856908798218,0.2244880050420761,0.3488263785839081,0,2024-08-12 18:00:00+00:00
1095,0.4272325932979584,0.2096797078847885,0.3630877435207367,0,2024-08-12 18:00:00+00:00
1096,0.4272325932979584,0.2096797078847885,0.3630877435207367,0,2024-08-12 19:00:00+00:00
1097,0.41779977083206177,0.20091798901557922,0.3812822103500366,0,2024-08-12 19:00:00+00:00
1098,0.41779977083206177,0.20091798901557922,0.3812822103500366,0,2024-08-12 20:00:00+00:00
1099,0.4198302626609802,0.20433926582336426,0.3758304715156555,0,2024-08-12 20:00:00+00:00
1100,0.4198302626609802,0.20433926582336426,0.3758304715156555,0,2024-08-12 21:00:00+00:00
1101,0.42683643102645874,0.19827358424663544,0.37488994002342224,0,2024-08-12 21:00:00+00:00
1102,0.42683643102645874,0.19827358424663544,0.37488994002342224,0,2024-08-12 22:00:00+00:00
1103,0.4318279027938843,0.2000223994255066,0.3681495785713196,0,2024-08-12 22:00:00+00:00
1104,0.4318279027938843,0.2000223994255066,0.3681495785713196,0,2024-08-12 23:00:00+00:00
1105,0.446471244096756,0.1954960972070694,0.3580326735973358,0,2024-08-12 23:00:00+00:00
1106,0.446471244096756,0.1954960972070694,0.3580326735973358,0,2024-08-13 00:00:00+00:00
1107,0.4460083246231079,0.20348882675170898,0.35050275921821594,0,2024-08-13 00:00:00+00:00
1108,0.4460083246231079,0.20348882675170898,0.35050275921821594,0,2024-08-13 01:00:00+00:00
1109,0.42716002464294434,0.2305682748556137,0.3422716557979584,0,2024-08-13 01:00:00+00:00
1110,0.42716002464294434,0.2305682748556137,0.3422716557979584,0,2024-08-13 02:00:00+00:00
1111,0.4376527667045593,0.22110286355018616,0.34124431014060974,0,2024-08-13 02:00:00+00:00
1112,0.4376527667045593,0.22110286355018616,0.34124431014060974,0,2024-08-13 03:00:00+00:00
1113,0.43198761343955994,0.2122727781534195,0.3557397127151489,0,2024-08-13 03:00:00+00:00
1114,0.43198761343955994,0.2122727781534195,0.3557397127151489,0,2024-08-13 04:00:00+00:00
1115,0.43606120347976685,0.1955798864364624,0.36835893988609314,0,2024-08-13 04:00:00+00:00
1116,0.43606120347976685,0.1955798864364624,0.36835893988609314,0,2024-08-13 05:00:00+00:00
1117,0.44566500186920166,0.201003760099411,0.35333117842674255,0,2024-08-13 05:00:00+00:00
1118,0.44566500186920166,0.201003760099411,0.35333117842674255,0,2024-08-13 06:00:00+00:00
1119,0.43596380949020386,0.20806780457496643,0.3559683859348297,0,2024-08-13 06:00:00+00:00
1120,0.43596380949020386,0.20806780457496643,0.3559683859348297,0,2024-08-13 07:00:00+00:00
1121,0.4154667854309082,0.215176060795784,0.36935722827911377,0,2024-08-13 07:00:00+00:00
1122,0.4154667854309082,0.215176060795784,0.36935722827911377,0,2024-08-13 08:00:00+00:00
1123,0.44533097743988037,0.20533065497875214,0.3493383824825287,0,2024-08-13 08:00:00+00:00
1124,0.44533097743988037,0.20533065497875214,0.3493383824825287,0,2024-08-13 09:00:00+00:00
1125,0.4569176435470581,0.19336047768592834,0.3497219383716583,0,2024-08-13 09:00:00+00:00
1126,0.4569176435470581,0.19336047768592834,0.3497219383716583,0,2024-08-13 10:00:00+00:00
1127,0.44867777824401855,0.19238795340061188,0.35893428325653076,0,2024-08-13 10:00:00+00:00
1128,0.44867777824401855,0.19238795340061188,0.35893428325653076,0,2024-08-13 11:00:00+00:00
1129,0.4492355287075043,0.19544179737567902,0.35532253980636597,0,2024-08-13 11:00:00+00:00
1130,0.4492355287075043,0.19544179737567902,0.35532253980636597,0,2024-08-13 12:00:00+00:00
1131,0.45981231331825256,0.2087315022945404,0.33145615458488464,0,2024-08-13 12:00:00+00:00
1132,0.45981231331825256,0.2087315022945404,0.33145615458488464,0,2024-08-13 13:00:00+00:00
1133,0.43230539560317993,0.21650484204292297,0.3511897623538971,0,2024-08-13 13:00:00+00:00
1134,0.43230539560317993,0.21650484204292297,0.3511897623538971,0,2024-08-13 14:00:00+00:00
1135,0.4304100275039673,0.22881199419498444,0.3407779037952423,0,2024-08-13 14:00:00+00:00
1136,0.4304100275039673,0.22881199419498444,0.3407779037952423,0,2024-08-13 15:00:00+00:00
1137,0.4110124707221985,0.23384638130664825,0.35514119267463684,0,2024-08-13 15:00:00+00:00
1138,0.4110124707221985,0.23384638130664825,0.35514119267463684,0,2024-08-13 16:00:00+00:00
1139,0.428165078163147,0.21981245279312134,0.35202258825302124,0,2024-08-13 16:00:00+00:00
1140,0.428165078163147,0.21981245279312134,0.35202258825302124,0,2024-08-13 17:00:00+00:00
1141,0.4614734649658203,0.20774132013320923,0.33078527450561523,0,2024-08-13 17:00:00+00:00
1142,0.4614734649658203,0.20774132013320923,0.33078527450561523,0,2024-08-13 18:00:00+00:00
1143,0.45129790902137756,0.2234169989824295,0.3252851068973541,0,2024-08-13 18:00:00+00:00
1144,0.45129790902137756,0.2234169989824295,0.3252851068973541,0,2024-08-13 19:00:00+00:00
1145,0.40121063590049744,0.22123563289642334,0.3775537312030792,0,2024-08-13 19:00:00+00:00
1146,0.40121063590049744,0.22123563289642334,0.3775537312030792,0,2024-08-13 20:00:00+00:00
1147,0.40852802991867065,0.21995209157466888,0.37151995301246643,0,2024-08-13 20:00:00+00:00
1148,0.40852802991867065,0.21995209157466888,0.37151995301246643,0,2024-08-13 21:00:00+00:00
1149,0.3708092272281647,0.22728465497493744,0.40190601348876953,2,2024-08-13 21:00:00+00:00
1150,0.3708092272281647,0.22728465497493744,0.40190601348876953,2,2024-08-13 22:00:00+00:00
1151,0.4151674211025238,0.22009620070457458,0.36473631858825684,0,2024-08-13 22:00:00+00:00
1152,0.4151674211025238,0.22009620070457458,0.36473631858825684,0,2024-08-13 23:00:00+00:00
1153,0.3798444867134094,0.2315744012594223,0.388581246137619,2,2024-08-13 23:00:00+00:00
1154,0.3798444867134094,0.2315744012594223,0.388581246137619,2,2024-08-14 00:00:00+00:00
1155,0.41332441568374634,0.22379788756370544,0.3628776967525482,0,2024-08-14 00:00:00+00:00
1156,0.41332441568374634,0.22379788756370544,0.3628776967525482,0,2024-08-14 01:00:00+00:00
1157,0.4063533842563629,0.221655011177063,0.3719916343688965,0,2024-08-14 01:00:00+00:00
1158,0.4063533842563629,0.221655011177063,0.3719916343688965,0,2024-08-14 02:00:00+00:00
1159,0.4309944808483124,0.18770836293697357,0.3812972605228424,0,2024-08-14 02:00:00+00:00
1160,0.4309944808483124,0.18770836293697357,0.3812972605228424,0,2024-08-14 03:00:00+00:00
1161,0.42580944299697876,0.20002047717571259,0.3741700351238251,0,2024-08-14 03:00:00+00:00
1162,0.42580944299697876,0.20002047717571259,0.3741700351238251,0,2024-08-14 04:00:00+00:00
1163,0.41348254680633545,0.19774533808231354,0.3887721300125122,0,2024-08-14 04:00:00+00:00
1164,0.41348254680633545,0.19774533808231354,0.3887721300125122,0,2024-08-14 05:00:00+00:00
1165,0.4321169853210449,0.1893053650856018,0.3785775601863861,0,2024-08-14 05:00:00+00:00
1166,0.4321169853210449,0.1893053650856018,0.3785775601863861,0,2024-08-14 06:00:00+00:00
1167,0.4339461326599121,0.19286096096038818,0.3731929659843445,0,2024-08-14 06:00:00+00:00
1168,0.4339461326599121,0.19286096096038818,0.3731929659843445,0,2024-08-14 07:00:00+00:00
1169,0.4345565736293793,0.20389847457408905,0.36154496669769287,0,2024-08-14 07:00:00+00:00
1170,0.4345565736293793,0.20389847457408905,0.36154496669769287,0,2024-08-14 08:00:00+00:00
1171,0.3881129324436188,0.2261553555727005,0.38573163747787476,0,2024-08-14 08:00:00+00:00
1172,0.3881129324436188,0.2261553555727005,0.38573163747787476,0,2024-08-14 09:00:00+00:00
1173,0.3919844627380371,0.21738040447235107,0.3906351923942566,0,2024-08-14 09:00:00+00:00
1174,0.3919844627380371,0.21738040447235107,0.3906351923942566,0,2024-08-14 10:00:00+00:00
1175,0.369903028011322,0.2263059914112091,0.4037909507751465,2,2024-08-14 10:00:00+00:00
1176,0.369903028011322,0.2263059914112091,0.4037909507751465,2,2024-08-14 11:00:00+00:00
1177,0.3665350079536438,0.23081238567829132,0.4026525914669037,2,2024-08-14 11:00:00+00:00
1178,0.3665350079536438,0.23081238567829132,0.4026525914669037,2,2024-08-14 12:00:00+00:00
1179,0.4126591682434082,0.21347008645534515,0.37387073040008545,0,2024-08-14 12:00:00+00:00
1180,0.4126591682434082,0.21347008645534515,0.37387073040008545,0,2024-08-14 13:00:00+00:00
1181,0.44756412506103516,0.21330685913562775,0.3391289710998535,0,2024-08-14 13:00:00+00:00
1182,0.44756412506103516,0.21330685913562775,0.3391289710998535,0,2024-08-14 14:00:00+00:00
1183,0.40965962409973145,0.23698067665100098,0.3533596694469452,0,2024-08-14 14:00:00+00:00
1184,0.40965962409973145,0.23698067665100098,0.3533596694469452,0,2024-08-14 15:00:00+00:00
1185,0.39919957518577576,0.23862816393375397,0.3621721565723419,0,2024-08-14 15:00:00+00:00
1186,0.39919957518577576,0.23862816393375397,0.3621721565723419,0,2024-08-14 16:00:00+00:00
1187,0.3925926685333252,0.2201826423406601,0.38722461462020874,0,2024-08-14 16:00:00+00:00
1188,0.3925926685333252,0.2201826423406601,0.38722461462020874,0,2024-08-14 17:00:00+00:00
1189,0.4077061116695404,0.21522662043571472,0.37706729769706726,0,2024-08-14 17:00:00+00:00
1190,0.4077061116695404,0.21522662043571472,0.37706729769706726,0,2024-08-14 18:00:00+00:00
1191,0.418508917093277,0.20406918227672577,0.3774219751358032,0,2024-08-14 18:00:00+00:00
1192,0.418508917093277,0.20406918227672577,0.3774219751358032,0,2024-08-14 19:00:00+00:00
1193,0.42652052640914917,0.19887512922286987,0.37460431456565857,0,2024-08-14 19:00:00+00:00
1194,0.42652052640914917,0.19887512922286987,0.37460431456565857,0,2024-08-14 20:00:00+00:00
1195,0.4230723977088928,0.19770124554634094,0.3792264461517334,0,2024-08-14 20:00:00+00:00
1196,0.4230723977088928,0.19770124554634094,0.3792264461517334,0,2024-08-14 21:00:00+00:00
1197,0.4285978674888611,0.19609931111335754,0.37530285120010376,0,2024-08-14 21:00:00+00:00
1198,0.4285978674888611,0.19609931111335754,0.37530285120010376,0,2024-08-14 22:00:00+00:00
1199,0.427096962928772,0.19754885137081146,0.37535420060157776,0,2024-08-14 22:00:00+00:00
1200,0.427096962928772,0.19754885137081146,0.37535420060157776,0,2024-08-14 23:00:00+00:00
1201,0.4362460970878601,0.202419713139534,0.3613341450691223,0,2024-08-14 23:00:00+00:00
1202,0.4362460970878601,0.202419713139534,0.3613341450691223,0,2024-08-15 00:00:00+00:00
1203,0.43032997846603394,0.19410771131515503,0.37556228041648865,0,2024-08-15 00:00:00+00:00
1204,0.43032997846603394,0.19410771131515503,0.37556228041648865,0,2024-08-15 01:00:00+00:00
1205,0.4062971770763397,0.21924999356269836,0.37445276975631714,0,2024-08-15 01:00:00+00:00
1206,0.4062971770763397,0.21924999356269836,0.37445276975631714,0,2024-08-15 02:00:00+00:00
1207,0.42141178250312805,0.19865897297859192,0.37992924451828003,0,2024-08-15 02:00:00+00:00
1208,0.42141178250312805,0.19865897297859192,0.37992924451828003,0,2024-08-15 03:00:00+00:00
1209,0.4296093285083771,0.20730338990688324,0.36308735609054565,0,2024-08-15 03:00:00+00:00
1210,0.4296093285083771,0.20730338990688324,0.36308735609054565,0,2024-08-15 04:00:00+00:00
1211,0.450208842754364,0.20003308355808258,0.3497580289840698,0,2024-08-15 04:00:00+00:00
1212,0.450208842754364,0.20003308355808258,0.3497580289840698,0,2024-08-15 05:00:00+00:00
1213,0.4459597170352936,0.2008395940065384,0.3532007336616516,0,2024-08-15 05:00:00+00:00
1214,0.4459597170352936,0.2008395940065384,0.3532007336616516,0,2024-08-15 06:00:00+00:00
1215,0.43944552540779114,0.18137964606285095,0.3791747987270355,0,2024-08-15 06:00:00+00:00
1216,0.43944552540779114,0.18137964606285095,0.3791747987270355,0,2024-08-15 07:00:00+00:00
1217,0.5095553994178772,0.16872023046016693,0.32172441482543945,0,2024-08-15 07:00:00+00:00
1218,0.5095553994178772,0.16872023046016693,0.32172441482543945,0,2024-08-15 08:00:00+00:00
1219,0.45821481943130493,0.18390558660030365,0.3578796088695526,0,2024-08-15 08:00:00+00:00
1220,0.45821481943130493,0.18390558660030365,0.3578796088695526,0,2024-08-15 09:00:00+00:00
1221,0.435161828994751,0.19654683768749237,0.36829134821891785,0,2024-08-15 09:00:00+00:00
1222,0.435161828994751,0.19654683768749237,0.36829134821891785,0,2024-08-15 10:00:00+00:00
1223,0.43493619561195374,0.18883845210075378,0.3762253224849701,0,2024-08-15 10:00:00+00:00
1224,0.43493619561195374,0.18883845210075378,0.3762253224849701,0,2024-08-15 11:00:00+00:00
1225,0.45893189311027527,0.18202176690101624,0.3590463399887085,0,2024-08-15 11:00:00+00:00
1226,0.45893189311027527,0.18202176690101624,0.3590463399887085,0,2024-08-15 12:00:00+00:00
1227,0.4469413757324219,0.2016233652830124,0.35143524408340454,0,2024-08-15 12:00:00+00:00
1228,0.4469413757324219,0.2016233652830124,0.35143524408340454,0,2024-08-15 13:00:00+00:00
1229,0.4276830554008484,0.20678874850273132,0.36552825570106506,0,2024-08-15 13:00:00+00:00
1230,0.4276830554008484,0.20678874850273132,0.36552825570106506,0,2024-08-15 14:00:00+00:00
1231,0.42295944690704346,0.21903879940509796,0.3580017387866974,0,2024-08-15 14:00:00+00:00
1232,0.42295944690704346,0.21903879940509796,0.3580017387866974,0,2024-08-15 15:00:00+00:00
1233,0.4464412331581116,0.21105439960956573,0.3425044119358063,0,2024-08-15 15:00:00+00:00
1234,0.4464412331581116,0.21105439960956573,0.3425044119358063,0,2024-08-15 16:00:00+00:00
1235,0.4444141089916229,0.21165212988853455,0.3439337909221649,0,2024-08-15 16:00:00+00:00
1236,0.4444141089916229,0.21165212988853455,0.3439337909221649,0,2024-08-15 17:00:00+00:00
1237,0.46530595421791077,0.20094835758209229,0.3337458074092865,0,2024-08-15 17:00:00+00:00
1238,0.46530595421791077,0.20094835758209229,0.3337458074092865,0,2024-08-15 18:00:00+00:00
1239,0.42517897486686707,0.21364642679691315,0.361174613237381,0,2024-08-15 18:00:00+00:00
1240,0.42517897486686707,0.21364642679691315,0.361174613237381,0,2024-08-15 19:00:00+00:00
1241,0.7137992978096008,0.11206867545843124,0.17413200438022614,0,2024-08-15 19:00:00+00:00
1242,0.7137992978096008,0.11206867545843124,0.17413200438022614,0,2024-08-15 20:00:00+00:00
1243,0.5406516194343567,0.1733250916004181,0.28602325916290283,0,2024-08-15 20:00:00+00:00
1244,0.5406516194343567,0.1733250916004181,0.28602325916290283,0,2024-08-15 21:00:00+00:00
1245,0.4617313742637634,0.18482427299022675,0.3534443974494934,0,2024-08-15 21:00:00+00:00
1246,0.4617313742637634,0.18482427299022675,0.3534443974494934,0,2024-08-15 22:00:00+00:00
1247,0.42802950739860535,0.20382140576839447,0.3681490421295166,0,2024-08-15 22:00:00+00:00
1248,0.42802950739860535,0.20382140576839447,0.3681490421295166,0,2024-08-15 23:00:00+00:00
1249,0.43534624576568604,0.21181349456310272,0.35284024477005005,0,2024-08-15 23:00:00+00:00
1250,0.43534624576568604,0.21181349456310272,0.35284024477005005,0,2024-08-16 00:00:00+00:00
1251,0.4259531795978546,0.204386904835701,0.3696599006652832,0,2024-08-16 00:00:00+00:00
1252,0.4259531795978546,0.204386904835701,0.3696599006652832,0,2024-08-16 01:00:00+00:00
1253,0.4198082387447357,0.20625890791416168,0.3739328682422638,0,2024-08-16 01:00:00+00:00
1254,0.4198082387447357,0.20625890791416168,0.3739328682422638,0,2024-08-16 02:00:00+00:00
1255,0.4374760091304779,0.20954905450344086,0.3529748320579529,0,2024-08-16 02:00:00+00:00
1256,0.4374760091304779,0.20954905450344086,0.3529748320579529,0,2024-08-16 03:00:00+00:00
1257,0.43376368284225464,0.2148485779762268,0.35138773918151855,0,2024-08-16 03:00:00+00:00
1258,0.43376368284225464,0.2148485779762268,0.35138773918151855,0,2024-08-16 04:00:00+00:00
1259,0.4273669719696045,0.21500951051712036,0.35762348771095276,0,2024-08-16 04:00:00+00:00
1260,0.4273669719696045,0.21500951051712036,0.35762348771095276,0,2024-08-16 05:00:00+00:00
1261,0.43696677684783936,0.21415144205093384,0.34888172149658203,0,2024-08-16 05:00:00+00:00
1262,0.43696677684783936,0.21415144205093384,0.34888172149658203,0,2024-08-16 06:00:00+00:00
1263,0.4312479794025421,0.22401441633701324,0.34473758935928345,0,2024-08-16 06:00:00+00:00
1264,0.4312479794025421,0.22401441633701324,0.34473758935928345,0,2024-08-16 07:00:00+00:00
1265,0.4276196360588074,0.2197706401348114,0.35260963439941406,0,2024-08-16 07:00:00+00:00
1266,0.4276196360588074,0.2197706401348114,0.35260963439941406,0,2024-08-16 08:00:00+00:00
1267,0.42765218019485474,0.22094912827014923,0.3513987362384796,0,2024-08-16 08:00:00+00:00
1268,0.42765218019485474,0.22094912827014923,0.3513987362384796,0,2024-08-16 09:00:00+00:00
1269,0.42870667576789856,0.2228960394859314,0.34839725494384766,0,2024-08-16 09:00:00+00:00
1270,0.42870667576789856,0.2228960394859314,0.34839725494384766,0,2024-08-16 10:00:00+00:00
1271,0.41483816504478455,0.226181760430336,0.3589800000190735,0,2024-08-16 10:00:00+00:00
1272,0.41483816504478455,0.226181760430336,0.3589800000190735,0,2024-08-16 11:00:00+00:00
1273,0.4043140709400177,0.23453858494758606,0.361147403717041,0,2024-08-16 11:00:00+00:00
1274,0.4043140709400177,0.23453858494758606,0.361147403717041,0,2024-08-16 12:00:00+00:00
1275,0.43686074018478394,0.21445657312870026,0.3486826419830322,0,2024-08-16 12:00:00+00:00
1276,0.43686074018478394,0.21445657312870026,0.3486826419830322,0,2024-08-16 13:00:00+00:00
1277,0.5109968185424805,0.17176027595996857,0.31724292039871216,0,2024-08-16 13:00:00+00:00
1278,0.5109968185424805,0.17176027595996857,0.31724292039871216,0,2024-08-16 14:00:00+00:00
1279,0.43017247319221497,0.21764855086803436,0.35217902064323425,0,2024-08-16 14:00:00+00:00
1280,0.43017247319221497,0.21764855086803436,0.35217902064323425,0,2024-08-16 15:00:00+00:00
1281,0.5395215153694153,0.16105696558952332,0.299421489238739,0,2024-08-16 15:00:00+00:00
1282,0.5395215153694153,0.16105696558952332,0.299421489238739,0,2024-08-16 16:00:00+00:00
1283,0.5556333065032959,0.15792058408260345,0.28644612431526184,0,2024-08-16 16:00:00+00:00
1284,0.5556333065032959,0.15792058408260345,0.28644612431526184,0,2024-08-16 17:00:00+00:00
1285,0.5075723528862,0.1786114126443863,0.3138161301612854,0,2024-08-16 17:00:00+00:00
1286,0.5075723528862,0.1786114126443863,0.3138161301612854,0,2024-08-16 18:00:00+00:00
1287,0.4350224435329437,0.20179370045661926,0.3631839454174042,0,2024-08-16 18:00:00+00:00
1288,0.4350224435329437,0.20179370045661926,0.3631839454174042,0,2024-08-16 19:00:00+00:00
1289,0.43490976095199585,0.1922985017299652,0.37279173731803894,0,2024-08-16 19:00:00+00:00
1290,0.43490976095199585,0.1922985017299652,0.37279173731803894,0,2024-08-16 20:00:00+00:00
1291,0.4301098585128784,0.20680564641952515,0.36308449506759644,0,2024-08-16 20:00:00+00:00
1292,0.4301098585128784,0.20680564641952515,0.36308449506759644,0,2024-08-16 21:00:00+00:00
1293,0.4332600235939026,0.20246922969818115,0.36427080631256104,0,2024-08-16 21:00:00+00:00
1294,0.4332600235939026,0.20246922969818115,0.36427080631256104,0,2024-08-16 22:00:00+00:00
1295,0.4427536129951477,0.1983422338962555,0.3589041531085968,0,2024-08-16 22:00:00+00:00
1296,0.4427536129951477,0.1983422338962555,0.3589041531085968,0,2024-08-16 23:00:00+00:00
1297,0.4457193911075592,0.19533845782279968,0.35894206166267395,0,2024-08-16 23:00:00+00:00
1298,0.4457193911075592,0.19533845782279968,0.35894206166267395,0,2024-08-17 00:00:00+00:00
1299,0.4498693645000458,0.19163881242275238,0.35849177837371826,0,2024-08-17 00:00:00+00:00
1300,0.4498693645000458,0.19163881242275238,0.35849177837371826,0,2024-08-17 01:00:00+00:00
1301,0.4521799087524414,0.19264227151870728,0.3551778495311737,0,2024-08-17 01:00:00+00:00
1302,0.4521799087524414,0.19264227151870728,0.3551778495311737,0,2024-08-17 02:00:00+00:00
1303,0.44667360186576843,0.1975589543581009,0.3557674288749695,0,2024-08-17 02:00:00+00:00
1304,0.44667360186576843,0.1975589543581009,0.3557674288749695,0,2024-08-17 03:00:00+00:00
1305,0.45909541845321655,0.19855697453022003,0.3423475921154022,0,2024-08-17 03:00:00+00:00
1306,0.45909541845321655,0.19855697453022003,0.3423475921154022,0,2024-08-17 04:00:00+00:00
1307,0.44764479994773865,0.19464430212974548,0.35771098732948303,0,2024-08-17 04:00:00+00:00
1308,0.44764479994773865,0.19464430212974548,0.35771098732948303,0,2024-08-17 05:00:00+00:00
1309,0.45589885115623474,0.19662293791770935,0.3474782407283783,0,2024-08-17 05:00:00+00:00
1310,0.45589885115623474,0.19662293791770935,0.3474782407283783,0,2024-08-17 06:00:00+00:00
1311,0.4550364911556244,0.20294493436813354,0.34201857447624207,0,2024-08-17 06:00:00+00:00
1312,0.4550364911556244,0.20294493436813354,0.34201857447624207,0,2024-08-17 07:00:00+00:00
1313,0.438808411359787,0.2066180258989334,0.35457363724708557,0,2024-08-17 07:00:00+00:00
1314,0.438808411359787,0.2066180258989334,0.35457363724708557,0,2024-08-17 08:00:00+00:00
1315,0.4339524209499359,0.20533913373947144,0.36070847511291504,0,2024-08-17 08:00:00+00:00
1316,0.4339524209499359,0.20533913373947144,0.36070847511291504,0,2024-08-17 09:00:00+00:00
1317,0.4456644654273987,0.2061840295791626,0.3481515049934387,0,2024-08-17 09:00:00+00:00
1318,0.4456644654273987,0.2061840295791626,0.3481515049934387,0,2024-08-17 10:00:00+00:00
1319,0.4508845806121826,0.2132638841867447,0.3358514904975891,0,2024-08-17 10:00:00+00:00
1320,0.4508845806121826,0.2132638841867447,0.3358514904975891,0,2024-08-17 11:00:00+00:00
1321,0.462104469537735,0.1910400092601776,0.3468555510044098,0,2024-08-17 11:00:00+00:00
1322,0.462104469537735,0.1910400092601776,0.3468555510044098,0,2024-08-17 12:00:00+00:00
1323,0.46397164463996887,0.20423072576522827,0.33179768919944763,0,2024-08-17 12:00:00+00:00
1324,0.46397164463996887,0.20423072576522827,0.33179768919944763,0,2024-08-17 13:00:00+00:00
1325,0.44936248660087585,0.214014932513237,0.33662253618240356,0,2024-08-17 13:00:00+00:00
1326,0.44936248660087585,0.214014932513237,0.33662253618240356,0,2024-08-17 14:00:00+00:00
1327,0.4638619124889374,0.21186722815036774,0.3242708444595337,0,2024-08-17 14:00:00+00:00
1328,0.4638619124889374,0.21186722815036774,0.3242708444595337,0,2024-08-17 15:00:00+00:00
1329,0.4669741690158844,0.20140483975410461,0.331620991230011,0,2024-08-17 15:00:00+00:00
1330,0.4669741690158844,0.20140483975410461,0.331620991230011,0,2024-08-17 16:00:00+00:00
1331,0.4598076343536377,0.20961357653141022,0.3305788040161133,0,2024-08-17 16:00:00+00:00
1332,0.4598076343536377,0.20961357653141022,0.3305788040161133,0,2024-08-17 17:00:00+00:00
1333,0.4356711804866791,0.20970283448696136,0.35462597012519836,0,2024-08-17 17:00:00+00:00
1334,0.4356711804866791,0.20970283448696136,0.35462597012519836,0,2024-08-17 18:00:00+00:00
1335,0.42377135157585144,0.22753965854644775,0.34868907928466797,0,2024-08-17 18:00:00+00:00
1336,0.42377135157585144,0.22753965854644775,0.34868907928466797,0,2024-08-17 19:00:00+00:00
1337,0.4132469892501831,0.23029829561710358,0.3564547598361969,0,2024-08-17 19:00:00+00:00
1338,0.4132469892501831,0.23029829561710358,0.3564547598361969,0,2024-08-17 20:00:00+00:00
1339,0.45741066336631775,0.20751528441905975,0.3350740075111389,0,2024-08-17 20:00:00+00:00
1340,0.45741066336631775,0.20751528441905975,0.3350740075111389,0,2024-08-17 21:00:00+00:00
1341,0.4163249433040619,0.21793048083782196,0.36574459075927734,0,2024-08-17 21:00:00+00:00
1342,0.4163249433040619,0.21793048083782196,0.36574459075927734,0,2024-08-17 22:00:00+00:00
1343,0.4017442762851715,0.21838846802711487,0.3798673450946808,0,2024-08-17 22:00:00+00:00
1344,0.4017442762851715,0.21838846802711487,0.3798673450946808,0,2024-08-17 23:00:00+00:00
1345,0.3957635462284088,0.21497008204460144,0.38926637172698975,0,2024-08-17 23:00:00+00:00
1346,0.3957635462284088,0.21497008204460144,0.38926637172698975,0,2024-08-18 00:00:00+00:00
1347,0.3733191192150116,0.21075287461280823,0.41592806577682495,2,2024-08-18 00:00:00+00:00
1348,0.3733191192150116,0.21075287461280823,0.41592806577682495,2,2024-08-18 01:00:00+00:00
1349,0.3658094108104706,0.20874717831611633,0.4254433512687683,2,2024-08-18 01:00:00+00:00
1350,0.3658094108104706,0.20874717831611633,0.4254433512687683,2,2024-08-18 02:00:00+00:00
1351,0.3919663429260254,0.2357001155614853,0.3723335862159729,0,2024-08-18 02:00:00+00:00
1352,0.3919663429260254,0.2357001155614853,0.3723335862159729,0,2024-08-18 03:00:00+00:00
1353,0.42973363399505615,0.20147261023521423,0.368793785572052,0,2024-08-18 03:00:00+00:00
1354,0.42973363399505615,0.20147261023521423,0.368793785572052,0,2024-08-18 04:00:00+00:00
1355,0.3790048360824585,0.2472875863313675,0.37370768189430237,0,2024-08-18 04:00:00+00:00
1356,0.3790048360824585,0.2472875863313675,0.37370768189430237,0,2024-08-18 05:00:00+00:00
1357,0.3704712986946106,0.24554675817489624,0.3839819133281708,2,2024-08-18 05:00:00+00:00
1358,0.3704712986946106,0.24554675817489624,0.3839819133281708,2,2024-08-18 06:00:00+00:00
1359,0.37998807430267334,0.24852599203586578,0.37148594856262207,0,2024-08-18 06:00:00+00:00
1360,0.37998807430267334,0.24852599203586578,0.37148594856262207,0,2024-08-18 07:00:00+00:00
1361,0.3648712933063507,0.2338949590921402,0.4012337625026703,2,2024-08-18 07:00:00+00:00
1362,0.3648712933063507,0.2338949590921402,0.4012337625026703,2,2024-08-18 08:00:00+00:00
1363,0.3755051791667938,0.2512739598751068,0.37322089076042175,0,2024-08-18 08:00:00+00:00
1364,0.3755051791667938,0.2512739598751068,0.37322089076042175,0,2024-08-18 09:00:00+00:00
1365,0.3617531657218933,0.2351265698671341,0.4031202793121338,2,2024-08-18 09:00:00+00:00
1366,0.3617531657218933,0.2351265698671341,0.4031202793121338,2,2024-08-18 10:00:00+00:00
1367,0.3562309145927429,0.21340543031692505,0.43036365509033203,2,2024-08-18 10:00:00+00:00
1368,0.3562309145927429,0.21340543031692505,0.43036365509033203,2,2024-08-18 11:00:00+00:00
1369,0.4049994647502899,0.19751933217048645,0.3974810838699341,0,2024-08-18 11:00:00+00:00
1370,0.4049994647502899,0.19751933217048645,0.3974810838699341,0,2024-08-18 12:00:00+00:00
1371,0.33924049139022827,0.19837906956672668,0.4623803198337555,2,2024-08-18 12:00:00+00:00
1372,0.33924049139022827,0.19837906956672668,0.4623803198337555,2,2024-08-18 13:00:00+00:00
1373,0.39805683493614197,0.19285522401332855,0.40908798575401306,2,2024-08-18 13:00:00+00:00
1374,0.39805683493614197,0.19285522401332855,0.40908798575401306,2,2024-08-18 14:00:00+00:00
1375,0.39014363288879395,0.20148247480392456,0.4083738923072815,2,2024-08-18 14:00:00+00:00
1376,0.39014363288879395,0.20148247480392456,0.4083738923072815,2,2024-08-18 15:00:00+00:00
1377,0.4068639576435089,0.19885163009166718,0.3942844271659851,0,2024-08-18 15:00:00+00:00
1378,0.4068639576435089,0.19885163009166718,0.3942844271659851,0,2024-08-18 16:00:00+00:00
1379,0.3812831938266754,0.20149369537830353,0.4172230660915375,2,2024-08-18 16:00:00+00:00
1380,0.3812831938266754,0.20149369537830353,0.4172230660915375,2,2024-08-18 17:00:00+00:00
1381,0.406038373708725,0.1996058076620102,0.39435580372810364,0,2024-08-18 17:00:00+00:00
1382,0.406038373708725,0.1996058076620102,0.39435580372810364,0,2024-08-18 18:00:00+00:00
1383,0.3970412611961365,0.20570778846740723,0.3972509205341339,2,2024-08-18 18:00:00+00:00
1384,0.3970412611961365,0.20570778846740723,0.3972509205341339,2,2024-08-18 19:00:00+00:00
1385,0.4198800027370453,0.19894160330295563,0.3811783194541931,0,2024-08-18 19:00:00+00:00
1386,0.4198800027370453,0.19894160330295563,0.3811783194541931,0,2024-08-18 20:00:00+00:00
1387,0.4009040594100952,0.19847992062568665,0.4006160497665405,0,2024-08-18 20:00:00+00:00
1388,0.4009040594100952,0.19847992062568665,0.4006160497665405,0,2024-08-18 21:00:00+00:00
1389,0.4090920686721802,0.19492527842521667,0.39598265290260315,0,2024-08-18 21:00:00+00:00
1390,0.4090920686721802,0.19492527842521667,0.39598265290260315,0,2024-08-18 22:00:00+00:00
1391,0.4173288941383362,0.20269224047660828,0.37997886538505554,0,2024-08-18 22:00:00+00:00
1392,0.4173288941383362,0.20269224047660828,0.37997886538505554,0,2024-08-18 23:00:00+00:00
1393,0.395049124956131,0.20920054614543915,0.39575037360191345,2,2024-08-18 23:00:00+00:00
1394,0.395049124956131,0.20920054614543915,0.39575037360191345,2,2024-08-19 00:00:00+00:00
1395,0.416146844625473,0.2096634805202484,0.37418967485427856,0,2024-08-19 00:00:00+00:00
1396,0.416146844625473,0.2096634805202484,0.37418967485427856,0,2024-08-19 01:00:00+00:00
1397,0.42165452241897583,0.21284480392932892,0.36550068855285645,0,2024-08-19 01:00:00+00:00
1398,0.42165452241897583,0.21284480392932892,0.36550068855285645,0,2024-08-19 02:00:00+00:00
1399,0.4281069338321686,0.2090398520231247,0.36285319924354553,0,2024-08-19 02:00:00+00:00
1400,0.4281069338321686,0.2090398520231247,0.36285319924354553,0,2024-08-19 03:00:00+00:00
1401,0.43636003136634827,0.21525153517723083,0.3483884632587433,0,2024-08-19 03:00:00+00:00
1402,0.43636003136634827,0.21525153517723083,0.3483884632587433,0,2024-08-19 04:00:00+00:00
1403,0.3870554268360138,0.22347858548164368,0.38946598768234253,2,2024-08-19 04:00:00+00:00
1404,0.3870554268360138,0.22347858548164368,0.38946598768234253,2,2024-08-19 05:00:00+00:00
1405,0.3975233733654022,0.22198382019996643,0.3804928660392761,0,2024-08-19 05:00:00+00:00
1406,0.3975233733654022,0.22198382019996643,0.3804928660392761,0,2024-08-19 06:00:00+00:00
1407,0.4313088357448578,0.19873568415641785,0.36995556950569153,0,2024-08-19 06:00:00+00:00
1408,0.4313088357448578,0.19873568415641785,0.36995556950569153,0,2024-08-19 07:00:00+00:00
1409,0.4041106104850769,0.20854464173316956,0.3873447775840759,0,2024-08-19 07:00:00+00:00
1410,0.4041106104850769,0.20854464173316956,0.3873447775840759,0,2024-08-19 08:00:00+00:00
1411,0.4364197254180908,0.1929313838481903,0.3706488311290741,0,2024-08-19 08:00:00+00:00
1412,0.4364197254180908,0.1929313838481903,0.3706488311290741,0,2024-08-19 09:00:00+00:00
1413,0.4407619833946228,0.19203974306583405,0.3671983778476715,0,2024-08-19 09:00:00+00:00
1414,0.4407619833946228,0.19203974306583405,0.3671983778476715,0,2024-08-19 10:00:00+00:00
1415,0.4590095579624176,0.17675907909870148,0.3642314076423645,0,2024-08-19 10:00:00+00:00
1416,0.4590095579624176,0.17675907909870148,0.3642314076423645,0,2024-08-19 11:00:00+00:00
1417,0.4421640634536743,0.19157801568508148,0.36625802516937256,0,2024-08-19 11:00:00+00:00
1418,0.4421640634536743,0.19157801568508148,0.36625802516937256,0,2024-08-19 12:00:00+00:00
1419,0.44934114813804626,0.20044894516468048,0.35020995140075684,0,2024-08-19 12:00:00+00:00
1420,0.44934114813804626,0.20044894516468048,0.35020995140075684,0,2024-08-19 13:00:00+00:00
1421,0.45096999406814575,0.21237827837467194,0.33665186166763306,0,2024-08-19 13:00:00+00:00
1422,0.45096999406814575,0.21237827837467194,0.33665186166763306,0,2024-08-19 14:00:00+00:00
1423,0.44600072503089905,0.2082892209291458,0.34571000933647156,0,2024-08-19 14:00:00+00:00
1424,0.44600072503089905,0.2082892209291458,0.34571000933647156,0,2024-08-19 15:00:00+00:00
1425,0.40041908621788025,0.23400476574897766,0.3655760586261749,0,2024-08-19 15:00:00+00:00
1426,0.40041908621788025,0.23400476574897766,0.3655760586261749,0,2024-08-19 16:00:00+00:00
1427,0.40481817722320557,0.23204287886619568,0.36313900351524353,0,2024-08-19 16:00:00+00:00
1428,0.40481817722320557,0.23204287886619568,0.36313900351524353,0,2024-08-19 17:00:00+00:00
1429,0.4015209376811981,0.2346934676170349,0.3637855350971222,0,2024-08-19 17:00:00+00:00
1430,0.4015209376811981,0.2346934676170349,0.3637855350971222,0,2024-08-19 18:00:00+00:00
1431,0.39441072940826416,0.24438664317131042,0.3612026572227478,0,2024-08-19 18:00:00+00:00
1432,0.39441072940826416,0.24438664317131042,0.3612026572227478,0,2024-08-19 19:00:00+00:00
1433,0.4146483838558197,0.23122559487819672,0.3541260063648224,0,2024-08-19 19:00:00+00:00
1434,0.4146483838558197,0.23122559487819672,0.3541260063648224,0,2024-08-19 20:00:00+00:00
1435,0.43531274795532227,0.22192314267158508,0.34276407957077026,0,2024-08-19 20:00:00+00:00
1436,0.43531274795532227,0.22192314267158508,0.34276407957077026,0,2024-08-19 21:00:00+00:00
1437,0.43277662992477417,0.2245689481496811,0.34265440702438354,0,2024-08-19 21:00:00+00:00
1438,0.43277662992477417,0.2245689481496811,0.34265440702438354,0,2024-08-19 22:00:00+00:00
1439,0.400076299905777,0.23329834640026093,0.36662527918815613,0,2024-08-19 22:00:00+00:00
1440,0.400076299905777,0.23329834640026093,0.36662527918815613,0,2024-08-19 23:00:00+00:00
1441,0.39726078510284424,0.23332670331001282,0.36941248178482056,0,2024-08-19 23:00:00+00:00
1442,0.39726078510284424,0.23332670331001282,0.36941248178482056,0,2024-08-20 00:00:00+00:00
1443,0.3650040030479431,0.21942849457263947,0.4155674874782562,2,2024-08-20 00:00:00+00:00
1444,0.3650040030479431,0.21942849457263947,0.4155674874782562,2,2024-08-20 01:00:00+00:00
1445,0.4444996118545532,0.18290266394615173,0.37259772419929504,0,2024-08-20 01:00:00+00:00
1446,0.4444996118545532,0.18290266394615173,0.37259772419929504,0,2024-08-20 02:00:00+00:00
1447,0.3852378726005554,0.20012159645557404,0.41464051604270935,2,2024-08-20 02:00:00+00:00
1448,0.3852378726005554,0.20012159645557404,0.41464051604270935,2,2024-08-20 03:00:00+00:00
1449,0.35714825987815857,0.21437488496303558,0.4284767508506775,2,2024-08-20 03:00:00+00:00
1450,0.35714825987815857,0.21437488496303558,0.4284767508506775,2,2024-08-20 04:00:00+00:00
1451,0.36848723888397217,0.2160690575838089,0.4154437184333801,2,2024-08-20 04:00:00+00:00
1452,0.36848723888397217,0.2160690575838089,0.4154437184333801,2,2024-08-20 05:00:00+00:00
1453,0.39125657081604004,0.19240674376487732,0.4163367748260498,2,2024-08-20 05:00:00+00:00
1454,0.39125657081604004,0.19240674376487732,0.4163367748260498,2,2024-08-20 06:00:00+00:00
1455,0.3976823687553406,0.19516105949878693,0.4071565270423889,2,2024-08-20 06:00:00+00:00
1456,0.3976823687553406,0.19516105949878693,0.4071565270423889,2,2024-08-20 07:00:00+00:00
1457,0.38631799817085266,0.20119556784629822,0.41248634457588196,2,2024-08-20 07:00:00+00:00
1458,0.38631799817085266,0.20119556784629822,0.41248634457588196,2,2024-08-20 08:00:00+00:00
1459,0.32690972089767456,0.2064104825258255,0.46667975187301636,2,2024-08-20 08:00:00+00:00
1460,0.32690972089767456,0.2064104825258255,0.46667975187301636,2,2024-08-20 09:00:00+00:00
1461,0.3358939290046692,0.22177264094352722,0.4423333406448364,2,2024-08-20 09:00:00+00:00
1462,0.3358939290046692,0.22177264094352722,0.4423333406448364,2,2024-08-20 10:00:00+00:00
1463,0.2985251843929291,0.2119418829679489,0.4895329177379608,2,2024-08-20 10:00:00+00:00
1464,0.2985251843929291,0.2119418829679489,0.4895329177379608,2,2024-08-20 11:00:00+00:00
1465,0.2928604185581207,0.2225813865661621,0.48455822467803955,2,2024-08-20 11:00:00+00:00
1466,0.2928604185581207,0.2225813865661621,0.48455822467803955,2,2024-08-20 12:00:00+00:00
1467,0.3102260231971741,0.22982056438922882,0.4599534571170807,2,2024-08-20 12:00:00+00:00
1468,0.3102260231971741,0.22982056438922882,0.4599534571170807,2,2024-08-20 13:00:00+00:00
1469,0.3111582100391388,0.23234659433364868,0.45649516582489014,2,2024-08-20 13:00:00+00:00
1470,0.3111582100391388,0.23234659433364868,0.45649516582489014,2,2024-08-20 14:00:00+00:00
1471,0.31445765495300293,0.22707341611385345,0.4584689736366272,2,2024-08-20 14:00:00+00:00
1472,0.31445765495300293,0.22707341611385345,0.4584689736366272,2,2024-08-20 15:00:00+00:00
1473,0.4297139644622803,0.19205187261104584,0.3782341778278351,0,2024-08-20 15:00:00+00:00
1474,0.4297139644622803,0.19205187261104584,0.3782341778278351,0,2024-08-20 16:00:00+00:00
1475,0.446135938167572,0.1852940022945404,0.36857011914253235,0,2024-08-20 16:00:00+00:00
1476,0.446135938167572,0.1852940022945404,0.36857011914253235,0,2024-08-20 17:00:00+00:00
1477,0.42850273847579956,0.196121484041214,0.37537574768066406,0,2024-08-20 17:00:00+00:00
1478,0.42850273847579956,0.196121484041214,0.37537574768066406,0,2024-08-20 18:00:00+00:00
1479,0.4083278179168701,0.21105173230171204,0.380620539188385,0,2024-08-20 18:00:00+00:00
1480,0.4083278179168701,0.21105173230171204,0.380620539188385,0,2024-08-20 19:00:00+00:00
1481,0.3956395089626312,0.21426144242286682,0.39009901881217957,0,2024-08-20 19:00:00+00:00
1482,0.3956395089626312,0.21426144242286682,0.39009901881217957,0,2024-08-20 20:00:00+00:00
1483,0.3875694274902344,0.22200173139572144,0.3904287815093994,2,2024-08-20 20:00:00+00:00
1484,0.3875694274902344,0.22200173139572144,0.3904287815093994,2,2024-08-20 21:00:00+00:00
1485,0.3985622525215149,0.20702026784420013,0.39441752433776855,0,2024-08-20 21:00:00+00:00
1486,0.3985622525215149,0.20702026784420013,0.39441752433776855,0,2024-08-20 22:00:00+00:00
1487,0.42821604013442993,0.19577954709529877,0.3760044574737549,0,2024-08-20 22:00:00+00:00
1488,0.42821604013442993,0.19577954709529877,0.3760044574737549,0,2024-08-20 23:00:00+00:00
1489,0.4178822636604309,0.19957849383354187,0.3825392723083496,0,2024-08-20 23:00:00+00:00
1490,0.4178822636604309,0.19957849383354187,0.3825392723083496,0,2024-08-21 00:00:00+00:00
1491,0.42250800132751465,0.19178900122642517,0.3857029974460602,0,2024-08-21 00:00:00+00:00
1492,0.42250800132751465,0.19178900122642517,0.3857029974460602,0,2024-08-21 01:00:00+00:00
1493,0.43536853790283203,0.1850970983505249,0.37953442335128784,0,2024-08-21 01:00:00+00:00
1494,0.43536853790283203,0.1850970983505249,0.37953442335128784,0,2024-08-21 02:00:00+00:00
1495,0.4230171740055084,0.20540283620357513,0.3715800642967224,0,2024-08-21 02:00:00+00:00
1496,0.4230171740055084,0.20540283620357513,0.3715800642967224,0,2024-08-21 03:00:00+00:00
1497,0.42896658182144165,0.20829780399799347,0.3627355992794037,0,2024-08-21 03:00:00+00:00
1498,0.42896658182144165,0.20829780399799347,0.3627355992794037,0,2024-08-21 04:00:00+00:00
1499,0.43386024236679077,0.20286253094673157,0.36327725648880005,0,2024-08-21 04:00:00+00:00
1500,0.43386024236679077,0.20286253094673157,0.36327725648880005,0,2024-08-21 05:00:00+00:00
1501,0.4371645450592041,0.20301736891269684,0.35981810092926025,0,2024-08-21 05:00:00+00:00
1502,0.4371645450592041,0.20301736891269684,0.35981810092926025,0,2024-08-21 06:00:00+00:00
1503,0.4448752999305725,0.20600606501102448,0.349118709564209,0,2024-08-21 06:00:00+00:00
1504,0.4448752999305725,0.20600606501102448,0.349118709564209,0,2024-08-21 07:00:00+00:00
1505,0.4464566111564636,0.2099049836397171,0.34363844990730286,0,2024-08-21 07:00:00+00:00
1506,0.4464566111564636,0.2099049836397171,0.34363844990730286,0,2024-08-21 08:00:00+00:00
1507,0.44299986958503723,0.20767676830291748,0.3493233323097229,0,2024-08-21 08:00:00+00:00
1508,0.44299986958503723,0.20767676830291748,0.3493233323097229,0,2024-08-21 09:00:00+00:00
1509,0.44989001750946045,0.1937880516052246,0.35632196068763733,0,2024-08-21 09:00:00+00:00
1510,0.44989001750946045,0.1937880516052246,0.35632196068763733,0,2024-08-21 10:00:00+00:00
1511,0.43949660658836365,0.18179851770401,0.3787049353122711,0,2024-08-21 10:00:00+00:00
1512,0.43949660658836365,0.18179851770401,0.3787049353122711,0,2024-08-21 11:00:00+00:00
1513,0.4484988749027252,0.19495154917240143,0.35654953122138977,0,2024-08-21 11:00:00+00:00
1514,0.4484988749027252,0.19495154917240143,0.35654953122138977,0,2024-08-21 12:00:00+00:00
1515,0.4472775459289551,0.17981968820095062,0.3729027211666107,0,2024-08-21 12:00:00+00:00
1516,0.4472775459289551,0.17981968820095062,0.3729027211666107,0,2024-08-21 13:00:00+00:00
1517,0.4498123526573181,0.17611752450466156,0.3740701377391815,0,2024-08-21 13:00:00+00:00
1518,0.4498123526573181,0.17611752450466156,0.3740701377391815,0,2024-08-21 14:00:00+00:00
1519,0.4559255838394165,0.17600415647029877,0.3680703341960907,0,2024-08-21 14:00:00+00:00
1520,0.4559255838394165,0.17600415647029877,0.3680703341960907,0,2024-08-21 15:00:00+00:00
1521,0.6272766590118408,0.14042796194553375,0.232295423746109,0,2024-08-21 15:00:00+00:00
1522,0.6272766590118408,0.14042796194553375,0.232295423746109,0,2024-08-21 16:00:00+00:00
1523,0.44820335507392883,0.17482170462608337,0.3769749104976654,0,2024-08-21 16:00:00+00:00
1524,0.44820335507392883,0.17482170462608337,0.3769749104976654,0,2024-08-21 17:00:00+00:00
1525,0.4417439103126526,0.1879616677761078,0.3702944219112396,0,2024-08-21 17:00:00+00:00
1526,0.4417439103126526,0.1879616677761078,0.3702944219112396,0,2024-08-21 18:00:00+00:00
1527,0.44781410694122314,0.1919204741716385,0.3602653741836548,0,2024-08-21 18:00:00+00:00
1528,0.44781410694122314,0.1919204741716385,0.3602653741836548,0,2024-08-21 19:00:00+00:00
1529,0.43108931183815,0.20653638243675232,0.3623743951320648,0,2024-08-21 19:00:00+00:00
1530,0.43108931183815,0.20653638243675232,0.3623743951320648,0,2024-08-21 20:00:00+00:00
1531,0.42325231432914734,0.20770955085754395,0.36903810501098633,0,2024-08-21 20:00:00+00:00
1532,0.42325231432914734,0.20770955085754395,0.36903810501098633,0,2024-08-21 21:00:00+00:00
1533,0.42360424995422363,0.21585848927497864,0.36053720116615295,0,2024-08-21 21:00:00+00:00
1534,0.42360424995422363,0.21585848927497864,0.36053720116615295,0,2024-08-21 22:00:00+00:00
1535,0.40059947967529297,0.2173740714788437,0.3820263743400574,0,2024-08-21 22:00:00+00:00
1536,0.40059947967529297,0.2173740714788437,0.3820263743400574,0,2024-08-21 23:00:00+00:00
1537,0.4201466739177704,0.21206946671009064,0.3677838444709778,0,2024-08-21 23:00:00+00:00
1538,0.4201466739177704,0.21206946671009064,0.3677838444709778,0,2024-08-22 00:00:00+00:00
1539,0.3963354527950287,0.21914087235927582,0.3845236301422119,0,2024-08-22 00:00:00+00:00
1540,0.3963354527950287,0.21914087235927582,0.3845236301422119,0,2024-08-22 01:00:00+00:00
1541,0.4031231105327606,0.21172265708446503,0.38515421748161316,0,2024-08-22 01:00:00+00:00
1542,0.4031231105327606,0.21172265708446503,0.38515421748161316,0,2024-08-22 02:00:00+00:00
1543,0.40101107954978943,0.21419385075569153,0.3847951292991638,0,2024-08-22 02:00:00+00:00
1544,0.40101107954978943,0.21419385075569153,0.3847951292991638,0,2024-08-22 03:00:00+00:00
1545,0.4465422034263611,0.1835770159959793,0.3698807656764984,0,2024-08-22 03:00:00+00:00
1546,0.4465422034263611,0.1835770159959793,0.3698807656764984,0,2024-08-22 04:00:00+00:00
1547,0.44157668948173523,0.18154659867286682,0.3768765926361084,0,2024-08-22 04:00:00+00:00
1548,0.44157668948173523,0.18154659867286682,0.3768765926361084,0,2024-08-22 05:00:00+00:00
1549,0.4056145250797272,0.2074843794107437,0.3869010806083679,0,2024-08-22 05:00:00+00:00
1550,0.4056145250797272,0.2074843794107437,0.3869010806083679,0,2024-08-22 06:00:00+00:00
1551,0.44183871150016785,0.1957990527153015,0.3623622953891754,0,2024-08-22 06:00:00+00:00
1552,0.44183871150016785,0.1957990527153015,0.3623622953891754,0,2024-08-22 07:00:00+00:00
1553,0.42179471254348755,0.21292386949062347,0.36528146266937256,0,2024-08-22 07:00:00+00:00
1554,0.42179471254348755,0.21292386949062347,0.36528146266937256,0,2024-08-22 08:00:00+00:00
1555,0.4139338731765747,0.2161017805337906,0.3699643611907959,0,2024-08-22 08:00:00+00:00
1556,0.4139338731765747,0.2161017805337906,0.3699643611907959,0,2024-08-22 09:00:00+00:00
1557,0.40142112970352173,0.21955713629722595,0.3790217638015747,0,2024-08-22 09:00:00+00:00
1558,0.40142112970352173,0.21955713629722595,0.3790217638015747,0,2024-08-22 10:00:00+00:00
1559,0.37812671065330505,0.22645530104637146,0.3954179883003235,2,2024-08-22 10:00:00+00:00
1560,0.37812671065330505,0.22645530104637146,0.3954179883003235,2,2024-08-22 11:00:00+00:00
1561,0.3836717903614044,0.2115609049797058,0.40476730465888977,2,2024-08-22 11:00:00+00:00
1562,0.3836717903614044,0.2115609049797058,0.40476730465888977,2,2024-08-22 12:00:00+00:00
1563,0.384644478559494,0.2018166333436966,0.4135389029979706,2,2024-08-22 12:00:00+00:00
1564,0.384644478559494,0.2018166333436966,0.4135389029979706,2,2024-08-22 13:00:00+00:00
1565,0.3867407441139221,0.23688708245754242,0.3763720989227295,0,2024-08-22 13:00:00+00:00
1566,0.3867407441139221,0.23688708245754242,0.3763720989227295,0,2024-08-22 14:00:00+00:00
1567,0.3609558343887329,0.24213871359825134,0.39690539240837097,2,2024-08-22 14:00:00+00:00
1568,0.3609558343887329,0.24213871359825134,0.39690539240837097,2,2024-08-22 15:00:00+00:00
1569,0.3403354287147522,0.24396227300167084,0.41570234298706055,2,2024-08-22 15:00:00+00:00
1570,0.3403354287147522,0.24396227300167084,0.41570234298706055,2,2024-08-22 16:00:00+00:00
1571,0.350210577249527,0.2422478348016739,0.40754157304763794,2,2024-08-22 16:00:00+00:00
1572,0.350210577249527,0.2422478348016739,0.40754157304763794,2,2024-08-22 17:00:00+00:00
1573,0.3567529618740082,0.25588709115982056,0.3873598873615265,2,2024-08-22 17:00:00+00:00
1574,0.3567529618740082,0.25588709115982056,0.3873598873615265,2,2024-08-22 18:00:00+00:00
1575,0.37496259808540344,0.24156464636325836,0.383472740650177,2,2024-08-22 18:00:00+00:00
1576,0.37496259808540344,0.24156464636325836,0.383472740650177,2,2024-08-22 19:00:00+00:00
1577,0.37635815143585205,0.23838533461093903,0.3852565586566925,2,2024-08-22 19:00:00+00:00
1578,0.37635815143585205,0.23838533461093903,0.3852565586566925,2,2024-08-22 20:00:00+00:00
1579,0.4017944037914276,0.22503042221069336,0.3731752038002014,0,2024-08-22 20:00:00+00:00
1580,0.4017944037914276,0.22503042221069336,0.3731752038002014,0,2024-08-22 21:00:00+00:00
1581,0.3853687047958374,0.22887907922267914,0.3857521712779999,2,2024-08-22 21:00:00+00:00
1582,0.3853687047958374,0.22887907922267914,0.3857521712779999,2,2024-08-22 22:00:00+00:00
1583,0.40520820021629333,0.2236538529396057,0.3711378872394562,0,2024-08-22 22:00:00+00:00
1584,0.40520820021629333,0.2236538529396057,0.3711378872394562,0,2024-08-22 23:00:00+00:00
1585,0.39465367794036865,0.2260546088218689,0.37929171323776245,0,2024-08-22 23:00:00+00:00
1586,0.39465367794036865,0.2260546088218689,0.37929171323776245,0,2024-08-23 00:00:00+00:00
1587,0.4082227349281311,0.23882384598255157,0.35295340418815613,0,2024-08-23 00:00:00+00:00
1588,0.4082227349281311,0.23882384598255157,0.35295340418815613,0,2024-08-23 01:00:00+00:00
1589,0.3651163876056671,0.2168617993593216,0.4180217683315277,2,2024-08-23 01:00:00+00:00
1590,0.3651163876056671,0.2168617993593216,0.4180217683315277,2,2024-08-23 02:00:00+00:00
1591,0.37940698862075806,0.2096398025751114,0.41095325350761414,2,2024-08-23 02:00:00+00:00
1592,0.37940698862075806,0.2096398025751114,0.41095325350761414,2,2024-08-23 03:00:00+00:00
1593,0.3423190414905548,0.21414586901664734,0.44353511929512024,2,2024-08-23 03:00:00+00:00
1594,0.3423190414905548,0.21414586901664734,0.44353511929512024,2,2024-08-23 04:00:00+00:00
1595,0.3309430181980133,0.2226223200559616,0.4464346766471863,2,2024-08-23 04:00:00+00:00
1596,0.3309430181980133,0.2226223200559616,0.4464346766471863,2,2024-08-23 05:00:00+00:00
1597,0.3962087631225586,0.22009535133838654,0.3836958706378937,0,2024-08-23 05:00:00+00:00
1598,0.3962087631225586,0.22009535133838654,0.3836958706378937,0,2024-08-23 06:00:00+00:00
1599,0.43917185068130493,0.19562378525733948,0.36520424485206604,0,2024-08-23 06:00:00+00:00
1600,0.43917185068130493,0.19562378525733948,0.36520424485206604,0,2024-08-23 07:00:00+00:00
1601,0.452280730009079,0.19727317988872528,0.35044607520103455,0,2024-08-23 07:00:00+00:00
1602,0.452280730009079,0.19727317988872528,0.35044607520103455,0,2024-08-23 08:00:00+00:00
1603,0.45446136593818665,0.20708446204662323,0.33845415711402893,0,2024-08-23 08:00:00+00:00
1604,0.45446136593818665,0.20708446204662323,0.33845415711402893,0,2024-08-23 09:00:00+00:00
1605,0.3973238468170166,0.21805745363235474,0.3846186697483063,0,2024-08-23 09:00:00+00:00
1606,0.3973238468170166,0.21805745363235474,0.3846186697483063,0,2024-08-23 10:00:00+00:00
1607,0.3705346882343292,0.23397880792617798,0.3954865336418152,2,2024-08-23 10:00:00+00:00
1608,0.3705346882343292,0.23397880792617798,0.3954865336418152,2,2024-08-23 11:00:00+00:00
1609,0.4560661017894745,0.21445906162261963,0.3294748365879059,0,2024-08-23 11:00:00+00:00
1610,0.4560661017894745,0.21445906162261963,0.3294748365879059,0,2024-08-23 12:00:00+00:00
1611,0.45103389024734497,0.21904492378234863,0.3299212157726288,0,2024-08-23 12:00:00+00:00
1612,0.45103389024734497,0.21904492378234863,0.3299212157726288,0,2024-08-23 13:00:00+00:00
1613,0.43859073519706726,0.22581331431865692,0.33559587597846985,0,2024-08-23 13:00:00+00:00
1614,0.43859073519706726,0.22581331431865692,0.33559587597846985,0,2024-08-23 14:00:00+00:00
1615,0.39973142743110657,0.22666949033737183,0.3735990822315216,0,2024-08-23 14:00:00+00:00
1616,0.39973142743110657,0.22666949033737183,0.3735990822315216,0,2024-08-23 15:00:00+00:00
1617,0.432930588722229,0.23504240810871124,0.33202704787254333,0,2024-08-23 15:00:00+00:00
1618,0.432930588722229,0.23504240810871124,0.33202704787254333,0,2024-08-23 16:00:00+00:00
1619,0.34422266483306885,0.2567276954650879,0.3990496098995209,2,2024-08-23 16:00:00+00:00
1620,0.34422266483306885,0.2567276954650879,0.3990496098995209,2,2024-08-23 17:00:00+00:00
1621,0.33811917901039124,0.23017214238643646,0.4317086637020111,2,2024-08-23 17:00:00+00:00
1622,0.33811917901039124,0.23017214238643646,0.4317086637020111,2,2024-08-23 18:00:00+00:00
1623,0.37679627537727356,0.19127754867076874,0.4319262206554413,2,2024-08-23 18:00:00+00:00
1624,0.37679627537727356,0.19127754867076874,0.4319262206554413,2,2024-08-23 19:00:00+00:00
1625,0.4190332591533661,0.193838968873024,0.38712772727012634,0,2024-08-23 19:00:00+00:00
1626,0.4190332591533661,0.193838968873024,0.38712772727012634,0,2024-08-23 20:00:00+00:00
1627,0.32457348704338074,0.1979154497385025,0.47751113772392273,2,2024-08-23 20:00:00+00:00
1628,0.32457348704338074,0.1979154497385025,0.47751113772392273,2,2024-08-23 21:00:00+00:00
1629,0.33191806077957153,0.19753095507621765,0.4705509841442108,2,2024-08-23 21:00:00+00:00
1630,0.33191806077957153,0.19753095507621765,0.4705509841442108,2,2024-08-23 22:00:00+00:00
1631,0.3107295036315918,0.19622112810611725,0.49304935336112976,2,2024-08-23 22:00:00+00:00
1632,0.3107295036315918,0.19622112810611725,0.49304935336112976,2,2024-08-23 23:00:00+00:00
1633,0.3150060474872589,0.20319470763206482,0.4817992150783539,2,2024-08-23 23:00:00+00:00
1634,0.3150060474872589,0.20319470763206482,0.4817992150783539,2,2024-08-24 00:00:00+00:00
1635,0.24723395705223083,0.19028648734092712,0.562479555606842,2,2024-08-24 00:00:00+00:00
1636,0.24723395705223083,0.19028648734092712,0.562479555606842,2,2024-08-24 01:00:00+00:00
1637,0.2891075909137726,0.19987066090106964,0.5110217332839966,2,2024-08-24 01:00:00+00:00
1638,0.2891075909137726,0.19987066090106964,0.5110217332839966,2,2024-08-24 02:00:00+00:00
1639,0.3175928592681885,0.1983030140399933,0.4841042160987854,2,2024-08-24 02:00:00+00:00
1640,0.3175928592681885,0.1983030140399933,0.4841042160987854,2,2024-08-24 03:00:00+00:00
1641,0.3478206396102905,0.19411803781986237,0.4580613672733307,2,2024-08-24 03:00:00+00:00
1642,0.3478206396102905,0.19411803781986237,0.4580613672733307,2,2024-08-24 04:00:00+00:00
1643,0.42857494950294495,0.18600822985172272,0.3854168653488159,0,2024-08-24 04:00:00+00:00
1644,0.42857494950294495,0.18600822985172272,0.3854168653488159,0,2024-08-24 05:00:00+00:00
1645,0.40109023451805115,0.1855166256427765,0.41339311003685,2,2024-08-24 05:00:00+00:00
1646,0.40109023451805115,0.1855166256427765,0.41339311003685,2,2024-08-24 06:00:00+00:00
1647,0.25825488567352295,0.18925036489963531,0.5524947643280029,2,2024-08-24 06:00:00+00:00
1648,0.25825488567352295,0.18925036489963531,0.5524947643280029,2,2024-08-24 07:00:00+00:00
1649,0.29238179326057434,0.19127601385116577,0.5163422226905823,2,2024-08-24 07:00:00+00:00
1650,0.29238179326057434,0.19127601385116577,0.5163422226905823,2,2024-08-24 08:00:00+00:00
1651,0.36824196577072144,0.18505842983722687,0.4466996490955353,2,2024-08-24 08:00:00+00:00
1652,0.36824196577072144,0.18505842983722687,0.4466996490955353,2,2024-08-24 09:00:00+00:00
1653,0.3922363817691803,0.18360348045825958,0.42416009306907654,2,2024-08-24 09:00:00+00:00
1654,0.3922363817691803,0.18360348045825958,0.42416009306907654,2,2024-08-24 10:00:00+00:00
1655,0.37864241003990173,0.1861063838005066,0.43525123596191406,2,2024-08-24 10:00:00+00:00
1656,0.37864241003990173,0.1861063838005066,0.43525123596191406,2,2024-08-24 11:00:00+00:00
1657,0.27881526947021484,0.1798432320356369,0.5413414835929871,2,2024-08-24 11:00:00+00:00
1658,0.27881526947021484,0.1798432320356369,0.5413414835929871,2,2024-08-24 12:00:00+00:00
1659,0.3432586193084717,0.18484780192375183,0.47189363837242126,2,2024-08-24 12:00:00+00:00
1660,0.3432586193084717,0.18484780192375183,0.47189363837242126,2,2024-08-24 13:00:00+00:00
1661,0.3599308431148529,0.18427571654319763,0.45579347014427185,2,2024-08-24 13:00:00+00:00
1662,0.3599308431148529,0.18427571654319763,0.45579347014427185,2,2024-08-24 14:00:00+00:00
1663,0.34225764870643616,0.1831674724817276,0.4745749235153198,2,2024-08-24 14:00:00+00:00
1664,0.34225764870643616,0.1831674724817276,0.4745749235153198,2,2024-08-24 15:00:00+00:00
1665,0.3733018636703491,0.18472632765769958,0.4419717788696289,2,2024-08-24 15:00:00+00:00
1666,0.3733018636703491,0.18472632765769958,0.4419717788696289,2,2024-08-24 16:00:00+00:00
1667,0.2850181460380554,0.17951638996601105,0.5354654788970947,2,2024-08-24 16:00:00+00:00
1668,0.2850181460380554,0.17951638996601105,0.5354654788970947,2,2024-08-24 17:00:00+00:00
1669,0.2417071908712387,0.1730908900499344,0.5852019190788269,2,2024-08-24 17:00:00+00:00
1670,0.2417071908712387,0.1730908900499344,0.5852019190788269,2,2024-08-24 18:00:00+00:00
1671,0.25269633531570435,0.16301485896110535,0.5842887759208679,2,2024-08-24 18:00:00+00:00
1672,0.25269633531570435,0.16301485896110535,0.5842887759208679,2,2024-08-24 19:00:00+00:00
1673,0.2697773575782776,0.16370585560798645,0.5665167570114136,2,2024-08-24 19:00:00+00:00
1674,0.2697773575782776,0.16370585560798645,0.5665167570114136,2,2024-08-24 20:00:00+00:00
1675,0.2589779198169708,0.15802353620529175,0.5829985737800598,2,2024-08-24 20:00:00+00:00
1676,0.2589779198169708,0.15802353620529175,0.5829985737800598,2,2024-08-24 21:00:00+00:00
1677,0.30705681443214417,0.15737982094287872,0.5355632305145264,2,2024-08-24 21:00:00+00:00
1678,0.30705681443214417,0.15737982094287872,0.5355632305145264,2,2024-08-24 22:00:00+00:00
1679,0.3782970607280731,0.1810368150472641,0.4406661093235016,2,2024-08-24 22:00:00+00:00
1680,0.3782970607280731,0.1810368150472641,0.4406661093235016,2,2024-08-24 23:00:00+00:00
1681,0.35220959782600403,0.17699071764945984,0.47079968452453613,2,2024-08-24 23:00:00+00:00
1682,0.35220959782600403,0.17699071764945984,0.47079968452453613,2,2024-08-25 00:00:00+00:00
1683,0.3881501853466034,0.16687116026878357,0.44497865438461304,2,2024-08-25 00:00:00+00:00
1684,0.3881501853466034,0.16687116026878357,0.44497865438461304,2,2024-08-25 01:00:00+00:00
1685,0.42583295702934265,0.18060745298862457,0.3935595750808716,0,2024-08-25 01:00:00+00:00
1686,0.42583295702934265,0.18060745298862457,0.3935595750808716,0,2024-08-25 02:00:00+00:00
1687,0.4427064061164856,0.18181510269641876,0.37547847628593445,0,2024-08-25 02:00:00+00:00
1688,0.4427064061164856,0.18181510269641876,0.37547847628593445,0,2024-08-25 03:00:00+00:00
1689,0.44723138213157654,0.18020588159561157,0.3725627362728119,0,2024-08-25 03:00:00+00:00
1690,0.44723138213157654,0.18020588159561157,0.3725627362728119,0,2024-08-25 04:00:00+00:00
1691,0.4527326226234436,0.1831727772951126,0.36409464478492737,0,2024-08-25 04:00:00+00:00
1692,0.4527326226234436,0.1831727772951126,0.36409464478492737,0,2024-08-25 05:00:00+00:00
1693,0.46202728152275085,0.18073414266109467,0.35723862051963806,0,2024-08-25 05:00:00+00:00
1694,0.46202728152275085,0.18073414266109467,0.35723862051963806,0,2024-08-25 06:00:00+00:00
1695,0.4711989760398865,0.18228282034397125,0.34651827812194824,0,2024-08-25 06:00:00+00:00
1696,0.4711989760398865,0.18228282034397125,0.34651827812194824,0,2024-08-25 07:00:00+00:00
1697,0.49293288588523865,0.17887844145298004,0.3281887173652649,0,2024-08-25 07:00:00+00:00
1698,0.49293288588523865,0.17887844145298004,0.3281887173652649,0,2024-08-25 08:00:00+00:00
1699,0.5570720434188843,0.16641776263713837,0.27651020884513855,0,2024-08-25 08:00:00+00:00
1700,0.5570720434188843,0.16641776263713837,0.27651020884513855,0,2024-08-25 09:00:00+00:00
1701,0.5211676359176636,0.17378921806812286,0.30504310131073,0,2024-08-25 09:00:00+00:00
1702,0.5211676359176636,0.17378921806812286,0.30504310131073,0,2024-08-25 10:00:00+00:00
1703,0.522562563419342,0.17740517854690552,0.30003219842910767,0,2024-08-25 10:00:00+00:00
1704,0.522562563419342,0.17740517854690552,0.30003219842910767,0,2024-08-25 11:00:00+00:00
1705,0.5155994296073914,0.1860247552394867,0.2983758747577667,0,2024-08-25 11:00:00+00:00
1706,0.5155994296073914,0.1860247552394867,0.2983758747577667,0,2024-08-25 12:00:00+00:00
1707,0.4771904945373535,0.19369915127754211,0.32911035418510437,0,2024-08-25 12:00:00+00:00
1708,0.4771904945373535,0.19369915127754211,0.32911035418510437,0,2024-08-25 13:00:00+00:00
1709,0.46552279591560364,0.1950068324804306,0.33947038650512695,0,2024-08-25 13:00:00+00:00
1710,0.46552279591560364,0.1950068324804306,0.33947038650512695,0,2024-08-25 14:00:00+00:00
1711,0.45858389139175415,0.18727892637252808,0.35413721203804016,0,2024-08-25 14:00:00+00:00
1712,0.45858389139175415,0.18727892637252808,0.35413721203804016,0,2024-08-25 15:00:00+00:00
1713,0.4711485207080841,0.18133069574832916,0.3475208282470703,0,2024-08-25 15:00:00+00:00
1714,0.4711485207080841,0.18133069574832916,0.3475208282470703,0,2024-08-25 16:00:00+00:00
1715,0.4779159426689148,0.17459148168563843,0.34749263525009155,0,2024-08-25 16:00:00+00:00
1716,0.4779159426689148,0.17459148168563843,0.34749263525009155,0,2024-08-25 17:00:00+00:00
1717,0.4762994945049286,0.17621079087257385,0.34748971462249756,0,2024-08-25 17:00:00+00:00
1718,0.4762994945049286,0.17621079087257385,0.34748971462249756,0,2024-08-25 18:00:00+00:00
1719,0.48340585827827454,0.17405518889427185,0.3425390124320984,0,2024-08-25 18:00:00+00:00
1720,0.48340585827827454,0.17405518889427185,0.3425390124320984,0,2024-08-25 19:00:00+00:00
1721,0.4378642141819,0.17298099398612976,0.3891547918319702,0,2024-08-25 19:00:00+00:00
1722,0.4378642141819,0.17298099398612976,0.3891547918319702,0,2024-08-25 20:00:00+00:00
1723,0.473461389541626,0.17112447321414948,0.35541415214538574,0,2024-08-25 20:00:00+00:00
1724,0.473461389541626,0.17112447321414948,0.35541415214538574,0,2024-08-25 21:00:00+00:00
1725,0.4785625636577606,0.17634317278862,0.3450942933559418,0,2024-08-25 21:00:00+00:00
1726,0.4785625636577606,0.17634317278862,0.3450942933559418,0,2024-08-25 22:00:00+00:00
1727,0.47356370091438293,0.15677544474601746,0.3696608245372772,0,2024-08-25 22:00:00+00:00
1728,0.47356370091438293,0.15677544474601746,0.3696608245372772,0,2024-08-25 23:00:00+00:00
1729,0.48323753476142883,0.16508039832115173,0.3516821265220642,0,2024-08-25 23:00:00+00:00
1730,0.48323753476142883,0.16508039832115173,0.3516821265220642,0,2024-08-26 00:00:00+00:00
1731,0.48351189494132996,0.17803668975830078,0.3384512960910797,0,2024-08-26 00:00:00+00:00
1732,0.48351189494132996,0.17803668975830078,0.3384512960910797,0,2024-08-26 01:00:00+00:00
1733,0.47981709241867065,0.17562545835971832,0.34455740451812744,0,2024-08-26 01:00:00+00:00
1734,0.47981709241867065,0.17562545835971832,0.34455740451812744,0,2024-08-26 02:00:00+00:00
1735,0.4832476079463959,0.1925843060016632,0.3241681754589081,0,2024-08-26 02:00:00+00:00
1736,0.4832476079463959,0.1925843060016632,0.3241681754589081,0,2024-08-26 03:00:00+00:00
1737,0.48950451612472534,0.1860804557800293,0.32441508769989014,0,2024-08-26 03:00:00+00:00
1738,0.48950451612472534,0.1860804557800293,0.32441508769989014,0,2024-08-26 04:00:00+00:00
1739,0.49542081356048584,0.1783977895975113,0.32618144154548645,0,2024-08-26 04:00:00+00:00
1740,0.49542081356048584,0.1783977895975113,0.32618144154548645,0,2024-08-26 05:00:00+00:00
1741,0.5014051198959351,0.17457568645477295,0.32401925325393677,0,2024-08-26 05:00:00+00:00
1742,0.5014051198959351,0.17457568645477295,0.32401925325393677,0,2024-08-26 06:00:00+00:00
1743,0.4727954566478729,0.19495335221290588,0.3322511315345764,0,2024-08-26 06:00:00+00:00
1744,0.4727954566478729,0.19495335221290588,0.3322511315345764,0,2024-08-26 07:00:00+00:00
1745,0.48975870013237,0.1899288296699524,0.3203125298023224,0,2024-08-26 07:00:00+00:00
1746,0.48975870013237,0.1899288296699524,0.3203125298023224,0,2024-08-26 08:00:00+00:00
1747,0.4741513729095459,0.19193486869335175,0.33391374349594116,0,2024-08-26 08:00:00+00:00
1748,0.4741513729095459,0.19193486869335175,0.33391374349594116,0,2024-08-26 09:00:00+00:00
1749,0.48350921273231506,0.18931621313095093,0.327174574136734,0,2024-08-26 09:00:00+00:00
1750,0.48350921273231506,0.18931621313095093,0.327174574136734,0,2024-08-26 10:00:00+00:00
1751,0.48954349756240845,0.18335813283920288,0.3270983397960663,0,2024-08-26 10:00:00+00:00
1752,0.48954349756240845,0.18335813283920288,0.3270983397960663,0,2024-08-26 11:00:00+00:00
1753,0.5008684992790222,0.17588816583156586,0.32324329018592834,0,2024-08-26 11:00:00+00:00
1754,0.5008684992790222,0.17588816583156586,0.32324329018592834,0,2024-08-26 12:00:00+00:00
1755,0.48788657784461975,0.18647131323814392,0.32564210891723633,0,2024-08-26 12:00:00+00:00
1756,0.48788657784461975,0.18647131323814392,0.32564210891723633,0,2024-08-26 13:00:00+00:00
1757,0.4855102002620697,0.1901938021183014,0.3242959678173065,0,2024-08-26 13:00:00+00:00
1758,0.4855102002620697,0.1901938021183014,0.3242959678173065,0,2024-08-26 14:00:00+00:00
1759,0.48748430609703064,0.18094414472579956,0.3315715789794922,0,2024-08-26 14:00:00+00:00
1760,0.48748430609703064,0.18094414472579956,0.3315715789794922,0,2024-08-26 15:00:00+00:00
1761,0.40361449122428894,0.2091483473777771,0.3872370421886444,0,2024-08-26 15:00:00+00:00
1762,0.40361449122428894,0.2091483473777771,0.3872370421886444,0,2024-08-26 16:00:00+00:00
1763,0.48464274406433105,0.1851252168416977,0.3302319645881653,0,2024-08-26 16:00:00+00:00
1764,0.48464274406433105,0.1851252168416977,0.3302319645881653,0,2024-08-26 17:00:00+00:00
1765,0.47312697768211365,0.19974549114704132,0.32712751626968384,0,2024-08-26 17:00:00+00:00
1766,0.47312697768211365,0.19974549114704132,0.32712751626968384,0,2024-08-26 18:00:00+00:00
1767,0.4510318338871002,0.2097768932580948,0.3391912281513214,0,2024-08-26 18:00:00+00:00
1768,0.4510318338871002,0.2097768932580948,0.3391912281513214,0,2024-08-26 19:00:00+00:00
1769,0.4681476950645447,0.2010815143585205,0.3307707607746124,0,2024-08-26 19:00:00+00:00
1770,0.4681476950645447,0.2010815143585205,0.3307707607746124,0,2024-08-26 20:00:00+00:00
1771,0.4802323281764984,0.18789257109165192,0.3318750560283661,0,2024-08-26 20:00:00+00:00
1772,0.4802323281764984,0.18789257109165192,0.3318750560283661,0,2024-08-26 21:00:00+00:00
1773,0.4866042733192444,0.1903102695941925,0.3230854272842407,0,2024-08-26 21:00:00+00:00
1774,0.4866042733192444,0.1903102695941925,0.3230854272842407,0,2024-08-26 22:00:00+00:00
1775,0.4625730514526367,0.1992119401693344,0.3382149636745453,0,2024-08-26 22:00:00+00:00
1776,0.4625730514526367,0.1992119401693344,0.3382149636745453,0,2024-08-26 23:00:00+00:00
1777,0.4700518548488617,0.19163362681865692,0.33831456303596497,0,2024-08-26 23:00:00+00:00
1778,0.4700518548488617,0.19163362681865692,0.33831456303596497,0,2024-08-27 00:00:00+00:00
1779,0.49104252457618713,0.17883898317813873,0.33011847734451294,0,2024-08-27 00:00:00+00:00
1780,0.49104252457618713,0.17883898317813873,0.33011847734451294,0,2024-08-27 01:00:00+00:00
1781,0.47715139389038086,0.18579961359500885,0.3370489180088043,0,2024-08-27 01:00:00+00:00
1782,0.47715139389038086,0.18579961359500885,0.3370489180088043,0,2024-08-27 02:00:00+00:00
1783,0.48345378041267395,0.18533514440059662,0.33121103048324585,0,2024-08-27 02:00:00+00:00
1784,0.48345378041267395,0.18533514440059662,0.33121103048324585,0,2024-08-27 03:00:00+00:00
1785,0.5050808191299438,0.17905375361442566,0.3158653974533081,0,2024-08-27 03:00:00+00:00
1786,0.5050808191299438,0.17905375361442566,0.3158653974533081,0,2024-08-27 04:00:00+00:00
1787,0.5095985531806946,0.1863568276166916,0.304044634103775,0,2024-08-27 04:00:00+00:00
1788,0.5095985531806946,0.1863568276166916,0.304044634103775,0,2024-08-27 05:00:00+00:00
1789,0.502016007900238,0.17795634269714355,0.3200277090072632,0,2024-08-27 05:00:00+00:00
1790,0.502016007900238,0.17795634269714355,0.3200277090072632,0,2024-08-27 06:00:00+00:00
1791,0.47554704546928406,0.1922750473022461,0.33217793703079224,0,2024-08-27 06:00:00+00:00
1792,0.47554704546928406,0.1922750473022461,0.33217793703079224,0,2024-08-27 07:00:00+00:00
1793,0.5062479376792908,0.18208040297031403,0.31167173385620117,0,2024-08-27 07:00:00+00:00
1794,0.5062479376792908,0.18208040297031403,0.31167173385620117,0,2024-08-27 08:00:00+00:00
1795,0.5015547275543213,0.18423612415790558,0.31420913338661194,0,2024-08-27 08:00:00+00:00
1796,0.5015547275543213,0.18423612415790558,0.31420913338661194,0,2024-08-27 09:00:00+00:00
1797,0.5207526683807373,0.18817798793315887,0.291069358587265,0,2024-08-27 09:00:00+00:00
1798,0.5207526683807373,0.18817798793315887,0.291069358587265,0,2024-08-27 10:00:00+00:00
1799,0.5523033142089844,0.14456750452518463,0.3031292259693146,0,2024-08-27 10:00:00+00:00
1800,0.5523033142089844,0.14456750452518463,0.3031292259693146,0,2024-08-27 11:00:00+00:00
1801,0.545848548412323,0.1479019969701767,0.3062494397163391,0,2024-08-27 11:00:00+00:00
1802,0.545848548412323,0.1479019969701767,0.3062494397163391,0,2024-08-27 12:00:00+00:00
1803,0.5461691617965698,0.13159509003162384,0.32223576307296753,0,2024-08-27 12:00:00+00:00
1804,0.5461691617965698,0.13159509003162384,0.32223576307296753,0,2024-08-27 13:00:00+00:00
1805,0.5547271370887756,0.12606506049633026,0.3192078769207001,0,2024-08-27 13:00:00+00:00
1806,0.5547271370887756,0.12606506049633026,0.3192078769207001,0,2024-08-27 14:00:00+00:00
1807,0.5363590121269226,0.1373780071735382,0.3262630105018616,0,2024-08-27 14:00:00+00:00
1808,0.5363590121269226,0.1373780071735382,0.3262630105018616,0,2024-08-27 15:00:00+00:00
1809,0.4912533462047577,0.16470730304718018,0.34403932094573975,0,2024-08-27 15:00:00+00:00
1810,0.4912533462047577,0.16470730304718018,0.34403932094573975,0,2024-08-27 16:00:00+00:00
1811,0.5116881728172302,0.15512815117835999,0.3331836462020874,0,2024-08-27 16:00:00+00:00
1812,0.5116881728172302,0.15512815117835999,0.3331836462020874,0,2024-08-27 17:00:00+00:00
1813,0.49374791979789734,0.16588380932807922,0.3403683304786682,0,2024-08-27 17:00:00+00:00
1814,0.49374791979789734,0.16588380932807922,0.3403683304786682,0,2024-08-27 18:00:00+00:00
1815,0.47498849034309387,0.18173527717590332,0.34327614307403564,0,2024-08-27 18:00:00+00:00
1816,0.47498849034309387,0.18173527717590332,0.34327614307403564,0,2024-08-27 19:00:00+00:00
1817,0.5005658268928528,0.17032228410243988,0.32911184430122375,0,2024-08-27 19:00:00+00:00
1818,0.5005658268928528,0.17032228410243988,0.32911184430122375,0,2024-08-27 20:00:00+00:00
1819,0.46459847688674927,0.1808900535106659,0.35451143980026245,0,2024-08-27 20:00:00+00:00
1820,0.46459847688674927,0.1808900535106659,0.35451143980026245,0,2024-08-27 21:00:00+00:00
1821,0.46016925573349,0.17263679206371307,0.36719387769699097,0,2024-08-27 21:00:00+00:00
1822,0.46016925573349,0.17263679206371307,0.36719387769699097,0,2024-08-27 22:00:00+00:00
1823,0.6167367100715637,0.11120659857988358,0.2720567286014557,0,2024-08-27 22:00:00+00:00
1824,0.6167367100715637,0.11120659857988358,0.2720567286014557,0,2024-08-27 23:00:00+00:00
1825,0.6767978668212891,0.09325452893972397,0.22994770109653473,0,2024-08-27 23:00:00+00:00
1826,0.6767978668212891,0.09325452893972397,0.22994770109653473,0,2024-08-28 00:00:00+00:00
1827,0.5904818177223206,0.10674235969781876,0.30277591943740845,0,2024-08-28 00:00:00+00:00
1828,0.5904818177223206,0.10674235969781876,0.30277591943740845,0,2024-08-28 01:00:00+00:00
1829,0.6007704734802246,0.10411958396434784,0.29510992765426636,0,2024-08-28 01:00:00+00:00
1830,0.6007704734802246,0.10411958396434784,0.29510992765426636,0,2024-08-28 02:00:00+00:00
1831,0.5417038202285767,0.1287151575088501,0.32958099246025085,0,2024-08-28 02:00:00+00:00
1832,0.5417038202285767,0.1287151575088501,0.32958099246025085,0,2024-08-28 03:00:00+00:00
1833,0.5282228589057922,0.14134076237678528,0.3304364085197449,0,2024-08-28 03:00:00+00:00
1834,0.5282228589057922,0.14134076237678528,0.3304364085197449,0,2024-08-28 04:00:00+00:00
1835,0.515440821647644,0.1535978764295578,0.33096134662628174,0,2024-08-28 04:00:00+00:00
1836,0.515440821647644,0.1535978764295578,0.33096134662628174,0,2024-08-28 05:00:00+00:00
1837,0.5663377046585083,0.13799318671226501,0.2956691384315491,0,2024-08-28 05:00:00+00:00
1838,0.5663377046585083,0.13799318671226501,0.2956691384315491,0,2024-08-28 06:00:00+00:00
1839,0.5440433621406555,0.14696359634399414,0.30899307131767273,0,2024-08-28 06:00:00+00:00
1840,0.5440433621406555,0.14696359634399414,0.30899307131767273,0,2024-08-28 07:00:00+00:00
1841,0.5536930561065674,0.14135177433490753,0.3049551546573639,0,2024-08-28 07:00:00+00:00
1842,0.5536930561065674,0.14135177433490753,0.3049551546573639,0,2024-08-28 08:00:00+00:00
1843,0.6206140518188477,0.10250261425971985,0.27688321471214294,0,2024-08-28 08:00:00+00:00
1844,0.6206140518188477,0.10250261425971985,0.27688321471214294,0,2024-08-28 09:00:00+00:00
1845,0.5749130845069885,0.1162097230553627,0.30887725949287415,0,2024-08-28 09:00:00+00:00
1846,0.5749130845069885,0.1162097230553627,0.30887725949287415,0,2024-08-28 10:00:00+00:00
1847,0.5483239889144897,0.15515495836734772,0.29652100801467896,0,2024-08-28 10:00:00+00:00
1848,0.5483239889144897,0.15515495836734772,0.29652100801467896,0,2024-08-28 11:00:00+00:00
1849,0.563236653804779,0.14317235350608826,0.29359108209609985,0,2024-08-28 11:00:00+00:00
1850,0.563236653804779,0.14317235350608826,0.29359108209609985,0,2024-08-28 12:00:00+00:00
1851,0.563403844833374,0.14662159979343414,0.2899746000766754,0,2024-08-28 12:00:00+00:00
1852,0.563403844833374,0.14662159979343414,0.2899746000766754,0,2024-08-28 13:00:00+00:00
1853,0.5364103317260742,0.16437816619873047,0.2992115318775177,0,2024-08-28 13:00:00+00:00
1854,0.5364103317260742,0.16437816619873047,0.2992115318775177,0,2024-08-28 14:00:00+00:00
1855,0.5470500588417053,0.139815092086792,0.3131347894668579,0,2024-08-28 14:00:00+00:00
1856,0.5470500588417053,0.139815092086792,0.3131347894668579,0,2024-08-28 15:00:00+00:00
1857,0.5394874811172485,0.13544592261314392,0.32506656646728516,0,2024-08-28 15:00:00+00:00
1858,0.5394874811172485,0.13544592261314392,0.32506656646728516,0,2024-08-28 16:00:00+00:00
1859,0.5425519943237305,0.12196318805217743,0.3354848325252533,0,2024-08-28 16:00:00+00:00
1860,0.5425519943237305,0.12196318805217743,0.3354848325252533,0,2024-08-28 17:00:00+00:00
1861,0.5687065720558167,0.11868239939212799,0.3126109540462494,0,2024-08-28 17:00:00+00:00
1862,0.5687065720558167,0.11868239939212799,0.3126109540462494,0,2024-08-28 18:00:00+00:00
1863,0.5609899759292603,0.11234890669584274,0.3266611695289612,0,2024-08-28 18:00:00+00:00
1864,0.5609899759292603,0.11234890669584274,0.3266611695289612,0,2024-08-28 19:00:00+00:00
1865,0.5213302373886108,0.14439409971237183,0.3342757225036621,0,2024-08-28 19:00:00+00:00
1866,0.5213302373886108,0.14439409971237183,0.3342757225036621,0,2024-08-28 20:00:00+00:00
1867,0.4993817210197449,0.15511776506900787,0.34550049901008606,0,2024-08-28 20:00:00+00:00
1868,0.4993817210197449,0.15511776506900787,0.34550049901008606,0,2024-08-28 21:00:00+00:00
1869,0.5356426239013672,0.1288413256406784,0.3355160057544708,0,2024-08-28 21:00:00+00:00
1870,0.5356426239013672,0.1288413256406784,0.3355160057544708,0,2024-08-28 22:00:00+00:00
1871,0.5410826206207275,0.11751574277877808,0.3414016664028168,0,2024-08-28 22:00:00+00:00
1872,0.5410826206207275,0.11751574277877808,0.3414016664028168,0,2024-08-28 23:00:00+00:00
1873,0.5066655278205872,0.14382298290729523,0.3495114743709564,0,2024-08-28 23:00:00+00:00
1874,0.5066655278205872,0.14382298290729523,0.3495114743709564,0,2024-08-29 00:00:00+00:00
1875,0.5052034854888916,0.1656055599451065,0.3291909396648407,0,2024-08-29 00:00:00+00:00
1876,0.5052034854888916,0.1656055599451065,0.3291909396648407,0,2024-08-29 01:00:00+00:00
1877,0.4764906167984009,0.16219474375247955,0.361314594745636,0,2024-08-29 01:00:00+00:00
1878,0.4764906167984009,0.16219474375247955,0.361314594745636,0,2024-08-29 02:00:00+00:00
1879,0.5340388417243958,0.1428787261247635,0.3230823278427124,0,2024-08-29 02:00:00+00:00
1880,0.5340388417243958,0.1428787261247635,0.3230823278427124,0,2024-08-29 03:00:00+00:00
1881,0.5234421491622925,0.16402015089988708,0.31253767013549805,0,2024-08-29 03:00:00+00:00
1882,0.5234421491622925,0.16402015089988708,0.31253767013549805,0,2024-08-29 04:00:00+00:00
1883,0.54859459400177,0.1471451222896576,0.3042603135108948,0,2024-08-29 04:00:00+00:00
1884,0.54859459400177,0.1471451222896576,0.3042603135108948,0,2024-08-29 05:00:00+00:00
1885,0.5651896595954895,0.14295655488967896,0.2918538451194763,0,2024-08-29 05:00:00+00:00
1886,0.5651896595954895,0.14295655488967896,0.2918538451194763,0,2024-08-29 06:00:00+00:00
1887,0.5469806790351868,0.16466540098190308,0.28835391998291016,0,2024-08-29 06:00:00+00:00
1888,0.5469806790351868,0.16466540098190308,0.28835391998291016,0,2024-08-29 07:00:00+00:00
1889,0.5352272391319275,0.17452742159366608,0.29024529457092285,0,2024-08-29 07:00:00+00:00
1890,0.5352272391319275,0.17452742159366608,0.29024529457092285,0,2024-08-29 08:00:00+00:00
1891,0.531661868095398,0.17456120252609253,0.29377689957618713,0,2024-08-29 08:00:00+00:00
1892,0.531661868095398,0.17456120252609253,0.29377689957618713,0,2024-08-29 09:00:00+00:00
1893,0.5322707891464233,0.1820971667766571,0.28563210368156433,0,2024-08-29 09:00:00+00:00
1894,0.5322707891464233,0.1820971667766571,0.28563210368156433,0,2024-08-29 10:00:00+00:00
1895,0.5387303233146667,0.18013034760951996,0.2811393141746521,0,2024-08-29 10:00:00+00:00
1896,0.5387303233146667,0.18013034760951996,0.2811393141746521,0,2024-08-29 11:00:00+00:00
1897,0.5364149212837219,0.18617340922355652,0.2774116098880768,0,2024-08-29 11:00:00+00:00
1898,0.5364149212837219,0.18617340922355652,0.2774116098880768,0,2024-08-29 12:00:00+00:00
1899,0.514498233795166,0.1777782440185547,0.30772361159324646,0,2024-08-29 12:00:00+00:00
1900,0.514498233795166,0.1777782440185547,0.30772361159324646,0,2024-08-29 13:00:00+00:00
1901,0.5009366869926453,0.17534862458705902,0.3237146735191345,0,2024-08-29 13:00:00+00:00
1902,0.5009366869926453,0.17534862458705902,0.3237146735191345,0,2024-08-29 14:00:00+00:00
1903,0.5027978420257568,0.18183815479278564,0.3153640031814575,0,2024-08-29 14:00:00+00:00
1904,0.5027978420257568,0.18183815479278564,0.3153640031814575,0,2024-08-29 15:00:00+00:00
1905,0.49641135334968567,0.18903522193431854,0.31455346941947937,0,2024-08-29 15:00:00+00:00
1906,0.49641135334968567,0.18903522193431854,0.31455346941947937,0,2024-08-29 16:00:00+00:00
1907,0.47296419739723206,0.19210419058799744,0.3349316120147705,0,2024-08-29 16:00:00+00:00
1908,0.47296419739723206,0.19210419058799744,0.3349316120147705,0,2024-08-29 17:00:00+00:00
1909,0.4660349488258362,0.2133447825908661,0.3206203579902649,0,2024-08-29 17:00:00+00:00
1910,0.4660349488258362,0.2133447825908661,0.3206203579902649,0,2024-08-29 18:00:00+00:00
1911,0.464661180973053,0.22605009377002716,0.30928879976272583,0,2024-08-29 18:00:00+00:00
1912,0.464661180973053,0.22605009377002716,0.30928879976272583,0,2024-08-29 19:00:00+00:00
1913,0.484602153301239,0.15297599136829376,0.36242184042930603,0,2024-08-29 19:00:00+00:00
1914,0.484602153301239,0.15297599136829376,0.36242184042930603,0,2024-08-29 20:00:00+00:00
1915,0.4640345275402069,0.16494648158550262,0.3710189163684845,0,2024-08-29 20:00:00+00:00
1916,0.4640345275402069,0.16494648158550262,0.3710189163684845,0,2024-08-29 21:00:00+00:00
1917,0.5044991374015808,0.1487983763217926,0.34670254588127136,0,2024-08-29 21:00:00+00:00
1918,0.5044991374015808,0.1487983763217926,0.34670254588127136,0,2024-08-29 22:00:00+00:00
1919,0.5517745018005371,0.14113785326480865,0.3070876896381378,0,2024-08-29 22:00:00+00:00
1920,0.5517745018005371,0.14113785326480865,0.3070876896381378,0,2024-08-29 23:00:00+00:00
1921,0.5519480109214783,0.1283964216709137,0.31965556740760803,0,2024-08-29 23:00:00+00:00
1922,0.5519480109214783,0.1283964216709137,0.31965556740760803,0,2024-08-30 00:00:00+00:00
1923,0.6067850589752197,0.11249703913927078,0.28071796894073486,0,2024-08-30 00:00:00+00:00
1924,0.6067850589752197,0.11249703913927078,0.28071796894073486,0,2024-08-30 01:00:00+00:00
1925,0.49146491289138794,0.166854590177536,0.34168049693107605,0,2024-08-30 01:00:00+00:00
1926,0.49146491289138794,0.166854590177536,0.34168049693107605,0,2024-08-30 02:00:00+00:00
1927,0.513562798500061,0.15272082388401031,0.33371633291244507,0,2024-08-30 02:00:00+00:00
1928,0.513562798500061,0.15272082388401031,0.33371633291244507,0,2024-08-30 03:00:00+00:00
1929,0.5332823395729065,0.1417415291070938,0.3249760866165161,0,2024-08-30 03:00:00+00:00
1930,0.5332823395729065,0.1417415291070938,0.3249760866165161,0,2024-08-30 04:00:00+00:00
1931,0.5819958448410034,0.12406961619853973,0.29393455386161804,0,2024-08-30 04:00:00+00:00
1932,0.5819958448410034,0.12406961619853973,0.29393455386161804,0,2024-08-30 05:00:00+00:00
1933,0.5442553162574768,0.1349073201417923,0.3208373785018921,0,2024-08-30 05:00:00+00:00
1934,0.5442553162574768,0.1349073201417923,0.3208373785018921,0,2024-08-30 06:00:00+00:00
1935,0.6140338778495789,0.11323968321084976,0.2727264165878296,0,2024-08-30 06:00:00+00:00
1936,0.6140338778495789,0.11323968321084976,0.2727264165878296,0,2024-08-30 07:00:00+00:00
1937,0.5167184472084045,0.15265238285064697,0.3306291103363037,0,2024-08-30 07:00:00+00:00
1938,0.5167184472084045,0.15265238285064697,0.3306291103363037,0,2024-08-30 08:00:00+00:00
1939,0.5205405354499817,0.14279726147651672,0.336662232875824,0,2024-08-30 08:00:00+00:00
1940,0.5205405354499817,0.14279726147651672,0.336662232875824,0,2024-08-30 09:00:00+00:00
1941,0.517871081829071,0.15907099843025208,0.3230578899383545,0,2024-08-30 09:00:00+00:00
1942,0.517871081829071,0.15907099843025208,0.3230578899383545,0,2024-08-30 10:00:00+00:00
1943,0.4913713335990906,0.1720028966665268,0.3366257846355438,0,2024-08-30 10:00:00+00:00
1944,0.4913713335990906,0.1720028966665268,0.3366257846355438,0,2024-08-30 11:00:00+00:00
1945,0.5476335287094116,0.15348979830741882,0.2988767921924591,0,2024-08-30 11:00:00+00:00
1946,0.5476335287094116,0.15348979830741882,0.2988767921924591,0,2024-08-30 12:00:00+00:00
1947,0.5692419409751892,0.13763341307640076,0.2931246757507324,0,2024-08-30 12:00:00+00:00
1948,0.5692419409751892,0.13763341307640076,0.2931246757507324,0,2024-08-30 13:00:00+00:00
1949,0.5081912875175476,0.1756550371646881,0.3161536753177643,0,2024-08-30 13:00:00+00:00
1950,0.5081912875175476,0.1756550371646881,0.3161536753177643,0,2024-08-30 14:00:00+00:00
1951,0.4610353112220764,0.18990615010261536,0.3490585386753082,0,2024-08-30 14:00:00+00:00
1952,0.4610353112220764,0.18990615010261536,0.3490585386753082,0,2024-08-30 15:00:00+00:00
1953,0.5425013303756714,0.1412409245967865,0.3162577450275421,0,2024-08-30 15:00:00+00:00
1954,0.5425013303756714,0.1412409245967865,0.3162577450275421,0,2024-08-30 16:00:00+00:00
1955,0.6334898471832275,0.11775548756122589,0.24875465035438538,0,2024-08-30 16:00:00+00:00
1956,0.6334898471832275,0.11775548756122589,0.24875465035438538,0,2024-08-30 17:00:00+00:00
1957,0.5188828110694885,0.14195632934570312,0.33916085958480835,0,2024-08-30 17:00:00+00:00
1958,0.5188828110694885,0.14195632934570312,0.33916085958480835,0,2024-08-30 18:00:00+00:00
1959,0.4690626859664917,0.14853641390800476,0.38240087032318115,0,2024-08-30 18:00:00+00:00
1960,0.4690626859664917,0.14853641390800476,0.38240087032318115,0,2024-08-30 19:00:00+00:00
1961,0.48773184418678284,0.1721724271774292,0.34009575843811035,0,2024-08-30 19:00:00+00:00
1962,0.48773184418678284,0.1721724271774292,0.34009575843811035,0,2024-08-30 20:00:00+00:00
1963,0.451168030500412,0.18595856428146362,0.3628734350204468,0,2024-08-30 20:00:00+00:00
1964,0.451168030500412,0.18595856428146362,0.3628734350204468,0,2024-08-30 21:00:00+00:00
1965,0.4770750403404236,0.17584127187728882,0.3470836579799652,0,2024-08-30 21:00:00+00:00
1966,0.4770750403404236,0.17584127187728882,0.3470836579799652,0,2024-08-30 22:00:00+00:00
1967,0.4774850606918335,0.1814301311969757,0.3410847783088684,0,2024-08-30 22:00:00+00:00
1968,0.4774850606918335,0.1814301311969757,0.3410847783088684,0,2024-08-30 23:00:00+00:00
1969,0.4875181317329407,0.1844465136528015,0.328035444021225,0,2024-08-30 23:00:00+00:00
1970,0.4875181317329407,0.1844465136528015,0.328035444021225,0,2024-08-31 00:00:00+00:00
1971,0.48539531230926514,0.18773728609085083,0.32686737179756165,0,2024-08-31 00:00:00+00:00
1972,0.48539531230926514,0.18773728609085083,0.32686737179756165,0,2024-08-31 01:00:00+00:00
1973,0.5022731423377991,0.18539735674858093,0.3123295307159424,0,2024-08-31 01:00:00+00:00
1974,0.5022731423377991,0.18539735674858093,0.3123295307159424,0,2024-08-31 02:00:00+00:00
1975,0.47884830832481384,0.19834384322166443,0.3228078782558441,0,2024-08-31 02:00:00+00:00
1976,0.47884830832481384,0.19834384322166443,0.3228078782558441,0,2024-08-31 03:00:00+00:00
1977,0.5044286251068115,0.1848924309015274,0.3106789290904999,0,2024-08-31 03:00:00+00:00
1978,0.5044286251068115,0.1848924309015274,0.3106789290904999,0,2024-08-31 04:00:00+00:00
1979,0.5108945369720459,0.18249690532684326,0.30660855770111084,0,2024-08-31 04:00:00+00:00
1980,0.5108945369720459,0.18249690532684326,0.30660855770111084,0,2024-08-31 05:00:00+00:00
1981,0.49435120820999146,0.2002733200788498,0.30537545680999756,0,2024-08-31 05:00:00+00:00
1982,0.49435120820999146,0.2002733200788498,0.30537545680999756,0,2024-08-31 06:00:00+00:00
1983,0.4836069941520691,0.20469814538955688,0.31169480085372925,0,2024-08-31 06:00:00+00:00
1984,0.4836069941520691,0.20469814538955688,0.31169480085372925,0,2024-08-31 07:00:00+00:00
1985,0.5055524110794067,0.1902683526277542,0.30417928099632263,0,2024-08-31 07:00:00+00:00
1986,0.5055524110794067,0.1902683526277542,0.30417928099632263,0,2024-08-31 08:00:00+00:00
1987,0.4983556270599365,0.18957611918449402,0.31206828355789185,0,2024-08-31 08:00:00+00:00
1988,0.4983556270599365,0.18957611918449402,0.31206828355789185,0,2024-08-31 09:00:00+00:00
1989,0.5106208920478821,0.17732854187488556,0.31205058097839355,0,2024-08-31 09:00:00+00:00
1990,0.5106208920478821,0.17732854187488556,0.31205058097839355,0,2024-08-31 10:00:00+00:00
1991,0.4863260090351105,0.19591765105724335,0.31775641441345215,0,2024-08-31 10:00:00+00:00
1992,0.4863260090351105,0.19591765105724335,0.31775641441345215,0,2024-08-31 11:00:00+00:00
1993,0.5151097178459167,0.1840062141418457,0.30088403820991516,0,2024-08-31 11:00:00+00:00
1994,0.5151097178459167,0.1840062141418457,0.30088403820991516,0,2024-08-31 12:00:00+00:00
1995,0.49235910177230835,0.20365972816944122,0.30398115515708923,0,2024-08-31 12:00:00+00:00
1996,0.49235910177230835,0.20365972816944122,0.30398115515708923,0,2024-08-31 13:00:00+00:00
1997,0.48408952355384827,0.1991579532623291,0.3167526125907898,0,2024-08-31 13:00:00+00:00
1998,0.48408952355384827,0.1991579532623291,0.3167526125907898,0,2024-08-31 14:00:00+00:00
1999,0.492728590965271,0.1973177045583725,0.3099536597728729,0,2024-08-31 14:00:00+00:00
2000,0.492728590965271,0.1973177045583725,0.3099536597728729,0,2024-08-31 15:00:00+00:00
2001,0.47436079382896423,0.2240472286939621,0.3015919625759125,0,2024-08-31 15:00:00+00:00
2002,0.47436079382896423,0.2240472286939621,0.3015919625759125,0,2024-08-31 16:00:00+00:00
2003,0.4249236583709717,0.23702599108219147,0.33805036544799805,0,2024-08-31 16:00:00+00:00
2004,0.4249236583709717,0.23702599108219147,0.33805036544799805,0,2024-08-31 17:00:00+00:00
2005,0.45844757556915283,0.21709893643856049,0.32445359230041504,0,2024-08-31 17:00:00+00:00
2006,0.45844757556915283,0.21709893643856049,0.32445359230041504,0,2024-08-31 18:00:00+00:00
2007,0.4817555546760559,0.18698956072330475,0.3312549293041229,0,2024-08-31 18:00:00+00:00
2008,0.4817555546760559,0.18698956072330475,0.3312549293041229,0,2024-08-31 19:00:00+00:00
2009,0.5670021772384644,0.1729550063610077,0.2600427269935608,0,2024-08-31 19:00:00+00:00
2010,0.5670021772384644,0.1729550063610077,0.2600427269935608,0,2024-08-31 20:00:00+00:00
2011,0.5214369893074036,0.18161499500274658,0.29694798588752747,0,2024-08-31 20:00:00+00:00
2012,0.5214369893074036,0.18161499500274658,0.29694798588752747,0,2024-08-31 21:00:00+00:00
2013,0.5627886056900024,0.1607324630022049,0.2764788866043091,0,2024-08-31 21:00:00+00:00
2014,0.5627886056900024,0.1607324630022049,0.2764788866043091,0,2024-08-31 22:00:00+00:00
2015,0.5364108681678772,0.1659623384475708,0.29762670397758484,0,2024-08-31 22:00:00+00:00
2016,0.5364108681678772,0.1659623384475708,0.29762670397758484,0,2024-08-31 23:00:00+00:00
2017,0.5587706565856934,0.13723812997341156,0.3039911985397339,0,2024-08-31 23:00:00+00:00
2018,0.5587706565856934,0.13723812997341156,0.3039911985397339,0,2024-09-01 00:00:00+00:00
2019,0.5566133856773376,0.1474744975566864,0.2959121763706207,0,2024-09-01 00:00:00+00:00
2020,0.5566133856773376,0.1474744975566864,0.2959121763706207,0,2024-09-01 01:00:00+00:00
2021,0.5047198534011841,0.173378124833107,0.32190191745758057,0,2024-09-01 01:00:00+00:00
2022,0.5047198534011841,0.173378124833107,0.32190191745758057,0,2024-09-01 02:00:00+00:00
2023,0.5315591096878052,0.15457583963871002,0.3138650059700012,0,2024-09-01 02:00:00+00:00
2024,0.5315591096878052,0.15457583963871002,0.3138650059700012,0,2024-09-01 03:00:00+00:00
2025,0.5924716591835022,0.14461401104927063,0.2629143297672272,0,2024-09-01 03:00:00+00:00
2026,0.5924716591835022,0.14461401104927063,0.2629143297672272,0,2024-09-01 04:00:00+00:00
2027,0.5954011082649231,0.13749448955059052,0.2671043276786804,0,2024-09-01 04:00:00+00:00
2028,0.5954011082649231,0.13749448955059052,0.2671043276786804,0,2024-09-01 05:00:00+00:00
2029,0.630419909954071,0.12832848727703094,0.24125170707702637,0,2024-09-01 05:00:00+00:00
2030,0.630419909954071,0.12832848727703094,0.24125170707702637,0,2024-09-01 06:00:00+00:00
2031,0.7096138596534729,0.10003817081451416,0.1903480738401413,0,2024-09-01 06:00:00+00:00
2032,0.7096138596534729,0.10003817081451416,0.1903480738401413,0,2024-09-01 07:00:00+00:00
2033,0.6718298196792603,0.1329612135887146,0.19520893692970276,0,2024-09-01 07:00:00+00:00
2034,0.6718298196792603,0.1329612135887146,0.19520893692970276,0,2024-09-01 08:00:00+00:00
2035,0.6097780466079712,0.16842912137508392,0.2217928171157837,0,2024-09-01 08:00:00+00:00
2036,0.6097780466079712,0.16842912137508392,0.2217928171157837,0,2024-09-01 09:00:00+00:00
2037,0.7272948622703552,0.1175084337592125,0.15519675612449646,0,2024-09-01 09:00:00+00:00
2038,0.7272948622703552,0.1175084337592125,0.15519675612449646,0,2024-09-01 10:00:00+00:00
2039,0.7003694176673889,0.09817872196435928,0.20145177841186523,0,2024-09-01 10:00:00+00:00
2040,0.7003694176673889,0.09817872196435928,0.20145177841186523,0,2024-09-01 11:00:00+00:00
2041,0.7360396385192871,0.0853457823395729,0.178614541888237,0,2024-09-01 11:00:00+00:00
2042,0.7360396385192871,0.0853457823395729,0.178614541888237,0,2024-09-01 12:00:00+00:00
2043,0.5675473213195801,0.13096554577350616,0.30148717761039734,0,2024-09-01 12:00:00+00:00
2044,0.5675473213195801,0.13096554577350616,0.30148717761039734,0,2024-09-01 13:00:00+00:00
2045,0.5830466747283936,0.12039918452501297,0.2965541481971741,0,2024-09-01 13:00:00+00:00
2046,0.5830466747283936,0.12039918452501297,0.2965541481971741,0,2024-09-01 14:00:00+00:00
2047,0.5516220927238464,0.14274488389492035,0.3056330382823944,0,2024-09-01 14:00:00+00:00
2048,0.5516220927238464,0.14274488389492035,0.3056330382823944,0,2024-09-01 15:00:00+00:00
2049,0.5347270369529724,0.15465010702610016,0.31062281131744385,0,2024-09-01 15:00:00+00:00
2050,0.5347270369529724,0.15465010702610016,0.31062281131744385,0,2024-09-01 16:00:00+00:00
2051,0.48558351397514343,0.19242790341377258,0.32198861241340637,0,2024-09-01 16:00:00+00:00
2052,0.48558351397514343,0.19242790341377258,0.32198861241340637,0,2024-09-01 17:00:00+00:00
2053,0.512650728225708,0.17756956815719604,0.3097797632217407,0,2024-09-01 17:00:00+00:00
2054,0.512650728225708,0.17756956815719604,0.3097797632217407,0,2024-09-01 18:00:00+00:00
2055,0.5369635820388794,0.1614617258310318,0.3015747368335724,0,2024-09-01 18:00:00+00:00
2056,0.5369635820388794,0.1614617258310318,0.3015747368335724,0,2024-09-01 19:00:00+00:00
2057,0.5125771164894104,0.18300652503967285,0.3044164478778839,0,2024-09-01 19:00:00+00:00
2058,0.5125771164894104,0.18300652503967285,0.3044164478778839,0,2024-09-01 20:00:00+00:00
2059,0.5091308951377869,0.18794672191143036,0.3029223382472992,0,2024-09-01 20:00:00+00:00
2060,0.5091308951377869,0.18794672191143036,0.3029223382472992,0,2024-09-01 21:00:00+00:00
2061,0.4976116120815277,0.18859784305095673,0.31379055976867676,0,2024-09-01 21:00:00+00:00
2062,0.4976116120815277,0.18859784305095673,0.31379055976867676,0,2024-09-01 22:00:00+00:00
2063,0.507116436958313,0.18260475993156433,0.3102787435054779,0,2024-09-01 22:00:00+00:00
2064,0.507116436958313,0.18260475993156433,0.3102787435054779,0,2024-09-01 23:00:00+00:00
2065,0.5640572309494019,0.1435391902923584,0.2924036383628845,0,2024-09-01 23:00:00+00:00
2066,0.5640572309494019,0.1435391902923584,0.2924036383628845,0,2024-09-02 00:00:00+00:00
2067,0.5833000540733337,0.13783656060695648,0.2788633406162262,0,2024-09-02 00:00:00+00:00
2068,0.5833000540733337,0.13783656060695648,0.2788633406162262,0,2024-09-02 01:00:00+00:00
2069,0.5563738346099854,0.13178898394107819,0.31183719635009766,0,2024-09-02 01:00:00+00:00
2070,0.5563738346099854,0.13178898394107819,0.31183719635009766,0,2024-09-02 02:00:00+00:00
2071,0.5762152671813965,0.14015845954418182,0.28362616896629333,0,2024-09-02 02:00:00+00:00
2072,0.5762152671813965,0.14015845954418182,0.28362616896629333,0,2024-09-02 03:00:00+00:00
2073,0.5762096047401428,0.13132347166538239,0.292466938495636,0,2024-09-02 03:00:00+00:00
2074,0.5762096047401428,0.13132347166538239,0.292466938495636,0,2024-09-02 04:00:00+00:00
2075,0.5358068943023682,0.15680371224880219,0.30738934874534607,0,2024-09-02 04:00:00+00:00
2076,0.5358068943023682,0.15680371224880219,0.30738934874534607,0,2024-09-02 05:00:00+00:00
2077,0.604180097579956,0.16136972606182098,0.23445017635822296,0,2024-09-02 05:00:00+00:00
2078,0.604180097579956,0.16136972606182098,0.23445017635822296,0,2024-09-02 06:00:00+00:00
2079,0.5484304428100586,0.15701349079608917,0.2945559620857239,0,2024-09-02 06:00:00+00:00
2080,0.5484304428100586,0.15701349079608917,0.2945559620857239,0,2024-09-02 07:00:00+00:00
2081,0.6058297753334045,0.13369227945804596,0.2604779303073883,0,2024-09-02 07:00:00+00:00
2082,0.6058297753334045,0.13369227945804596,0.2604779303073883,0,2024-09-02 08:00:00+00:00
2083,0.6507683992385864,0.13923293352127075,0.2099986970424652,0,2024-09-02 08:00:00+00:00
2084,0.6507683992385864,0.13923293352127075,0.2099986970424652,0,2024-09-02 09:00:00+00:00
2085,0.5355912446975708,0.1603626310825348,0.30404603481292725,0,2024-09-02 09:00:00+00:00
2086,0.5355912446975708,0.1603626310825348,0.30404603481292725,0,2024-09-02 10:00:00+00:00
2087,0.5100038051605225,0.1833251416683197,0.30667105317115784,0,2024-09-02 10:00:00+00:00
2088,0.5100038051605225,0.1833251416683197,0.30667105317115784,0,2024-09-02 11:00:00+00:00
2089,0.5054146647453308,0.18995197117328644,0.30463337898254395,0,2024-09-02 11:00:00+00:00
2090,0.5054146647453308,0.18995197117328644,0.30463337898254395,0,2024-09-02 12:00:00+00:00
2091,0.5258123874664307,0.17952491343021393,0.2946626842021942,0,2024-09-02 12:00:00+00:00
2092,0.5258123874664307,0.17952491343021393,0.2946626842021942,0,2024-09-02 13:00:00+00:00
2093,0.49338629841804504,0.19339753687381744,0.3132161498069763,0,2024-09-02 13:00:00+00:00
2094,0.49338629841804504,0.19339753687381744,0.3132161498069763,0,2024-09-02 14:00:00+00:00
2095,0.5004057884216309,0.18793824315071106,0.31165602803230286,0,2024-09-02 14:00:00+00:00
2096,0.5004057884216309,0.18793824315071106,0.31165602803230286,0,2024-09-02 15:00:00+00:00
2097,0.4954955279827118,0.18970325589179993,0.31480133533477783,0,2024-09-02 15:00:00+00:00
2098,0.4954955279827118,0.18970325589179993,0.31480133533477783,0,2024-09-02 16:00:00+00:00
2099,0.491657018661499,0.1863558292388916,0.32198718190193176,0,2024-09-02 16:00:00+00:00
2100,0.491657018661499,0.1863558292388916,0.32198718190193176,0,2024-09-02 17:00:00+00:00
2101,0.48531389236450195,0.18762296438217163,0.3270632028579712,0,2024-09-02 17:00:00+00:00
2102,0.48531389236450195,0.18762296438217163,0.3270632028579712,0,2024-09-02 18:00:00+00:00
2103,0.48787733912467957,0.18724888563156128,0.32487374544143677,0,2024-09-02 18:00:00+00:00
2104,0.48787733912467957,0.18724888563156128,0.32487374544143677,0,2024-09-02 19:00:00+00:00
2105,0.48742616176605225,0.1843981146812439,0.32817578315734863,0,2024-09-02 19:00:00+00:00
2106,0.48742616176605225,0.1843981146812439,0.32817578315734863,0,2024-09-02 20:00:00+00:00
2107,0.4840487837791443,0.1835276335477829,0.3324235677719116,0,2024-09-02 20:00:00+00:00
2108,0.4840487837791443,0.1835276335477829,0.3324235677719116,0,2024-09-02 21:00:00+00:00
2109,0.4583989083766937,0.18584902584552765,0.35575199127197266,0,2024-09-02 21:00:00+00:00
2110,0.4583989083766937,0.18584902584552765,0.35575199127197266,0,2024-09-02 22:00:00+00:00
2111,0.46452927589416504,0.19056002795696259,0.34491071105003357,0,2024-09-02 22:00:00+00:00
2112,0.46452927589416504,0.19056002795696259,0.34491071105003357,0,2024-09-02 23:00:00+00:00
2113,0.4301702380180359,0.20990417897701263,0.35992559790611267,0,2024-09-02 23:00:00+00:00
2114,0.4301702380180359,0.20990417897701263,0.35992559790611267,0,2024-09-03 00:00:00+00:00
2115,0.4274614453315735,0.21032457053661346,0.36221399903297424,0,2024-09-03 00:00:00+00:00
2116,0.4274614453315735,0.21032457053661346,0.36221399903297424,0,2024-09-03 01:00:00+00:00
2117,0.43146249651908875,0.20810264348983765,0.3604348599910736,0,2024-09-03 01:00:00+00:00
2118,0.43146249651908875,0.20810264348983765,0.3604348599910736,0,2024-09-03 02:00:00+00:00
2119,0.4296610653400421,0.2049776166677475,0.3653613328933716,0,2024-09-03 02:00:00+00:00
2120,0.4296610653400421,0.2049776166677475,0.3653613328933716,0,2024-09-03 03:00:00+00:00
2121,0.42801904678344727,0.20668041706085205,0.36530062556266785,0,2024-09-03 03:00:00+00:00
2122,0.42801904678344727,0.20668041706085205,0.36530062556266785,0,2024-09-03 04:00:00+00:00
2123,0.47814077138900757,0.20557905733585358,0.3162801265716553,0,2024-09-03 04:00:00+00:00
2124,0.47814077138900757,0.20557905733585358,0.3162801265716553,0,2024-09-03 05:00:00+00:00
2125,0.45485225319862366,0.22704437375068665,0.3181033432483673,0,2024-09-03 05:00:00+00:00
2126,0.45485225319862366,0.22704437375068665,0.3181033432483673,0,2024-09-03 06:00:00+00:00
2127,0.4593328833580017,0.22024290263652802,0.32042422890663147,0,2024-09-03 06:00:00+00:00
2128,0.4593328833580017,0.22024290263652802,0.32042422890663147,0,2024-09-03 07:00:00+00:00
2129,0.44739916920661926,0.24320600926876068,0.30939480662345886,0,2024-09-03 07:00:00+00:00
2130,0.44739916920661926,0.24320600926876068,0.30939480662345886,0,2024-09-03 08:00:00+00:00
2131,0.45816102623939514,0.23426564037799835,0.3075733482837677,0,2024-09-03 08:00:00+00:00
2132,0.45816102623939514,0.23426564037799835,0.3075733482837677,0,2024-09-03 09:00:00+00:00
2133,0.45378342270851135,0.26105836033821106,0.2851582467556,0,2024-09-03 09:00:00+00:00
2134,0.45378342270851135,0.26105836033821106,0.2851582467556,0,2024-09-03 10:00:00+00:00
2135,0.47233811020851135,0.23457582294940948,0.29308608174324036,0,2024-09-03 10:00:00+00:00
2136,0.47233811020851135,0.23457582294940948,0.29308608174324036,0,2024-09-03 11:00:00+00:00
2137,0.4779938757419586,0.22646287083625793,0.29554325342178345,0,2024-09-03 11:00:00+00:00
2138,0.4779938757419586,0.22646287083625793,0.29554325342178345,0,2024-09-03 12:00:00+00:00
2139,0.47150182723999023,0.22054491937160492,0.30795320868492126,0,2024-09-03 12:00:00+00:00
2140,0.47150182723999023,0.22054491937160492,0.30795320868492126,0,2024-09-03 13:00:00+00:00
2141,0.508662760257721,0.20047159492969513,0.29086562991142273,0,2024-09-03 13:00:00+00:00
2142,0.508662760257721,0.20047159492969513,0.29086562991142273,0,2024-09-03 14:00:00+00:00
2143,0.4818000793457031,0.20607426762580872,0.31212562322616577,0,2024-09-03 14:00:00+00:00
2144,0.4818000793457031,0.20607426762580872,0.31212562322616577,0,2024-09-03 15:00:00+00:00
2145,0.3507709801197052,0.20727144181728363,0.4419575035572052,2,2024-09-03 15:00:00+00:00
2146,0.3507709801197052,0.20727144181728363,0.4419575035572052,2,2024-09-03 16:00:00+00:00
2147,0.35217875242233276,0.21142658591270447,0.43639466166496277,2,2024-09-03 16:00:00+00:00
2148,0.35217875242233276,0.21142658591270447,0.43639466166496277,2,2024-09-03 17:00:00+00:00
2149,0.4118100702762604,0.21635641157627106,0.3718335032463074,0,2024-09-03 17:00:00+00:00
2150,0.4118100702762604,0.21635641157627106,0.3718335032463074,0,2024-09-03 18:00:00+00:00
2151,0.47967079281806946,0.18701153993606567,0.33331769704818726,0,2024-09-03 18:00:00+00:00
2152,0.47967079281806946,0.18701153993606567,0.33331769704818726,0,2024-09-03 19:00:00+00:00
2153,0.4825109541416168,0.1930457055568695,0.32444337010383606,0,2024-09-03 19:00:00+00:00
2154,0.4825109541416168,0.1930457055568695,0.32444337010383606,0,2024-09-03 20:00:00+00:00
2155,0.4978604316711426,0.18407602608203888,0.31806352734565735,0,2024-09-03 20:00:00+00:00
2156,0.4978604316711426,0.18407602608203888,0.31806352734565735,0,2024-09-03 21:00:00+00:00
2157,0.5051316022872925,0.17928659915924072,0.315581738948822,0,2024-09-03 21:00:00+00:00
2158,0.5051316022872925,0.17928659915924072,0.315581738948822,0,2024-09-03 22:00:00+00:00
2159,0.49801626801490784,0.18091675639152527,0.3210669755935669,0,2024-09-03 22:00:00+00:00
2160,0.49801626801490784,0.18091675639152527,0.3210669755935669,0,2024-09-03 23:00:00+00:00
2161,0.5032748579978943,0.16814789175987244,0.3285772204399109,0,2024-09-03 23:00:00+00:00
2162,0.5032748579978943,0.16814789175987244,0.3285772204399109,0,2024-09-04 00:00:00+00:00
2163,0.5432231426239014,0.1470559686422348,0.30972087383270264,0,2024-09-04 00:00:00+00:00
2164,0.5432231426239014,0.1470559686422348,0.30972087383270264,0,2024-09-04 01:00:00+00:00
2165,0.6170576810836792,0.11821632832288742,0.2647259831428528,0,2024-09-04 01:00:00+00:00
2166,0.6170576810836792,0.11821632832288742,0.2647259831428528,0,2024-09-04 02:00:00+00:00
2167,0.5569198131561279,0.12319439649581909,0.319885790348053,0,2024-09-04 02:00:00+00:00
2168,0.5569198131561279,0.12319439649581909,0.319885790348053,0,2024-09-04 03:00:00+00:00
2169,0.5591738224029541,0.12506204843521118,0.3157641887664795,0,2024-09-04 03:00:00+00:00
2170,0.5591738224029541,0.12506204843521118,0.3157641887664795,0,2024-09-04 04:00:00+00:00
2171,0.5314206480979919,0.1527608186006546,0.3158184587955475,0,2024-09-04 04:00:00+00:00
2172,0.5314206480979919,0.1527608186006546,0.3158184587955475,0,2024-09-04 05:00:00+00:00
2173,0.5285296440124512,0.15460889041423798,0.3168613910675049,0,2024-09-04 05:00:00+00:00
2174,0.5285296440124512,0.15460889041423798,0.3168613910675049,0,2024-09-04 06:00:00+00:00
2175,0.5349541902542114,0.1423564851284027,0.3226892948150635,0,2024-09-04 06:00:00+00:00
2176,0.5349541902542114,0.1423564851284027,0.3226892948150635,0,2024-09-04 07:00:00+00:00
2177,0.4941190481185913,0.1868150383234024,0.3190658688545227,0,2024-09-04 07:00:00+00:00
2178,0.4941190481185913,0.1868150383234024,0.3190658688545227,0,2024-09-04 08:00:00+00:00
2179,0.47193092107772827,0.20092454552650452,0.3271445333957672,0,2024-09-04 08:00:00+00:00
2180,0.47193092107772827,0.20092454552650452,0.3271445333957672,0,2024-09-04 09:00:00+00:00
2181,0.47144290804862976,0.20404553413391113,0.3245115280151367,0,2024-09-04 09:00:00+00:00
2182,0.47144290804862976,0.20404553413391113,0.3245115280151367,0,2024-09-04 10:00:00+00:00
2183,0.47497960925102234,0.20318081974983215,0.32183948159217834,0,2024-09-04 10:00:00+00:00
2184,0.47497960925102234,0.20318081974983215,0.32183948159217834,0,2024-09-04 11:00:00+00:00
2185,0.4943029582500458,0.1870606541633606,0.31863632798194885,0,2024-09-04 11:00:00+00:00
2186,0.4943029582500458,0.1870606541633606,0.31863632798194885,0,2024-09-04 12:00:00+00:00
2187,0.4861505925655365,0.1852453052997589,0.32860416173934937,0,2024-09-04 12:00:00+00:00
2188,0.4861505925655365,0.1852453052997589,0.32860416173934937,0,2024-09-04 13:00:00+00:00
2189,0.49082157015800476,0.17927418649196625,0.3299042582511902,0,2024-09-04 13:00:00+00:00
2190,0.49082157015800476,0.17927418649196625,0.3299042582511902,0,2024-09-04 14:00:00+00:00
2191,0.48353058099746704,0.18648572266101837,0.3299836218357086,0,2024-09-04 14:00:00+00:00
2192,0.48353058099746704,0.18648572266101837,0.3299836218357086,0,2024-09-04 15:00:00+00:00
2193,0.48601409792900085,0.18673090636730194,0.3272550702095032,0,2024-09-04 15:00:00+00:00
2194,0.48601409792900085,0.18673090636730194,0.3272550702095032,0,2024-09-04 16:00:00+00:00
2195,0.47493085265159607,0.18786346912384033,0.3372057378292084,0,2024-09-04 16:00:00+00:00
2196,0.47493085265159607,0.18786346912384033,0.3372057378292084,0,2024-09-04 17:00:00+00:00
2197,0.4597775340080261,0.19075703620910645,0.3494655191898346,0,2024-09-04 17:00:00+00:00
2198,0.4597775340080261,0.19075703620910645,0.3494655191898346,0,2024-09-04 18:00:00+00:00
2199,0.46563369035720825,0.19505946338176727,0.33930686116218567,0,2024-09-04 18:00:00+00:00
2200,0.46563369035720825,0.19505946338176727,0.33930686116218567,0,2024-09-04 19:00:00+00:00
2201,0.4772596061229706,0.19354958832263947,0.32919079065322876,0,2024-09-04 19:00:00+00:00
2202,0.4772596061229706,0.19354958832263947,0.32919079065322876,0,2024-09-04 20:00:00+00:00
2203,0.4881384074687958,0.1902467906475067,0.32161471247673035,0,2024-09-04 20:00:00+00:00
2204,0.4881384074687958,0.1902467906475067,0.32161471247673035,0,2024-09-04 21:00:00+00:00
2205,0.48778295516967773,0.18678008019924164,0.32543709874153137,0,2024-09-04 21:00:00+00:00
2206,0.48778295516967773,0.18678008019924164,0.32543709874153137,0,2024-09-04 22:00:00+00:00
2207,0.48784786462783813,0.18931905925273895,0.3228330612182617,0,2024-09-04 22:00:00+00:00
2208,0.48784786462783813,0.18931905925273895,0.3228330612182617,0,2024-09-04 23:00:00+00:00
2209,0.4150579273700714,0.20287509262561798,0.3820669949054718,0,2024-09-04 23:00:00+00:00
2210,0.4150579273700714,0.20287509262561798,0.3820669949054718,0,2024-09-05 00:00:00+00:00
2211,0.45048007369041443,0.2041422724723816,0.3453775644302368,0,2024-09-05 00:00:00+00:00
2212,0.45048007369041443,0.2041422724723816,0.3453775644302368,0,2024-09-05 01:00:00+00:00
2213,0.46862417459487915,0.21129409968852997,0.32008177042007446,0,2024-09-05 01:00:00+00:00
2214,0.46862417459487915,0.21129409968852997,0.32008177042007446,0,2024-09-05 02:00:00+00:00
2215,0.46108877658843994,0.20128905773162842,0.3376222550868988,0,2024-09-05 02:00:00+00:00
2216,0.46108877658843994,0.20128905773162842,0.3376222550868988,0,2024-09-05 03:00:00+00:00
2217,0.4721684753894806,0.210928276181221,0.3169032633304596,0,2024-09-05 03:00:00+00:00
2218,0.4721684753894806,0.210928276181221,0.3169032633304596,0,2024-09-05 04:00:00+00:00
2219,0.4684904217720032,0.21813815832138062,0.3133714199066162,0,2024-09-05 04:00:00+00:00
2220,0.4684904217720032,0.21813815832138062,0.3133714199066162,0,2024-09-05 05:00:00+00:00
2221,0.4725756347179413,0.21054121851921082,0.3168831765651703,0,2024-09-05 05:00:00+00:00
2222,0.4725756347179413,0.21054121851921082,0.3168831765651703,0,2024-09-05 06:00:00+00:00
2223,0.4614030420780182,0.2267157882452011,0.3118811547756195,0,2024-09-05 06:00:00+00:00
2224,0.4614030420780182,0.2267157882452011,0.3118811547756195,0,2024-09-05 07:00:00+00:00
2225,0.4580150544643402,0.2284594625234604,0.3135254681110382,0,2024-09-05 07:00:00+00:00
2226,0.4580150544643402,0.2284594625234604,0.3135254681110382,0,2024-09-05 08:00:00+00:00
2227,0.45974215865135193,0.2153702676296234,0.3248876631259918,0,2024-09-05 08:00:00+00:00
2228,0.45974215865135193,0.2153702676296234,0.3248876631259918,0,2024-09-05 09:00:00+00:00
2229,0.46035507321357727,0.2199828326702118,0.31966206431388855,0,2024-09-05 09:00:00+00:00
2230,0.46035507321357727,0.2199828326702118,0.31966206431388855,0,2024-09-05 10:00:00+00:00
2231,0.4493904709815979,0.26177263259887695,0.2888370156288147,0,2024-09-05 10:00:00+00:00
2232,0.4493904709815979,0.26177263259887695,0.2888370156288147,0,2024-09-05 11:00:00+00:00
2233,0.37363556027412415,0.28874531388282776,0.3376190960407257,0,2024-09-05 11:00:00+00:00
2234,0.37363556027412415,0.28874531388282776,0.3376190960407257,0,2024-09-05 12:00:00+00:00
2235,0.36541610956192017,0.2989791929721832,0.3356047570705414,0,2024-09-05 12:00:00+00:00
2236,0.36541610956192017,0.2989791929721832,0.3356047570705414,0,2024-09-05 13:00:00+00:00
2237,0.374534547328949,0.2654872238636017,0.35997816920280457,0,2024-09-05 13:00:00+00:00
2238,0.374534547328949,0.2654872238636017,0.35997816920280457,0,2024-09-05 14:00:00+00:00
2239,0.440987765789032,0.19651111960411072,0.36250123381614685,0,2024-09-05 14:00:00+00:00
2240,0.440987765789032,0.19651111960411072,0.36250123381614685,0,2024-09-05 15:00:00+00:00
2241,0.47054052352905273,0.20630042254924774,0.3231590688228607,0,2024-09-05 15:00:00+00:00
2242,0.47054052352905273,0.20630042254924774,0.3231590688228607,0,2024-09-05 16:00:00+00:00
2243,0.36224475502967834,0.2297995388507843,0.40795576572418213,2,2024-09-05 16:00:00+00:00
2244,0.36224475502967834,0.2297995388507843,0.40795576572418213,2,2024-09-05 17:00:00+00:00
2245,0.3602437973022461,0.22849859297275543,0.41125765442848206,2,2024-09-05 17:00:00+00:00
2246,0.3602437973022461,0.22849859297275543,0.41125765442848206,2,2024-09-05 18:00:00+00:00
2247,0.45930758118629456,0.20695041120052338,0.3337419629096985,0,2024-09-05 18:00:00+00:00
2248,0.45930758118629456,0.20695041120052338,0.3337419629096985,0,2024-09-05 19:00:00+00:00
2249,0.5094594359397888,0.20715996623039246,0.2833806872367859,0,2024-09-05 19:00:00+00:00
2250,0.5094594359397888,0.20715996623039246,0.2833806872367859,0,2024-09-05 20:00:00+00:00
2251,0.4105050563812256,0.21962417662143707,0.36987072229385376,0,2024-09-05 20:00:00+00:00
2252,0.4105050563812256,0.21962417662143707,0.36987072229385376,0,2024-09-05 21:00:00+00:00
2253,0.5567007660865784,0.18869850039482117,0.2546007037162781,0,2024-09-05 21:00:00+00:00
2254,0.5567007660865784,0.18869850039482117,0.2546007037162781,0,2024-09-05 22:00:00+00:00
2255,0.4874880909919739,0.19333182275295258,0.31918010115623474,0,2024-09-05 22:00:00+00:00
2256,0.4874880909919739,0.19333182275295258,0.31918010115623474,0,2024-09-05 23:00:00+00:00
2257,0.46192625164985657,0.2022630274295807,0.3358108401298523,0,2024-09-05 23:00:00+00:00
2258,0.46192625164985657,0.2022630274295807,0.3358108401298523,0,2024-09-06 00:00:00+00:00
2259,0.49334102869033813,0.19055695831775665,0.31610196828842163,0,2024-09-06 00:00:00+00:00
2260,0.49334102869033813,0.19055695831775665,0.31610196828842163,0,2024-09-06 01:00:00+00:00
2261,0.48016583919525146,0.2023271918296814,0.3175069987773895,0,2024-09-06 01:00:00+00:00
2262,0.48016583919525146,0.2023271918296814,0.3175069987773895,0,2024-09-06 02:00:00+00:00
2263,0.44578245282173157,0.2149893194437027,0.33922815322875977,0,2024-09-06 02:00:00+00:00
2264,0.44578245282173157,0.2149893194437027,0.33922815322875977,0,2024-09-06 03:00:00+00:00
2265,0.43861570954322815,0.22194333374500275,0.3394409418106079,0,2024-09-06 03:00:00+00:00
2266,0.43861570954322815,0.22194333374500275,0.3394409418106079,0,2024-09-06 04:00:00+00:00
2267,0.4400067925453186,0.23302467167377472,0.32696861028671265,0,2024-09-06 04:00:00+00:00
2268,0.4400067925453186,0.23302467167377472,0.32696861028671265,0,2024-09-06 05:00:00+00:00
2269,0.44019925594329834,0.2219761312007904,0.3378245234489441,0,2024-09-06 05:00:00+00:00
2270,0.44019925594329834,0.2219761312007904,0.3378245234489441,0,2024-09-06 06:00:00+00:00
2271,0.43323633074760437,0.2295944094657898,0.3371693193912506,0,2024-09-06 06:00:00+00:00
2272,0.43323633074760437,0.2295944094657898,0.3371693193912506,0,2024-09-06 07:00:00+00:00
2273,0.4244408905506134,0.2398485690355301,0.3357104957103729,0,2024-09-06 07:00:00+00:00
2274,0.4244408905506134,0.2398485690355301,0.3357104957103729,0,2024-09-06 08:00:00+00:00
2275,0.49299687147140503,0.19301453232765198,0.3139886260032654,0,2024-09-06 08:00:00+00:00
2276,0.49299687147140503,0.19301453232765198,0.3139886260032654,0,2024-09-06 09:00:00+00:00
2277,0.4626621603965759,0.20203232765197754,0.3353055417537689,0,2024-09-06 09:00:00+00:00
2278,0.4626621603965759,0.20203232765197754,0.3353055417537689,0,2024-09-06 10:00:00+00:00
2279,0.4392024278640747,0.23287861049175262,0.3279189169406891,0,2024-09-06 10:00:00+00:00
2280,0.4392024278640747,0.23287861049175262,0.3279189169406891,0,2024-09-06 11:00:00+00:00
2281,0.4473060667514801,0.21922363340854645,0.3334702253341675,0,2024-09-06 11:00:00+00:00
2282,0.4473060667514801,0.21922363340854645,0.3334702253341675,0,2024-09-06 12:00:00+00:00
2283,0.4447070062160492,0.21984246373176575,0.3354504406452179,0,2024-09-06 12:00:00+00:00
2284,0.4447070062160492,0.21984246373176575,0.3354504406452179,0,2024-09-06 13:00:00+00:00
2285,0.5397209525108337,0.19147515296936035,0.2688038945198059,0,2024-09-06 13:00:00+00:00
2286,0.5397209525108337,0.19147515296936035,0.2688038945198059,0,2024-09-06 14:00:00+00:00
2287,0.4843633770942688,0.18649549782276154,0.32914116978645325,0,2024-09-06 14:00:00+00:00
2288,0.4843633770942688,0.18649549782276154,0.32914116978645325,0,2024-09-06 15:00:00+00:00
2289,0.4858943223953247,0.18238519132137299,0.3317204415798187,0,2024-09-06 15:00:00+00:00
2290,0.4858943223953247,0.18238519132137299,0.3317204415798187,0,2024-09-06 16:00:00+00:00
2291,0.5010862946510315,0.2033422589302063,0.2955714166164398,0,2024-09-06 16:00:00+00:00
2292,0.5010862946510315,0.2033422589302063,0.2955714166164398,0,2024-09-06 17:00:00+00:00
2293,0.408881813287735,0.2120669186115265,0.3790512681007385,0,2024-09-06 17:00:00+00:00
2294,0.408881813287735,0.2120669186115265,0.3790512681007385,0,2024-09-06 18:00:00+00:00
2295,0.45802801847457886,0.1989707052707672,0.3430013358592987,0,2024-09-06 18:00:00+00:00
2296,0.45802801847457886,0.1989707052707672,0.3430013358592987,0,2024-09-06 19:00:00+00:00
2297,0.41360700130462646,0.21093608438968658,0.37545689940452576,0,2024-09-06 19:00:00+00:00
2298,0.41360700130462646,0.21093608438968658,0.37545689940452576,0,2024-09-06 20:00:00+00:00
2299,0.4562527537345886,0.20257751643657684,0.3411697745323181,0,2024-09-06 20:00:00+00:00
2300,0.4562527537345886,0.20257751643657684,0.3411697745323181,0,2024-09-06 21:00:00+00:00
2301,0.46049410104751587,0.17697520554065704,0.3625306785106659,0,2024-09-06 21:00:00+00:00
2302,0.46049410104751587,0.17697520554065704,0.3625306785106659,0,2024-09-06 22:00:00+00:00
2303,0.47422507405281067,0.18227419257164001,0.3435007631778717,0,2024-09-06 22:00:00+00:00
2304,0.47422507405281067,0.18227419257164001,0.3435007631778717,0,2024-09-06 23:00:00+00:00
2305,0.5300382375717163,0.15460123121738434,0.3153606653213501,0,2024-09-06 23:00:00+00:00
2306,0.5300382375717163,0.15460123121738434,0.3153606653213501,0,2024-09-07 00:00:00+00:00
2307,0.4981948435306549,0.17224951088428497,0.32955560088157654,0,2024-09-07 00:00:00+00:00
2308,0.4981948435306549,0.17224951088428497,0.32955560088157654,0,2024-09-07 01:00:00+00:00
2309,0.4904910624027252,0.17514939606189728,0.33435943722724915,0,2024-09-07 01:00:00+00:00
2310,0.4904910624027252,0.17514939606189728,0.33435943722724915,0,2024-09-07 02:00:00+00:00
2311,0.5073065161705017,0.17356866598129272,0.319124698638916,0,2024-09-07 02:00:00+00:00
2312,0.5073065161705017,0.17356866598129272,0.319124698638916,0,2024-09-07 03:00:00+00:00
2313,0.48616141080856323,0.1901991218328476,0.32363951206207275,0,2024-09-07 03:00:00+00:00
2314,0.48616141080856323,0.1901991218328476,0.32363951206207275,0,2024-09-07 04:00:00+00:00
2315,0.4799049198627472,0.19041594862937927,0.32967904210090637,0,2024-09-07 04:00:00+00:00
2316,0.4799049198627472,0.19041594862937927,0.32967904210090637,0,2024-09-07 05:00:00+00:00
2317,0.4708420932292938,0.2002369910478592,0.32892096042633057,0,2024-09-07 05:00:00+00:00
2318,0.4708420932292938,0.2002369910478592,0.32892096042633057,0,2024-09-07 06:00:00+00:00
2319,0.4763411283493042,0.2015497237443924,0.322109192609787,0,2024-09-07 06:00:00+00:00
2320,0.4763411283493042,0.2015497237443924,0.322109192609787,0,2024-09-07 07:00:00+00:00
2321,0.48248887062072754,0.22681476175785065,0.2906964123249054,0,2024-09-07 07:00:00+00:00
2322,0.48248887062072754,0.22681476175785065,0.2906964123249054,0,2024-09-07 08:00:00+00:00
2323,0.4808731973171234,0.21666096150875092,0.3024657666683197,0,2024-09-07 08:00:00+00:00
2324,0.4808731973171234,0.21666096150875092,0.3024657666683197,0,2024-09-07 09:00:00+00:00
2325,0.48328933119773865,0.2098422795534134,0.3068682849407196,0,2024-09-07 09:00:00+00:00
2326,0.48328933119773865,0.2098422795534134,0.3068682849407196,0,2024-09-07 10:00:00+00:00
2327,0.5210500359535217,0.177357479929924,0.30159249901771545,0,2024-09-07 10:00:00+00:00
2328,0.5210500359535217,0.177357479929924,0.30159249901771545,0,2024-09-07 11:00:00+00:00
2329,0.4734559655189514,0.22830109298229218,0.29824286699295044,0,2024-09-07 11:00:00+00:00
2330,0.4734559655189514,0.22830109298229218,0.29824286699295044,0,2024-09-07 12:00:00+00:00
2331,0.46568071842193604,0.20734673738479614,0.3269726037979126,0,2024-09-07 12:00:00+00:00
2332,0.46568071842193604,0.20734673738479614,0.3269726037979126,0,2024-09-07 13:00:00+00:00
2333,0.47658225893974304,0.20257189869880676,0.3208458721637726,0,2024-09-07 13:00:00+00:00
2334,0.47658225893974304,0.20257189869880676,0.3208458721637726,0,2024-09-07 14:00:00+00:00
2335,0.46734216809272766,0.20351918041706085,0.3291386365890503,0,2024-09-07 14:00:00+00:00
2336,0.46734216809272766,0.20351918041706085,0.3291386365890503,0,2024-09-07 15:00:00+00:00
2337,0.48223748803138733,0.20709453523159027,0.3106679916381836,0,2024-09-07 15:00:00+00:00
2338,0.48223748803138733,0.20709453523159027,0.3106679916381836,0,2024-09-07 16:00:00+00:00
2339,0.49712565541267395,0.191968634724617,0.31090566515922546,0,2024-09-07 16:00:00+00:00
2340,0.49712565541267395,0.191968634724617,0.31090566515922546,0,2024-09-07 17:00:00+00:00
2341,0.4825322926044464,0.19705407321453094,0.32041361927986145,0,2024-09-07 17:00:00+00:00
2342,0.4825322926044464,0.19705407321453094,0.32041361927986145,0,2024-09-07 18:00:00+00:00
2343,0.48471683263778687,0.1961558610200882,0.31912732124328613,0,2024-09-07 18:00:00+00:00
2344,0.48471683263778687,0.1961558610200882,0.31912732124328613,0,2024-09-07 19:00:00+00:00
2345,0.506320595741272,0.19197188317775726,0.3017074763774872,0,2024-09-07 19:00:00+00:00
2346,0.506320595741272,0.19197188317775726,0.3017074763774872,0,2024-09-07 20:00:00+00:00
2347,0.49046725034713745,0.2147202044725418,0.2948124408721924,0,2024-09-07 20:00:00+00:00
2348,0.49046725034713745,0.2147202044725418,0.2948124408721924,0,2024-09-07 21:00:00+00:00
2349,0.495047926902771,0.26102519035339355,0.24392682313919067,0,2024-09-07 21:00:00+00:00
2350,0.495047926902771,0.26102519035339355,0.24392682313919067,0,2024-09-07 22:00:00+00:00
2351,0.46214643120765686,0.19780991971492767,0.34004366397857666,0,2024-09-07 22:00:00+00:00
2352,0.46214643120765686,0.19780991971492767,0.34004366397857666,0,2024-09-07 23:00:00+00:00
2353,0.4673405587673187,0.20695309340953827,0.32570627331733704,0,2024-09-07 23:00:00+00:00
2354,0.4673405587673187,0.20695309340953827,0.32570627331733704,0,2024-09-08 00:00:00+00:00
2355,0.479679673910141,0.2147705852985382,0.30554983019828796,0,2024-09-08 00:00:00+00:00
2356,0.479679673910141,0.2147705852985382,0.30554983019828796,0,2024-09-08 01:00:00+00:00
2357,0.46528229117393494,0.20843255519866943,0.32628512382507324,0,2024-09-08 01:00:00+00:00
2358,0.46528229117393494,0.20843255519866943,0.32628512382507324,0,2024-09-08 02:00:00+00:00
2359,0.48512721061706543,0.21529655158519745,0.29957619309425354,0,2024-09-08 02:00:00+00:00
2360,0.48512721061706543,0.21529655158519745,0.29957619309425354,0,2024-09-08 03:00:00+00:00
2361,0.4924877882003784,0.22435833513736725,0.2831539809703827,0,2024-09-08 03:00:00+00:00
2362,0.4924877882003784,0.22435833513736725,0.2831539809703827,0,2024-09-08 04:00:00+00:00
2363,0.4899286925792694,0.2213497757911682,0.2887215316295624,0,2024-09-08 04:00:00+00:00
2364,0.4899286925792694,0.2213497757911682,0.2887215316295624,0,2024-09-08 05:00:00+00:00
2365,0.49217817187309265,0.22940373420715332,0.27841809391975403,0,2024-09-08 05:00:00+00:00
2366,0.49217817187309265,0.22940373420715332,0.27841809391975403,0,2024-09-08 06:00:00+00:00
2367,0.45270419120788574,0.2675333321094513,0.2797624468803406,0,2024-09-08 06:00:00+00:00
2368,0.45270419120788574,0.2675333321094513,0.2797624468803406,0,2024-09-08 07:00:00+00:00
2369,0.46914398670196533,0.24539469182491302,0.2854613661766052,0,2024-09-08 07:00:00+00:00
2370,0.46914398670196533,0.24539469182491302,0.2854613661766052,0,2024-09-08 08:00:00+00:00
2371,0.539436936378479,0.1918017864227295,0.2687613070011139,0,2024-09-08 08:00:00+00:00
2372,0.539436936378479,0.1918017864227295,0.2687613070011139,0,2024-09-08 09:00:00+00:00
2373,0.5201444625854492,0.20299483835697174,0.27686071395874023,0,2024-09-08 09:00:00+00:00
2374,0.5201444625854492,0.20299483835697174,0.27686071395874023,0,2024-09-08 10:00:00+00:00
2375,0.5068016648292542,0.2090248018503189,0.28417351841926575,0,2024-09-08 10:00:00+00:00
2376,0.5068016648292542,0.2090248018503189,0.28417351841926575,0,2024-09-08 11:00:00+00:00
2377,0.5168519616127014,0.19835999608039856,0.2847880721092224,0,2024-09-08 11:00:00+00:00
2378,0.5168519616127014,0.19835999608039856,0.2847880721092224,0,2024-09-08 12:00:00+00:00
2379,0.4913743734359741,0.20335952937602997,0.3052660822868347,0,2024-09-08 12:00:00+00:00
2380,0.4913743734359741,0.20335952937602997,0.3052660822868347,0,2024-09-08 13:00:00+00:00
2381,0.4716877341270447,0.21947580575942993,0.3088364899158478,0,2024-09-08 13:00:00+00:00
2382,0.4716877341270447,0.21947580575942993,0.3088364899158478,0,2024-09-08 14:00:00+00:00
2383,0.47723522782325745,0.21230348944664001,0.3104613125324249,0,2024-09-08 14:00:00+00:00
2384,0.47723522782325745,0.21230348944664001,0.3104613125324249,0,2024-09-08 15:00:00+00:00
2385,0.5021756887435913,0.19234144687652588,0.3054828941822052,0,2024-09-08 15:00:00+00:00
2386,0.5021756887435913,0.19234144687652588,0.3054828941822052,0,2024-09-08 16:00:00+00:00
2387,0.5152817964553833,0.17345713078975677,0.3112610876560211,0,2024-09-08 16:00:00+00:00
2388,0.5152817964553833,0.17345713078975677,0.3112610876560211,0,2024-09-08 17:00:00+00:00
2389,0.5172953605651855,0.19248591363430023,0.29021868109703064,0,2024-09-08 17:00:00+00:00
2390,0.5172953605651855,0.19248591363430023,0.29021868109703064,0,2024-09-08 18:00:00+00:00
2391,0.4895229637622833,0.21243533492088318,0.29804176092147827,0,2024-09-08 18:00:00+00:00
2392,0.4895229637622833,0.21243533492088318,0.29804176092147827,0,2024-09-08 19:00:00+00:00
2393,0.4954248070716858,0.2114269882440567,0.2931481897830963,0,2024-09-08 19:00:00+00:00
2394,0.4954248070716858,0.2114269882440567,0.2931481897830963,0,2024-09-08 20:00:00+00:00
2395,0.4927421510219574,0.19857536256313324,0.30868250131607056,0,2024-09-08 20:00:00+00:00
2396,0.4927421510219574,0.19857536256313324,0.30868250131607056,0,2024-09-08 21:00:00+00:00
2397,0.48293396830558777,0.21281777322292328,0.30424824357032776,0,2024-09-08 21:00:00+00:00
2398,0.48293396830558777,0.21281777322292328,0.30424824357032776,0,2024-09-08 22:00:00+00:00
2399,0.4877808690071106,0.2014768123626709,0.3107423484325409,0,2024-09-08 22:00:00+00:00
2400,0.4877808690071106,0.2014768123626709,0.3107423484325409,0,2024-09-08 23:00:00+00:00
2401,0.4891248941421509,0.19356012344360352,0.317315012216568,0,2024-09-08 23:00:00+00:00
2402,0.4891248941421509,0.19356012344360352,0.317315012216568,0,2024-09-09 00:00:00+00:00
2403,0.477813184261322,0.19746705889701843,0.32471972703933716,0,2024-09-09 00:00:00+00:00
2404,0.477813184261322,0.19746705889701843,0.32471972703933716,0,2024-09-09 01:00:00+00:00
2405,0.4898742139339447,0.18357722461223602,0.32654863595962524,0,2024-09-09 01:00:00+00:00
2406,0.4898742139339447,0.18357722461223602,0.32654863595962524,0,2024-09-09 02:00:00+00:00
2407,0.47901031374931335,0.19704364240169525,0.3239459991455078,0,2024-09-09 02:00:00+00:00
2408,0.47901031374931335,0.19704364240169525,0.3239459991455078,0,2024-09-09 03:00:00+00:00
2409,0.4631079435348511,0.21515968441963196,0.3217323422431946,0,2024-09-09 03:00:00+00:00
2410,0.4631079435348511,0.21515968441963196,0.3217323422431946,0,2024-09-09 04:00:00+00:00
2411,0.4677625298500061,0.21018078923225403,0.3220566511154175,0,2024-09-09 04:00:00+00:00
2412,0.4677625298500061,0.21018078923225403,0.3220566511154175,0,2024-09-09 05:00:00+00:00
2413,0.48998457193374634,0.20025625824928284,0.3097591698169708,0,2024-09-09 05:00:00+00:00
2414,0.48998457193374634,0.20025625824928284,0.3097591698169708,0,2024-09-09 06:00:00+00:00
2415,0.5002821683883667,0.18641819059848785,0.3132997155189514,0,2024-09-09 06:00:00+00:00
2416,0.5002821683883667,0.18641819059848785,0.3132997155189514,0,2024-09-09 07:00:00+00:00
2417,0.4670169949531555,0.2143586426973343,0.3186243176460266,0,2024-09-09 07:00:00+00:00
2418,0.4670169949531555,0.2143586426973343,0.3186243176460266,0,2024-09-09 08:00:00+00:00
2419,0.45548972487449646,0.22169025242328644,0.3228199779987335,0,2024-09-09 08:00:00+00:00
2420,0.45548972487449646,0.22169025242328644,0.3228199779987335,0,2024-09-09 09:00:00+00:00
2421,0.4720967710018158,0.20566262304782867,0.32224059104919434,0,2024-09-09 09:00:00+00:00
2422,0.4720967710018158,0.20566262304782867,0.32224059104919434,0,2024-09-09 10:00:00+00:00
2423,0.47626402974128723,0.20437297224998474,0.3193630278110504,0,2024-09-09 10:00:00+00:00
2424,0.47626402974128723,0.20437297224998474,0.3193630278110504,0,2024-09-09 11:00:00+00:00
2425,0.46041780710220337,0.20632432401180267,0.33325791358947754,0,2024-09-09 11:00:00+00:00
2426,0.46041780710220337,0.20632432401180267,0.33325791358947754,0,2024-09-09 12:00:00+00:00
2427,0.4591571092605591,0.20277747511863708,0.3380654752254486,0,2024-09-09 12:00:00+00:00
2428,0.4591571092605591,0.20277747511863708,0.3380654752254486,0,2024-09-09 13:00:00+00:00
2429,0.4601573050022125,0.19844479858875275,0.34139785170555115,0,2024-09-09 13:00:00+00:00
2430,0.4601573050022125,0.19844479858875275,0.34139785170555115,0,2024-09-09 14:00:00+00:00
2431,0.45116400718688965,0.182599738240242,0.36623623967170715,0,2024-09-09 14:00:00+00:00
2432,0.45116400718688965,0.182599738240242,0.36623623967170715,0,2024-09-09 15:00:00+00:00
2433,0.4412107467651367,0.19635985791683197,0.36242949962615967,0,2024-09-09 15:00:00+00:00
2434,0.4412107467651367,0.19635985791683197,0.36242949962615967,0,2024-09-09 16:00:00+00:00
2435,0.43727734684944153,0.20443667471408844,0.35828593373298645,0,2024-09-09 16:00:00+00:00
2436,0.43727734684944153,0.20443667471408844,0.35828593373298645,0,2024-09-09 17:00:00+00:00
2437,0.45864900946617126,0.15406855940818787,0.3872823715209961,0,2024-09-09 17:00:00+00:00
2438,0.45864900946617126,0.15406855940818787,0.3872823715209961,0,2024-09-09 18:00:00+00:00
2439,0.4383636713027954,0.15643185377120972,0.4052044749259949,0,2024-09-09 18:00:00+00:00
2440,0.4383636713027954,0.15643185377120972,0.4052044749259949,0,2024-09-09 19:00:00+00:00
2441,0.4359303414821625,0.1571904718875885,0.40687909722328186,0,2024-09-09 19:00:00+00:00
2442,0.4359303414821625,0.1571904718875885,0.40687909722328186,0,2024-09-09 20:00:00+00:00
2443,0.47094616293907166,0.15495149791240692,0.37410226464271545,0,2024-09-09 20:00:00+00:00
2444,0.47094616293907166,0.15495149791240692,0.37410226464271545,0,2024-09-09 21:00:00+00:00
2445,0.4719887971878052,0.15864062309265137,0.36937057971954346,0,2024-09-09 21:00:00+00:00
2446,0.4719887971878052,0.15864062309265137,0.36937057971954346,0,2024-09-09 22:00:00+00:00
2447,0.42900511622428894,0.16328153014183044,0.4077133536338806,0,2024-09-09 22:00:00+00:00
2448,0.42900511622428894,0.16328153014183044,0.4077133536338806,0,2024-09-09 23:00:00+00:00
2449,0.47541573643684387,0.16490289568901062,0.3596813678741455,0,2024-09-09 23:00:00+00:00
2450,0.47541573643684387,0.16490289568901062,0.3596813678741455,0,2024-09-10 00:00:00+00:00
2451,0.4998032748699188,0.17080910503864288,0.3293876349925995,0,2024-09-10 00:00:00+00:00
2452,0.4998032748699188,0.17080910503864288,0.3293876349925995,0,2024-09-10 01:00:00+00:00
2453,0.48468664288520813,0.17821857333183289,0.33709487318992615,0,2024-09-10 01:00:00+00:00
2454,0.48468664288520813,0.17821857333183289,0.33709487318992615,0,2024-09-10 02:00:00+00:00
2455,0.4715055525302887,0.18377526104450226,0.3447192311286926,0,2024-09-10 02:00:00+00:00
2456,0.4715055525302887,0.18377526104450226,0.3447192311286926,0,2024-09-10 03:00:00+00:00
2457,0.46717289090156555,0.18375469744205475,0.3490723669528961,0,2024-09-10 03:00:00+00:00
2458,0.46717289090156555,0.18375469744205475,0.3490723669528961,0,2024-09-10 04:00:00+00:00
2459,0.4585038721561432,0.1903260350227356,0.3511701226234436,0,2024-09-10 04:00:00+00:00
2460,0.4585038721561432,0.1903260350227356,0.3511701226234436,0,2024-09-10 05:00:00+00:00
2461,0.4767564535140991,0.18705736100673676,0.3361862003803253,0,2024-09-10 05:00:00+00:00
2462,0.4767564535140991,0.18705736100673676,0.3361862003803253,0,2024-09-10 06:00:00+00:00
2463,0.4578855633735657,0.1772458702325821,0.36486855149269104,0,2024-09-10 06:00:00+00:00
2464,0.4578855633735657,0.1772458702325821,0.36486855149269104,0,2024-09-10 07:00:00+00:00
2465,0.47014468908309937,0.19085408747196198,0.33900123834609985,0,2024-09-10 07:00:00+00:00
2466,0.47014468908309937,0.19085408747196198,0.33900123834609985,0,2024-09-10 08:00:00+00:00
2467,0.48424282670021057,0.1864599883556366,0.3292972147464752,0,2024-09-10 08:00:00+00:00
2468,0.48424282670021057,0.1864599883556366,0.3292972147464752,0,2024-09-10 09:00:00+00:00
2469,0.48522961139678955,0.19021955132484436,0.3245508372783661,0,2024-09-10 09:00:00+00:00
2470,0.48522961139678955,0.19021955132484436,0.3245508372783661,0,2024-09-10 10:00:00+00:00
2471,0.4856182336807251,0.19058629870414734,0.32379552721977234,0,2024-09-10 10:00:00+00:00
2472,0.4856182336807251,0.19058629870414734,0.32379552721977234,0,2024-09-10 11:00:00+00:00
2473,0.4809921979904175,0.18631157279014587,0.3326962888240814,0,2024-09-10 11:00:00+00:00
2474,0.4809921979904175,0.18631157279014587,0.3326962888240814,0,2024-09-10 12:00:00+00:00
2475,0.4711415767669678,0.19037002325057983,0.33848837018013,0,2024-09-10 12:00:00+00:00
2476,0.4711415767669678,0.19037002325057983,0.33848837018013,0,2024-09-10 13:00:00+00:00
2477,0.460351824760437,0.19117103517055511,0.34847718477249146,0,2024-09-10 13:00:00+00:00
2478,0.460351824760437,0.19117103517055511,0.34847718477249146,0,2024-09-10 14:00:00+00:00
2479,0.46483734250068665,0.18436743319034576,0.3507952392101288,0,2024-09-10 14:00:00+00:00
2480,0.46483734250068665,0.18436743319034576,0.3507952392101288,0,2024-09-10 15:00:00+00:00
2481,0.4362396001815796,0.17891547083854675,0.3848450183868408,0,2024-09-10 15:00:00+00:00
2482,0.4362396001815796,0.17891547083854675,0.3848450183868408,0,2024-09-10 16:00:00+00:00
2483,0.4619981050491333,0.1804541051387787,0.35754770040512085,0,2024-09-10 16:00:00+00:00
2484,0.4619981050491333,0.1804541051387787,0.35754770040512085,0,2024-09-10 17:00:00+00:00
2485,0.4367997646331787,0.1778690665960312,0.38533109426498413,0,2024-09-10 17:00:00+00:00
2486,0.4367997646331787,0.1778690665960312,0.38533109426498413,0,2024-09-10 18:00:00+00:00
2487,0.4460679888725281,0.16386424005031586,0.3900678753852844,0,2024-09-10 18:00:00+00:00
2488,0.4460679888725281,0.16386424005031586,0.3900678753852844,0,2024-09-10 19:00:00+00:00
2489,0.4565291404724121,0.1506679207086563,0.392802894115448,0,2024-09-10 19:00:00+00:00
2490,0.4565291404724121,0.1506679207086563,0.392802894115448,0,2024-09-10 20:00:00+00:00
2491,0.48100170493125916,0.15929657220840454,0.3597016930580139,0,2024-09-10 20:00:00+00:00
2492,0.48100170493125916,0.15929657220840454,0.3597016930580139,0,2024-09-10 21:00:00+00:00
2493,0.484784334897995,0.1750703603029251,0.3401453197002411,0,2024-09-10 21:00:00+00:00
2494,0.484784334897995,0.1750703603029251,0.3401453197002411,0,2024-09-10 22:00:00+00:00
2495,0.44037705659866333,0.16948804259300232,0.3901348412036896,0,2024-09-10 22:00:00+00:00
2496,0.44037705659866333,0.16948804259300232,0.3901348412036896,0,2024-09-10 23:00:00+00:00
2497,0.45395755767822266,0.16812729835510254,0.3779151737689972,0,2024-09-10 23:00:00+00:00
2498,0.45395755767822266,0.16812729835510254,0.3779151737689972,0,2024-09-11 00:00:00+00:00
2499,0.4846956431865692,0.1761946827173233,0.3391096591949463,0,2024-09-11 00:00:00+00:00
2500,0.4846956431865692,0.1761946827173233,0.3391096591949463,0,2024-09-11 01:00:00+00:00
2501,0.4540601372718811,0.17287671566009521,0.3730630874633789,0,2024-09-11 01:00:00+00:00
2502,0.4540601372718811,0.17287671566009521,0.3730630874633789,0,2024-09-11 02:00:00+00:00
2503,0.4686867296695709,0.2033841609954834,0.3279290199279785,0,2024-09-11 02:00:00+00:00
2504,0.4686867296695709,0.2033841609954834,0.3279290199279785,0,2024-09-11 03:00:00+00:00
2505,0.4899727404117584,0.1981727033853531,0.3118545114994049,0,2024-09-11 03:00:00+00:00
2506,0.4899727404117584,0.1981727033853531,0.3118545114994049,0,2024-09-11 04:00:00+00:00
2507,0.49399852752685547,0.1925911009311676,0.31341037154197693,0,2024-09-11 04:00:00+00:00
2508,0.49399852752685547,0.1925911009311676,0.31341037154197693,0,2024-09-11 05:00:00+00:00
2509,0.5805486440658569,0.1948694884777069,0.22458188235759735,0,2024-09-11 05:00:00+00:00
2510,0.5805486440658569,0.1948694884777069,0.22458188235759735,0,2024-09-11 06:00:00+00:00
2511,0.6881999969482422,0.1728769987821579,0.13892310857772827,0,2024-09-11 06:00:00+00:00
2512,0.6881999969482422,0.1728769987821579,0.13892310857772827,0,2024-09-11 07:00:00+00:00
2513,0.6098054647445679,0.17515595257282257,0.21503858268260956,0,2024-09-11 07:00:00+00:00
2514,0.6098054647445679,0.17515595257282257,0.21503858268260956,0,2024-09-11 08:00:00+00:00
2515,0.5541372299194336,0.18941639363765717,0.2564464211463928,0,2024-09-11 08:00:00+00:00
2516,0.5541372299194336,0.18941639363765717,0.2564464211463928,0,2024-09-11 09:00:00+00:00
2517,0.5914579033851624,0.1610000878572464,0.24754202365875244,0,2024-09-11 09:00:00+00:00
2518,0.5914579033851624,0.1610000878572464,0.24754202365875244,0,2024-09-11 10:00:00+00:00
2519,0.5720130801200867,0.15895670652389526,0.26903021335601807,0,2024-09-11 10:00:00+00:00
2520,0.5720130801200867,0.15895670652389526,0.26903021335601807,0,2024-09-11 11:00:00+00:00
2521,0.5328906178474426,0.1687794178724289,0.2983299195766449,0,2024-09-11 11:00:00+00:00
2522,0.5328906178474426,0.1687794178724289,0.2983299195766449,0,2024-09-11 12:00:00+00:00
2523,0.5134180784225464,0.197745680809021,0.2888362407684326,0,2024-09-11 12:00:00+00:00
2524,0.5134180784225464,0.197745680809021,0.2888362407684326,0,2024-09-11 13:00:00+00:00
2525,0.51692795753479,0.17863842844963074,0.3044336140155792,0,2024-09-11 13:00:00+00:00
2526,0.51692795753479,0.17863842844963074,0.3044336140155792,0,2024-09-11 14:00:00+00:00
2527,0.4996403455734253,0.17299026250839233,0.32736936211586,0,2024-09-11 14:00:00+00:00
2528,0.4996403455734253,0.17299026250839233,0.32736936211586,0,2024-09-11 15:00:00+00:00
2529,0.4469658434391022,0.18632346391677856,0.3667107820510864,0,2024-09-11 15:00:00+00:00
2530,0.4469658434391022,0.18632346391677856,0.3667107820510864,0,2024-09-11 16:00:00+00:00
2531,0.4777328372001648,0.1900881826877594,0.33217906951904297,0,2024-09-11 16:00:00+00:00
2532,0.4777328372001648,0.1900881826877594,0.33217906951904297,0,2024-09-11 17:00:00+00:00
2533,0.5097536444664001,0.179960697889328,0.31028565764427185,0,2024-09-11 17:00:00+00:00
2534,0.5097536444664001,0.179960697889328,0.31028565764427185,0,2024-09-11 18:00:00+00:00
2535,0.4754978120326996,0.18097402155399323,0.3435281217098236,0,2024-09-11 18:00:00+00:00
2536,0.4754978120326996,0.18097402155399323,0.3435281217098236,0,2024-09-11 19:00:00+00:00
2537,0.4408569037914276,0.17825451493263245,0.3808886408805847,0,2024-09-11 19:00:00+00:00
2538,0.4408569037914276,0.17825451493263245,0.3808886408805847,0,2024-09-11 20:00:00+00:00
2539,0.47253474593162537,0.17963364720344543,0.3478315770626068,0,2024-09-11 20:00:00+00:00
2540,0.47253474593162537,0.17963364720344543,0.3478315770626068,0,2024-09-11 21:00:00+00:00
2541,0.5007632374763489,0.18273359537124634,0.3165031969547272,0,2024-09-11 21:00:00+00:00
2542,0.5007632374763489,0.18273359537124634,0.3165031969547272,0,2024-09-11 22:00:00+00:00
2543,0.4697614908218384,0.2005937099456787,0.3296447694301605,0,2024-09-11 22:00:00+00:00
2544,0.4697614908218384,0.2005937099456787,0.3296447694301605,0,2024-09-11 23:00:00+00:00
2545,0.4668791592121124,0.19886015355587006,0.3342605531215668,0,2024-09-11 23:00:00+00:00
2546,0.4668791592121124,0.19886015355587006,0.3342605531215668,0,2024-09-12 00:00:00+00:00
2547,0.4656693935394287,0.19313450157642365,0.3411960303783417,0,2024-09-12 00:00:00+00:00
2548,0.4656693935394287,0.19313450157642365,0.3411960303783417,0,2024-09-12 01:00:00+00:00
2549,0.4712008237838745,0.17971810698509216,0.3490810990333557,0,2024-09-12 01:00:00+00:00
2550,0.4712008237838745,0.17971810698509216,0.3490810990333557,0,2024-09-12 02:00:00+00:00
2551,0.5034018158912659,0.1800437569618225,0.31655454635620117,0,2024-09-12 02:00:00+00:00
2552,0.5034018158912659,0.1800437569618225,0.31655454635620117,0,2024-09-12 03:00:00+00:00
2553,0.5014763474464417,0.16760046780109406,0.3309231400489807,0,2024-09-12 03:00:00+00:00
2554,0.5014763474464417,0.16760046780109406,0.3309231400489807,0,2024-09-12 04:00:00+00:00
2555,0.4971414804458618,0.17089630663394928,0.3319622576236725,0,2024-09-12 04:00:00+00:00
2556,0.4971414804458618,0.17089630663394928,0.3319622576236725,0,2024-09-12 05:00:00+00:00
2557,0.5064256191253662,0.18606474995613098,0.3075096607208252,0,2024-09-12 05:00:00+00:00
2558,0.5064256191253662,0.18606474995613098,0.3075096607208252,0,2024-09-12 06:00:00+00:00
2559,0.49933427572250366,0.18858712911605835,0.3120785653591156,0,2024-09-12 06:00:00+00:00
2560,0.49933427572250366,0.18858712911605835,0.3120785653591156,0,2024-09-12 07:00:00+00:00
2561,0.5030162930488586,0.1867893785238266,0.3101942837238312,0,2024-09-12 07:00:00+00:00
2562,0.5030162930488586,0.1867893785238266,0.3101942837238312,0,2024-09-12 08:00:00+00:00
2563,0.5107993483543396,0.1855097860097885,0.30369096994400024,0,2024-09-12 08:00:00+00:00
2564,0.5107993483543396,0.1855097860097885,0.30369096994400024,0,2024-09-12 09:00:00+00:00
2565,0.5014275312423706,0.1908729076385498,0.3076995313167572,0,2024-09-12 09:00:00+00:00
2566,0.5014275312423706,0.1908729076385498,0.3076995313167572,0,2024-09-12 10:00:00+00:00
2567,0.4966086149215698,0.19515307247638702,0.30823835730552673,0,2024-09-12 10:00:00+00:00
2568,0.4966086149215698,0.19515307247638702,0.30823835730552673,0,2024-09-12 11:00:00+00:00
2569,0.49399033188819885,0.19638876616954803,0.30962085723876953,0,2024-09-12 11:00:00+00:00
2570,0.49399033188819885,0.19638876616954803,0.30962085723876953,0,2024-09-12 12:00:00+00:00
2571,0.49918192625045776,0.19176647067070007,0.309051513671875,0,2024-09-12 12:00:00+00:00
2572,0.49918192625045776,0.19176647067070007,0.309051513671875,0,2024-09-12 13:00:00+00:00
2573,0.4916171431541443,0.1995285302400589,0.30885428190231323,0,2024-09-12 13:00:00+00:00
2574,0.4916171431541443,0.1995285302400589,0.30885428190231323,0,2024-09-12 14:00:00+00:00
2575,0.4618822932243347,0.19760403037071228,0.3405137062072754,0,2024-09-12 14:00:00+00:00
2576,0.4618822932243347,0.19760403037071228,0.3405137062072754,0,2024-09-12 15:00:00+00:00
2577,0.4445647597312927,0.20622077584266663,0.3492144048213959,0,2024-09-12 15:00:00+00:00
2578,0.4445647597312927,0.20622077584266663,0.3492144048213959,0,2024-09-12 16:00:00+00:00
2579,0.46919503808021545,0.20303423702716827,0.32777076959609985,0,2024-09-12 16:00:00+00:00
2580,0.46919503808021545,0.20303423702716827,0.32777076959609985,0,2024-09-12 17:00:00+00:00
2581,0.45939093828201294,0.19133631885051727,0.34927278757095337,0,2024-09-12 17:00:00+00:00
2582,0.45939093828201294,0.19133631885051727,0.34927278757095337,0,2024-09-12 18:00:00+00:00
2583,0.45763498544692993,0.18104320764541626,0.36132174730300903,0,2024-09-12 18:00:00+00:00
2584,0.45763498544692993,0.18104320764541626,0.36132174730300903,0,2024-09-12 19:00:00+00:00
2585,0.4876420795917511,0.19208607077598572,0.32027187943458557,0,2024-09-12 19:00:00+00:00
2586,0.4876420795917511,0.19208607077598572,0.32027187943458557,0,2024-09-12 20:00:00+00:00
2587,0.47997745871543884,0.1814628392457962,0.33855965733528137,0,2024-09-12 20:00:00+00:00
2588,0.47997745871543884,0.1814628392457962,0.33855965733528137,0,2024-09-12 21:00:00+00:00
2589,0.44434672594070435,0.18269029259681702,0.37296292185783386,0,2024-09-12 21:00:00+00:00
2590,0.44434672594070435,0.18269029259681702,0.37296292185783386,0,2024-09-12 22:00:00+00:00
2591,0.42434439063072205,0.18399806320667267,0.39165762066841125,0,2024-09-12 22:00:00+00:00
2592,0.42434439063072205,0.18399806320667267,0.39165762066841125,0,2024-09-12 23:00:00+00:00
2593,0.46446189284324646,0.16800083220005035,0.36753731966018677,0,2024-09-12 23:00:00+00:00
2594,0.46446189284324646,0.16800083220005035,0.36753731966018677,0,2024-09-13 00:00:00+00:00
2595,0.48657694458961487,0.1789720356464386,0.33445093035697937,0,2024-09-13 00:00:00+00:00
2596,0.48657694458961487,0.1789720356464386,0.33445093035697937,0,2024-09-13 01:00:00+00:00
2597,0.5299661755561829,0.18560969829559326,0.2844241261482239,0,2024-09-13 01:00:00+00:00
2598,0.5299661755561829,0.18560969829559326,0.2844241261482239,0,2024-09-13 02:00:00+00:00
2599,0.5406309962272644,0.1836938112974167,0.2756751775741577,0,2024-09-13 02:00:00+00:00
2600,0.5406309962272644,0.1836938112974167,0.2756751775741577,0,2024-09-13 03:00:00+00:00
2601,0.5187004804611206,0.18919044733047485,0.29210904240608215,0,2024-09-13 03:00:00+00:00
2602,0.5187004804611206,0.18919044733047485,0.29210904240608215,0,2024-09-13 04:00:00+00:00
2603,0.6178556680679321,0.16096296906471252,0.22118128836154938,0,2024-09-13 04:00:00+00:00
2604,0.6178556680679321,0.16096296906471252,0.22118128836154938,0,2024-09-13 05:00:00+00:00
2605,0.532902181148529,0.17866358160972595,0.2884342074394226,0,2024-09-13 05:00:00+00:00
2606,0.532902181148529,0.17866358160972595,0.2884342074394226,0,2024-09-13 06:00:00+00:00
2607,0.5311530232429504,0.19104547798633575,0.277801513671875,0,2024-09-13 06:00:00+00:00
2608,0.5311530232429504,0.19104547798633575,0.277801513671875,0,2024-09-13 07:00:00+00:00
2609,0.5999520421028137,0.16603152453899384,0.23401647806167603,0,2024-09-13 07:00:00+00:00
2610,0.5999520421028137,0.16603152453899384,0.23401647806167603,0,2024-09-13 08:00:00+00:00
2611,0.5344216823577881,0.18882746994495392,0.2767508029937744,0,2024-09-13 08:00:00+00:00
2612,0.5344216823577881,0.18882746994495392,0.2767508029937744,0,2024-09-13 09:00:00+00:00
2613,0.556437611579895,0.1673463135957718,0.2762160003185272,0,2024-09-13 09:00:00+00:00
2614,0.556437611579895,0.1673463135957718,0.2762160003185272,0,2024-09-13 10:00:00+00:00
2615,0.5693023204803467,0.15908826887607574,0.27160945534706116,0,2024-09-13 10:00:00+00:00
2616,0.5693023204803467,0.15908826887607574,0.27160945534706116,0,2024-09-13 11:00:00+00:00
2617,0.5137830376625061,0.18020807206630707,0.306008905172348,0,2024-09-13 11:00:00+00:00
2618,0.5137830376625061,0.18020807206630707,0.306008905172348,0,2024-09-13 12:00:00+00:00
2619,0.5358918905258179,0.169668048620224,0.29444006085395813,0,2024-09-13 12:00:00+00:00
2620,0.5358918905258179,0.169668048620224,0.29444006085395813,0,2024-09-13 13:00:00+00:00
2621,0.5267345309257507,0.1699741780757904,0.30329132080078125,0,2024-09-13 13:00:00+00:00
2622,0.5267345309257507,0.1699741780757904,0.30329132080078125,0,2024-09-13 14:00:00+00:00
2623,0.5267276763916016,0.16382145881652832,0.3094508647918701,0,2024-09-13 14:00:00+00:00
2624,0.5267276763916016,0.16382145881652832,0.3094508647918701,0,2024-09-13 15:00:00+00:00
2625,0.5064408779144287,0.1852044314146042,0.3083546459674835,0,2024-09-13 15:00:00+00:00
2626,0.5064408779144287,0.1852044314146042,0.3083546459674835,0,2024-09-13 16:00:00+00:00
2627,0.48739543557167053,0.17775939404964447,0.33484503626823425,0,2024-09-13 16:00:00+00:00
2628,0.48739543557167053,0.17775939404964447,0.33484503626823425,0,2024-09-13 17:00:00+00:00
2629,0.4769812524318695,0.17857708036899567,0.3444417715072632,0,2024-09-13 17:00:00+00:00
2630,0.4769812524318695,0.17857708036899567,0.3444417715072632,0,2024-09-13 18:00:00+00:00
2631,0.48015785217285156,0.17584115266799927,0.34400105476379395,0,2024-09-13 18:00:00+00:00
2632,0.48015785217285156,0.17584115266799927,0.34400105476379395,0,2024-09-13 19:00:00+00:00
2633,0.49423739314079285,0.1683993637561798,0.33736321330070496,0,2024-09-13 19:00:00+00:00
2634,0.49423739314079285,0.1683993637561798,0.33736321330070496,0,2024-09-13 20:00:00+00:00
2635,0.4473942816257477,0.16549301147460938,0.38711270689964294,0,2024-09-13 20:00:00+00:00
2636,0.4473942816257477,0.16549301147460938,0.38711270689964294,0,2024-09-13 21:00:00+00:00
2637,0.47318750619888306,0.1673387587070465,0.35947373509407043,0,2024-09-13 21:00:00+00:00
2638,0.47318750619888306,0.1673387587070465,0.35947373509407043,0,2024-09-13 22:00:00+00:00
2639,0.4706399142742157,0.16454511880874634,0.36481496691703796,0,2024-09-13 22:00:00+00:00
2640,0.4706399142742157,0.16454511880874634,0.36481496691703796,0,2024-09-13 23:00:00+00:00
2641,0.4771151542663574,0.1645835041999817,0.3583013415336609,0,2024-09-13 23:00:00+00:00
2642,0.4771151542663574,0.1645835041999817,0.3583013415336609,0,2024-09-14 00:00:00+00:00
2643,0.4799010157585144,0.16826070845127106,0.35183826088905334,0,2024-09-14 00:00:00+00:00
2644,0.4799010157585144,0.16826070845127106,0.35183826088905334,0,2024-09-14 01:00:00+00:00
2645,0.4562983810901642,0.1723194122314453,0.3713821470737457,0,2024-09-14 01:00:00+00:00
2646,0.4562983810901642,0.1723194122314453,0.3713821470737457,0,2024-09-14 02:00:00+00:00
2647,0.46119555830955505,0.17248143255710602,0.3663230240345001,0,2024-09-14 02:00:00+00:00
2648,0.46119555830955505,0.17248143255710602,0.3663230240345001,0,2024-09-14 03:00:00+00:00
2649,0.47476616501808167,0.17492732405662537,0.35030657052993774,0,2024-09-14 03:00:00+00:00
2650,0.47476616501808167,0.17492732405662537,0.35030657052993774,0,2024-09-14 04:00:00+00:00
2651,0.46225398778915405,0.17468315362930298,0.36306294798851013,0,2024-09-14 04:00:00+00:00
2652,0.46225398778915405,0.17468315362930298,0.36306294798851013,0,2024-09-14 05:00:00+00:00
2653,0.48404598236083984,0.1826201230287552,0.333333820104599,0,2024-09-14 05:00:00+00:00
2654,0.48404598236083984,0.1826201230287552,0.333333820104599,0,2024-09-14 06:00:00+00:00
2655,0.4852377772331238,0.19644790887832642,0.3183142840862274,0,2024-09-14 06:00:00+00:00
2656,0.4852377772331238,0.19644790887832642,0.3183142840862274,0,2024-09-14 07:00:00+00:00
2657,0.4896782636642456,0.1941361427307129,0.31618553400039673,0,2024-09-14 07:00:00+00:00
2658,0.4896782636642456,0.1941361427307129,0.31618553400039673,0,2024-09-14 08:00:00+00:00
2659,0.48428741097450256,0.19729842245578766,0.3184141516685486,0,2024-09-14 08:00:00+00:00
2660,0.48428741097450256,0.19729842245578766,0.3184141516685486,0,2024-09-14 09:00:00+00:00
2661,0.4667254090309143,0.1971384435892105,0.3361361026763916,0,2024-09-14 09:00:00+00:00
2662,0.4667254090309143,0.1971384435892105,0.3361361026763916,0,2024-09-14 10:00:00+00:00
2663,0.4627934694290161,0.19670410454273224,0.34050244092941284,0,2024-09-14 10:00:00+00:00
2664,0.4627934694290161,0.19670410454273224,0.34050244092941284,0,2024-09-14 11:00:00+00:00
2665,0.4738498032093048,0.20247262716293335,0.3236776888370514,0,2024-09-14 11:00:00+00:00
2666,0.4738498032093048,0.20247262716293335,0.3236776888370514,0,2024-09-14 12:00:00+00:00
2667,0.5160453915596008,0.20967862010002136,0.27427592873573303,0,2024-09-14 12:00:00+00:00
2668,0.5160453915596008,0.20967862010002136,0.27427592873573303,0,2024-09-14 13:00:00+00:00
2669,0.5119154453277588,0.2048313170671463,0.2832532525062561,0,2024-09-14 13:00:00+00:00
2670,0.5119154453277588,0.2048313170671463,0.2832532525062561,0,2024-09-14 14:00:00+00:00
2671,0.5270217061042786,0.20131391286849976,0.27166441082954407,0,2024-09-14 14:00:00+00:00
2672,0.5270217061042786,0.20131391286849976,0.27166441082954407,0,2024-09-14 15:00:00+00:00
2673,0.49023282527923584,0.2011599838733673,0.3086072504520416,0,2024-09-14 15:00:00+00:00
2674,0.49023282527923584,0.2011599838733673,0.3086072504520416,0,2024-09-14 16:00:00+00:00
2675,0.4759696125984192,0.2057652771472931,0.3182651698589325,0,2024-09-14 16:00:00+00:00
2676,0.4759696125984192,0.2057652771472931,0.3182651698589325,0,2024-09-14 17:00:00+00:00
2677,0.4900365471839905,0.2011830359697342,0.30878040194511414,0,2024-09-14 17:00:00+00:00
2678,0.4900365471839905,0.2011830359697342,0.30878040194511414,0,2024-09-14 18:00:00+00:00
2679,0.5229552388191223,0.19377848505973816,0.2832662761211395,0,2024-09-14 18:00:00+00:00
2680,0.5229552388191223,0.19377848505973816,0.2832662761211395,0,2024-09-14 19:00:00+00:00
2681,0.5395933985710144,0.17111897468566895,0.28928762674331665,0,2024-09-14 19:00:00+00:00
2682,0.5395933985710144,0.17111897468566895,0.28928762674331665,0,2024-09-14 20:00:00+00:00
2683,0.5421060919761658,0.17278842628002167,0.28510552644729614,0,2024-09-14 20:00:00+00:00
2684,0.5421060919761658,0.17278842628002167,0.28510552644729614,0,2024-09-14 21:00:00+00:00
2685,0.5055744647979736,0.19177523255348206,0.3026503026485443,0,2024-09-14 21:00:00+00:00
2686,0.5055744647979736,0.19177523255348206,0.3026503026485443,0,2024-09-14 22:00:00+00:00
2687,0.5327903628349304,0.18049824237823486,0.2867113947868347,0,2024-09-14 22:00:00+00:00
2688,0.5327903628349304,0.18049824237823486,0.2867113947868347,0,2024-09-14 23:00:00+00:00
2689,0.5224575996398926,0.18374860286712646,0.29379376769065857,0,2024-09-14 23:00:00+00:00
2690,0.5224575996398926,0.18374860286712646,0.29379376769065857,0,2024-09-15 00:00:00+00:00
2691,0.4963696599006653,0.2050359696149826,0.2985943853855133,0,2024-09-15 00:00:00+00:00
2692,0.4963696599006653,0.2050359696149826,0.2985943853855133,0,2024-09-15 01:00:00+00:00
2693,0.4874820411205292,0.20316994190216064,0.309347927570343,0,2024-09-15 01:00:00+00:00
2694,0.4874820411205292,0.20316994190216064,0.309347927570343,0,2024-09-15 02:00:00+00:00
2695,0.49078992009162903,0.19782480597496033,0.31138530373573303,0,2024-09-15 02:00:00+00:00
2696,0.49078992009162903,0.19782480597496033,0.31138530373573303,0,2024-09-15 03:00:00+00:00
2697,0.509330153465271,0.19357381761074066,0.29709601402282715,0,2024-09-15 03:00:00+00:00
2698,0.509330153465271,0.19357381761074066,0.29709601402282715,0,2024-09-15 04:00:00+00:00
2699,0.5151762962341309,0.18673193454742432,0.2980917692184448,0,2024-09-15 04:00:00+00:00
2700,0.5151762962341309,0.18673193454742432,0.2980917692184448,0,2024-09-15 05:00:00+00:00
2701,0.5301147103309631,0.17823734879493713,0.29164785146713257,0,2024-09-15 05:00:00+00:00
2702,0.5301147103309631,0.17823734879493713,0.29164785146713257,0,2024-09-15 06:00:00+00:00
2703,0.5215475559234619,0.20764578878879547,0.27080655097961426,0,2024-09-15 06:00:00+00:00
2704,0.5215475559234619,0.20764578878879547,0.27080655097961426,0,2024-09-15 07:00:00+00:00
2705,0.4875880479812622,0.20721426606178284,0.30519774556159973,0,2024-09-15 07:00:00+00:00
2706,0.4875880479812622,0.20721426606178284,0.30519774556159973,0,2024-09-15 08:00:00+00:00
2707,0.5119907855987549,0.19764815270900726,0.2903609871864319,0,2024-09-15 08:00:00+00:00
2708,0.5119907855987549,0.19764815270900726,0.2903609871864319,0,2024-09-15 09:00:00+00:00
2709,0.5634433031082153,0.18006648123264313,0.2564902603626251,0,2024-09-15 09:00:00+00:00
2710,0.5634433031082153,0.18006648123264313,0.2564902603626251,0,2024-09-15 10:00:00+00:00
2711,0.6417970657348633,0.14601902663707733,0.21218374371528625,0,2024-09-15 10:00:00+00:00
2712,0.6417970657348633,0.14601902663707733,0.21218374371528625,0,2024-09-15 11:00:00+00:00
2713,0.635938823223114,0.15378665924072266,0.2102745920419693,0,2024-09-15 11:00:00+00:00
2714,0.635938823223114,0.15378665924072266,0.2102745920419693,0,2024-09-15 12:00:00+00:00
2715,0.6550541520118713,0.15350529551506042,0.19144058227539062,0,2024-09-15 12:00:00+00:00
2716,0.6550541520118713,0.15350529551506042,0.19144058227539062,0,2024-09-15 13:00:00+00:00
2717,0.6328598260879517,0.14655621349811554,0.2205839604139328,0,2024-09-15 13:00:00+00:00
2718,0.6328598260879517,0.14655621349811554,0.2205839604139328,0,2024-09-15 14:00:00+00:00
2719,0.6172095537185669,0.1405767947435379,0.24221362173557281,0,2024-09-15 14:00:00+00:00
2720,0.6172095537185669,0.1405767947435379,0.24221362173557281,0,2024-09-15 15:00:00+00:00
2721,0.5853687524795532,0.14033380150794983,0.2742973864078522,0,2024-09-15 15:00:00+00:00
2722,0.5853687524795532,0.14033380150794983,0.2742973864078522,0,2024-09-15 16:00:00+00:00
2723,0.5426858067512512,0.1567213535308838,0.30059292912483215,0,2024-09-15 16:00:00+00:00
2724,0.5426858067512512,0.1567213535308838,0.30059292912483215,0,2024-09-15 17:00:00+00:00
2725,0.5957077145576477,0.14572376012802124,0.25856858491897583,0,2024-09-15 17:00:00+00:00
2726,0.5957077145576477,0.14572376012802124,0.25856858491897583,0,2024-09-15 18:00:00+00:00
2727,0.5593240857124329,0.15262848138809204,0.28804752230644226,0,2024-09-15 18:00:00+00:00
2728,0.5593240857124329,0.15262848138809204,0.28804752230644226,0,2024-09-15 19:00:00+00:00
2729,0.5401834845542908,0.1447269171476364,0.315089613199234,0,2024-09-15 19:00:00+00:00
2730,0.5401834845542908,0.1447269171476364,0.315089613199234,0,2024-09-15 20:00:00+00:00
2731,0.521218478679657,0.15124714374542236,0.32753434777259827,0,2024-09-15 20:00:00+00:00
2732,0.521218478679657,0.15124714374542236,0.32753434777259827,0,2024-09-15 21:00:00+00:00
2733,0.5243760347366333,0.13746948540210724,0.33815446496009827,0,2024-09-15 21:00:00+00:00
2734,0.5243760347366333,0.13746948540210724,0.33815446496009827,0,2024-09-15 22:00:00+00:00
2735,0.5092156529426575,0.14078830182552338,0.34999600052833557,0,2024-09-15 22:00:00+00:00
2736,0.5092156529426575,0.14078830182552338,0.34999600052833557,0,2024-09-15 23:00:00+00:00
2737,0.522149384021759,0.13551440834999084,0.3423362970352173,0,2024-09-15 23:00:00+00:00
2738,0.522149384021759,0.13551440834999084,0.3423362970352173,0,2024-09-16 00:00:00+00:00
2739,0.5390960574150085,0.13087578117847443,0.33002811670303345,0,2024-09-16 00:00:00+00:00
2740,0.5390960574150085,0.13087578117847443,0.33002811670303345,0,2024-09-16 01:00:00+00:00
2741,0.5316547751426697,0.12767401337623596,0.3406710922718048,0,2024-09-16 01:00:00+00:00
2742,0.5316547751426697,0.12767401337623596,0.3406710922718048,0,2024-09-16 02:00:00+00:00
2743,0.5311758518218994,0.12644022703170776,0.3423839509487152,0,2024-09-16 02:00:00+00:00
2744,0.5311758518218994,0.12644022703170776,0.3423839509487152,0,2024-09-16 03:00:00+00:00
2745,0.5298954248428345,0.11871255934238434,0.35139206051826477,0,2024-09-16 03:00:00+00:00
2746,0.5298954248428345,0.11871255934238434,0.35139206051826477,0,2024-09-16 04:00:00+00:00
2747,0.5068841576576233,0.14450973272323608,0.34860605001449585,0,2024-09-16 04:00:00+00:00
2748,0.5068841576576233,0.14450973272323608,0.34860605001449585,0,2024-09-16 05:00:00+00:00
2749,0.5113124251365662,0.1528209149837494,0.33586665987968445,0,2024-09-16 05:00:00+00:00
2750,0.5113124251365662,0.1528209149837494,0.33586665987968445,0,2024-09-16 06:00:00+00:00
2751,0.48788511753082275,0.18566566705703735,0.3264491856098175,0,2024-09-16 06:00:00+00:00
2752,0.48788511753082275,0.18566566705703735,0.3264491856098175,0,2024-09-16 07:00:00+00:00
2753,0.49379271268844604,0.1684483140707016,0.3377589285373688,0,2024-09-16 07:00:00+00:00
2754,0.49379271268844604,0.1684483140707016,0.3377589285373688,0,2024-09-16 08:00:00+00:00
2755,0.49830853939056396,0.17512446641921997,0.3265669047832489,0,2024-09-16 08:00:00+00:00
2756,0.49830853939056396,0.17512446641921997,0.3265669047832489,0,2024-09-16 09:00:00+00:00
2757,0.4944744110107422,0.18279793858528137,0.32272759079933167,0,2024-09-16 09:00:00+00:00
2758,0.4944744110107422,0.18279793858528137,0.32272759079933167,0,2024-09-16 10:00:00+00:00
2759,0.49625536799430847,0.179559126496315,0.3241855204105377,0,2024-09-16 10:00:00+00:00
2760,0.49625536799430847,0.179559126496315,0.3241855204105377,0,2024-09-16 11:00:00+00:00
2761,0.4798206090927124,0.19065043330192566,0.3295288383960724,0,2024-09-16 11:00:00+00:00
2762,0.4798206090927124,0.19065043330192566,0.3295288383960724,0,2024-09-16 12:00:00+00:00
2763,0.4703485071659088,0.19513173401355743,0.33451980352401733,0,2024-09-16 12:00:00+00:00
2764,0.4703485071659088,0.19513173401355743,0.33451980352401733,0,2024-09-16 13:00:00+00:00
2765,0.4611528515815735,0.18850405514240265,0.35034313797950745,0,2024-09-16 13:00:00+00:00
2766,0.4611528515815735,0.18850405514240265,0.35034313797950745,0,2024-09-16 14:00:00+00:00
2767,0.4664195775985718,0.18419885635375977,0.34938162565231323,0,2024-09-16 14:00:00+00:00
2768,0.4664195775985718,0.18419885635375977,0.34938162565231323,0,2024-09-16 15:00:00+00:00
2769,0.5014325380325317,0.1667661815881729,0.3318013548851013,0,2024-09-16 15:00:00+00:00
2770,0.5014325380325317,0.1667661815881729,0.3318013548851013,0,2024-09-16 16:00:00+00:00
2771,0.4731171131134033,0.18946141004562378,0.3374214172363281,0,2024-09-16 16:00:00+00:00
2772,0.4731171131134033,0.18946141004562378,0.3374214172363281,0,2024-09-16 17:00:00+00:00
2773,0.5110527873039246,0.17147216200828552,0.31747502088546753,0,2024-09-16 17:00:00+00:00
2774,0.5110527873039246,0.17147216200828552,0.31747502088546753,0,2024-09-16 18:00:00+00:00
2775,0.49414825439453125,0.17794686555862427,0.3279048204421997,0,2024-09-16 18:00:00+00:00
2776,0.49414825439453125,0.17794686555862427,0.3279048204421997,0,2024-09-16 19:00:00+00:00
2777,0.5002440810203552,0.17524921894073486,0.32450664043426514,0,2024-09-16 19:00:00+00:00
2778,0.5002440810203552,0.17524921894073486,0.32450664043426514,0,2024-09-16 20:00:00+00:00
2779,0.4838080406188965,0.18924233317375183,0.32694968581199646,0,2024-09-16 20:00:00+00:00
2780,0.4838080406188965,0.18924233317375183,0.32694968581199646,0,2024-09-16 21:00:00+00:00
2781,0.5393956303596497,0.14247095584869385,0.3181333541870117,0,2024-09-16 21:00:00+00:00
2782,0.5393956303596497,0.14247095584869385,0.3181333541870117,0,2024-09-16 22:00:00+00:00
2783,0.5012518763542175,0.1847837120294571,0.3139643669128418,0,2024-09-16 22:00:00+00:00
2784,0.5012518763542175,0.1847837120294571,0.3139643669128418,0,2024-09-16 23:00:00+00:00
2785,0.4990120530128479,0.18589049577713013,0.31509748101234436,0,2024-09-16 23:00:00+00:00
2786,0.4990120530128479,0.18589049577713013,0.31509748101234436,0,2024-09-17 00:00:00+00:00
2787,0.4969201982021332,0.192685067653656,0.3103947043418884,0,2024-09-17 00:00:00+00:00
2788,0.4969201982021332,0.192685067653656,0.3103947043418884,0,2024-09-17 01:00:00+00:00
2789,0.4760487973690033,0.1936829388141632,0.3302682638168335,0,2024-09-17 01:00:00+00:00
2790,0.4760487973690033,0.1936829388141632,0.3302682638168335,0,2024-09-17 02:00:00+00:00
2791,0.46436095237731934,0.1955195963382721,0.34011948108673096,0,2024-09-17 02:00:00+00:00
2792,0.46436095237731934,0.1955195963382721,0.34011948108673096,0,2024-09-17 03:00:00+00:00
2793,0.47949540615081787,0.1941722333431244,0.3263323903083801,0,2024-09-17 03:00:00+00:00
2794,0.47949540615081787,0.1941722333431244,0.3263323903083801,0,2024-09-17 04:00:00+00:00
2795,0.46638938784599304,0.20714996755123138,0.32646065950393677,0,2024-09-17 04:00:00+00:00
2796,0.46638938784599304,0.20714996755123138,0.32646065950393677,0,2024-09-17 05:00:00+00:00
2797,0.4789552390575409,0.20976270735263824,0.3112819790840149,0,2024-09-17 05:00:00+00:00
2798,0.4789552390575409,0.20976270735263824,0.3112819790840149,0,2024-09-17 06:00:00+00:00
2799,0.5466461181640625,0.20119240880012512,0.25216156244277954,0,2024-09-17 06:00:00+00:00
2800,0.5466461181640625,0.20119240880012512,0.25216156244277954,0,2024-09-17 07:00:00+00:00
2801,0.5014669299125671,0.22340987622737885,0.2751231789588928,0,2024-09-17 07:00:00+00:00
2802,0.5014669299125671,0.22340987622737885,0.2751231789588928,0,2024-09-17 08:00:00+00:00
2803,0.5163546204566956,0.21494325995445251,0.2687022089958191,0,2024-09-17 08:00:00+00:00
2804,0.5163546204566956,0.21494325995445251,0.2687022089958191,0,2024-09-17 09:00:00+00:00
2805,0.5299668908119202,0.198589026927948,0.2714441418647766,0,2024-09-17 09:00:00+00:00
2806,0.5299668908119202,0.198589026927948,0.2714441418647766,0,2024-09-17 10:00:00+00:00
2807,0.5195769667625427,0.20366276800632477,0.2767602801322937,0,2024-09-17 10:00:00+00:00
2808,0.5195769667625427,0.20366276800632477,0.2767602801322937,0,2024-09-17 11:00:00+00:00
2809,0.5294095873832703,0.1945515275001526,0.2760389745235443,0,2024-09-17 11:00:00+00:00
2810,0.5294095873832703,0.1945515275001526,0.2760389745235443,0,2024-09-17 12:00:00+00:00
2811,0.5244145393371582,0.18934589624404907,0.28623947501182556,0,2024-09-17 12:00:00+00:00
2812,0.5244145393371582,0.18934589624404907,0.28623947501182556,0,2024-09-17 13:00:00+00:00
2813,0.48836269974708557,0.1931351125240326,0.318502277135849,0,2024-09-17 13:00:00+00:00
2814,0.48836269974708557,0.1931351125240326,0.318502277135849,0,2024-09-17 14:00:00+00:00
2815,0.48617276549339294,0.18683861196041107,0.32698854804039,0,2024-09-17 14:00:00+00:00
2816,0.48617276549339294,0.18683861196041107,0.32698854804039,0,2024-09-17 15:00:00+00:00
2817,0.49899089336395264,0.17782236635684967,0.32318663597106934,0,2024-09-17 15:00:00+00:00
2818,0.49899089336395264,0.17782236635684967,0.32318663597106934,0,2024-09-17 16:00:00+00:00
2819,0.47862371802330017,0.17245474457740784,0.3489215672016144,0,2024-09-17 16:00:00+00:00
2820,0.47862371802330017,0.17245474457740784,0.3489215672016144,0,2024-09-17 17:00:00+00:00
2821,0.45696118474006653,0.195195734500885,0.34784314036369324,0,2024-09-17 17:00:00+00:00
2822,0.45696118474006653,0.195195734500885,0.34784314036369324,0,2024-09-17 18:00:00+00:00
2823,0.47126373648643494,0.18760992586612701,0.34112635254859924,0,2024-09-17 18:00:00+00:00
2824,0.47126373648643494,0.18760992586612701,0.34112635254859924,0,2024-09-17 19:00:00+00:00
2825,0.45760467648506165,0.19669973850250244,0.3456956744194031,0,2024-09-17 19:00:00+00:00
2826,0.45760467648506165,0.19669973850250244,0.3456956744194031,0,2024-09-17 20:00:00+00:00
2827,0.4592621922492981,0.19711659848690033,0.34362122416496277,0,2024-09-17 20:00:00+00:00
2828,0.4592621922492981,0.19711659848690033,0.34362122416496277,0,2024-09-17 21:00:00+00:00
2829,0.4759436249732971,0.2033318728208542,0.3207245469093323,0,2024-09-17 21:00:00+00:00
2830,0.4759436249732971,0.2033318728208542,0.3207245469093323,0,2024-09-17 22:00:00+00:00
2831,0.45550408959388733,0.19534294307231903,0.34915292263031006,0,2024-09-17 22:00:00+00:00
2832,0.45550408959388733,0.19534294307231903,0.34915292263031006,0,2024-09-17 23:00:00+00:00
2833,0.46404340863227844,0.20238737761974335,0.333569198846817,0,2024-09-17 23:00:00+00:00
2834,0.46404340863227844,0.20238737761974335,0.333569198846817,0,2024-09-18 00:00:00+00:00
2835,0.4877636730670929,0.1936471164226532,0.31858932971954346,0,2024-09-18 00:00:00+00:00
2836,0.4877636730670929,0.1936471164226532,0.31858932971954346,0,2024-09-18 01:00:00+00:00
2837,0.4795284867286682,0.1910666823387146,0.3294047713279724,0,2024-09-18 01:00:00+00:00
2838,0.4795284867286682,0.1910666823387146,0.3294047713279724,0,2024-09-18 02:00:00+00:00
2839,0.4828312397003174,0.18428131937980652,0.3328875005245209,0,2024-09-18 02:00:00+00:00
2840,0.4828312397003174,0.18428131937980652,0.3328875005245209,0,2024-09-18 03:00:00+00:00
2841,0.501850962638855,0.1930808573961258,0.3050682544708252,0,2024-09-18 03:00:00+00:00
2842,0.501850962638855,0.1930808573961258,0.3050682544708252,0,2024-09-18 04:00:00+00:00
2843,0.5041902661323547,0.18722715973854065,0.30858251452445984,0,2024-09-18 04:00:00+00:00
2844,0.5041902661323547,0.18722715973854065,0.30858251452445984,0,2024-09-18 05:00:00+00:00
2845,0.5042887330055237,0.17379437386989594,0.3219168782234192,0,2024-09-18 05:00:00+00:00
2846,0.5042887330055237,0.17379437386989594,0.3219168782234192,0,2024-09-18 06:00:00+00:00
2847,0.5369566679000854,0.15522022545337677,0.3078230917453766,0,2024-09-18 06:00:00+00:00
2848,0.5369566679000854,0.15522022545337677,0.3078230917453766,0,2024-09-18 07:00:00+00:00
2849,0.5122909545898438,0.1819440722465515,0.30576494336128235,0,2024-09-18 07:00:00+00:00
2850,0.5122909545898438,0.1819440722465515,0.30576494336128235,0,2024-09-18 08:00:00+00:00
2851,0.49532395601272583,0.182078555226326,0.3225975036621094,0,2024-09-18 08:00:00+00:00
2852,0.49532395601272583,0.182078555226326,0.3225975036621094,0,2024-09-18 09:00:00+00:00
2853,0.5038107633590698,0.17203307151794434,0.32415616512298584,0,2024-09-18 09:00:00+00:00
2854,0.5038107633590698,0.17203307151794434,0.32415616512298584,0,2024-09-18 10:00:00+00:00
2855,0.4891197681427002,0.16780565679073334,0.34307461977005005,0,2024-09-18 10:00:00+00:00
2856,0.4891197681427002,0.16780565679073334,0.34307461977005005,0,2024-09-18 11:00:00+00:00
2857,0.5120960474014282,0.15782544016838074,0.3300784230232239,0,2024-09-18 11:00:00+00:00
2858,0.5120960474014282,0.15782544016838074,0.3300784230232239,0,2024-09-18 12:00:00+00:00
2859,0.5144901275634766,0.15795773267745972,0.3275521695613861,0,2024-09-18 12:00:00+00:00
2860,0.5144901275634766,0.15795773267745972,0.3275521695613861,0,2024-09-18 13:00:00+00:00
2861,0.5036717057228088,0.17323315143585205,0.3230951428413391,0,2024-09-18 13:00:00+00:00
2862,0.5036717057228088,0.17323315143585205,0.3230951428413391,0,2024-09-18 14:00:00+00:00
2863,0.5164003968238831,0.15276899933815002,0.33083051443099976,0,2024-09-18 14:00:00+00:00
2864,0.5164003968238831,0.15276899933815002,0.33083051443099976,0,2024-09-18 15:00:00+00:00
2865,0.5027967691421509,0.15557998418807983,0.3416232466697693,0,2024-09-18 15:00:00+00:00
2866,0.5027967691421509,0.15557998418807983,0.3416232466697693,0,2024-09-18 16:00:00+00:00
2867,0.5070317387580872,0.15000911056995392,0.34295910596847534,0,2024-09-18 16:00:00+00:00
2868,0.5070317387580872,0.15000911056995392,0.34295910596847534,0,2024-09-18 17:00:00+00:00
2869,0.49141496419906616,0.17339788377285004,0.3351871073246002,0,2024-09-18 17:00:00+00:00
2870,0.49141496419906616,0.17339788377285004,0.3351871073246002,0,2024-09-18 18:00:00+00:00
2871,0.4792335629463196,0.17191237211227417,0.34885406494140625,0,2024-09-18 18:00:00+00:00
2872,0.4792335629463196,0.17191237211227417,0.34885406494140625,0,2024-09-18 19:00:00+00:00
2873,0.5000566840171814,0.17797265946865082,0.321970671415329,0,2024-09-18 19:00:00+00:00
2874,0.5000566840171814,0.17797265946865082,0.321970671415329,0,2024-09-18 20:00:00+00:00
2875,0.4811338484287262,0.18297044932842255,0.33589571714401245,0,2024-09-18 20:00:00+00:00
2876,0.4811338484287262,0.18297044932842255,0.33589571714401245,0,2024-09-18 21:00:00+00:00
2877,0.4513288140296936,0.18895618617534637,0.35971492528915405,0,2024-09-18 21:00:00+00:00
2878,0.4513288140296936,0.18895618617534637,0.35971492528915405,0,2024-09-18 22:00:00+00:00
2879,0.47002705931663513,0.18162892758846283,0.348344087600708,0,2024-09-18 22:00:00+00:00
2880,0.47002705931663513,0.18162892758846283,0.348344087600708,0,2024-09-18 23:00:00+00:00
2881,0.48054230213165283,0.187007874250412,0.3324497938156128,0,2024-09-18 23:00:00+00:00
2882,0.48054230213165283,0.187007874250412,0.3324497938156128,0,2024-09-19 00:00:00+00:00
2883,0.5177202820777893,0.17919254302978516,0.30308714509010315,0,2024-09-19 00:00:00+00:00
2884,0.5177202820777893,0.17919254302978516,0.30308714509010315,0,2024-09-19 01:00:00+00:00
2885,0.5108729004859924,0.17590612173080444,0.3132210075855255,0,2024-09-19 01:00:00+00:00
2886,0.5108729004859924,0.17590612173080444,0.3132210075855255,0,2024-09-19 02:00:00+00:00
2887,0.48129549622535706,0.1799108386039734,0.33879366517066956,0,2024-09-19 02:00:00+00:00
2888,0.48129549622535706,0.1799108386039734,0.33879366517066956,0,2024-09-19 03:00:00+00:00
2889,0.4822483956813812,0.17709770798683167,0.34065380692481995,0,2024-09-19 03:00:00+00:00
2890,0.4822483956813812,0.17709770798683167,0.34065380692481995,0,2024-09-19 04:00:00+00:00
2891,0.4732916057109833,0.17530086636543274,0.35140755772590637,0,2024-09-19 04:00:00+00:00
2892,0.4732916057109833,0.17530086636543274,0.35140755772590637,0,2024-09-19 05:00:00+00:00
2893,0.4203155040740967,0.1890404373407364,0.3906441330909729,0,2024-09-19 05:00:00+00:00
2894,0.4203155040740967,0.1890404373407364,0.3906441330909729,0,2024-09-19 06:00:00+00:00
2895,0.3779948055744171,0.20215323567390442,0.41985204815864563,2,2024-09-19 06:00:00+00:00
2896,0.3779948055744171,0.20215323567390442,0.41985204815864563,2,2024-09-19 07:00:00+00:00
2897,0.36477360129356384,0.20729926228523254,0.4279271364212036,2,2024-09-19 07:00:00+00:00
2898,0.36477360129356384,0.20729926228523254,0.4279271364212036,2,2024-09-19 08:00:00+00:00
2899,0.37914595007896423,0.2015763223171234,0.4192776679992676,2,2024-09-19 08:00:00+00:00
2900,0.37914595007896423,0.2015763223171234,0.4192776679992676,2,2024-09-19 09:00:00+00:00
2901,0.37731558084487915,0.20663724839687347,0.4160470962524414,2,2024-09-19 09:00:00+00:00
2902,0.37731558084487915,0.20663724839687347,0.4160470962524414,2,2024-09-19 10:00:00+00:00
2903,0.400132954120636,0.21102289855480194,0.38884416222572327,0,2024-09-19 10:00:00+00:00
2904,0.400132954120636,0.21102289855480194,0.38884416222572327,0,2024-09-19 11:00:00+00:00
2905,0.3711216151714325,0.2057744711637497,0.4231039583683014,2,2024-09-19 11:00:00+00:00
2906,0.3711216151714325,0.2057744711637497,0.4231039583683014,2,2024-09-19 12:00:00+00:00
2907,0.38818615674972534,0.21012325584888458,0.40169060230255127,2,2024-09-19 12:00:00+00:00
2908,0.38818615674972534,0.21012325584888458,0.40169060230255127,2,2024-09-19 13:00:00+00:00
2909,0.40810978412628174,0.19376841187477112,0.39812174439430237,0,2024-09-19 13:00:00+00:00
2910,0.40810978412628174,0.19376841187477112,0.39812174439430237,0,2024-09-19 14:00:00+00:00
2911,0.3760908842086792,0.1897023469209671,0.4342068135738373,2,2024-09-19 14:00:00+00:00
2912,0.3760908842086792,0.1897023469209671,0.4342068135738373,2,2024-09-19 15:00:00+00:00
2913,0.3983098268508911,0.19196325540542603,0.40972697734832764,2,2024-09-19 15:00:00+00:00
2914,0.3983098268508911,0.19196325540542603,0.40972697734832764,2,2024-09-19 16:00:00+00:00
2915,0.38149160146713257,0.18006286025047302,0.43844544887542725,2,2024-09-19 16:00:00+00:00
2916,0.38149160146713257,0.18006286025047302,0.43844544887542725,2,2024-09-19 17:00:00+00:00
2917,0.38708287477493286,0.1667214184999466,0.44619569182395935,2,2024-09-19 17:00:00+00:00
2918,0.38708287477493286,0.1667214184999466,0.44619569182395935,2,2024-09-19 18:00:00+00:00
2919,0.3968433141708374,0.16376246511936188,0.43939417600631714,2,2024-09-19 18:00:00+00:00
2920,0.3968433141708374,0.16376246511936188,0.43939417600631714,2,2024-09-19 19:00:00+00:00
2921,0.37640631198883057,0.15704455971717834,0.4665490388870239,2,2024-09-19 19:00:00+00:00
2922,0.37640631198883057,0.15704455971717834,0.4665490388870239,2,2024-09-19 20:00:00+00:00
2923,0.39542487263679504,0.18147869408130646,0.4230964481830597,2,2024-09-19 20:00:00+00:00
2924,0.39542487263679504,0.18147869408130646,0.4230964481830597,2,2024-09-19 21:00:00+00:00
2925,0.4264206290245056,0.178743377327919,0.3948359489440918,0,2024-09-19 21:00:00+00:00
2926,0.4264206290245056,0.178743377327919,0.3948359489440918,0,2024-09-19 22:00:00+00:00
2927,0.4242403507232666,0.18816906213760376,0.38759058713912964,0,2024-09-19 22:00:00+00:00
2928,0.4242403507232666,0.18816906213760376,0.38759058713912964,0,2024-09-19 23:00:00+00:00
2929,0.41008028388023376,0.17775000631809235,0.41216981410980225,2,2024-09-19 23:00:00+00:00
2930,0.41008028388023376,0.17775000631809235,0.41216981410980225,2,2024-09-20 00:00:00+00:00
2931,0.453585684299469,0.1771852672100067,0.3692290782928467,0,2024-09-20 00:00:00+00:00
2932,0.453585684299469,0.1771852672100067,0.3692290782928467,0,2024-09-20 01:00:00+00:00
2933,0.4548758864402771,0.1785883605480194,0.36653581261634827,0,2024-09-20 01:00:00+00:00
2934,0.4548758864402771,0.1785883605480194,0.36653581261634827,0,2024-09-20 02:00:00+00:00
2935,0.4619840979576111,0.18108977377414703,0.3569260835647583,0,2024-09-20 02:00:00+00:00
2936,0.4619840979576111,0.18108977377414703,0.3569260835647583,0,2024-09-20 03:00:00+00:00
2937,0.46153369545936584,0.17630097270011902,0.3621653914451599,0,2024-09-20 03:00:00+00:00
2938,0.46153369545936584,0.17630097270011902,0.3621653914451599,0,2024-09-20 04:00:00+00:00
2939,0.46792706847190857,0.16797015070915222,0.36410272121429443,0,2024-09-20 04:00:00+00:00
2940,0.46792706847190857,0.16797015070915222,0.36410272121429443,0,2024-09-20 05:00:00+00:00
2941,0.44799619913101196,0.1548360139131546,0.39716780185699463,0,2024-09-20 05:00:00+00:00
2942,0.44799619913101196,0.1548360139131546,0.39716780185699463,0,2024-09-20 06:00:00+00:00
2943,0.4489620327949524,0.1621335744857788,0.38890451192855835,0,2024-09-20 06:00:00+00:00
2944,0.4489620327949524,0.1621335744857788,0.38890451192855835,0,2024-09-20 07:00:00+00:00
2945,0.40775030851364136,0.16379550099372864,0.4284542500972748,2,2024-09-20 07:00:00+00:00
2946,0.40775030851364136,0.16379550099372864,0.4284542500972748,2,2024-09-20 08:00:00+00:00
2947,0.42139798402786255,0.15759515762329102,0.421006977558136,0,2024-09-20 08:00:00+00:00
2948,0.42139798402786255,0.15759515762329102,0.421006977558136,0,2024-09-20 09:00:00+00:00
2949,0.4379637539386749,0.16260215640068054,0.39943408966064453,0,2024-09-20 09:00:00+00:00
2950,0.4379637539386749,0.16260215640068054,0.39943408966064453,0,2024-09-20 10:00:00+00:00
2951,0.427247017621994,0.16438530385494232,0.40836772322654724,0,2024-09-20 10:00:00+00:00
2952,0.427247017621994,0.16438530385494232,0.40836772322654724,0,2024-09-20 11:00:00+00:00
2953,0.42119377851486206,0.1570449024438858,0.42176133394241333,2,2024-09-20 11:00:00+00:00
2954,0.42119377851486206,0.1570449024438858,0.42176133394241333,2,2024-09-20 12:00:00+00:00
2955,0.4403844177722931,0.16185513138771057,0.39776042103767395,0,2024-09-20 12:00:00+00:00
2956,0.4403844177722931,0.16185513138771057,0.39776042103767395,0,2024-09-20 13:00:00+00:00
2957,0.42777395248413086,0.15371066331863403,0.4185153841972351,0,2024-09-20 13:00:00+00:00
2958,0.42777395248413086,0.15371066331863403,0.4185153841972351,0,2024-09-20 14:00:00+00:00
2959,0.4821980893611908,0.16487160325050354,0.35293033719062805,0,2024-09-20 14:00:00+00:00
2960,0.4821980893611908,0.16487160325050354,0.35293033719062805,0,2024-09-20 15:00:00+00:00
2961,0.4826326072216034,0.16529706120491028,0.35207033157348633,0,2024-09-20 15:00:00+00:00
2962,0.4826326072216034,0.16529706120491028,0.35207033157348633,0,2024-09-20 16:00:00+00:00
2963,0.46603333950042725,0.16186122596263885,0.37210550904273987,0,2024-09-20 16:00:00+00:00
2964,0.46603333950042725,0.16186122596263885,0.37210550904273987,0,2024-09-20 17:00:00+00:00
2965,0.4539254605770111,0.16854079067707062,0.3775336742401123,0,2024-09-20 17:00:00+00:00
2966,0.4539254605770111,0.16854079067707062,0.3775336742401123,0,2024-09-20 18:00:00+00:00
2967,0.4669336974620819,0.17437350749969482,0.35869288444519043,0,2024-09-20 18:00:00+00:00
2968,0.4669336974620819,0.17437350749969482,0.35869288444519043,0,2024-09-20 19:00:00+00:00
2969,0.47057855129241943,0.17295436561107635,0.35646700859069824,0,2024-09-20 19:00:00+00:00
2970,0.47057855129241943,0.17295436561107635,0.35646700859069824,0,2024-09-20 20:00:00+00:00
2971,0.46862146258354187,0.18013392388820648,0.35124462842941284,0,2024-09-20 20:00:00+00:00
2972,0.46862146258354187,0.18013392388820648,0.35124462842941284,0,2024-09-20 21:00:00+00:00
2973,0.46570008993148804,0.17975658178329468,0.3545433580875397,0,2024-09-20 21:00:00+00:00
2974,0.46570008993148804,0.17975658178329468,0.3545433580875397,0,2024-09-20 22:00:00+00:00
2975,0.492649108171463,0.18213802576065063,0.32521292567253113,0,2024-09-20 22:00:00+00:00
2976,0.492649108171463,0.18213802576065063,0.32521292567253113,0,2024-09-20 23:00:00+00:00
2977,0.5025537014007568,0.18238583207130432,0.31506043672561646,0,2024-09-20 23:00:00+00:00
2978,0.5025537014007568,0.18238583207130432,0.31506043672561646,0,2024-09-21 00:00:00+00:00
2979,0.49239885807037354,0.18882408738136292,0.31877702474594116,0,2024-09-21 00:00:00+00:00
2980,0.49239885807037354,0.18882408738136292,0.31877702474594116,0,2024-09-21 01:00:00+00:00
2981,0.4836796820163727,0.19491979479789734,0.3214004933834076,0,2024-09-21 01:00:00+00:00
2982,0.4836796820163727,0.19491979479789734,0.3214004933834076,0,2024-09-21 02:00:00+00:00
2983,0.5334294438362122,0.18936119973659515,0.2772093117237091,0,2024-09-21 02:00:00+00:00
2984,0.5334294438362122,0.18936119973659515,0.2772093117237091,0,2024-09-21 03:00:00+00:00
2985,0.5343577861785889,0.18889279663562775,0.27674946188926697,0,2024-09-21 03:00:00+00:00
2986,0.5343577861785889,0.18889279663562775,0.27674946188926697,0,2024-09-21 04:00:00+00:00
2987,0.5692699551582336,0.17790627479553223,0.25282377004623413,0,2024-09-21 04:00:00+00:00
2988,0.5692699551582336,0.17790627479553223,0.25282377004623413,0,2024-09-21 05:00:00+00:00
2989,0.5636724233627319,0.18282000720500946,0.2535075545310974,0,2024-09-21 05:00:00+00:00
2990,0.5636724233627319,0.18282000720500946,0.2535075545310974,0,2024-09-21 06:00:00+00:00
2991,0.5582380890846252,0.18847957253456116,0.2532823383808136,0,2024-09-21 06:00:00+00:00
2992,0.5582380890846252,0.18847957253456116,0.2532823383808136,0,2024-09-21 07:00:00+00:00
2993,0.4968492090702057,0.21191081404685974,0.29124000668525696,0,2024-09-21 07:00:00+00:00
2994,0.4968492090702057,0.21191081404685974,0.29124000668525696,0,2024-09-21 08:00:00+00:00
2995,0.4972851872444153,0.20664525032043457,0.29606959223747253,0,2024-09-21 08:00:00+00:00
2996,0.4972851872444153,0.20664525032043457,0.29606959223747253,0,2024-09-21 09:00:00+00:00
2997,0.5113378763198853,0.20554299652576447,0.2831191122531891,0,2024-09-21 09:00:00+00:00
2998,0.5113378763198853,0.20554299652576447,0.2831191122531891,0,2024-09-21 10:00:00+00:00
2999,0.5095818042755127,0.19318906962871552,0.29722917079925537,0,2024-09-21 10:00:00+00:00
3000,0.5095818042755127,0.19318906962871552,0.29722917079925537,0,2024-09-21 11:00:00+00:00
3001,0.5302276611328125,0.19396904110908508,0.27580326795578003,0,2024-09-21 11:00:00+00:00
3002,0.5302276611328125,0.19396904110908508,0.27580326795578003,0,2024-09-21 12:00:00+00:00
3003,0.5295547842979431,0.19023559987545013,0.28020960092544556,0,2024-09-21 12:00:00+00:00
3004,0.5295547842979431,0.19023559987545013,0.28020960092544556,0,2024-09-21 13:00:00+00:00
3005,0.5423480868339539,0.17001809179782867,0.2876337766647339,0,2024-09-21 13:00:00+00:00
3006,0.5423480868339539,0.17001809179782867,0.2876337766647339,0,2024-09-21 14:00:00+00:00
3007,0.538431704044342,0.16031266748905182,0.30125558376312256,0,2024-09-21 14:00:00+00:00
3008,0.538431704044342,0.16031266748905182,0.30125558376312256,0,2024-09-21 15:00:00+00:00
3009,0.5306369066238403,0.16350185871124268,0.30586129426956177,0,2024-09-21 15:00:00+00:00
3010,0.5306369066238403,0.16350185871124268,0.30586129426956177,0,2024-09-21 16:00:00+00:00
3011,0.5284478664398193,0.18171001970767975,0.2898420989513397,0,2024-09-21 16:00:00+00:00
3012,0.5284478664398193,0.18171001970767975,0.2898420989513397,0,2024-09-21 17:00:00+00:00
3013,0.5271469354629517,0.1728210300207138,0.30003201961517334,0,2024-09-21 17:00:00+00:00
3014,0.5271469354629517,0.1728210300207138,0.30003201961517334,0,2024-09-21 18:00:00+00:00
3015,0.5032729506492615,0.18315178155899048,0.31357526779174805,0,2024-09-21 18:00:00+00:00
3016,0.5032729506492615,0.18315178155899048,0.31357526779174805,0,2024-09-21 19:00:00+00:00
3017,0.5289936661720276,0.18238748610019684,0.288618803024292,0,2024-09-21 19:00:00+00:00
3018,0.5289936661720276,0.18238748610019684,0.288618803024292,0,2024-09-21 20:00:00+00:00
3019,0.5077921152114868,0.19611294567584991,0.2960949242115021,0,2024-09-21 20:00:00+00:00
3020,0.5077921152114868,0.19611294567584991,0.2960949242115021,0,2024-09-21 21:00:00+00:00
3021,0.5258614420890808,0.17682339251041412,0.29731521010398865,0,2024-09-21 21:00:00+00:00
3022,0.5258614420890808,0.17682339251041412,0.29731521010398865,0,2024-09-21 22:00:00+00:00
3023,0.5030429363250732,0.17717015743255615,0.319786936044693,0,2024-09-21 22:00:00+00:00
3024,0.5030429363250732,0.17717015743255615,0.319786936044693,0,2024-09-21 23:00:00+00:00
3025,0.5262088179588318,0.1667598932981491,0.3070312738418579,0,2024-09-21 23:00:00+00:00
3026,0.5262088179588318,0.1667598932981491,0.3070312738418579,0,2024-09-22 00:00:00+00:00
3027,0.5044738054275513,0.1648031324148178,0.3307231068611145,0,2024-09-22 00:00:00+00:00
3028,0.5044738054275513,0.1648031324148178,0.3307231068611145,0,2024-09-22 01:00:00+00:00
3029,0.49286988377571106,0.16808423399925232,0.33904582262039185,0,2024-09-22 01:00:00+00:00
3030,0.49286988377571106,0.16808423399925232,0.33904582262039185,0,2024-09-22 02:00:00+00:00
3031,0.504670262336731,0.18455879390239716,0.3107709288597107,0,2024-09-22 02:00:00+00:00
3032,0.504670262336731,0.18455879390239716,0.3107709288597107,0,2024-09-22 03:00:00+00:00
3033,0.5176820158958435,0.1882248967885971,0.2940931022167206,0,2024-09-22 03:00:00+00:00
3034,0.5176820158958435,0.1882248967885971,0.2940931022167206,0,2024-09-22 04:00:00+00:00
3035,0.5337468981742859,0.18274658918380737,0.2835065424442291,0,2024-09-22 04:00:00+00:00
3036,0.5337468981742859,0.18274658918380737,0.2835065424442291,0,2024-09-22 05:00:00+00:00
3037,0.5130084156990051,0.1908818483352661,0.29610973596572876,0,2024-09-22 05:00:00+00:00
3038,0.5130084156990051,0.1908818483352661,0.29610973596572876,0,2024-09-22 06:00:00+00:00
3039,0.5599525570869446,0.18716298043727875,0.25288447737693787,0,2024-09-22 06:00:00+00:00
3040,0.5599525570869446,0.18716298043727875,0.25288447737693787,0,2024-09-22 07:00:00+00:00
3041,0.6219148635864258,0.1748986542224884,0.20318648219108582,0,2024-09-22 07:00:00+00:00
3042,0.6219148635864258,0.1748986542224884,0.20318648219108582,0,2024-09-22 08:00:00+00:00
3043,0.5764973163604736,0.17795699834823608,0.24554570019245148,0,2024-09-22 08:00:00+00:00
3044,0.5764973163604736,0.17795699834823608,0.24554570019245148,0,2024-09-22 09:00:00+00:00
3045,0.5788938999176025,0.1785089373588562,0.24259716272354126,0,2024-09-22 09:00:00+00:00
3046,0.5788938999176025,0.1785089373588562,0.24259716272354126,0,2024-09-22 10:00:00+00:00
3047,0.5725495219230652,0.1938258856534958,0.23362456262111664,0,2024-09-22 10:00:00+00:00
3048,0.5725495219230652,0.1938258856534958,0.23362456262111664,0,2024-09-22 11:00:00+00:00
3049,0.6393834948539734,0.16403377056121826,0.19658276438713074,0,2024-09-22 11:00:00+00:00
3050,0.6393834948539734,0.16403377056121826,0.19658276438713074,0,2024-09-22 12:00:00+00:00
3051,0.6641751527786255,0.14641480147838593,0.1894100308418274,0,2024-09-22 12:00:00+00:00
3052,0.6641751527786255,0.14641480147838593,0.1894100308418274,0,2024-09-22 13:00:00+00:00
3053,0.5652990341186523,0.16144832968711853,0.2732526957988739,0,2024-09-22 13:00:00+00:00
3054,0.5652990341186523,0.16144832968711853,0.2732526957988739,0,2024-09-22 14:00:00+00:00
3055,0.5334605574607849,0.1661415994167328,0.30039775371551514,0,2024-09-22 14:00:00+00:00
3056,0.5334605574607849,0.1661415994167328,0.30039775371551514,0,2024-09-22 15:00:00+00:00
3057,0.5087183117866516,0.15929129719734192,0.3319903612136841,0,2024-09-22 15:00:00+00:00
3058,0.5087183117866516,0.15929129719734192,0.3319903612136841,0,2024-09-22 16:00:00+00:00
3059,0.4962430000305176,0.17325495183467865,0.3305020332336426,0,2024-09-22 16:00:00+00:00
3060,0.4962430000305176,0.17325495183467865,0.3305020332336426,0,2024-09-22 17:00:00+00:00
3061,0.485912561416626,0.184093177318573,0.3299942910671234,0,2024-09-22 17:00:00+00:00
3062,0.485912561416626,0.184093177318573,0.3299942910671234,0,2024-09-22 18:00:00+00:00
3063,0.4506836235523224,0.1942516416311264,0.3550646901130676,0,2024-09-22 18:00:00+00:00
3064,0.4506836235523224,0.1942516416311264,0.3550646901130676,0,2024-09-22 19:00:00+00:00
3065,0.4403480291366577,0.20003962516784668,0.3596123456954956,0,2024-09-22 19:00:00+00:00
3066,0.4403480291366577,0.20003962516784668,0.3596123456954956,0,2024-09-22 20:00:00+00:00
3067,0.44734081625938416,0.19973976910114288,0.3529193103313446,0,2024-09-22 20:00:00+00:00
3068,0.44734081625938416,0.19973976910114288,0.3529193103313446,0,2024-09-22 21:00:00+00:00
3069,0.4619394838809967,0.1965193897485733,0.3415410816669464,0,2024-09-22 21:00:00+00:00
3070,0.4619394838809967,0.1965193897485733,0.3415410816669464,0,2024-09-22 22:00:00+00:00
3071,0.5064504742622375,0.17071382701396942,0.32283568382263184,0,2024-09-22 22:00:00+00:00
3072,0.5064504742622375,0.17071382701396942,0.32283568382263184,0,2024-09-22 23:00:00+00:00
3073,0.47990480065345764,0.1837185174226761,0.3363766670227051,0,2024-09-22 23:00:00+00:00
3074,0.47990480065345764,0.1837185174226761,0.3363766670227051,0,2024-09-23 00:00:00+00:00
3075,0.4701935052871704,0.18885847926139832,0.3409480154514313,0,2024-09-23 00:00:00+00:00
3076,0.4701935052871704,0.18885847926139832,0.3409480154514313,0,2024-09-23 01:00:00+00:00
3077,0.4862639904022217,0.18905192613601685,0.32468414306640625,0,2024-09-23 01:00:00+00:00
3078,0.4862639904022217,0.18905192613601685,0.32468414306640625,0,2024-09-23 02:00:00+00:00
3079,0.48828351497650146,0.18830426037311554,0.3234122395515442,0,2024-09-23 02:00:00+00:00
3080,0.48828351497650146,0.18830426037311554,0.3234122395515442,0,2024-09-23 03:00:00+00:00
3081,0.503040611743927,0.19705499708652496,0.29990440607070923,0,2024-09-23 03:00:00+00:00
3082,0.503040611743927,0.19705499708652496,0.29990440607070923,0,2024-09-23 04:00:00+00:00
3083,0.5113770961761475,0.1973373144865036,0.2912856638431549,0,2024-09-23 04:00:00+00:00
3084,0.5113770961761475,0.1973373144865036,0.2912856638431549,0,2024-09-23 05:00:00+00:00
3085,0.508975088596344,0.20181390643119812,0.2892109155654907,0,2024-09-23 05:00:00+00:00
3086,0.508975088596344,0.20181390643119812,0.2892109155654907,0,2024-09-23 06:00:00+00:00
3087,0.5141299962997437,0.2037719190120697,0.28209805488586426,0,2024-09-23 06:00:00+00:00
3088,0.5141299962997437,0.2037719190120697,0.28209805488586426,0,2024-09-23 07:00:00+00:00
3089,0.5029966831207275,0.20664343237876892,0.2903597950935364,0,2024-09-23 07:00:00+00:00
3090,0.5029966831207275,0.20664343237876892,0.2903597950935364,0,2024-09-23 08:00:00+00:00
3091,0.5264021754264832,0.2005617767572403,0.2730361223220825,0,2024-09-23 08:00:00+00:00
3092,0.5264021754264832,0.2005617767572403,0.2730361223220825,0,2024-09-23 09:00:00+00:00
3093,0.5561345815658569,0.17623522877693176,0.2676302492618561,0,2024-09-23 09:00:00+00:00
3094,0.5561345815658569,0.17623522877693176,0.2676302492618561,0,2024-09-23 10:00:00+00:00
3095,0.5506166815757751,0.18458707630634308,0.26479625701904297,0,2024-09-23 10:00:00+00:00
3096,0.5506166815757751,0.18458707630634308,0.26479625701904297,0,2024-09-23 11:00:00+00:00
3097,0.5429096221923828,0.18570376932621002,0.27138668298721313,0,2024-09-23 11:00:00+00:00
3098,0.5429096221923828,0.18570376932621002,0.27138668298721313,0,2024-09-23 12:00:00+00:00
3099,0.5373390913009644,0.1837480515241623,0.27891284227371216,0,2024-09-23 12:00:00+00:00
3100,0.5373390913009644,0.1837480515241623,0.27891284227371216,0,2024-09-23 13:00:00+00:00
3101,0.5291903018951416,0.18159793317317963,0.28921180963516235,0,2024-09-23 13:00:00+00:00
3102,0.5291903018951416,0.18159793317317963,0.28921180963516235,0,2024-09-23 14:00:00+00:00
3103,0.5188649296760559,0.18387725949287415,0.2972579002380371,0,2024-09-23 14:00:00+00:00
3104,0.5188649296760559,0.18387725949287415,0.2972579002380371,0,2024-09-23 15:00:00+00:00
3105,0.49582210183143616,0.1811729073524475,0.32300496101379395,0,2024-09-23 15:00:00+00:00
3106,0.49582210183143616,0.1811729073524475,0.32300496101379395,0,2024-09-23 16:00:00+00:00
3107,0.498727947473526,0.1857030838727951,0.31556904315948486,0,2024-09-23 16:00:00+00:00
3108,0.498727947473526,0.1857030838727951,0.31556904315948486,0,2024-09-23 17:00:00+00:00
3109,0.5182054042816162,0.18277810513973236,0.29901644587516785,0,2024-09-23 17:00:00+00:00
3110,0.5182054042816162,0.18277810513973236,0.29901644587516785,0,2024-09-23 18:00:00+00:00
3111,0.5078635215759277,0.1911786049604416,0.30095794796943665,0,2024-09-23 18:00:00+00:00
3112,0.5078635215759277,0.1911786049604416,0.30095794796943665,0,2024-09-23 19:00:00+00:00
3113,0.5047577619552612,0.192036971449852,0.3032051920890808,0,2024-09-23 19:00:00+00:00
3114,0.5047577619552612,0.192036971449852,0.3032051920890808,0,2024-09-23 20:00:00+00:00
3115,0.5007990002632141,0.19254711270332336,0.3066539168357849,0,2024-09-23 20:00:00+00:00
3116,0.5007990002632141,0.19254711270332336,0.3066539168357849,0,2024-09-23 21:00:00+00:00
3117,0.5144291520118713,0.1850503534078598,0.3005206286907196,0,2024-09-23 21:00:00+00:00
3118,0.5144291520118713,0.1850503534078598,0.3005206286907196,0,2024-09-23 22:00:00+00:00
3119,0.5087901949882507,0.19552208483219147,0.2956877648830414,0,2024-09-23 22:00:00+00:00
3120,0.5087901949882507,0.19552208483219147,0.2956877648830414,0,2024-09-23 23:00:00+00:00
3121,0.47534340620040894,0.19500356912612915,0.32965290546417236,0,2024-09-23 23:00:00+00:00
3122,0.47534340620040894,0.19500356912612915,0.32965290546417236,0,2024-09-24 00:00:00+00:00
3123,0.4686491787433624,0.19255220890045166,0.3387986123561859,0,2024-09-24 00:00:00+00:00
3124,0.4686491787433624,0.19255220890045166,0.3387986123561859,0,2024-09-24 01:00:00+00:00
3125,0.4789247214794159,0.19461490213871002,0.3264603912830353,0,2024-09-24 01:00:00+00:00
3126,0.4789247214794159,0.19461490213871002,0.3264603912830353,0,2024-09-24 02:00:00+00:00
3127,0.4751434624195099,0.19444791972637177,0.33040863275527954,0,2024-09-24 02:00:00+00:00
3128,0.4751434624195099,0.19444791972637177,0.33040863275527954,0,2024-09-24 03:00:00+00:00
3129,0.49359840154647827,0.18958954513072968,0.31681200861930847,0,2024-09-24 03:00:00+00:00
3130,0.49359840154647827,0.18958954513072968,0.31681200861930847,0,2024-09-24 04:00:00+00:00
3131,0.48891162872314453,0.19125188887119293,0.31983646750450134,0,2024-09-24 04:00:00+00:00
3132,0.48891162872314453,0.19125188887119293,0.31983646750450134,0,2024-09-24 05:00:00+00:00
3133,0.4834487736225128,0.1979336440563202,0.3186176121234894,0,2024-09-24 05:00:00+00:00
3134,0.4834487736225128,0.1979336440563202,0.3186176121234894,0,2024-09-24 06:00:00+00:00
3135,0.49709951877593994,0.20101608335971832,0.30188435316085815,0,2024-09-24 06:00:00+00:00
3136,0.49709951877593994,0.20101608335971832,0.30188435316085815,0,2024-09-24 07:00:00+00:00
3137,0.508915901184082,0.19570091366767883,0.29538315534591675,0,2024-09-24 07:00:00+00:00
3138,0.508915901184082,0.19570091366767883,0.29538315534591675,0,2024-09-24 08:00:00+00:00
3139,0.5261648297309875,0.1881374567747116,0.28569772839546204,0,2024-09-24 08:00:00+00:00
3140,0.5261648297309875,0.1881374567747116,0.28569772839546204,0,2024-09-24 09:00:00+00:00
3141,0.5252891182899475,0.18027471005916595,0.29443612694740295,0,2024-09-24 09:00:00+00:00
3142,0.5252891182899475,0.18027471005916595,0.29443612694740295,0,2024-09-24 10:00:00+00:00
3143,0.5058678984642029,0.19657114148139954,0.2975609600543976,0,2024-09-24 10:00:00+00:00
3144,0.5058678984642029,0.19657114148139954,0.2975609600543976,0,2024-09-24 11:00:00+00:00
3145,0.476670503616333,0.21039433777332306,0.31293514370918274,0,2024-09-24 11:00:00+00:00
3146,0.476670503616333,0.21039433777332306,0.31293514370918274,0,2024-09-24 12:00:00+00:00
3147,0.49151578545570374,0.19840532541275024,0.31007900834083557,0,2024-09-24 12:00:00+00:00
3148,0.49151578545570374,0.19840532541275024,0.31007900834083557,0,2024-09-24 13:00:00+00:00
3149,0.4737241566181183,0.1929258555173874,0.33334997296333313,0,2024-09-24 13:00:00+00:00
3150,0.4737241566181183,0.1929258555173874,0.33334997296333313,0,2024-09-24 14:00:00+00:00
3151,0.4632432162761688,0.1904451996088028,0.3463115990161896,0,2024-09-24 14:00:00+00:00
3152,0.4632432162761688,0.1904451996088028,0.3463115990161896,0,2024-09-24 15:00:00+00:00
3153,0.5153477191925049,0.193622887134552,0.2910293936729431,0,2024-09-24 15:00:00+00:00
3154,0.5153477191925049,0.193622887134552,0.2910293936729431,0,2024-09-24 16:00:00+00:00
3155,0.5064007639884949,0.19602614641189575,0.2975730001926422,0,2024-09-24 16:00:00+00:00
3156,0.5064007639884949,0.19602614641189575,0.2975730001926422,0,2024-09-24 17:00:00+00:00
3157,0.4627620279788971,0.2125721573829651,0.32466578483581543,0,2024-09-24 17:00:00+00:00
3158,0.4627620279788971,0.2125721573829651,0.32466578483581543,0,2024-09-24 18:00:00+00:00
3159,0.5006920695304871,0.1870851367712021,0.31222277879714966,0,2024-09-24 18:00:00+00:00
3160,0.5006920695304871,0.1870851367712021,0.31222277879714966,0,2024-09-24 19:00:00+00:00
3161,0.4712941646575928,0.19446296989917755,0.3342428505420685,0,2024-09-24 19:00:00+00:00
3162,0.4712941646575928,0.19446296989917755,0.3342428505420685,0,2024-09-24 20:00:00+00:00
3163,0.48631271719932556,0.18695814907550812,0.32672908902168274,0,2024-09-24 20:00:00+00:00
3164,0.48631271719932556,0.18695814907550812,0.32672908902168274,0,2024-09-24 21:00:00+00:00
3165,0.49169135093688965,0.18610204756259918,0.32220661640167236,0,2024-09-24 21:00:00+00:00
3166,0.49169135093688965,0.18610204756259918,0.32220661640167236,0,2024-09-24 22:00:00+00:00
3167,0.4869813621044159,0.17439959943294525,0.3386191129684448,0,2024-09-24 22:00:00+00:00
3168,0.4869813621044159,0.17439959943294525,0.3386191129684448,0,2024-09-24 23:00:00+00:00
3169,0.5209406018257141,0.14565694332122803,0.3334023952484131,0,2024-09-24 23:00:00+00:00
3170,0.5209406018257141,0.14565694332122803,0.3334023952484131,0,2024-09-25 00:00:00+00:00
3171,0.5002902150154114,0.1529550552368164,0.3467547297477722,0,2024-09-25 00:00:00+00:00
3172,0.5002902150154114,0.1529550552368164,0.3467547297477722,0,2024-09-25 01:00:00+00:00
3173,0.5034260749816895,0.1552807092666626,0.34129318594932556,0,2024-09-25 01:00:00+00:00
3174,0.5034260749816895,0.1552807092666626,0.34129318594932556,0,2024-09-25 02:00:00+00:00
3175,0.49766209721565247,0.15396073460578918,0.34837713837623596,0,2024-09-25 02:00:00+00:00
3176,0.49766209721565247,0.15396073460578918,0.34837713837623596,0,2024-09-25 03:00:00+00:00
3177,0.5086631178855896,0.16140389442443848,0.3299329876899719,0,2024-09-25 03:00:00+00:00
3178,0.5086631178855896,0.16140389442443848,0.3299329876899719,0,2024-09-25 04:00:00+00:00
3179,0.5017890930175781,0.16665495932102203,0.33155596256256104,0,2024-09-25 04:00:00+00:00
3180,0.5017890930175781,0.16665495932102203,0.33155596256256104,0,2024-09-25 05:00:00+00:00
3181,0.4867723882198334,0.1870129108428955,0.32621467113494873,0,2024-09-25 05:00:00+00:00
3182,0.4867723882198334,0.1870129108428955,0.32621467113494873,0,2024-09-25 06:00:00+00:00
3183,0.465282678604126,0.20957058668136597,0.32514679431915283,0,2024-09-25 06:00:00+00:00
3184,0.465282678604126,0.20957058668136597,0.32514679431915283,0,2024-09-25 07:00:00+00:00
3185,0.49375367164611816,0.20201334357261658,0.3042329251766205,0,2024-09-25 07:00:00+00:00
3186,0.49375367164611816,0.20201334357261658,0.3042329251766205,0,2024-09-25 08:00:00+00:00
3187,0.5023130178451538,0.19959311187267303,0.29809385538101196,0,2024-09-25 08:00:00+00:00
3188,0.5023130178451538,0.19959311187267303,0.29809385538101196,0,2024-09-25 09:00:00+00:00
3189,0.4987407326698303,0.20115824043750763,0.3001009523868561,0,2024-09-25 09:00:00+00:00
3190,0.4987407326698303,0.20115824043750763,0.3001009523868561,0,2024-09-25 10:00:00+00:00
3191,0.46064484119415283,0.214960515499115,0.3243946433067322,0,2024-09-25 10:00:00+00:00
3192,0.46064484119415283,0.214960515499115,0.3243946433067322,0,2024-09-25 11:00:00+00:00
3193,0.4688147008419037,0.21094582974910736,0.3202395439147949,0,2024-09-25 11:00:00+00:00
3194,0.4688147008419037,0.21094582974910736,0.3202395439147949,0,2024-09-25 12:00:00+00:00
3195,0.4528072774410248,0.21346540749073029,0.3337273597717285,0,2024-09-25 12:00:00+00:00
3196,0.4528072774410248,0.21346540749073029,0.3337273597717285,0,2024-09-25 13:00:00+00:00
3197,0.47314777970314026,0.21301892399787903,0.3138332962989807,0,2024-09-25 13:00:00+00:00
3198,0.47314777970314026,0.21301892399787903,0.3138332962989807,0,2024-09-25 14:00:00+00:00
3199,0.46280884742736816,0.2091783732175827,0.32801273465156555,0,2024-09-25 14:00:00+00:00
3200,0.46280884742736816,0.2091783732175827,0.32801273465156555,0,2024-09-25 15:00:00+00:00
3201,0.47300276160240173,0.1946798861026764,0.3323172628879547,0,2024-09-25 15:00:00+00:00
3202,0.47300276160240173,0.1946798861026764,0.3323172628879547,0,2024-09-25 16:00:00+00:00
3203,0.48133739829063416,0.20506921410560608,0.3135935068130493,0,2024-09-25 16:00:00+00:00
3204,0.48133739829063416,0.20506921410560608,0.3135935068130493,0,2024-09-25 17:00:00+00:00
3205,0.49526363611221313,0.19134114682674408,0.313395231962204,0,2024-09-25 17:00:00+00:00
3206,0.49526363611221313,0.19134114682674408,0.313395231962204,0,2024-09-25 18:00:00+00:00
3207,0.4904402494430542,0.21205617487430573,0.2975035607814789,0,2024-09-25 18:00:00+00:00
3208,0.4904402494430542,0.21205617487430573,0.2975035607814789,0,2024-09-25 19:00:00+00:00
3209,0.4852463901042938,0.21133655309677124,0.3034169673919678,0,2024-09-25 19:00:00+00:00
3210,0.4852463901042938,0.21133655309677124,0.3034169673919678,0,2024-09-25 20:00:00+00:00
3211,0.4816569983959198,0.21816228330135345,0.30018070340156555,0,2024-09-25 20:00:00+00:00
3212,0.4816569983959198,0.21816228330135345,0.30018070340156555,0,2024-09-25 21:00:00+00:00
3213,0.4770938456058502,0.21084192395210266,0.31206420063972473,0,2024-09-25 21:00:00+00:00
3214,0.4770938456058502,0.21084192395210266,0.31206420063972473,0,2024-09-25 22:00:00+00:00
3215,0.4918920397758484,0.2111179381608963,0.2969900071620941,0,2024-09-25 22:00:00+00:00
3216,0.4918920397758484,0.2111179381608963,0.2969900071620941,0,2024-09-25 23:00:00+00:00
3217,0.5002517104148865,0.1926020085811615,0.30714625120162964,0,2024-09-25 23:00:00+00:00
3218,0.5002517104148865,0.1926020085811615,0.30714625120162964,0,2024-09-26 00:00:00+00:00
3219,0.46637555956840515,0.20151185989379883,0.332112580537796,0,2024-09-26 00:00:00+00:00
3220,0.46637555956840515,0.20151185989379883,0.332112580537796,0,2024-09-26 02:00:00+00:00
3221,0.5089715123176575,0.18782362341880798,0.30320483446121216,0,2024-09-26 02:00:00+00:00
3222,0.5089715123176575,0.18782362341880798,0.30320483446121216,0,2024-09-26 03:00:00+00:00
3223,0.474346399307251,0.21071220934391022,0.3149414360523224,0,2024-09-26 03:00:00+00:00
3224,0.474346399307251,0.21071220934391022,0.3149414360523224,0,2024-09-26 04:00:00+00:00
3225,0.4830450117588043,0.2120848298072815,0.3048701882362366,0,2024-09-26 04:00:00+00:00
3226,0.4830450117588043,0.2120848298072815,0.3048701882362366,0,2024-09-26 05:00:00+00:00
3227,0.5156773924827576,0.20140500366687775,0.2829175889492035,0,2024-09-26 05:00:00+00:00
3228,0.5156773924827576,0.20140500366687775,0.2829175889492035,0,2024-09-26 06:00:00+00:00
3229,0.49778056144714355,0.19783462584018707,0.30438482761383057,0,2024-09-26 06:00:00+00:00
3230,0.49778056144714355,0.19783462584018707,0.30438482761383057,0,2024-09-26 07:00:00+00:00
3231,0.48004159331321716,0.19943396747112274,0.3205244243144989,0,2024-09-26 07:00:00+00:00
3232,0.48004159331321716,0.19943396747112274,0.3205244243144989,0,2024-09-26 08:00:00+00:00
3233,0.492523193359375,0.19066636264324188,0.31681036949157715,0,2024-09-26 08:00:00+00:00
3234,0.492523193359375,0.19066636264324188,0.31681036949157715,0,2024-09-26 09:00:00+00:00
3235,0.4594515860080719,0.21165777742862701,0.32889071106910706,0,2024-09-26 09:00:00+00:00
3236,0.4594515860080719,0.21165777742862701,0.32889071106910706,0,2024-09-26 10:00:00+00:00
3237,0.4553224742412567,0.21211965382099152,0.3325578570365906,0,2024-09-26 10:00:00+00:00
3238,0.4553224742412567,0.21211965382099152,0.3325578570365906,0,2024-09-26 11:00:00+00:00
3239,0.48100388050079346,0.18502141535282135,0.33397459983825684,0,2024-09-26 11:00:00+00:00
3240,0.48100388050079346,0.18502141535282135,0.33397459983825684,0,2024-09-26 12:00:00+00:00
3241,0.4702131152153015,0.1845056265592575,0.3452812433242798,0,2024-09-26 12:00:00+00:00
3242,0.4702131152153015,0.1845056265592575,0.3452812433242798,0,2024-09-26 13:00:00+00:00
3243,0.48904722929000854,0.18080969154834747,0.33014315366744995,0,2024-09-26 13:00:00+00:00
3244,0.48904722929000854,0.18080969154834747,0.33014315366744995,0,2024-09-26 14:00:00+00:00
3245,0.4619891345500946,0.1795186847448349,0.3584921360015869,0,2024-09-26 14:00:00+00:00
3246,0.4619891345500946,0.1795186847448349,0.3584921360015869,0,2024-09-26 15:00:00+00:00
3247,0.4752620458602905,0.17806456983089447,0.3466733694076538,0,2024-09-26 15:00:00+00:00
3248,0.4752620458602905,0.17806456983089447,0.3466733694076538,0,2024-09-26 16:00:00+00:00
3249,0.48054245114326477,0.15787538886070251,0.36158210039138794,0,2024-09-26 16:00:00+00:00
3250,0.48054245114326477,0.15787538886070251,0.36158210039138794,0,2024-09-26 17:00:00+00:00
3251,0.46476733684539795,0.15971019864082336,0.3755224943161011,0,2024-09-26 17:00:00+00:00
3252,0.46476733684539795,0.15971019864082336,0.3755224943161011,0,2024-09-26 18:00:00+00:00
3253,0.46979326009750366,0.1590379774570465,0.3711687922477722,0,2024-09-26 18:00:00+00:00
3254,0.46979326009750366,0.1590379774570465,0.3711687922477722,0,2024-09-26 19:00:00+00:00
3255,0.45864954590797424,0.1558738499879837,0.3854764997959137,0,2024-09-26 19:00:00+00:00
3256,0.45864954590797424,0.1558738499879837,0.3854764997959137,0,2024-09-26 20:00:00+00:00
3257,0.4565849304199219,0.16338510811328888,0.3800298869609833,0,2024-09-26 20:00:00+00:00
3258,0.4565849304199219,0.16338510811328888,0.3800298869609833,0,2024-09-26 21:00:00+00:00
3259,0.47306370735168457,0.16748684644699097,0.3594494163990021,0,2024-09-26 21:00:00+00:00
3260,0.47306370735168457,0.16748684644699097,0.3594494163990021,0,2024-09-26 22:00:00+00:00
3261,0.45894747972488403,0.16996993124485016,0.3710825741291046,0,2024-09-26 22:00:00+00:00
3262,0.45894747972488403,0.16996993124485016,0.3710825741291046,0,2024-09-26 23:00:00+00:00
3263,0.46760445833206177,0.16157767176628113,0.3708178699016571,0,2024-09-26 23:00:00+00:00
3264,0.46760445833206177,0.16157767176628113,0.3708178699016571,0,2024-09-27 00:00:00+00:00
3265,0.45966818928718567,0.17567843198776245,0.3646533787250519,0,2024-09-27 00:00:00+00:00
3266,0.45966818928718567,0.17567843198776245,0.3646533787250519,0,2024-09-27 01:00:00+00:00
3267,0.46634170413017273,0.17195703089237213,0.36170119047164917,0,2024-09-27 01:00:00+00:00
3268,0.46634170413017273,0.17195703089237213,0.36170119047164917,0,2024-09-27 02:00:00+00:00
3269,0.4598809778690338,0.18269750475883484,0.35742154717445374,0,2024-09-27 02:00:00+00:00
3270,0.4598809778690338,0.18269750475883484,0.35742154717445374,0,2024-09-27 03:00:00+00:00
3271,0.4677472710609436,0.18561722338199615,0.34663549065589905,0,2024-09-27 03:00:00+00:00
3272,0.4677472710609436,0.18561722338199615,0.34663549065589905,0,2024-09-27 04:00:00+00:00
3273,0.48014459013938904,0.17276155948638916,0.3470938801765442,0,2024-09-27 04:00:00+00:00
3274,0.48014459013938904,0.17276155948638916,0.3470938801765442,0,2024-09-27 05:00:00+00:00
3275,0.4790691137313843,0.17665402591228485,0.3442767262458801,0,2024-09-27 05:00:00+00:00
3276,0.4790691137313843,0.17665402591228485,0.3442767262458801,0,2024-09-27 06:00:00+00:00
3277,0.4576347768306732,0.18198232352733612,0.36038288474082947,0,2024-09-27 06:00:00+00:00
3278,0.4576347768306732,0.18198232352733612,0.36038288474082947,0,2024-09-27 07:00:00+00:00
3279,0.4829767048358917,0.1706879734992981,0.346335232257843,0,2024-09-27 07:00:00+00:00
3280,0.4829767048358917,0.1706879734992981,0.346335232257843,0,2024-09-27 08:00:00+00:00
3281,0.46754521131515503,0.17612265050411224,0.3563321828842163,0,2024-09-27 08:00:00+00:00
3282,0.46754521131515503,0.17612265050411224,0.3563321828842163,0,2024-09-27 09:00:00+00:00
3283,0.4687264859676361,0.16822375357151031,0.3630498945713043,0,2024-09-27 09:00:00+00:00
3284,0.4687264859676361,0.16822375357151031,0.3630498945713043,0,2024-09-27 10:00:00+00:00
3285,0.4688152074813843,0.17108309268951416,0.3601017892360687,0,2024-09-27 10:00:00+00:00
3286,0.4688152074813843,0.17108309268951416,0.3601017892360687,0,2024-09-27 11:00:00+00:00
3287,0.48048004508018494,0.18083694577217102,0.33868297934532166,0,2024-09-27 11:00:00+00:00
3288,0.48048004508018494,0.18083694577217102,0.33868297934532166,0,2024-09-27 12:00:00+00:00
3289,0.45296522974967957,0.1885598599910736,0.3584749698638916,0,2024-09-27 12:00:00+00:00
3290,0.45296522974967957,0.1885598599910736,0.3584749698638916,0,2024-09-27 13:00:00+00:00
3291,0.4810453951358795,0.1788027435541153,0.3401518166065216,0,2024-09-27 13:00:00+00:00
3292,0.4810453951358795,0.1788027435541153,0.3401518166065216,0,2024-09-27 14:00:00+00:00
3293,0.47097596526145935,0.17792780697345734,0.35109612345695496,0,2024-09-27 14:00:00+00:00
3294,0.47097596526145935,0.17792780697345734,0.35109612345695496,0,2024-09-27 15:00:00+00:00
3295,0.47911596298217773,0.1534278839826584,0.3674560785293579,0,2024-09-27 15:00:00+00:00
3296,0.47911596298217773,0.1534278839826584,0.3674560785293579,0,2024-09-27 16:00:00+00:00
3297,0.4939206540584564,0.15499404072761536,0.3510853052139282,0,2024-09-27 16:00:00+00:00
3298,0.4939206540584564,0.15499404072761536,0.3510853052139282,0,2024-09-27 17:00:00+00:00
3299,0.4846089780330658,0.15620076656341553,0.35919028520584106,0,2024-09-27 17:00:00+00:00
3300,0.4846089780330658,0.15620076656341553,0.35919028520584106,0,2024-09-27 18:00:00+00:00
3301,0.4772826135158539,0.16880668699741364,0.3539106845855713,0,2024-09-27 18:00:00+00:00
3302,0.4772826135158539,0.16880668699741364,0.3539106845855713,0,2024-09-27 19:00:00+00:00
3303,0.45783260464668274,0.16572891175746918,0.37643855810165405,0,2024-09-27 19:00:00+00:00
3304,0.45783260464668274,0.16572891175746918,0.37643855810165405,0,2024-09-27 20:00:00+00:00
3305,0.4568997621536255,0.17909544706344604,0.36400488018989563,0,2024-09-27 20:00:00+00:00
3306,0.4568997621536255,0.17909544706344604,0.36400488018989563,0,2024-09-27 21:00:00+00:00
3307,0.48573586344718933,0.16267383098602295,0.35159024596214294,0,2024-09-27 21:00:00+00:00
3308,0.48573586344718933,0.16267383098602295,0.35159024596214294,0,2024-09-27 22:00:00+00:00
3309,0.46914803981781006,0.1775563806295395,0.35329559445381165,0,2024-09-27 22:00:00+00:00
3310,0.46914803981781006,0.1775563806295395,0.35329559445381165,0,2024-09-27 23:00:00+00:00
3311,0.4816361367702484,0.1679474115371704,0.3504164218902588,0,2024-09-27 23:00:00+00:00
3312,0.4816361367702484,0.1679474115371704,0.3504164218902588,0,2024-09-28 00:00:00+00:00
3313,0.4617965817451477,0.18200784921646118,0.35619550943374634,0,2024-09-28 00:00:00+00:00
3314,0.4617965817451477,0.18200784921646118,0.35619550943374634,0,2024-09-28 01:00:00+00:00
3315,0.45887133479118347,0.17981602251529694,0.3613126277923584,0,2024-09-28 01:00:00+00:00
3316,0.45887133479118347,0.17981602251529694,0.3613126277923584,0,2024-09-28 02:00:00+00:00
3317,0.43845731019973755,0.18921184539794922,0.3723308742046356,0,2024-09-28 02:00:00+00:00
3318,0.43845731019973755,0.18921184539794922,0.3723308742046356,0,2024-09-28 03:00:00+00:00
3319,0.44001802802085876,0.1899701952934265,0.37001165747642517,0,2024-09-28 03:00:00+00:00
3320,0.44001802802085876,0.1899701952934265,0.37001165747642517,0,2024-09-28 04:00:00+00:00
3321,0.4511193335056305,0.18399377167224884,0.36488693952560425,0,2024-09-28 04:00:00+00:00
3322,0.4511193335056305,0.18399377167224884,0.36488693952560425,0,2024-09-28 05:00:00+00:00
3323,0.4560874104499817,0.18639712035655975,0.35751551389694214,0,2024-09-28 05:00:00+00:00
3324,0.4560874104499817,0.18639712035655975,0.35751551389694214,0,2024-09-28 06:00:00+00:00
3325,0.4639546275138855,0.19785632193088531,0.33818915486335754,0,2024-09-28 06:00:00+00:00
3326,0.4639546275138855,0.19785632193088531,0.33818915486335754,0,2024-09-28 07:00:00+00:00
3327,0.5276172757148743,0.18679967522621155,0.2855829894542694,0,2024-09-28 07:00:00+00:00
3328,0.5276172757148743,0.18679967522621155,0.2855829894542694,0,2024-09-28 08:00:00+00:00
3329,0.4962174892425537,0.19007399678230286,0.313708633184433,0,2024-09-28 08:00:00+00:00
3330,0.4962174892425537,0.19007399678230286,0.313708633184433,0,2024-09-28 09:00:00+00:00
3331,0.5490092635154724,0.18208199739456177,0.2689087390899658,0,2024-09-28 09:00:00+00:00
3332,0.5490092635154724,0.18208199739456177,0.2689087390899658,0,2024-09-28 10:00:00+00:00
3333,0.4695199429988861,0.20366035401821136,0.3268197476863861,0,2024-09-28 10:00:00+00:00
3334,0.4695199429988861,0.20366035401821136,0.3268197476863861,0,2024-09-28 11:00:00+00:00
3335,0.43395647406578064,0.2113034576177597,0.35474011301994324,0,2024-09-28 11:00:00+00:00
3336,0.43395647406578064,0.2113034576177597,0.35474011301994324,0,2024-09-28 12:00:00+00:00
3337,0.4748171269893646,0.20128348469734192,0.32389941811561584,0,2024-09-28 12:00:00+00:00
3338,0.4748171269893646,0.20128348469734192,0.32389941811561584,0,2024-09-28 13:00:00+00:00
3339,0.48618102073669434,0.1977754682302475,0.31604358553886414,0,2024-09-28 13:00:00+00:00
3340,0.48618102073669434,0.1977754682302475,0.31604358553886414,0,2024-09-28 14:00:00+00:00
3341,0.47889378666877747,0.20047642290592194,0.32062989473342896,0,2024-09-28 14:00:00+00:00
3342,0.47889378666877747,0.20047642290592194,0.32062989473342896,0,2024-09-28 15:00:00+00:00
3343,0.45591822266578674,0.17869316041469574,0.36538857221603394,0,2024-09-28 15:00:00+00:00
3344,0.45591822266578674,0.17869316041469574,0.36538857221603394,0,2024-09-28 16:00:00+00:00
3345,0.4723986089229584,0.19305826723575592,0.3345431089401245,0,2024-09-28 16:00:00+00:00
3346,0.4723986089229584,0.19305826723575592,0.3345431089401245,0,2024-09-28 17:00:00+00:00
3347,0.4958464801311493,0.1854276806116104,0.3187258541584015,0,2024-09-28 17:00:00+00:00
3348,0.4958464801311493,0.1854276806116104,0.3187258541584015,0,2024-09-28 18:00:00+00:00
3349,0.4869600534439087,0.1919512003660202,0.3210887312889099,0,2024-09-28 18:00:00+00:00
3350,0.4869600534439087,0.1919512003660202,0.3210887312889099,0,2024-09-28 19:00:00+00:00
3351,0.4906395971775055,0.18791380524635315,0.3214467167854309,0,2024-09-28 19:00:00+00:00
3352,0.4906395971775055,0.18791380524635315,0.3214467167854309,0,2024-09-28 20:00:00+00:00
3353,0.5019398927688599,0.18668460845947266,0.31137552857398987,0,2024-09-28 20:00:00+00:00
3354,0.5019398927688599,0.18668460845947266,0.31137552857398987,0,2024-09-28 21:00:00+00:00
3355,0.5220842957496643,0.18551233410835266,0.29240331053733826,0,2024-09-28 21:00:00+00:00
3356,0.5220842957496643,0.18551233410835266,0.29240331053733826,0,2024-09-28 22:00:00+00:00
3357,0.5088744759559631,0.1841641664505005,0.30696141719818115,0,2024-09-28 22:00:00+00:00
3358,0.5088744759559631,0.1841641664505005,0.30696141719818115,0,2024-09-28 23:00:00+00:00
3359,0.4811420440673828,0.18831820785999298,0.33053967356681824,0,2024-09-28 23:00:00+00:00
3360,0.4811420440673828,0.18831820785999298,0.33053967356681824,0,2024-09-29 00:00:00+00:00
3361,0.47567304968833923,0.19018323719501495,0.3341436982154846,0,2024-09-29 00:00:00+00:00
3362,0.47567304968833923,0.19018323719501495,0.3341436982154846,0,2024-09-29 01:00:00+00:00
3363,0.4842592179775238,0.18507246673107147,0.3306683897972107,0,2024-09-29 01:00:00+00:00
3364,0.4842592179775238,0.18507246673107147,0.3306683897972107,0,2024-09-29 02:00:00+00:00
3365,0.4444592297077179,0.17153364419937134,0.3840070366859436,0,2024-09-29 02:00:00+00:00
3366,0.4444592297077179,0.17153364419937134,0.3840070366859436,0,2024-09-29 03:00:00+00:00
3367,0.4484957456588745,0.17370709776878357,0.37779712677001953,0,2024-09-29 03:00:00+00:00
3368,0.4484957456588745,0.17370709776878357,0.37779712677001953,0,2024-09-29 04:00:00+00:00
3369,0.44396477937698364,0.16935721039772034,0.38667795062065125,0,2024-09-29 04:00:00+00:00
3370,0.44396477937698364,0.16935721039772034,0.38667795062065125,0,2024-09-29 05:00:00+00:00
3371,0.46319347620010376,0.189089834690094,0.34771665930747986,0,2024-09-29 05:00:00+00:00
3372,0.46319347620010376,0.189089834690094,0.34771665930747986,0,2024-09-29 06:00:00+00:00
3373,0.4950404763221741,0.1849246472120285,0.3200348913669586,0,2024-09-29 06:00:00+00:00
3374,0.4950404763221741,0.1849246472120285,0.3200348913669586,0,2024-09-29 07:00:00+00:00
3375,0.5308984518051147,0.17593449354171753,0.2931670546531677,0,2024-09-29 07:00:00+00:00
3376,0.5308984518051147,0.17593449354171753,0.2931670546531677,0,2024-09-29 08:00:00+00:00
3377,0.5256538987159729,0.1675603687763214,0.3067856729030609,0,2024-09-29 08:00:00+00:00
3378,0.5256538987159729,0.1675603687763214,0.3067856729030609,0,2024-09-29 09:00:00+00:00
3379,0.49739840626716614,0.18600694835186005,0.3165946900844574,0,2024-09-29 09:00:00+00:00
3380,0.49739840626716614,0.18600694835186005,0.3165946900844574,0,2024-09-29 10:00:00+00:00
3381,0.48287007212638855,0.18487589061260223,0.332254022359848,0,2024-09-29 10:00:00+00:00
3382,0.48287007212638855,0.18487589061260223,0.332254022359848,0,2024-09-29 11:00:00+00:00
3383,0.4794117212295532,0.18390145897865295,0.3366868793964386,0,2024-09-29 11:00:00+00:00
3384,0.4794117212295532,0.18390145897865295,0.3366868793964386,0,2024-09-29 12:00:00+00:00
3385,0.4751342535018921,0.17890723049640656,0.34595853090286255,0,2024-09-29 12:00:00+00:00
3386,0.4751342535018921,0.17890723049640656,0.34595853090286255,0,2024-09-29 13:00:00+00:00
3387,0.49660545587539673,0.184952974319458,0.31844156980514526,0,2024-09-29 13:00:00+00:00
3388,0.49660545587539673,0.184952974319458,0.31844156980514526,0,2024-09-29 14:00:00+00:00
3389,0.4707793891429901,0.17804379761219025,0.35117682814598083,0,2024-09-29 14:00:00+00:00
3390,0.4707793891429901,0.17804379761219025,0.35117682814598083,0,2024-09-29 15:00:00+00:00
3391,0.4680580794811249,0.17984633147716522,0.3520956039428711,0,2024-09-29 15:00:00+00:00
3392,0.4680580794811249,0.17984633147716522,0.3520956039428711,0,2024-09-29 16:00:00+00:00
3393,0.47845134139060974,0.18021732568740845,0.3413313329219818,0,2024-09-29 16:00:00+00:00
3394,0.47845134139060974,0.18021732568740845,0.3413313329219818,0,2024-09-29 17:00:00+00:00
3395,0.4647226631641388,0.18070301413536072,0.35457438230514526,0,2024-09-29 17:00:00+00:00
3396,0.4647226631641388,0.18070301413536072,0.35457438230514526,0,2024-09-29 18:00:00+00:00
3397,0.47120386362075806,0.17603330314159393,0.35276278853416443,0,2024-09-29 18:00:00+00:00
3398,0.47120386362075806,0.17603330314159393,0.35276278853416443,0,2024-09-29 19:00:00+00:00
3399,0.4673229157924652,0.17562218010425568,0.3570548892021179,0,2024-09-29 19:00:00+00:00
3400,0.4673229157924652,0.17562218010425568,0.3570548892021179,0,2024-09-29 20:00:00+00:00
3401,0.49333709478378296,0.16159407794475555,0.3450688421726227,0,2024-09-29 20:00:00+00:00
3402,0.49333709478378296,0.16159407794475555,0.3450688421726227,0,2024-09-29 21:00:00+00:00
3403,0.5002148151397705,0.1547149270772934,0.3450703024864197,0,2024-09-29 21:00:00+00:00
3404,0.5002148151397705,0.1547149270772934,0.3450703024864197,0,2024-09-29 22:00:00+00:00
3405,0.4809943735599518,0.16538771986961365,0.35361796617507935,0,2024-09-29 22:00:00+00:00
3406,0.4809943735599518,0.16538771986961365,0.35361796617507935,0,2024-09-29 23:00:00+00:00
3407,0.4766450524330139,0.17250436544418335,0.35085049271583557,0,2024-09-29 23:00:00+00:00
3408,0.4766450524330139,0.17250436544418335,0.35085049271583557,0,2024-09-30 00:00:00+00:00
3409,0.45517832040786743,0.18427425622940063,0.36054736375808716,0,2024-09-30 00:00:00+00:00
3410,0.45517832040786743,0.18427425622940063,0.36054736375808716,0,2024-09-30 01:00:00+00:00
3411,0.48428696393966675,0.17736224830150604,0.33835074305534363,0,2024-09-30 01:00:00+00:00
3412,0.48428696393966675,0.17736224830150604,0.33835074305534363,0,2024-09-30 02:00:00+00:00
3413,0.4956578314304352,0.19340546429157257,0.31093668937683105,0,2024-09-30 02:00:00+00:00
3414,0.4956578314304352,0.19340546429157257,0.31093668937683105,0,2024-09-30 03:00:00+00:00
3415,0.5024348497390747,0.18326373398303986,0.314301460981369,0,2024-09-30 03:00:00+00:00
3416,0.5024348497390747,0.18326373398303986,0.314301460981369,0,2024-09-30 04:00:00+00:00
3417,0.5227811932563782,0.1748262196779251,0.3023926317691803,0,2024-09-30 04:00:00+00:00
3418,0.5227811932563782,0.1748262196779251,0.3023926317691803,0,2024-09-30 05:00:00+00:00
3419,0.5065691471099854,0.18008269369602203,0.3133481740951538,0,2024-09-30 05:00:00+00:00
3420,0.5065691471099854,0.18008269369602203,0.3133481740951538,0,2024-09-30 06:00:00+00:00
3421,0.4971200227737427,0.18897424638271332,0.3139057457447052,0,2024-09-30 06:00:00+00:00
3422,0.4971200227737427,0.18897424638271332,0.3139057457447052,0,2024-09-30 07:00:00+00:00
3423,0.5072245597839355,0.18958377838134766,0.3031916618347168,0,2024-09-30 07:00:00+00:00
3424,0.5072245597839355,0.18958377838134766,0.3031916618347168,0,2024-09-30 08:00:00+00:00
3425,0.507634699344635,0.1896023452281952,0.3027629554271698,0,2024-09-30 08:00:00+00:00
3426,0.507634699344635,0.1896023452281952,0.3027629554271698,0,2024-09-30 09:00:00+00:00
3427,0.5114849209785461,0.18528541922569275,0.3032296597957611,0,2024-09-30 09:00:00+00:00
3428,0.5114849209785461,0.18528541922569275,0.3032296597957611,0,2024-09-30 10:00:00+00:00
3429,0.5455259084701538,0.16080038249492645,0.29367372393608093,0,2024-09-30 10:00:00+00:00
3430,0.5455259084701538,0.16080038249492645,0.29367372393608093,0,2024-09-30 11:00:00+00:00
3431,0.5269700884819031,0.1572895497083664,0.3157403767108917,0,2024-09-30 11:00:00+00:00
3432,0.5269700884819031,0.1572895497083664,0.3157403767108917,0,2024-09-30 12:00:00+00:00
3433,0.505607008934021,0.177463099360466,0.3169298768043518,0,2024-09-30 12:00:00+00:00
3434,0.505607008934021,0.177463099360466,0.3169298768043518,0,2024-09-30 13:00:00+00:00
3435,0.49012014269828796,0.18569934368133545,0.324180543422699,0,2024-09-30 13:00:00+00:00
3436,0.49012014269828796,0.18569934368133545,0.324180543422699,0,2024-09-30 14:00:00+00:00
3437,0.4857330918312073,0.18208123743534088,0.3321857750415802,0,2024-09-30 14:00:00+00:00
3438,0.4857330918312073,0.18208123743534088,0.3321857750415802,0,2024-09-30 15:00:00+00:00
3439,0.49040690064430237,0.18380717933177948,0.32578593492507935,0,2024-09-30 15:00:00+00:00
3440,0.49040690064430237,0.18380717933177948,0.32578593492507935,0,2024-09-30 16:00:00+00:00
3441,0.5205391049385071,0.1619005650281906,0.31756022572517395,0,2024-09-30 16:00:00+00:00
3442,0.5205391049385071,0.1619005650281906,0.31756022572517395,0,2024-09-30 17:00:00+00:00
3443,0.5155404806137085,0.16835850477218628,0.31610098481178284,0,2024-09-30 17:00:00+00:00
3444,0.5155404806137085,0.16835850477218628,0.31610098481178284,0,2024-09-30 18:00:00+00:00
3445,0.5132530331611633,0.173940971493721,0.31280598044395447,0,2024-09-30 18:00:00+00:00
3446,0.5132530331611633,0.173940971493721,0.31280598044395447,0,2024-09-30 19:00:00+00:00
3447,0.5058565139770508,0.17678000032901764,0.31736353039741516,0,2024-09-30 19:00:00+00:00
3448,0.5058565139770508,0.17678000032901764,0.31736353039741516,0,2024-09-30 20:00:00+00:00
3449,0.4971936345100403,0.1719607710838318,0.33084559440612793,0,2024-09-30 20:00:00+00:00
3450,0.4971936345100403,0.1719607710838318,0.33084559440612793,0,2024-09-30 21:00:00+00:00
3451,0.48284217715263367,0.1689155548810959,0.34824225306510925,0,2024-09-30 21:00:00+00:00
3452,0.48284217715263367,0.1689155548810959,0.34824225306510925,0,2024-09-30 22:00:00+00:00
3453,0.4693080484867096,0.17839910089969635,0.35229286551475525,0,2024-09-30 22:00:00+00:00
3454,0.4693080484867096,0.17839910089969635,0.35229286551475525,0,2024-09-30 23:00:00+00:00
3455,0.5015464425086975,0.17709195613861084,0.3213615417480469,0,2024-09-30 23:00:00+00:00
3456,0.5015464425086975,0.17709195613861084,0.3213615417480469,0,2024-10-01 00:00:00+00:00
3457,0.48695915937423706,0.1726575791835785,0.3403832018375397,0,2024-10-01 00:00:00+00:00
3458,0.48695915937423706,0.1726575791835785,0.3403832018375397,0,2024-10-01 01:00:00+00:00
3459,0.4992177188396454,0.172420471906662,0.328361839056015,0,2024-10-01 01:00:00+00:00
3460,0.4992177188396454,0.172420471906662,0.328361839056015,0,2024-10-01 02:00:00+00:00
3461,0.5075192451477051,0.17496360838413239,0.3175171911716461,0,2024-10-01 02:00:00+00:00
3462,0.5075192451477051,0.17496360838413239,0.3175171911716461,0,2024-10-01 03:00:00+00:00
3463,0.49960386753082275,0.1734066754579544,0.32698944211006165,0,2024-10-01 03:00:00+00:00
3464,0.49960386753082275,0.1734066754579544,0.32698944211006165,0,2024-10-01 04:00:00+00:00
3465,0.46441131830215454,0.18557274341583252,0.3500158488750458,0,2024-10-01 04:00:00+00:00
3466,0.46441131830215454,0.18557274341583252,0.3500158488750458,0,2024-10-01 05:00:00+00:00
3467,0.47876086831092834,0.1831658035516739,0.3380732238292694,0,2024-10-01 05:00:00+00:00
3468,0.47876086831092834,0.1831658035516739,0.3380732238292694,0,2024-10-01 06:00:00+00:00
3469,0.47919589281082153,0.18140052258968353,0.33940359950065613,0,2024-10-01 06:00:00+00:00
3470,0.47919589281082153,0.18140052258968353,0.33940359950065613,0,2024-10-01 07:00:00+00:00
3471,0.47667139768600464,0.1818401962518692,0.34148848056793213,0,2024-10-01 07:00:00+00:00
3472,0.47667139768600464,0.1818401962518692,0.34148848056793213,0,2024-10-01 08:00:00+00:00
3473,0.4730423092842102,0.18140166997909546,0.34555599093437195,0,2024-10-01 08:00:00+00:00
3474,0.4730423092842102,0.18140166997909546,0.34555599093437195,0,2024-10-01 09:00:00+00:00
3475,0.4756823778152466,0.18130293488502502,0.3430146872997284,0,2024-10-01 09:00:00+00:00
3476,0.4756823778152466,0.18130293488502502,0.3430146872997284,0,2024-10-01 10:00:00+00:00
3477,0.4566223919391632,0.18984884023666382,0.35352885723114014,0,2024-10-01 10:00:00+00:00
3478,0.4566223919391632,0.18984884023666382,0.35352885723114014,0,2024-10-01 11:00:00+00:00
3479,0.454052597284317,0.18548472225666046,0.3604627251625061,0,2024-10-01 11:00:00+00:00
3480,0.454052597284317,0.18548472225666046,0.3604627251625061,0,2024-10-01 12:00:00+00:00
3481,0.4722517728805542,0.18450641632080078,0.34324178099632263,0,2024-10-01 12:00:00+00:00
3482,0.4722517728805542,0.18450641632080078,0.34324178099632263,0,2024-10-01 13:00:00+00:00
3483,0.4686003625392914,0.18188956379890442,0.349510133266449,0,2024-10-01 13:00:00+00:00
3484,0.4686003625392914,0.18188956379890442,0.349510133266449,0,2024-10-01 14:00:00+00:00
3485,0.5062551498413086,0.18100444972515106,0.31274041533470154,0,2024-10-01 14:00:00+00:00
3486,0.5062551498413086,0.18100444972515106,0.31274041533470154,0,2024-10-01 15:00:00+00:00
3487,0.46389296650886536,0.17844565212726593,0.3576613664627075,0,2024-10-01 15:00:00+00:00
3488,0.46389296650886536,0.17844565212726593,0.3576613664627075,0,2024-10-01 16:00:00+00:00
3489,0.4909655451774597,0.16466611623764038,0.34436821937561035,0,2024-10-01 16:00:00+00:00
3490,0.4909655451774597,0.16466611623764038,0.34436821937561035,0,2024-10-01 17:00:00+00:00
3491,0.4937371611595154,0.17165066301822662,0.3346122205257416,0,2024-10-01 17:00:00+00:00
3492,0.4937371611595154,0.17165066301822662,0.3346122205257416,0,2024-10-01 18:00:00+00:00
3493,0.5957825183868408,0.13211089372634888,0.2721065580844879,0,2024-10-01 18:00:00+00:00
3494,0.5957825183868408,0.13211089372634888,0.2721065580844879,0,2024-10-01 19:00:00+00:00
3495,0.5074350833892822,0.1470789760351181,0.34548595547676086,0,2024-10-01 19:00:00+00:00
3496,0.5074350833892822,0.1470789760351181,0.34548595547676086,0,2024-10-01 20:00:00+00:00
3497,0.485391229391098,0.15172640979290009,0.3628823161125183,0,2024-10-01 20:00:00+00:00
3498,0.485391229391098,0.15172640979290009,0.3628823161125183,0,2024-10-01 21:00:00+00:00
3499,0.5691695809364319,0.11280541867017746,0.31802505254745483,0,2024-10-01 21:00:00+00:00
3500,0.5691695809364319,0.11280541867017746,0.31802505254745483,0,2024-10-01 22:00:00+00:00
3501,0.49147462844848633,0.15592415630817413,0.35260120034217834,0,2024-10-01 22:00:00+00:00
3502,0.49147462844848633,0.15592415630817413,0.35260120034217834,0,2024-10-01 23:00:00+00:00
3503,0.4759809672832489,0.15682701766490936,0.3671921193599701,0,2024-10-01 23:00:00+00:00
3504,0.4759809672832489,0.15682701766490936,0.3671921193599701,0,2024-10-02 00:00:00+00:00
3505,0.47732898592948914,0.16426707804203033,0.35840386152267456,0,2024-10-02 00:00:00+00:00
3506,0.47732898592948914,0.16426707804203033,0.35840386152267456,0,2024-10-02 01:00:00+00:00
3507,0.5078728199005127,0.14501002430915833,0.347117155790329,0,2024-10-02 01:00:00+00:00
3508,0.5078728199005127,0.14501002430915833,0.347117155790329,0,2024-10-02 02:00:00+00:00
3509,0.5207715034484863,0.14773865044116974,0.3314898610115051,0,2024-10-02 02:00:00+00:00
3510,0.5207715034484863,0.14773865044116974,0.3314898610115051,0,2024-10-02 03:00:00+00:00
3511,0.5065151453018188,0.15592816472053528,0.3375566899776459,0,2024-10-02 03:00:00+00:00
3512,0.5065151453018188,0.15592816472053528,0.3375566899776459,0,2024-10-02 04:00:00+00:00
3513,0.5352364778518677,0.14931075274944305,0.31545278429985046,0,2024-10-02 04:00:00+00:00
3514,0.5352364778518677,0.14931075274944305,0.31545278429985046,0,2024-10-02 05:00:00+00:00
3515,0.5093017816543579,0.14938068389892578,0.34131744503974915,0,2024-10-02 05:00:00+00:00
3516,0.5093017816543579,0.14938068389892578,0.34131744503974915,0,2024-10-02 06:00:00+00:00
3517,0.5341658592224121,0.14875555038452148,0.3170786201953888,0,2024-10-02 06:00:00+00:00
3518,0.5341658592224121,0.14875555038452148,0.3170786201953888,0,2024-10-02 07:00:00+00:00
3519,0.5382774472236633,0.15958845615386963,0.3021340072154999,0,2024-10-02 07:00:00+00:00
3520,0.5382774472236633,0.15958845615386963,0.3021340072154999,0,2024-10-02 08:00:00+00:00
3521,0.5052317976951599,0.15960559248924255,0.33516258001327515,0,2024-10-02 08:00:00+00:00
3522,0.5052317976951599,0.15960559248924255,0.33516258001327515,0,2024-10-02 09:00:00+00:00
3523,0.4943399429321289,0.1686192750930786,0.33704090118408203,0,2024-10-02 09:00:00+00:00
3524,0.4943399429321289,0.1686192750930786,0.33704090118408203,0,2024-10-02 10:00:00+00:00
3525,0.5027592778205872,0.15092599391937256,0.34631475806236267,0,2024-10-02 10:00:00+00:00
3526,0.5027592778205872,0.15092599391937256,0.34631475806236267,0,2024-10-02 11:00:00+00:00
3527,0.4937669634819031,0.15069104731082916,0.35554203391075134,0,2024-10-02 11:00:00+00:00
3528,0.4937669634819031,0.15069104731082916,0.35554203391075134,0,2024-10-02 12:00:00+00:00
3529,0.4821110963821411,0.1507125347852707,0.36717626452445984,0,2024-10-02 12:00:00+00:00
3530,0.4821110963821411,0.1507125347852707,0.36717626452445984,0,2024-10-02 13:00:00+00:00
3531,0.5038778185844421,0.1414249837398529,0.35469716787338257,0,2024-10-02 13:00:00+00:00
3532,0.5038778185844421,0.1414249837398529,0.35469716787338257,0,2024-10-02 14:00:00+00:00
3533,0.5032626390457153,0.15557169914245605,0.3411657214164734,0,2024-10-02 14:00:00+00:00
3534,0.5032626390457153,0.15557169914245605,0.3411657214164734,0,2024-10-02 15:00:00+00:00
3535,0.5032413601875305,0.15500399470329285,0.34175461530685425,0,2024-10-02 15:00:00+00:00
3536,0.5032413601875305,0.15500399470329285,0.34175461530685425,0,2024-10-02 16:00:00+00:00
3537,0.49826520681381226,0.16178369522094727,0.33995112776756287,0,2024-10-02 16:00:00+00:00
3538,0.49826520681381226,0.16178369522094727,0.33995112776756287,0,2024-10-02 17:00:00+00:00
3539,0.4854610860347748,0.16622793674468994,0.34831106662750244,0,2024-10-02 17:00:00+00:00
3540,0.4854610860347748,0.16622793674468994,0.34831106662750244,0,2024-10-02 18:00:00+00:00
3541,0.5004722476005554,0.16460570693016052,0.3349219560623169,0,2024-10-02 18:00:00+00:00
3542,0.5004722476005554,0.16460570693016052,0.3349219560623169,0,2024-10-02 19:00:00+00:00
3543,0.5829005837440491,0.12502120435237885,0.2920781672000885,0,2024-10-02 19:00:00+00:00
3544,0.5829005837440491,0.12502120435237885,0.2920781672000885,0,2024-10-02 20:00:00+00:00
3545,0.6481708288192749,0.10636823624372482,0.24546079337596893,0,2024-10-02 20:00:00+00:00
3546,0.6481708288192749,0.10636823624372482,0.24546079337596893,0,2024-10-02 21:00:00+00:00
3547,0.5330431461334229,0.13081566989421844,0.3361411392688751,0,2024-10-02 21:00:00+00:00
3548,0.5330431461334229,0.13081566989421844,0.3361411392688751,0,2024-10-02 22:00:00+00:00
3549,0.47172385454177856,0.15361659228801727,0.3746595084667206,0,2024-10-02 22:00:00+00:00
3550,0.47172385454177856,0.15361659228801727,0.3746595084667206,0,2024-10-02 23:00:00+00:00
3551,0.47562098503112793,0.16241051256656647,0.3619685173034668,0,2024-10-02 23:00:00+00:00
3552,0.47562098503112793,0.16241051256656647,0.3619685173034668,0,2024-10-03 00:00:00+00:00
3553,0.4767732620239258,0.15349531173706055,0.36973142623901367,0,2024-10-03 00:00:00+00:00
3554,0.4767732620239258,0.15349531173706055,0.36973142623901367,0,2024-10-03 01:00:00+00:00
3555,0.45850613713264465,0.15087197721004486,0.39062196016311646,0,2024-10-03 01:00:00+00:00
3556,0.45850613713264465,0.15087197721004486,0.39062196016311646,0,2024-10-03 02:00:00+00:00
3557,0.4732406437397003,0.15054145455360413,0.37621787190437317,0,2024-10-03 02:00:00+00:00
3558,0.4732406437397003,0.15054145455360413,0.37621787190437317,0,2024-10-03 03:00:00+00:00
3559,0.5113612413406372,0.15272080898284912,0.33591797947883606,0,2024-10-03 03:00:00+00:00
3560,0.5113612413406372,0.15272080898284912,0.33591797947883606,0,2024-10-03 04:00:00+00:00
3561,0.4982091188430786,0.15227095782756805,0.3495199680328369,0,2024-10-03 04:00:00+00:00
3562,0.4982091188430786,0.15227095782756805,0.3495199680328369,0,2024-10-03 05:00:00+00:00
3563,0.503535270690918,0.15593697130680084,0.3405277729034424,0,2024-10-03 05:00:00+00:00
3564,0.503535270690918,0.15593697130680084,0.3405277729034424,0,2024-10-03 06:00:00+00:00
3565,0.5180979371070862,0.1544092297554016,0.32749277353286743,0,2024-10-03 06:00:00+00:00
3566,0.5180979371070862,0.1544092297554016,0.32749277353286743,0,2024-10-03 07:00:00+00:00
3567,0.5153986811637878,0.155853271484375,0.32874804735183716,0,2024-10-03 07:00:00+00:00
3568,0.5153986811637878,0.155853271484375,0.32874804735183716,0,2024-10-03 08:00:00+00:00
3569,0.5193074345588684,0.14655283093452454,0.33413976430892944,0,2024-10-03 08:00:00+00:00
3570,0.5193074345588684,0.14655283093452454,0.33413976430892944,0,2024-10-03 09:00:00+00:00
3571,0.5843737125396729,0.10446379333734512,0.3111625909805298,0,2024-10-03 09:00:00+00:00
3572,0.5843737125396729,0.10446379333734512,0.3111625909805298,0,2024-10-03 10:00:00+00:00
3573,0.5084668397903442,0.13370734453201294,0.3578258156776428,0,2024-10-03 10:00:00+00:00
3574,0.5084668397903442,0.13370734453201294,0.3578258156776428,0,2024-10-03 11:00:00+00:00
3575,0.5106702446937561,0.14534969627857208,0.34398016333580017,0,2024-10-03 11:00:00+00:00
3576,0.5106702446937561,0.14534969627857208,0.34398016333580017,0,2024-10-03 12:00:00+00:00
3577,0.5021283030509949,0.13851040601730347,0.3593612611293793,0,2024-10-03 12:00:00+00:00
3578,0.5021283030509949,0.13851040601730347,0.3593612611293793,0,2024-10-03 13:00:00+00:00
3579,0.4977324903011322,0.13795901834964752,0.36430856585502625,0,2024-10-03 13:00:00+00:00
3580,0.4977324903011322,0.13795901834964752,0.36430856585502625,0,2024-10-03 14:00:00+00:00
3581,0.4861898422241211,0.13982027769088745,0.373989999294281,0,2024-10-03 14:00:00+00:00
3582,0.4861898422241211,0.13982027769088745,0.373989999294281,0,2024-10-03 15:00:00+00:00
3583,0.5082643032073975,0.1314489245414734,0.36028674244880676,0,2024-10-03 15:00:00+00:00
3584,0.5082643032073975,0.1314489245414734,0.36028674244880676,0,2024-10-03 16:00:00+00:00
3585,0.5070094466209412,0.13203255832195282,0.3609580397605896,0,2024-10-03 16:00:00+00:00
3586,0.5070094466209412,0.13203255832195282,0.3609580397605896,0,2024-10-03 17:00:00+00:00
3587,0.5083922743797302,0.128640815615654,0.362966924905777,0,2024-10-03 17:00:00+00:00
3588,0.5083922743797302,0.128640815615654,0.362966924905777,0,2024-10-03 18:00:00+00:00
3589,0.47721385955810547,0.14460425078868866,0.3781818747520447,0,2024-10-03 18:00:00+00:00
3590,0.47721385955810547,0.14460425078868866,0.3781818747520447,0,2024-10-03 19:00:00+00:00
3591,0.4613248407840729,0.1483946293592453,0.3902805745601654,0,2024-10-03 19:00:00+00:00
3592,0.4613248407840729,0.1483946293592453,0.3902805745601654,0,2024-10-03 20:00:00+00:00
3593,0.43301334977149963,0.15927794575691223,0.4077087938785553,0,2024-10-03 20:00:00+00:00
3594,0.43301334977149963,0.15927794575691223,0.4077087938785553,0,2024-10-03 21:00:00+00:00
3595,0.4333977997303009,0.15958933532238007,0.40701282024383545,0,2024-10-03 21:00:00+00:00
3596,0.4333977997303009,0.15958933532238007,0.40701282024383545,0,2024-10-03 22:00:00+00:00
3597,0.47774675488471985,0.15737669169902802,0.3648765981197357,0,2024-10-03 22:00:00+00:00
3598,0.47774675488471985,0.15737669169902802,0.3648765981197357,0,2024-10-03 23:00:00+00:00
3599,0.48196709156036377,0.15855252742767334,0.3594803512096405,0,2024-10-03 23:00:00+00:00
3600,0.48196709156036377,0.15855252742767334,0.3594803512096405,0,2024-10-04 00:00:00+00:00
3601,0.4930035471916199,0.15776947140693665,0.34922704100608826,0,2024-10-04 00:00:00+00:00
3602,0.4930035471916199,0.15776947140693665,0.34922704100608826,0,2024-10-04 01:00:00+00:00
3603,0.4861374497413635,0.15405774116516113,0.35980480909347534,0,2024-10-04 01:00:00+00:00
3604,0.4861374497413635,0.15405774116516113,0.35980480909347534,0,2024-10-04 02:00:00+00:00
3605,0.48950037360191345,0.15808236598968506,0.3524172902107239,0,2024-10-04 02:00:00+00:00
3606,0.48950037360191345,0.15808236598968506,0.3524172902107239,0,2024-10-04 03:00:00+00:00
3607,0.511885404586792,0.1624532788991928,0.3256613314151764,0,2024-10-04 03:00:00+00:00
3608,0.511885404586792,0.1624532788991928,0.3256613314151764,0,2024-10-04 04:00:00+00:00
3609,0.500556468963623,0.15958155691623688,0.3398619294166565,0,2024-10-04 04:00:00+00:00
3610,0.500556468963623,0.15958155691623688,0.3398619294166565,0,2024-10-04 05:00:00+00:00
3611,0.5174259543418884,0.16641946136951447,0.3161545693874359,0,2024-10-04 05:00:00+00:00
3612,0.5174259543418884,0.16641946136951447,0.3161545693874359,0,2024-10-04 06:00:00+00:00
3613,0.5414206981658936,0.1709982454776764,0.28758102655410767,0,2024-10-04 06:00:00+00:00
3614,0.5414206981658936,0.1709982454776764,0.28758102655410767,0,2024-10-04 07:00:00+00:00
3615,0.5282099843025208,0.16916708648204803,0.3026230037212372,0,2024-10-04 07:00:00+00:00
3616,0.5282099843025208,0.16916708648204803,0.3026230037212372,0,2024-10-04 08:00:00+00:00
3617,0.5378208160400391,0.1730606108903885,0.28911855816841125,0,2024-10-04 08:00:00+00:00
3618,0.5378208160400391,0.1730606108903885,0.28911855816841125,0,2024-10-04 09:00:00+00:00
3619,0.518007755279541,0.17871707677841187,0.3032751679420471,0,2024-10-04 09:00:00+00:00
3620,0.518007755279541,0.17871707677841187,0.3032751679420471,0,2024-10-04 10:00:00+00:00
3621,0.5020964741706848,0.17250069975852966,0.32540279626846313,0,2024-10-04 10:00:00+00:00
3622,0.5020964741706848,0.17250069975852966,0.32540279626846313,0,2024-10-04 11:00:00+00:00
3623,0.49390965700149536,0.1722002774477005,0.33389002084732056,0,2024-10-04 11:00:00+00:00
3624,0.49390965700149536,0.1722002774477005,0.33389002084732056,0,2024-10-04 12:00:00+00:00
3625,0.49203723669052124,0.1752922236919403,0.33267056941986084,0,2024-10-04 12:00:00+00:00
3626,0.49203723669052124,0.1752922236919403,0.33267056941986084,0,2024-10-04 13:00:00+00:00
3627,0.44982054829597473,0.18169859051704407,0.368480920791626,0,2024-10-04 13:00:00+00:00
3628,0.44982054829597473,0.18169859051704407,0.368480920791626,0,2024-10-04 14:00:00+00:00
3629,0.47405147552490234,0.1761389672756195,0.34980955719947815,0,2024-10-04 14:00:00+00:00
3630,0.47405147552490234,0.1761389672756195,0.34980955719947815,0,2024-10-04 15:00:00+00:00
3631,0.4468569755554199,0.18545599281787872,0.3676869869232178,0,2024-10-04 15:00:00+00:00
3632,0.4468569755554199,0.18545599281787872,0.3676869869232178,0,2024-10-04 16:00:00+00:00
3633,0.42589038610458374,0.18901541829109192,0.38509422540664673,0,2024-10-04 16:00:00+00:00
3634,0.42589038610458374,0.18901541829109192,0.38509422540664673,0,2024-10-04 17:00:00+00:00
3635,0.42592915892601013,0.1830233335494995,0.39104753732681274,0,2024-10-04 17:00:00+00:00
3636,0.42592915892601013,0.1830233335494995,0.39104753732681274,0,2024-10-04 18:00:00+00:00
3637,0.4147202968597412,0.19240529835224152,0.3928743898868561,0,2024-10-04 18:00:00+00:00
3638,0.4147202968597412,0.19240529835224152,0.3928743898868561,0,2024-10-04 19:00:00+00:00
3639,0.4013403356075287,0.18968267738819122,0.4089769423007965,2,2024-10-04 19:00:00+00:00
3640,0.4013403356075287,0.18968267738819122,0.4089769423007965,2,2024-10-04 20:00:00+00:00
3641,0.4063701033592224,0.18812955915927887,0.4055004417896271,0,2024-10-04 20:00:00+00:00
3642,0.4063701033592224,0.18812955915927887,0.4055004417896271,0,2024-10-04 21:00:00+00:00
3643,0.3728325664997101,0.20105880498886108,0.4261086583137512,2,2024-10-04 21:00:00+00:00
3644,0.3728325664997101,0.20105880498886108,0.4261086583137512,2,2024-10-04 22:00:00+00:00
3645,0.39469680190086365,0.19505658745765686,0.4102466404438019,2,2024-10-04 22:00:00+00:00
3646,0.39469680190086365,0.19505658745765686,0.4102466404438019,2,2024-10-04 23:00:00+00:00
3647,0.3986709415912628,0.20002353191375732,0.4013054668903351,2,2024-10-04 23:00:00+00:00
3648,0.3986709415912628,0.20002353191375732,0.4013054668903351,2,2024-10-05 00:00:00+00:00
3649,0.3942601680755615,0.20345854759216309,0.402281254529953,2,2024-10-05 00:00:00+00:00
3650,0.3942601680755615,0.20345854759216309,0.402281254529953,2,2024-10-05 01:00:00+00:00
3651,0.3662429451942444,0.21332061290740967,0.4204365313053131,2,2024-10-05 01:00:00+00:00
3652,0.3662429451942444,0.21332061290740967,0.4204365313053131,2,2024-10-05 02:00:00+00:00
3653,0.41043177247047424,0.21086114645004272,0.37870708107948303,0,2024-10-05 02:00:00+00:00
3654,0.41043177247047424,0.21086114645004272,0.37870708107948303,0,2024-10-05 03:00:00+00:00
3655,0.429684042930603,0.20846405625343323,0.36185184121131897,0,2024-10-05 03:00:00+00:00
3656,0.429684042930603,0.20846405625343323,0.36185184121131897,0,2024-10-05 04:00:00+00:00
3657,0.46011221408843994,0.20595203340053558,0.33393579721450806,0,2024-10-05 04:00:00+00:00
3658,0.46011221408843994,0.20595203340053558,0.33393579721450806,0,2024-10-05 05:00:00+00:00
3659,0.5317021608352661,0.19833186268806458,0.2699660360813141,0,2024-10-05 05:00:00+00:00
3660,0.5317021608352661,0.19833186268806458,0.2699660360813141,0,2024-10-05 06:00:00+00:00
3661,0.466033011674881,0.20325253903865814,0.3307144343852997,0,2024-10-05 06:00:00+00:00
3662,0.466033011674881,0.20325253903865814,0.3307144343852997,0,2024-10-05 07:00:00+00:00
3663,0.41245773434638977,0.2088133692741394,0.3787288963794708,0,2024-10-05 07:00:00+00:00
3664,0.41245773434638977,0.2088133692741394,0.3787288963794708,0,2024-10-05 08:00:00+00:00
3665,0.43760165572166443,0.20645320415496826,0.3559452295303345,0,2024-10-05 08:00:00+00:00
3666,0.43760165572166443,0.20645320415496826,0.3559452295303345,0,2024-10-05 09:00:00+00:00
3667,0.41651830077171326,0.1999785602092743,0.38350316882133484,0,2024-10-05 09:00:00+00:00
3668,0.41651830077171326,0.1999785602092743,0.38350316882133484,0,2024-10-05 10:00:00+00:00
3669,0.4101317524909973,0.20253433287143707,0.3873339593410492,0,2024-10-05 10:00:00+00:00
3670,0.4101317524909973,0.20253433287143707,0.3873339593410492,0,2024-10-05 11:00:00+00:00
3671,0.4001602232456207,0.21072182059288025,0.38911792635917664,0,2024-10-05 11:00:00+00:00
3672,0.4001602232456207,0.21072182059288025,0.38911792635917664,0,2024-10-05 12:00:00+00:00
3673,0.4080202281475067,0.21360750496387482,0.3783722519874573,0,2024-10-05 12:00:00+00:00
3674,0.4080202281475067,0.21360750496387482,0.3783722519874573,0,2024-10-05 13:00:00+00:00
3675,0.4580986201763153,0.18854032456874847,0.3533610999584198,0,2024-10-05 13:00:00+00:00
3676,0.4580986201763153,0.18854032456874847,0.3533610999584198,0,2024-10-05 14:00:00+00:00
3677,0.47090888023376465,0.21050326526165009,0.31858786940574646,0,2024-10-05 14:00:00+00:00
3678,0.47090888023376465,0.21050326526165009,0.31858786940574646,0,2024-10-05 15:00:00+00:00
3679,0.4376603364944458,0.21648260951042175,0.345857173204422,0,2024-10-05 15:00:00+00:00
3680,0.4376603364944458,0.21648260951042175,0.345857173204422,0,2024-10-05 16:00:00+00:00
3681,0.48688217997550964,0.19961294531822205,0.3135049641132355,0,2024-10-05 16:00:00+00:00
3682,0.48688217997550964,0.19961294531822205,0.3135049641132355,0,2024-10-05 17:00:00+00:00
3683,0.5099077224731445,0.18382398784160614,0.3062683045864105,0,2024-10-05 17:00:00+00:00
3684,0.5099077224731445,0.18382398784160614,0.3062683045864105,0,2024-10-05 18:00:00+00:00
3685,0.49257364869117737,0.19862045347690582,0.3088059425354004,0,2024-10-05 18:00:00+00:00
3686,0.49257364869117737,0.19862045347690582,0.3088059425354004,0,2024-10-05 19:00:00+00:00
3687,0.515067994594574,0.1850292831659317,0.2999027967453003,0,2024-10-05 19:00:00+00:00
3688,0.515067994594574,0.1850292831659317,0.2999027967453003,0,2024-10-05 20:00:00+00:00
3689,0.5292209982872009,0.18988047540187836,0.28089848160743713,0,2024-10-05 20:00:00+00:00
3690,0.5292209982872009,0.18988047540187836,0.28089848160743713,0,2024-10-05 21:00:00+00:00
3691,0.5129090547561646,0.18231120705604553,0.3047797679901123,0,2024-10-05 21:00:00+00:00
3692,0.5129090547561646,0.18231120705604553,0.3047797679901123,0,2024-10-05 22:00:00+00:00
3693,0.5008887052536011,0.18781307339668274,0.3112981915473938,0,2024-10-05 22:00:00+00:00
3694,0.5008887052536011,0.18781307339668274,0.3112981915473938,0,2024-10-05 23:00:00+00:00
3695,0.488197386264801,0.19459663331508636,0.31720590591430664,0,2024-10-05 23:00:00+00:00
3696,0.488197386264801,0.19459663331508636,0.31720590591430664,0,2024-10-06 00:00:00+00:00
3697,0.4904938340187073,0.19565430283546448,0.31385183334350586,0,2024-10-06 00:00:00+00:00
3698,0.4904938340187073,0.19565430283546448,0.31385183334350586,0,2024-10-06 01:00:00+00:00
3699,0.49965527653694153,0.19231271743774414,0.30803197622299194,0,2024-10-06 01:00:00+00:00
3700,0.49965527653694153,0.19231271743774414,0.30803197622299194,0,2024-10-06 02:00:00+00:00
3701,0.4700726866722107,0.1865304857492447,0.3433968126773834,0,2024-10-06 02:00:00+00:00
3702,0.4700726866722107,0.1865304857492447,0.3433968126773834,0,2024-10-06 03:00:00+00:00
3703,0.4610644280910492,0.20031166076660156,0.33862391114234924,0,2024-10-06 03:00:00+00:00
3704,0.4610644280910492,0.20031166076660156,0.33862391114234924,0,2024-10-06 04:00:00+00:00
3705,0.4731309711933136,0.19799429178237915,0.32887476682662964,0,2024-10-06 04:00:00+00:00
3706,0.4731309711933136,0.19799429178237915,0.32887476682662964,0,2024-10-06 05:00:00+00:00
3707,0.48114949464797974,0.19100047647953033,0.3278500437736511,0,2024-10-06 05:00:00+00:00
3708,0.48114949464797974,0.19100047647953033,0.3278500437736511,0,2024-10-06 06:00:00+00:00
3709,0.4602973759174347,0.20228798687458038,0.33741453289985657,0,2024-10-06 06:00:00+00:00
3710,0.4602973759174347,0.20228798687458038,0.33741453289985657,0,2024-10-06 07:00:00+00:00
3711,0.4424814283847809,0.19830776751041412,0.3592107892036438,0,2024-10-06 07:00:00+00:00
3712,0.4424814283847809,0.19830776751041412,0.3592107892036438,0,2024-10-06 08:00:00+00:00
3713,0.4343102276325226,0.21186606585979462,0.3538237512111664,0,2024-10-06 08:00:00+00:00
3714,0.4343102276325226,0.21186606585979462,0.3538237512111664,0,2024-10-06 09:00:00+00:00
3715,0.44848477840423584,0.20342488586902618,0.34809041023254395,0,2024-10-06 09:00:00+00:00
3716,0.44848477840423584,0.20342488586902618,0.34809041023254395,0,2024-10-06 10:00:00+00:00
3717,0.4580657482147217,0.20348989963531494,0.3384442925453186,0,2024-10-06 10:00:00+00:00
3718,0.4580657482147217,0.20348989963531494,0.3384442925453186,0,2024-10-06 11:00:00+00:00
3719,0.4584220051765442,0.19572429358959198,0.345853716135025,0,2024-10-06 11:00:00+00:00
3720,0.4584220051765442,0.19572429358959198,0.345853716135025,0,2024-10-06 12:00:00+00:00
3721,0.46144741773605347,0.18096686899662018,0.3575856685638428,0,2024-10-06 12:00:00+00:00
3722,0.46144741773605347,0.18096686899662018,0.3575856685638428,0,2024-10-06 13:00:00+00:00
3723,0.4471237063407898,0.1697370707988739,0.3831392824649811,0,2024-10-06 13:00:00+00:00
3724,0.4471237063407898,0.1697370707988739,0.3831392824649811,0,2024-10-06 14:00:00+00:00
3725,0.44792240858078003,0.17468857765197754,0.37738898396492004,0,2024-10-06 14:00:00+00:00
3726,0.44792240858078003,0.17468857765197754,0.37738898396492004,0,2024-10-06 15:00:00+00:00
3727,0.4823321998119354,0.15481697022914886,0.3628508746623993,0,2024-10-06 15:00:00+00:00
3728,0.4823321998119354,0.15481697022914886,0.3628508746623993,0,2024-10-06 16:00:00+00:00
3729,0.47291862964630127,0.16088710725307465,0.3661942183971405,0,2024-10-06 16:00:00+00:00
3730,0.47291862964630127,0.16088710725307465,0.3661942183971405,0,2024-10-06 17:00:00+00:00
3731,0.4569622576236725,0.17993459105491638,0.3631031811237335,0,2024-10-06 17:00:00+00:00
3732,0.4569622576236725,0.17993459105491638,0.3631031811237335,0,2024-10-06 18:00:00+00:00
3733,0.42482778429985046,0.18508122861385345,0.3900910019874573,0,2024-10-06 18:00:00+00:00
3734,0.42482778429985046,0.18508122861385345,0.3900910019874573,0,2024-10-06 19:00:00+00:00
3735,0.41995400190353394,0.18273060023784637,0.3973154127597809,0,2024-10-06 19:00:00+00:00
3736,0.41995400190353394,0.18273060023784637,0.3973154127597809,0,2024-10-06 20:00:00+00:00
3737,0.41741928458213806,0.18010464310646057,0.4024759829044342,0,2024-10-06 20:00:00+00:00
3738,0.41741928458213806,0.18010464310646057,0.4024759829044342,0,2024-10-06 21:00:00+00:00
3739,0.38441935181617737,0.19214819371700287,0.4234323501586914,2,2024-10-06 21:00:00+00:00
3740,0.38441935181617737,0.19214819371700287,0.4234323501586914,2,2024-10-06 22:00:00+00:00
3741,0.4166918992996216,0.20296376943588257,0.38034433126449585,0,2024-10-06 22:00:00+00:00
3742,0.4166918992996216,0.20296376943588257,0.38034433126449585,0,2024-10-06 23:00:00+00:00
3743,0.4248761534690857,0.18886728584766388,0.38625651597976685,0,2024-10-06 23:00:00+00:00
3744,0.4248761534690857,0.18886728584766388,0.38625651597976685,0,2024-10-07 00:00:00+00:00
3745,0.39269182085990906,0.18577127158641815,0.4215368330478668,2,2024-10-07 00:00:00+00:00
3746,0.39269182085990906,0.18577127158641815,0.4215368330478668,2,2024-10-07 01:00:00+00:00
3747,0.46183088421821594,0.1514987051486969,0.38667032122612,0,2024-10-07 01:00:00+00:00
3748,0.46183088421821594,0.1514987051486969,0.38667032122612,0,2024-10-07 02:00:00+00:00
3749,0.4209544360637665,0.15899057686328888,0.420055091381073,0,2024-10-07 02:00:00+00:00
3750,0.4209544360637665,0.15899057686328888,0.420055091381073,0,2024-10-07 03:00:00+00:00
3751,0.4151860177516937,0.16973869502544403,0.4150753617286682,0,2024-10-07 03:00:00+00:00
3752,0.4151860177516937,0.16973869502544403,0.4150753617286682,0,2024-10-07 04:00:00+00:00
3753,0.3695125877857208,0.18329289555549622,0.44719457626342773,2,2024-10-07 04:00:00+00:00
3754,0.3695125877857208,0.18329289555549622,0.44719457626342773,2,2024-10-07 05:00:00+00:00
3755,0.3664951026439667,0.18517595529556274,0.4483289122581482,2,2024-10-07 05:00:00+00:00
3756,0.3664951026439667,0.18517595529556274,0.4483289122581482,2,2024-10-07 06:00:00+00:00
3757,0.37986013293266296,0.1889025717973709,0.43123725056648254,2,2024-10-07 06:00:00+00:00
3758,0.37986013293266296,0.1889025717973709,0.43123725056648254,2,2024-10-07 07:00:00+00:00
3759,0.3680395781993866,0.1943398267030716,0.4376206398010254,2,2024-10-07 07:00:00+00:00
3760,0.3680395781993866,0.1943398267030716,0.4376206398010254,2,2024-10-07 08:00:00+00:00
3761,0.3928890824317932,0.20020698010921478,0.4069038927555084,2,2024-10-07 08:00:00+00:00
3762,0.3928890824317932,0.20020698010921478,0.4069038927555084,2,2024-10-07 09:00:00+00:00
3763,0.49571171402931213,0.17419631779193878,0.33009207248687744,0,2024-10-07 09:00:00+00:00
3764,0.49571171402931213,0.17419631779193878,0.33009207248687744,0,2024-10-07 10:00:00+00:00
3765,0.5318717360496521,0.171639546751976,0.29648885130882263,0,2024-10-07 10:00:00+00:00
3766,0.5318717360496521,0.171639546751976,0.29648885130882263,0,2024-10-07 11:00:00+00:00
3767,0.5457789301872253,0.17806868255138397,0.2761523723602295,0,2024-10-07 11:00:00+00:00
3768,0.5457789301872253,0.17806868255138397,0.2761523723602295,0,2024-10-07 12:00:00+00:00
3769,0.5248365998268127,0.17439815402030945,0.30076512694358826,0,2024-10-07 12:00:00+00:00
3770,0.5248365998268127,0.17439815402030945,0.30076512694358826,0,2024-10-07 13:00:00+00:00
3771,0.4806370437145233,0.18673960864543915,0.33262336254119873,0,2024-10-07 13:00:00+00:00
3772,0.4806370437145233,0.18673960864543915,0.33262336254119873,0,2024-10-07 14:00:00+00:00
3773,0.46691665053367615,0.18235501646995544,0.350728303194046,0,2024-10-07 14:00:00+00:00
3774,0.46691665053367615,0.18235501646995544,0.350728303194046,0,2024-10-07 15:00:00+00:00
3775,0.48915553092956543,0.16126903891563416,0.3495755195617676,0,2024-10-07 15:00:00+00:00
3776,0.48915553092956543,0.16126903891563416,0.3495755195617676,0,2024-10-07 16:00:00+00:00
3777,0.4790135622024536,0.1739531308412552,0.3470333516597748,0,2024-10-07 16:00:00+00:00
3778,0.4790135622024536,0.1739531308412552,0.3470333516597748,0,2024-10-07 17:00:00+00:00
3779,0.46915921568870544,0.17463542520999908,0.3562052845954895,0,2024-10-07 17:00:00+00:00
3780,0.46915921568870544,0.17463542520999908,0.3562052845954895,0,2024-10-07 18:00:00+00:00
3781,0.4576478600502014,0.1815594583749771,0.36079275608062744,0,2024-10-07 18:00:00+00:00
3782,0.4576478600502014,0.1815594583749771,0.36079275608062744,0,2024-10-07 19:00:00+00:00
3783,0.5075768828392029,0.18809321522712708,0.3043299913406372,0,2024-10-07 19:00:00+00:00
3784,0.5075768828392029,0.18809321522712708,0.3043299913406372,0,2024-10-07 20:00:00+00:00
3785,0.4463801383972168,0.20198851823806763,0.351631224155426,0,2024-10-07 20:00:00+00:00
3786,0.4463801383972168,0.20198851823806763,0.351631224155426,0,2024-10-07 21:00:00+00:00
3787,0.4875825345516205,0.20079928636550903,0.3116180896759033,0,2024-10-07 21:00:00+00:00
3788,0.4875825345516205,0.20079928636550903,0.3116180896759033,0,2024-10-07 22:00:00+00:00
3789,0.4453495144844055,0.20285414159297943,0.35179632902145386,0,2024-10-07 22:00:00+00:00
3790,0.4453495144844055,0.20285414159297943,0.35179632902145386,0,2024-10-07 23:00:00+00:00
3791,0.4522436857223511,0.1974654346704483,0.350290983915329,0,2024-10-07 23:00:00+00:00
3792,0.4522436857223511,0.1974654346704483,0.350290983915329,0,2024-10-08 00:00:00+00:00
3793,0.4938168227672577,0.1863769143819809,0.31980639696121216,0,2024-10-08 00:00:00+00:00
3794,0.4938168227672577,0.1863769143819809,0.31980639696121216,0,2024-10-08 01:00:00+00:00
3795,0.5163654088973999,0.18252184987068176,0.3011127710342407,0,2024-10-08 01:00:00+00:00
3796,0.5163654088973999,0.18252184987068176,0.3011127710342407,0,2024-10-08 02:00:00+00:00
3797,0.4838269054889679,0.1890583038330078,0.3271147310733795,0,2024-10-08 02:00:00+00:00
3798,0.4838269054889679,0.1890583038330078,0.3271147310733795,0,2024-10-08 03:00:00+00:00
3799,0.5124669075012207,0.18571925163269043,0.3018138110637665,0,2024-10-08 03:00:00+00:00
3800,0.5124669075012207,0.18571925163269043,0.3018138110637665,0,2024-10-08 04:00:00+00:00
3801,0.5064343214035034,0.18342329561710358,0.3101423978805542,0,2024-10-08 04:00:00+00:00
3802,0.5064343214035034,0.18342329561710358,0.3101423978805542,0,2024-10-08 05:00:00+00:00
3803,0.5272674560546875,0.1857018768787384,0.2870306670665741,0,2024-10-08 05:00:00+00:00
3804,0.5272674560546875,0.1857018768787384,0.2870306670665741,0,2024-10-08 06:00:00+00:00
3805,0.5315088629722595,0.178346186876297,0.2901449501514435,0,2024-10-08 06:00:00+00:00
3806,0.5315088629722595,0.178346186876297,0.2901449501514435,0,2024-10-08 07:00:00+00:00
3807,0.5075471997261047,0.18483862280845642,0.30761417746543884,0,2024-10-08 07:00:00+00:00
3808,0.5075471997261047,0.18483862280845642,0.30761417746543884,0,2024-10-08 08:00:00+00:00
3809,0.5091387033462524,0.17564697563648224,0.31521424651145935,0,2024-10-08 08:00:00+00:00
3810,0.5091387033462524,0.17564697563648224,0.31521424651145935,0,2024-10-08 09:00:00+00:00
3811,0.511464536190033,0.17943666875362396,0.3090987801551819,0,2024-10-08 09:00:00+00:00
3812,0.511464536190033,0.17943666875362396,0.3090987801551819,0,2024-10-08 10:00:00+00:00
3813,0.5110710859298706,0.18200010061264038,0.30692869424819946,0,2024-10-08 10:00:00+00:00
3814,0.5110710859298706,0.18200010061264038,0.30692869424819946,0,2024-10-08 11:00:00+00:00
3815,0.49754998087882996,0.18492421507835388,0.31752580404281616,0,2024-10-08 11:00:00+00:00
3816,0.49754998087882996,0.18492421507835388,0.31752580404281616,0,2024-10-08 12:00:00+00:00
3817,0.49102088809013367,0.18448492884635925,0.3244941532611847,0,2024-10-08 12:00:00+00:00
3818,0.49102088809013367,0.18448492884635925,0.3244941532611847,0,2024-10-08 13:00:00+00:00
3819,0.4926161468029022,0.1850227415561676,0.3223611116409302,0,2024-10-08 13:00:00+00:00
3820,0.4926161468029022,0.1850227415561676,0.3223611116409302,0,2024-10-08 14:00:00+00:00
3821,0.4964737892150879,0.17850923538208008,0.3250170350074768,0,2024-10-08 14:00:00+00:00
3822,0.4964737892150879,0.17850923538208008,0.3250170350074768,0,2024-10-08 15:00:00+00:00
3823,0.524722695350647,0.16751334071159363,0.30776405334472656,0,2024-10-08 15:00:00+00:00
3824,0.524722695350647,0.16751334071159363,0.30776405334472656,0,2024-10-08 16:00:00+00:00
3825,0.5150418877601624,0.17452171444892883,0.3104363977909088,0,2024-10-08 16:00:00+00:00
3826,0.5150418877601624,0.17452171444892883,0.3104363977909088,0,2024-10-08 17:00:00+00:00
3827,0.4748462736606598,0.17969198524951935,0.3454616963863373,0,2024-10-08 17:00:00+00:00
3828,0.4748462736606598,0.17969198524951935,0.3454616963863373,0,2024-10-08 18:00:00+00:00
3829,0.49200138449668884,0.17895843088626862,0.3290401101112366,0,2024-10-08 18:00:00+00:00
3830,0.49200138449668884,0.17895843088626862,0.3290401101112366,0,2024-10-08 19:00:00+00:00
3831,0.49976038932800293,0.1801389902830124,0.3201005458831787,0,2024-10-08 19:00:00+00:00
3832,0.49976038932800293,0.1801389902830124,0.3201005458831787,0,2024-10-08 20:00:00+00:00
3833,0.5019155740737915,0.17235004901885986,0.32573428750038147,0,2024-10-08 20:00:00+00:00
3834,0.5019155740737915,0.17235004901885986,0.32573428750038147,0,2024-10-08 21:00:00+00:00
3835,0.47995173931121826,0.17620530724525452,0.3438429534435272,0,2024-10-08 21:00:00+00:00
3836,0.47995173931121826,0.17620530724525452,0.3438429534435272,0,2024-10-08 22:00:00+00:00
3837,0.4780425429344177,0.17496973276138306,0.3469878137111664,0,2024-10-08 22:00:00+00:00
3838,0.4780425429344177,0.17496973276138306,0.3469878137111664,0,2024-10-08 23:00:00+00:00
3839,0.5093954801559448,0.18095678091049194,0.30964773893356323,0,2024-10-08 23:00:00+00:00
3840,0.5093954801559448,0.18095678091049194,0.30964773893356323,0,2024-10-09 00:00:00+00:00
3841,0.49342238903045654,0.185917928814888,0.32065969705581665,0,2024-10-09 00:00:00+00:00
3842,0.49342238903045654,0.185917928814888,0.32065969705581665,0,2024-10-09 01:00:00+00:00
3843,0.47996896505355835,0.1769765466451645,0.3430544137954712,0,2024-10-09 01:00:00+00:00
3844,0.47996896505355835,0.1769765466451645,0.3430544137954712,0,2024-10-09 02:00:00+00:00
3845,0.46703657507896423,0.17315958440303802,0.35980379581451416,0,2024-10-09 02:00:00+00:00
3846,0.46703657507896423,0.17315958440303802,0.35980379581451416,0,2024-10-09 03:00:00+00:00
3847,0.48410505056381226,0.17837569117546082,0.33751925826072693,0,2024-10-09 03:00:00+00:00
3848,0.48410505056381226,0.17837569117546082,0.33751925826072693,0,2024-10-09 04:00:00+00:00
3849,0.4753022789955139,0.18676601350307465,0.33793169260025024,0,2024-10-09 04:00:00+00:00
3850,0.4753022789955139,0.18676601350307465,0.33793169260025024,0,2024-10-09 05:00:00+00:00
3851,0.4912690222263336,0.18348130583763123,0.32524970173835754,0,2024-10-09 05:00:00+00:00
3852,0.4912690222263336,0.18348130583763123,0.32524970173835754,0,2024-10-09 06:00:00+00:00
3853,0.47455358505249023,0.18364740908145905,0.34179893136024475,0,2024-10-09 06:00:00+00:00
3854,0.47455358505249023,0.18364740908145905,0.34179893136024475,0,2024-10-09 07:00:00+00:00
3855,0.4866892099380493,0.18947936594486237,0.3238314390182495,0,2024-10-09 07:00:00+00:00
3856,0.4866892099380493,0.18947936594486237,0.3238314390182495,0,2024-10-09 08:00:00+00:00
3857,0.49396753311157227,0.18403810262680054,0.3219943344593048,0,2024-10-09 08:00:00+00:00
3858,0.49396753311157227,0.18403810262680054,0.3219943344593048,0,2024-10-09 09:00:00+00:00
3859,0.49778980016708374,0.17625439167022705,0.325955867767334,0,2024-10-09 09:00:00+00:00
3860,0.49778980016708374,0.17625439167022705,0.325955867767334,0,2024-10-09 10:00:00+00:00
3861,0.4945225715637207,0.1861700564622879,0.319307416677475,0,2024-10-09 10:00:00+00:00
3862,0.4945225715637207,0.1861700564622879,0.319307416677475,0,2024-10-09 11:00:00+00:00
3863,0.5000436305999756,0.1696780025959015,0.33027833700180054,0,2024-10-09 11:00:00+00:00
3864,0.5000436305999756,0.1696780025959015,0.33027833700180054,0,2024-10-09 12:00:00+00:00
3865,0.4932810068130493,0.18255381286144257,0.3241651952266693,0,2024-10-09 12:00:00+00:00
3866,0.4932810068130493,0.18255381286144257,0.3241651952266693,0,2024-10-09 13:00:00+00:00
3867,0.5369454622268677,0.1688205599784851,0.2942340075969696,0,2024-10-09 13:00:00+00:00
3868,0.5369454622268677,0.1688205599784851,0.2942340075969696,0,2024-10-09 14:00:00+00:00
3869,0.5033938884735107,0.18485747277736664,0.3117486238479614,0,2024-10-09 14:00:00+00:00
3870,0.5033938884735107,0.18485747277736664,0.3117486238479614,0,2024-10-09 15:00:00+00:00
3871,0.48744887113571167,0.1782093197107315,0.33434179425239563,0,2024-10-09 15:00:00+00:00
3872,0.48744887113571167,0.1782093197107315,0.33434179425239563,0,2024-10-09 16:00:00+00:00
3873,0.4560511112213135,0.19257065653800964,0.35137826204299927,0,2024-10-09 16:00:00+00:00
3874,0.4560511112213135,0.19257065653800964,0.35137826204299927,0,2024-10-09 17:00:00+00:00
3875,0.5036309957504272,0.17402420938014984,0.32234475016593933,0,2024-10-09 17:00:00+00:00
3876,0.5036309957504272,0.17402420938014984,0.32234475016593933,0,2024-10-09 18:00:00+00:00
3877,0.49001818895339966,0.17634408175945282,0.3336375951766968,0,2024-10-09 18:00:00+00:00
3878,0.49001818895339966,0.17634408175945282,0.3336375951766968,0,2024-10-09 19:00:00+00:00
3879,0.4907352328300476,0.17080849409103394,0.33845630288124084,0,2024-10-09 19:00:00+00:00
3880,0.4907352328300476,0.17080849409103394,0.33845630288124084,0,2024-10-09 20:00:00+00:00
3881,0.49623793363571167,0.1746417135000229,0.3291205167770386,0,2024-10-09 20:00:00+00:00
3882,0.49623793363571167,0.1746417135000229,0.3291205167770386,0,2024-10-09 21:00:00+00:00
3883,0.5645173192024231,0.1515028327703476,0.2839798033237457,0,2024-10-09 21:00:00+00:00
3884,0.5645173192024231,0.1515028327703476,0.2839798033237457,0,2024-10-09 22:00:00+00:00
3885,0.47627517580986023,0.17646603286266327,0.3472588360309601,0,2024-10-09 22:00:00+00:00
3886,0.47627517580986023,0.17646603286266327,0.3472588360309601,0,2024-10-09 23:00:00+00:00
3887,0.47893214225769043,0.1697382628917694,0.3513295352458954,0,2024-10-09 23:00:00+00:00
3888,0.47893214225769043,0.1697382628917694,0.3513295352458954,0,2024-10-10 00:00:00+00:00
3889,0.4875716269016266,0.16717593371868134,0.34525251388549805,0,2024-10-10 00:00:00+00:00
3890,0.4875716269016266,0.16717593371868134,0.34525251388549805,0,2024-10-10 01:00:00+00:00
3891,0.48972731828689575,0.1618300825357437,0.34844261407852173,0,2024-10-10 01:00:00+00:00
3892,0.48972731828689575,0.1618300825357437,0.34844261407852173,0,2024-10-10 02:00:00+00:00
3893,0.5005930066108704,0.166477233171463,0.33292973041534424,0,2024-10-10 02:00:00+00:00
3894,0.5005930066108704,0.166477233171463,0.33292973041534424,0,2024-10-10 03:00:00+00:00
3895,0.4780395030975342,0.17144009470939636,0.35052037239074707,0,2024-10-10 03:00:00+00:00
3896,0.4780395030975342,0.17144009470939636,0.35052037239074707,0,2024-10-10 04:00:00+00:00
3897,0.4838602840900421,0.1684621423482895,0.34767746925354004,0,2024-10-10 04:00:00+00:00
3898,0.4838602840900421,0.1684621423482895,0.34767746925354004,0,2024-10-10 05:00:00+00:00
3899,0.4961301386356354,0.1718069165945053,0.3320629894733429,0,2024-10-10 05:00:00+00:00
3900,0.4961301386356354,0.1718069165945053,0.3320629894733429,0,2024-10-10 06:00:00+00:00
3901,0.47463083267211914,0.1722128838300705,0.35315632820129395,0,2024-10-10 06:00:00+00:00
3902,0.47463083267211914,0.1722128838300705,0.35315632820129395,0,2024-10-10 07:00:00+00:00
3903,0.4807971715927124,0.17212530970573425,0.34707751870155334,0,2024-10-10 07:00:00+00:00
3904,0.4807971715927124,0.17212530970573425,0.34707751870155334,0,2024-10-10 08:00:00+00:00
3905,0.49929338693618774,0.1735890507698059,0.3271176517009735,0,2024-10-10 08:00:00+00:00
3906,0.49929338693618774,0.1735890507698059,0.3271176517009735,0,2024-10-10 09:00:00+00:00
3907,0.5076329112052917,0.163633331656456,0.32873377203941345,0,2024-10-10 09:00:00+00:00
3908,0.5076329112052917,0.163633331656456,0.32873377203941345,0,2024-10-10 10:00:00+00:00
3909,0.5066236853599548,0.16323049366474152,0.33014580607414246,0,2024-10-10 10:00:00+00:00
3910,0.5066236853599548,0.16323049366474152,0.33014580607414246,0,2024-10-10 11:00:00+00:00
3911,0.4860169291496277,0.17013031244277954,0.3438526391983032,0,2024-10-10 11:00:00+00:00
3912,0.4860169291496277,0.17013031244277954,0.3438526391983032,0,2024-10-10 12:00:00+00:00
3913,0.4910123646259308,0.17335592210292816,0.33563175797462463,0,2024-10-10 12:00:00+00:00
3914,0.4910123646259308,0.17335592210292816,0.33563175797462463,0,2024-10-10 13:00:00+00:00
3915,0.4965345859527588,0.17332489788532257,0.3301405608654022,0,2024-10-10 13:00:00+00:00
3916,0.4965345859527588,0.17332489788532257,0.3301405608654022,0,2024-10-10 14:00:00+00:00
3917,0.4727306663990021,0.17819784581661224,0.34907156229019165,0,2024-10-10 14:00:00+00:00
3918,0.4727306663990021,0.17819784581661224,0.34907156229019165,0,2024-10-10 15:00:00+00:00
3919,0.45620059967041016,0.1715278923511505,0.37227150797843933,0,2024-10-10 15:00:00+00:00
3920,0.45620059967041016,0.1715278923511505,0.37227150797843933,0,2024-10-10 16:00:00+00:00
3921,0.4393213093280792,0.17951826751232147,0.38116052746772766,0,2024-10-10 16:00:00+00:00
3922,0.4393213093280792,0.17951826751232147,0.38116052746772766,0,2024-10-10 17:00:00+00:00
3923,0.4867510497570038,0.17594560980796814,0.33730340003967285,0,2024-10-10 17:00:00+00:00
3924,0.4867510497570038,0.17594560980796814,0.33730340003967285,0,2024-10-10 18:00:00+00:00
3925,0.5087631940841675,0.16157467663288116,0.32966217398643494,0,2024-10-10 18:00:00+00:00
3926,0.5087631940841675,0.16157467663288116,0.32966217398643494,0,2024-10-10 19:00:00+00:00
3927,0.46510809659957886,0.17467987537384033,0.3602120578289032,0,2024-10-10 19:00:00+00:00
3928,0.46510809659957886,0.17467987537384033,0.3602120578289032,0,2024-10-10 20:00:00+00:00
3929,0.4538702666759491,0.1759328991174698,0.3701968789100647,0,2024-10-10 20:00:00+00:00
3930,0.4538702666759491,0.1759328991174698,0.3701968789100647,0,2024-10-10 21:00:00+00:00
3931,0.4435584843158722,0.1849232316017151,0.37151822447776794,0,2024-10-10 21:00:00+00:00
3932,0.4435584843158722,0.1849232316017151,0.37151822447776794,0,2024-10-10 22:00:00+00:00
3933,0.4587467908859253,0.1784043163061142,0.36284884810447693,0,2024-10-10 22:00:00+00:00
3934,0.4587467908859253,0.1784043163061142,0.36284884810447693,0,2024-10-10 23:00:00+00:00
3935,0.4527360498905182,0.1787947565317154,0.36846923828125,0,2024-10-10 23:00:00+00:00
3936,0.4527360498905182,0.1787947565317154,0.36846923828125,0,2024-10-11 00:00:00+00:00
3937,0.4792628288269043,0.17680175602436066,0.34393540024757385,0,2024-10-11 00:00:00+00:00
3938,0.4792628288269043,0.17680175602436066,0.34393540024757385,0,2024-10-11 01:00:00+00:00
3939,0.46946775913238525,0.17731665074825287,0.3532155454158783,0,2024-10-11 01:00:00+00:00
3940,0.46946775913238525,0.17731665074825287,0.3532155454158783,0,2024-10-11 02:00:00+00:00
3941,0.4743326008319855,0.17427140474319458,0.35139593482017517,0,2024-10-11 02:00:00+00:00
3942,0.4743326008319855,0.17427140474319458,0.35139593482017517,0,2024-10-11 03:00:00+00:00
3943,0.4838414192199707,0.17706787586212158,0.3390907943248749,0,2024-10-11 03:00:00+00:00
3944,0.4838414192199707,0.17706787586212158,0.3390907943248749,0,2024-10-11 04:00:00+00:00
3945,0.4788109362125397,0.17733459174633026,0.34385445713996887,0,2024-10-11 04:00:00+00:00
3946,0.4788109362125397,0.17733459174633026,0.34385445713996887,0,2024-10-11 05:00:00+00:00
3947,0.4750438332557678,0.17740657925605774,0.34754955768585205,0,2024-10-11 05:00:00+00:00
3948,0.4750438332557678,0.17740657925605774,0.34754955768585205,0,2024-10-11 06:00:00+00:00
3949,0.4770762324333191,0.1789059340953827,0.3440178632736206,0,2024-10-11 06:00:00+00:00
3950,0.4770762324333191,0.1789059340953827,0.3440178632736206,0,2024-10-11 07:00:00+00:00
3951,0.471420556306839,0.17785263061523438,0.350726842880249,0,2024-10-11 07:00:00+00:00
3952,0.471420556306839,0.17785263061523438,0.350726842880249,0,2024-10-11 08:00:00+00:00
3953,0.4719223082065582,0.18061469495296478,0.3474630117416382,0,2024-10-11 08:00:00+00:00
3954,0.4719223082065582,0.18061469495296478,0.3474630117416382,0,2024-10-11 09:00:00+00:00
3955,0.4447004497051239,0.1871248483657837,0.3681747019290924,0,2024-10-11 09:00:00+00:00
3956,0.4447004497051239,0.1871248483657837,0.3681747019290924,0,2024-10-11 10:00:00+00:00
3957,0.42965197563171387,0.18644171953201294,0.38390639424324036,0,2024-10-11 10:00:00+00:00
3958,0.42965197563171387,0.18644171953201294,0.38390639424324036,0,2024-10-11 11:00:00+00:00
3959,0.4502808451652527,0.178593710064888,0.37112540006637573,0,2024-10-11 11:00:00+00:00
3960,0.4502808451652527,0.178593710064888,0.37112540006637573,0,2024-10-11 12:00:00+00:00
3961,0.46061134338378906,0.17605580389499664,0.3633328378200531,0,2024-10-11 12:00:00+00:00
3962,0.46061134338378906,0.17605580389499664,0.3633328378200531,0,2024-10-11 13:00:00+00:00
3963,0.43774402141571045,0.17517253756523132,0.38708338141441345,0,2024-10-11 13:00:00+00:00
3964,0.43774402141571045,0.17517253756523132,0.38708338141441345,0,2024-10-11 14:00:00+00:00
3965,0.43939170241355896,0.1736602485179901,0.3869480490684509,0,2024-10-11 14:00:00+00:00
3966,0.43939170241355896,0.1736602485179901,0.3869480490684509,0,2024-10-11 15:00:00+00:00
3967,0.4264417886734009,0.17349009215831757,0.40006813406944275,0,2024-10-11 15:00:00+00:00
3968,0.4264417886734009,0.17349009215831757,0.40006813406944275,0,2024-10-11 16:00:00+00:00
3969,0.45016515254974365,0.16558419167995453,0.3842506408691406,0,2024-10-11 16:00:00+00:00
3970,0.45016515254974365,0.16558419167995453,0.3842506408691406,0,2024-10-11 17:00:00+00:00
3971,0.47375455498695374,0.1628475785255432,0.36339783668518066,0,2024-10-11 17:00:00+00:00
3972,0.47375455498695374,0.1628475785255432,0.36339783668518066,0,2024-10-11 18:00:00+00:00
3973,0.46676963567733765,0.17113924026489258,0.362091064453125,0,2024-10-11 18:00:00+00:00
3974,0.46676963567733765,0.17113924026489258,0.362091064453125,0,2024-10-11 19:00:00+00:00
3975,0.4783812463283539,0.170114204287529,0.3515046536922455,0,2024-10-11 19:00:00+00:00
3976,0.4783812463283539,0.170114204287529,0.3515046536922455,0,2024-10-11 20:00:00+00:00
3977,0.49018388986587524,0.1681075245141983,0.34170860052108765,0,2024-10-11 20:00:00+00:00
3978,0.49018388986587524,0.1681075245141983,0.34170860052108765,0,2024-10-11 21:00:00+00:00
3979,0.403835266828537,0.18941132724285126,0.40675342082977295,2,2024-10-11 21:00:00+00:00
3980,0.403835266828537,0.18941132724285126,0.40675342082977295,2,2024-10-11 22:00:00+00:00
3981,0.3951961398124695,0.18507647514343262,0.4197273552417755,2,2024-10-11 22:00:00+00:00
3982,0.3951961398124695,0.18507647514343262,0.4197273552417755,2,2024-10-11 23:00:00+00:00
3983,0.42602619528770447,0.1834007352590561,0.390573114156723,0,2024-10-11 23:00:00+00:00
3984,0.42602619528770447,0.1834007352590561,0.390573114156723,0,2024-10-12 00:00:00+00:00
3985,0.46666979789733887,0.1790541261434555,0.35427606105804443,0,2024-10-12 00:00:00+00:00
3986,0.46666979789733887,0.1790541261434555,0.35427606105804443,0,2024-10-12 01:00:00+00:00
3987,0.460548996925354,0.17672887444496155,0.3627221882343292,0,2024-10-12 01:00:00+00:00
3988,0.460548996925354,0.17672887444496155,0.3627221882343292,0,2024-10-12 02:00:00+00:00
3989,0.5010859370231628,0.1733148992061615,0.32559913396835327,0,2024-10-12 02:00:00+00:00
3990,0.5010859370231628,0.1733148992061615,0.32559913396835327,0,2024-10-12 03:00:00+00:00
3991,0.5484457015991211,0.16709840297698975,0.2844558656215668,0,2024-10-12 03:00:00+00:00
3992,0.5484457015991211,0.16709840297698975,0.2844558656215668,0,2024-10-12 04:00:00+00:00
3993,0.522959291934967,0.16434361040592194,0.31269705295562744,0,2024-10-12 04:00:00+00:00
3994,0.522959291934967,0.16434361040592194,0.31269705295562744,0,2024-10-12 05:00:00+00:00
3995,0.5170577168464661,0.1658218950033188,0.31712037324905396,0,2024-10-12 05:00:00+00:00
3996,0.5170577168464661,0.1658218950033188,0.31712037324905396,0,2024-10-12 06:00:00+00:00
3997,0.5100791454315186,0.17783840000629425,0.3120824098587036,0,2024-10-12 06:00:00+00:00
3998,0.5100791454315186,0.17783840000629425,0.3120824098587036,0,2024-10-12 07:00:00+00:00
3999,0.546387791633606,0.17411558330059052,0.2794966399669647,0,2024-10-12 07:00:00+00:00
4000,0.546387791633606,0.17411558330059052,0.2794966399669647,0,2024-10-12 08:00:00+00:00
4001,0.5358791351318359,0.17303669452667236,0.2910841703414917,0,2024-10-12 08:00:00+00:00
4002,0.5358791351318359,0.17303669452667236,0.2910841703414917,0,2024-10-12 09:00:00+00:00
4003,0.5235376954078674,0.17481982707977295,0.3016424775123596,0,2024-10-12 09:00:00+00:00
4004,0.5235376954078674,0.17481982707977295,0.3016424775123596,0,2024-10-12 10:00:00+00:00
4005,0.5183481574058533,0.17191806435585022,0.3097338378429413,0,2024-10-12 10:00:00+00:00
4006,0.5183481574058533,0.17191806435585022,0.3097338378429413,0,2024-10-12 11:00:00+00:00
4007,0.4465339481830597,0.16821126639842987,0.38525477051734924,0,2024-10-12 11:00:00+00:00
4008,0.4465339481830597,0.16821126639842987,0.38525477051734924,0,2024-10-12 12:00:00+00:00
4009,0.49809902906417847,0.16671022772789001,0.3351908028125763,0,2024-10-12 12:00:00+00:00
4010,0.49809902906417847,0.16671022772789001,0.3351908028125763,0,2024-10-12 13:00:00+00:00
4011,0.4666479527950287,0.16767843067646027,0.36567363142967224,0,2024-10-12 13:00:00+00:00
4012,0.4666479527950287,0.16767843067646027,0.36567363142967224,0,2024-10-12 14:00:00+00:00
4013,0.5006130933761597,0.16468507051467896,0.33470189571380615,0,2024-10-12 14:00:00+00:00
4014,0.5006130933761597,0.16468507051467896,0.33470189571380615,0,2024-10-12 15:00:00+00:00
4015,0.4500194191932678,0.15700186789035797,0.39297881722450256,0,2024-10-12 15:00:00+00:00
4016,0.4500194191932678,0.15700186789035797,0.39297881722450256,0,2024-10-12 16:00:00+00:00
4017,0.5294297933578491,0.16757646203041077,0.30299362540245056,0,2024-10-12 16:00:00+00:00
4018,0.5294297933578491,0.16757646203041077,0.30299362540245056,0,2024-10-12 17:00:00+00:00
4019,0.5106580257415771,0.16454702615737915,0.3247949481010437,0,2024-10-12 17:00:00+00:00
4020,0.5106580257415771,0.16454702615737915,0.3247949481010437,0,2024-10-12 18:00:00+00:00
4021,0.4616478681564331,0.16381628811359406,0.37453579902648926,0,2024-10-12 18:00:00+00:00
4022,0.4616478681564331,0.16381628811359406,0.37453579902648926,0,2024-10-12 19:00:00+00:00
4023,0.5137000679969788,0.1691742241382599,0.3171256482601166,0,2024-10-12 19:00:00+00:00
4024,0.5137000679969788,0.1691742241382599,0.3171256482601166,0,2024-10-12 20:00:00+00:00
4025,0.4788510501384735,0.16449074447155,0.3566582500934601,0,2024-10-12 20:00:00+00:00
4026,0.4788510501384735,0.16449074447155,0.3566582500934601,0,2024-10-12 21:00:00+00:00
4027,0.4408123195171356,0.1656132936477661,0.39357441663742065,0,2024-10-12 21:00:00+00:00
4028,0.4408123195171356,0.1656132936477661,0.39357441663742065,0,2024-10-12 22:00:00+00:00
4029,0.4771231710910797,0.16902539134025574,0.3538513481616974,0,2024-10-12 22:00:00+00:00
4030,0.4771231710910797,0.16902539134025574,0.3538513481616974,0,2024-10-12 23:00:00+00:00
4031,0.43265500664711,0.16311633586883545,0.4042286276817322,0,2024-10-12 23:00:00+00:00
4032,0.43265500664711,0.16311633586883545,0.4042286276817322,0,2024-10-13 00:00:00+00:00
4033,0.534858763217926,0.1839616447687149,0.28117966651916504,0,2024-10-13 00:00:00+00:00
4034,0.534858763217926,0.1839616447687149,0.28117966651916504,0,2024-10-13 01:00:00+00:00
4035,0.5027867555618286,0.1815190315246582,0.31569424271583557,0,2024-10-13 01:00:00+00:00
4036,0.5027867555618286,0.1815190315246582,0.31569424271583557,0,2024-10-13 02:00:00+00:00
4037,0.5507862567901611,0.20146223902702332,0.24775145947933197,0,2024-10-13 02:00:00+00:00
4038,0.5507862567901611,0.20146223902702332,0.24775145947933197,0,2024-10-13 03:00:00+00:00
4039,0.5407937169075012,0.19956304132938385,0.25964322686195374,0,2024-10-13 03:00:00+00:00
4040,0.5407937169075012,0.19956304132938385,0.25964322686195374,0,2024-10-13 04:00:00+00:00
4041,0.6187847852706909,0.22372925281524658,0.15748608112335205,0,2024-10-13 04:00:00+00:00
4042,0.6187847852706909,0.22372925281524658,0.15748608112335205,0,2024-10-13 05:00:00+00:00
4043,0.5389169454574585,0.21141323447227478,0.24966980516910553,0,2024-10-13 05:00:00+00:00
4044,0.5389169454574585,0.21141323447227478,0.24966980516910553,0,2024-10-13 06:00:00+00:00
4045,0.5473471283912659,0.19196178019046783,0.2606911361217499,0,2024-10-13 06:00:00+00:00
4046,0.5473471283912659,0.19196178019046783,0.2606911361217499,0,2024-10-13 07:00:00+00:00
4047,0.5589885115623474,0.1943693310022354,0.2466421276330948,0,2024-10-13 07:00:00+00:00
4048,0.5589885115623474,0.1943693310022354,0.2466421276330948,0,2024-10-13 08:00:00+00:00
4049,0.554482102394104,0.1918606460094452,0.2536572515964508,0,2024-10-13 08:00:00+00:00
4050,0.554482102394104,0.1918606460094452,0.2536572515964508,0,2024-10-13 09:00:00+00:00
4051,0.5440779328346252,0.1872527003288269,0.26866939663887024,0,2024-10-13 09:00:00+00:00
4052,0.5440779328346252,0.1872527003288269,0.26866939663887024,0,2024-10-13 10:00:00+00:00
4053,0.4837401509284973,0.18016737699508667,0.33609244227409363,0,2024-10-13 10:00:00+00:00
4054,0.4837401509284973,0.18016737699508667,0.33609244227409363,0,2024-10-13 11:00:00+00:00
4055,0.5065794587135315,0.18933340907096863,0.3040870428085327,0,2024-10-13 11:00:00+00:00
4056,0.5065794587135315,0.18933340907096863,0.3040870428085327,0,2024-10-13 12:00:00+00:00
4057,0.5480841994285583,0.19977053999900818,0.25214529037475586,0,2024-10-13 12:00:00+00:00
4058,0.5480841994285583,0.19977053999900818,0.25214529037475586,0,2024-10-13 13:00:00+00:00
4059,0.46102216839790344,0.18302695453166962,0.3559509813785553,0,2024-10-13 13:00:00+00:00
4060,0.46102216839790344,0.18302695453166962,0.3559509813785553,0,2024-10-13 14:00:00+00:00
4061,0.4909394383430481,0.18350861966609955,0.32555192708969116,0,2024-10-13 14:00:00+00:00
4062,0.4909394383430481,0.18350861966609955,0.32555192708969116,0,2024-10-13 15:00:00+00:00
4063,0.6076061129570007,0.212598979473114,0.1797948181629181,0,2024-10-13 15:00:00+00:00
4064,0.6076061129570007,0.212598979473114,0.1797948181629181,0,2024-10-13 16:00:00+00:00
4065,0.5855941772460938,0.2272462397813797,0.18715962767601013,0,2024-10-13 16:00:00+00:00
4066,0.5855941772460938,0.2272462397813797,0.18715962767601013,0,2024-10-13 17:00:00+00:00
4067,0.5232706069946289,0.20543572306632996,0.27129364013671875,0,2024-10-13 17:00:00+00:00
4068,0.5232706069946289,0.20543572306632996,0.27129364013671875,0,2024-10-13 18:00:00+00:00
4069,0.5351529717445374,0.21810337901115417,0.24674366414546967,0,2024-10-13 18:00:00+00:00
4070,0.5351529717445374,0.21810337901115417,0.24674366414546967,0,2024-10-13 19:00:00+00:00
4071,0.5405771732330322,0.21832731366157532,0.24109546840190887,0,2024-10-13 19:00:00+00:00
4072,0.5405771732330322,0.21832731366157532,0.24109546840190887,0,2024-10-13 20:00:00+00:00
4073,0.5531584620475769,0.20126330852508545,0.24557830393314362,0,2024-10-13 20:00:00+00:00
4074,0.5531584620475769,0.20126330852508545,0.24557830393314362,0,2024-10-13 21:00:00+00:00
4075,0.5470813512802124,0.19792991876602173,0.25498872995376587,0,2024-10-13 21:00:00+00:00
4076,0.5470813512802124,0.19792991876602173,0.25498872995376587,0,2024-10-13 22:00:00+00:00
4077,0.46836981177330017,0.17251800000667572,0.3591122031211853,0,2024-10-13 22:00:00+00:00
4078,0.46836981177330017,0.17251800000667572,0.3591122031211853,0,2024-10-13 23:00:00+00:00
4079,0.467395156621933,0.17857833206653595,0.3540264964103699,0,2024-10-13 23:00:00+00:00
4080,0.467395156621933,0.17857833206653595,0.3540264964103699,0,2024-10-14 00:00:00+00:00
4081,0.46580222249031067,0.17902107536792755,0.355176717042923,0,2024-10-14 00:00:00+00:00
4082,0.46580222249031067,0.17902107536792755,0.355176717042923,0,2024-10-14 01:00:00+00:00
4083,0.47394859790802,0.18567542731761932,0.34037595987319946,0,2024-10-14 01:00:00+00:00
4084,0.47394859790802,0.18567542731761932,0.34037595987319946,0,2024-10-14 02:00:00+00:00
4085,0.4607411324977875,0.1768045723438263,0.36245429515838623,0,2024-10-14 02:00:00+00:00
4086,0.4607411324977875,0.1768045723438263,0.36245429515838623,0,2024-10-14 03:00:00+00:00
4087,0.4707174599170685,0.17727075517177582,0.3520117998123169,0,2024-10-14 03:00:00+00:00
4088,0.4707174599170685,0.17727075517177582,0.3520117998123169,0,2024-10-14 04:00:00+00:00
4089,0.4660221040248871,0.1635207086801529,0.37045714259147644,0,2024-10-14 04:00:00+00:00
4090,0.4660221040248871,0.1635207086801529,0.37045714259147644,0,2024-10-14 05:00:00+00:00
4091,0.45898914337158203,0.1643463671207428,0.37666451930999756,0,2024-10-14 05:00:00+00:00
4092,0.45898914337158203,0.1643463671207428,0.37666451930999756,0,2024-10-14 06:00:00+00:00
4093,0.44944435358047485,0.15904586017131805,0.3915097117424011,0,2024-10-14 06:00:00+00:00
4094,0.44944435358047485,0.15904586017131805,0.3915097117424011,0,2024-10-14 07:00:00+00:00
4095,0.43945714831352234,0.16083522140979767,0.3997075855731964,0,2024-10-14 07:00:00+00:00
4096,0.43945714831352234,0.16083522140979767,0.3997075855731964,0,2024-10-14 08:00:00+00:00
4097,0.4387965202331543,0.16429820656776428,0.3969053030014038,0,2024-10-14 08:00:00+00:00
4098,0.4387965202331543,0.16429820656776428,0.3969053030014038,0,2024-10-14 09:00:00+00:00
4099,0.44474244117736816,0.1635647416114807,0.3916928768157959,0,2024-10-14 09:00:00+00:00
4100,0.44474244117736816,0.1635647416114807,0.3916928768157959,0,2024-10-14 10:00:00+00:00
4101,0.4431787431240082,0.1623675525188446,0.39445364475250244,0,2024-10-14 10:00:00+00:00
4102,0.4431787431240082,0.1623675525188446,0.39445364475250244,0,2024-10-14 11:00:00+00:00
4103,0.45041894912719727,0.16214455664157867,0.3874364495277405,0,2024-10-14 11:00:00+00:00
4104,0.45041894912719727,0.16214455664157867,0.3874364495277405,0,2024-10-14 12:00:00+00:00
4105,0.43918654322624207,0.16578136384487152,0.3950320780277252,0,2024-10-14 12:00:00+00:00
4106,0.43918654322624207,0.16578136384487152,0.3950320780277252,0,2024-10-14 13:00:00+00:00
4107,0.4687507748603821,0.16384293138980865,0.36740633845329285,0,2024-10-14 13:00:00+00:00
4108,0.4687507748603821,0.16384293138980865,0.36740633845329285,0,2024-10-14 14:00:00+00:00
4109,0.45993149280548096,0.16307441890239716,0.3769940435886383,0,2024-10-14 14:00:00+00:00
4110,0.45993149280548096,0.16307441890239716,0.3769940435886383,0,2024-10-14 15:00:00+00:00
4111,0.48055753111839294,0.18083028495311737,0.33861225843429565,0,2024-10-14 15:00:00+00:00
4112,0.48055753111839294,0.18083028495311737,0.33861225843429565,0,2024-10-14 16:00:00+00:00
4113,0.4618017375469208,0.18115557730197906,0.35704270005226135,0,2024-10-14 16:00:00+00:00
4114,0.4618017375469208,0.18115557730197906,0.35704270005226135,0,2024-10-14 17:00:00+00:00
4115,0.5023339986801147,0.17395392060279846,0.3237121105194092,0,2024-10-14 17:00:00+00:00
4116,0.5023339986801147,0.17395392060279846,0.3237121105194092,0,2024-10-14 18:00:00+00:00
4117,0.4936801791191101,0.17101280391216278,0.3353070020675659,0,2024-10-14 18:00:00+00:00
4118,0.4936801791191101,0.17101280391216278,0.3353070020675659,0,2024-10-14 19:00:00+00:00
4119,0.5018177628517151,0.1690675914287567,0.3291145861148834,0,2024-10-14 19:00:00+00:00
4120,0.5018177628517151,0.1690675914287567,0.3291145861148834,0,2024-10-14 20:00:00+00:00
4121,0.4877367913722992,0.16316018998622894,0.34910300374031067,0,2024-10-14 20:00:00+00:00
4122,0.4877367913722992,0.16316018998622894,0.34910300374031067,0,2024-10-14 21:00:00+00:00
4123,0.47074997425079346,0.16252180933952332,0.3667283058166504,0,2024-10-14 21:00:00+00:00
4124,0.47074997425079346,0.16252180933952332,0.3667283058166504,0,2024-10-14 22:00:00+00:00
4125,0.4640182554721832,0.16428503394126892,0.3716966509819031,0,2024-10-14 22:00:00+00:00
4126,0.4640182554721832,0.16428503394126892,0.3716966509819031,0,2024-10-14 23:00:00+00:00
4127,0.4131869971752167,0.1546138972043991,0.43219906091690063,2,2024-10-14 23:00:00+00:00
4128,0.4131869971752167,0.1546138972043991,0.43219906091690063,2,2024-10-15 00:00:00+00:00
4129,0.4090207517147064,0.15461784601211548,0.4363614022731781,2,2024-10-15 00:00:00+00:00
4130,0.4090207517147064,0.15461784601211548,0.4363614022731781,2,2024-10-15 01:00:00+00:00
4131,0.4499332010746002,0.16732604801654816,0.38274067640304565,0,2024-10-15 01:00:00+00:00
4132,0.4499332010746002,0.16732604801654816,0.38274067640304565,0,2024-10-15 02:00:00+00:00
4133,0.43812084197998047,0.16363823413848877,0.3982408940792084,0,2024-10-15 02:00:00+00:00
4134,0.43812084197998047,0.16363823413848877,0.3982408940792084,0,2024-10-15 03:00:00+00:00
4135,0.4593813121318817,0.16226962208747864,0.37834903597831726,0,2024-10-15 03:00:00+00:00
4136,0.4593813121318817,0.16226962208747864,0.37834903597831726,0,2024-10-15 04:00:00+00:00
4137,0.5184210538864136,0.16348382830619812,0.31809505820274353,0,2024-10-15 04:00:00+00:00
4138,0.5184210538864136,0.16348382830619812,0.31809505820274353,0,2024-10-15 05:00:00+00:00
4139,0.5181185603141785,0.1654302328824997,0.31645119190216064,0,2024-10-15 05:00:00+00:00
4140,0.5181185603141785,0.1654302328824997,0.31645119190216064,0,2024-10-15 06:00:00+00:00
4141,0.5751011967658997,0.17002756893634796,0.2548712491989136,0,2024-10-15 06:00:00+00:00
4142,0.5751011967658997,0.17002756893634796,0.2548712491989136,0,2024-10-15 07:00:00+00:00
4143,0.5539481043815613,0.17012552917003632,0.27592629194259644,0,2024-10-15 07:00:00+00:00
4144,0.5539481043815613,0.17012552917003632,0.27592629194259644,0,2024-10-15 08:00:00+00:00
4145,0.5653466582298279,0.1658952534198761,0.26875805854797363,0,2024-10-15 08:00:00+00:00
4146,0.5653466582298279,0.1658952534198761,0.26875805854797363,0,2024-10-15 09:00:00+00:00
4147,0.5880399942398071,0.18105967342853546,0.2309003472328186,0,2024-10-15 09:00:00+00:00
4148,0.5880399942398071,0.18105967342853546,0.2309003472328186,0,2024-10-15 10:00:00+00:00
4149,0.5882565379142761,0.1943013221025467,0.21744218468666077,0,2024-10-15 10:00:00+00:00
4150,0.5882565379142761,0.1943013221025467,0.21744218468666077,0,2024-10-15 11:00:00+00:00
4151,0.5634573101997375,0.18846960365772247,0.2480730563402176,0,2024-10-15 11:00:00+00:00
4152,0.5634573101997375,0.18846960365772247,0.2480730563402176,0,2024-10-15 12:00:00+00:00
4153,0.6439583897590637,0.21773262321949005,0.13830909132957458,0,2024-10-15 12:00:00+00:00
4154,0.6439583897590637,0.21773262321949005,0.13830909132957458,0,2024-10-15 13:00:00+00:00
4155,0.5752827525138855,0.20999686419963837,0.21472039818763733,0,2024-10-15 13:00:00+00:00
4156,0.5752827525138855,0.20999686419963837,0.21472039818763733,0,2024-10-15 14:00:00+00:00
4157,0.43666815757751465,0.1577049046754837,0.40562704205513,0,2024-10-15 14:00:00+00:00
4158,0.43666815757751465,0.1577049046754837,0.40562704205513,0,2024-10-15 15:00:00+00:00
4159,0.6524975299835205,0.21081514656543732,0.1366872936487198,0,2024-10-15 15:00:00+00:00
4160,0.6524975299835205,0.21081514656543732,0.1366872936487198,0,2024-10-15 16:00:00+00:00
4161,0.6089308261871338,0.18868407607078552,0.2023850828409195,0,2024-10-15 16:00:00+00:00
4162,0.6089308261871338,0.18868407607078552,0.2023850828409195,0,2024-10-15 17:00:00+00:00
4163,0.5597410202026367,0.17256641387939453,0.26769256591796875,0,2024-10-15 17:00:00+00:00
4164,0.5597410202026367,0.17256641387939453,0.26769256591796875,0,2024-10-15 18:00:00+00:00
4165,0.5597824454307556,0.17399010062217712,0.2662275731563568,0,2024-10-15 18:00:00+00:00
4166,0.5597824454307556,0.17399010062217712,0.2662275731563568,0,2024-10-15 19:00:00+00:00
4167,0.5241450071334839,0.17724958062171936,0.29860547184944153,0,2024-10-15 19:00:00+00:00
4168,0.5241450071334839,0.17724958062171936,0.29860547184944153,0,2024-10-15 20:00:00+00:00
4169,0.518629252910614,0.1782580316066742,0.3031127154827118,0,2024-10-15 20:00:00+00:00
4170,0.518629252910614,0.1782580316066742,0.3031127154827118,0,2024-10-15 21:00:00+00:00
4171,0.5717338919639587,0.20701678097248077,0.22124925255775452,0,2024-10-15 21:00:00+00:00
4172,0.5717338919639587,0.20701678097248077,0.22124925255775452,0,2024-10-15 22:00:00+00:00
4173,0.54343581199646,0.19327068328857422,0.2632935047149658,0,2024-10-15 22:00:00+00:00
4174,0.54343581199646,0.19327068328857422,0.2632935047149658,0,2024-10-15 23:00:00+00:00
4175,0.5321750640869141,0.1996159553527832,0.2682090103626251,0,2024-10-15 23:00:00+00:00
4176,0.5321750640869141,0.1996159553527832,0.2682090103626251,0,2024-10-16 00:00:00+00:00
4177,0.5108301639556885,0.1814676970243454,0.3077021539211273,0,2024-10-16 00:00:00+00:00
4178,0.5108301639556885,0.1814676970243454,0.3077021539211273,0,2024-10-16 01:00:00+00:00
4179,0.535446286201477,0.19440621137619019,0.27014750242233276,0,2024-10-16 01:00:00+00:00
4180,0.535446286201477,0.19440621137619019,0.27014750242233276,0,2024-10-16 02:00:00+00:00
4181,0.5478660464286804,0.18808571994304657,0.2640482485294342,0,2024-10-16 02:00:00+00:00
4182,0.5478660464286804,0.18808571994304657,0.2640482485294342,0,2024-10-16 03:00:00+00:00
4183,0.5545596480369568,0.18510553240776062,0.26033487915992737,0,2024-10-16 03:00:00+00:00
4184,0.5545596480369568,0.18510553240776062,0.26033487915992737,0,2024-10-16 04:00:00+00:00
4185,0.5499179363250732,0.19595199823379517,0.2541300654411316,0,2024-10-16 04:00:00+00:00
4186,0.5499179363250732,0.19595199823379517,0.2541300654411316,0,2024-10-16 05:00:00+00:00
4187,0.5552108883857727,0.2024330496788025,0.24235612154006958,0,2024-10-16 05:00:00+00:00
4188,0.5552108883857727,0.2024330496788025,0.24235612154006958,0,2024-10-16 06:00:00+00:00
4189,0.5438217520713806,0.1951484978199005,0.26102977991104126,0,2024-10-16 06:00:00+00:00
4190,0.5438217520713806,0.1951484978199005,0.26102977991104126,0,2024-10-16 07:00:00+00:00
4191,0.5387524366378784,0.19746771454811096,0.26377981901168823,0,2024-10-16 07:00:00+00:00
4192,0.5387524366378784,0.19746771454811096,0.26377981901168823,0,2024-10-16 08:00:00+00:00
4193,0.5300244092941284,0.1973710060119629,0.2726045846939087,0,2024-10-16 08:00:00+00:00
4194,0.5300244092941284,0.1973710060119629,0.2726045846939087,0,2024-10-16 09:00:00+00:00
4195,0.5332139730453491,0.18868912756443024,0.27809688448905945,0,2024-10-16 09:00:00+00:00
4196,0.5332139730453491,0.18868912756443024,0.27809688448905945,0,2024-10-16 10:00:00+00:00
4197,0.4871194362640381,0.18606115877628326,0.32681939005851746,0,2024-10-16 10:00:00+00:00
4198,0.4871194362640381,0.18606115877628326,0.32681939005851746,0,2024-10-16 11:00:00+00:00
4199,0.45559388399124146,0.18025940656661987,0.3641466498374939,0,2024-10-16 11:00:00+00:00
4200,0.45559388399124146,0.18025940656661987,0.3641466498374939,0,2024-10-16 12:00:00+00:00
4201,0.48014500737190247,0.17083117365837097,0.34902387857437134,0,2024-10-16 12:00:00+00:00
4202,0.48014500737190247,0.17083117365837097,0.34902387857437134,0,2024-10-16 13:00:00+00:00
4203,0.5161511301994324,0.17359738051891327,0.3102514445781708,0,2024-10-16 13:00:00+00:00
4204,0.5161511301994324,0.17359738051891327,0.3102514445781708,0,2024-10-16 14:00:00+00:00
4205,0.5236243605613708,0.17814505100250244,0.2982305586338043,0,2024-10-16 14:00:00+00:00
4206,0.5236243605613708,0.17814505100250244,0.2982305586338043,0,2024-10-16 15:00:00+00:00
4207,0.49563854932785034,0.17990700900554657,0.3244544565677643,0,2024-10-16 15:00:00+00:00
4208,0.49563854932785034,0.17990700900554657,0.3244544565677643,0,2024-10-16 16:00:00+00:00
4209,0.4684557020664215,0.1793367862701416,0.3522075414657593,0,2024-10-16 16:00:00+00:00
4210,0.4684557020664215,0.1793367862701416,0.3522075414657593,0,2024-10-16 17:00:00+00:00
4211,0.5056244730949402,0.17962293326854706,0.3147526681423187,0,2024-10-16 17:00:00+00:00
4212,0.5056244730949402,0.17962293326854706,0.3147526681423187,0,2024-10-16 18:00:00+00:00
4213,0.4806077480316162,0.18934576213359833,0.33004650473594666,0,2024-10-16 18:00:00+00:00
4214,0.4806077480316162,0.18934576213359833,0.33004650473594666,0,2024-10-16 19:00:00+00:00
4215,0.5273677110671997,0.18371090292930603,0.2889213562011719,0,2024-10-16 19:00:00+00:00
4216,0.5273677110671997,0.18371090292930603,0.2889213562011719,0,2024-10-16 20:00:00+00:00
4217,0.5409605503082275,0.18476979434490204,0.27426964044570923,0,2024-10-16 20:00:00+00:00
4218,0.5409605503082275,0.18476979434490204,0.27426964044570923,0,2024-10-16 21:00:00+00:00
4219,0.5295289754867554,0.1890813708305359,0.28138959407806396,0,2024-10-16 21:00:00+00:00
4220,0.5295289754867554,0.1890813708305359,0.28138959407806396,0,2024-10-16 22:00:00+00:00
4221,0.5326530337333679,0.1986411064863205,0.26870590448379517,0,2024-10-16 22:00:00+00:00
4222,0.5326530337333679,0.1986411064863205,0.26870590448379517,0,2024-10-16 23:00:00+00:00
4223,0.475745290517807,0.18118400871753693,0.3430705964565277,0,2024-10-16 23:00:00+00:00
4224,0.475745290517807,0.18118400871753693,0.3430705964565277,0,2024-10-17 00:00:00+00:00
4225,0.5185651183128357,0.19737763702869415,0.28405728936195374,0,2024-10-17 00:00:00+00:00
4226,0.5185651183128357,0.19737763702869415,0.28405728936195374,0,2024-10-17 01:00:00+00:00
4227,0.5214577317237854,0.17890019714832306,0.29964208602905273,0,2024-10-17 01:00:00+00:00
4228,0.5214577317237854,0.17890019714832306,0.29964208602905273,0,2024-10-17 02:00:00+00:00
4229,0.4618418216705322,0.17386795580387115,0.36429014801979065,0,2024-10-17 02:00:00+00:00
4230,0.4618418216705322,0.17386795580387115,0.36429014801979065,0,2024-10-17 03:00:00+00:00
4231,0.526889443397522,0.21238858997821808,0.26072192192077637,0,2024-10-17 03:00:00+00:00
4232,0.526889443397522,0.21238858997821808,0.26072192192077637,0,2024-10-17 04:00:00+00:00
4233,0.5353333353996277,0.18768146634101868,0.27698516845703125,0,2024-10-17 04:00:00+00:00
4234,0.5353333353996277,0.18768146634101868,0.27698516845703125,0,2024-10-17 05:00:00+00:00
4235,0.5645472407341003,0.23164360225200653,0.2038092166185379,0,2024-10-17 05:00:00+00:00
4236,0.5645472407341003,0.23164360225200653,0.2038092166185379,0,2024-10-17 06:00:00+00:00
4237,0.541053295135498,0.24515995383262634,0.21378672122955322,0,2024-10-17 06:00:00+00:00
4238,0.541053295135498,0.24515995383262634,0.21378672122955322,0,2024-10-17 07:00:00+00:00
4239,0.5294153690338135,0.24610117077827454,0.22448347508907318,0,2024-10-17 07:00:00+00:00
4240,0.5294153690338135,0.24610117077827454,0.22448347508907318,0,2024-10-17 08:00:00+00:00
4241,0.5439677238464355,0.2299373894929886,0.22609485685825348,0,2024-10-17 08:00:00+00:00
4242,0.5439677238464355,0.2299373894929886,0.22609485685825348,0,2024-10-17 09:00:00+00:00
4243,0.5066527724266052,0.20497505366802216,0.28837209939956665,0,2024-10-17 09:00:00+00:00
4244,0.5066527724266052,0.20497505366802216,0.28837209939956665,0,2024-10-17 10:00:00+00:00
4245,0.5230783820152283,0.1986447125673294,0.27827689051628113,0,2024-10-17 10:00:00+00:00
4246,0.5230783820152283,0.1986447125673294,0.27827689051628113,0,2024-10-17 11:00:00+00:00
4247,0.556397020816803,0.20604538917541504,0.23755761981010437,0,2024-10-17 11:00:00+00:00
4248,0.556397020816803,0.20604538917541504,0.23755761981010437,0,2024-10-17 12:00:00+00:00
4249,0.5905683636665344,0.21292053163051605,0.1965111494064331,0,2024-10-17 12:00:00+00:00
4250,0.5905683636665344,0.21292053163051605,0.1965111494064331,0,2024-10-17 13:00:00+00:00
4251,0.5333652496337891,0.19147975742816925,0.2751550078392029,0,2024-10-17 13:00:00+00:00
4252,0.5333652496337891,0.19147975742816925,0.2751550078392029,0,2024-10-17 14:00:00+00:00
4253,0.5542431473731995,0.1983797550201416,0.24737708270549774,0,2024-10-17 14:00:00+00:00
4254,0.5542431473731995,0.1983797550201416,0.24737708270549774,0,2024-10-17 15:00:00+00:00
4255,0.5562734007835388,0.18930283188819885,0.25442370772361755,0,2024-10-17 15:00:00+00:00
4256,0.5562734007835388,0.18930283188819885,0.25442370772361755,0,2024-10-17 16:00:00+00:00
4257,0.5423862338066101,0.1797783374786377,0.27783554792404175,0,2024-10-17 16:00:00+00:00
4258,0.5423862338066101,0.1797783374786377,0.27783554792404175,0,2024-10-17 17:00:00+00:00
4259,0.5754746794700623,0.19606588780879974,0.2284594625234604,0,2024-10-17 17:00:00+00:00
4260,0.5754746794700623,0.19606588780879974,0.2284594625234604,0,2024-10-17 18:00:00+00:00
4261,0.6020247340202332,0.21683356165885925,0.1811417192220688,0,2024-10-17 18:00:00+00:00
4262,0.6020247340202332,0.21683356165885925,0.1811417192220688,0,2024-10-17 19:00:00+00:00
4263,0.6043374538421631,0.2119671106338501,0.18369542062282562,0,2024-10-17 19:00:00+00:00
4264,0.6043374538421631,0.2119671106338501,0.18369542062282562,0,2024-10-17 20:00:00+00:00
4265,0.5721854567527771,0.19432663917541504,0.23348785936832428,0,2024-10-17 20:00:00+00:00
4266,0.5721854567527771,0.19432663917541504,0.23348785936832428,0,2024-10-17 21:00:00+00:00
4267,0.5594431161880493,0.1885623037815094,0.2519945800304413,0,2024-10-17 21:00:00+00:00
4268,0.5594431161880493,0.1885623037815094,0.2519945800304413,0,2024-10-17 22:00:00+00:00
4269,0.5098593831062317,0.18389132618904114,0.3062492609024048,0,2024-10-17 22:00:00+00:00
4270,0.5098593831062317,0.18389132618904114,0.3062492609024048,0,2024-10-17 23:00:00+00:00
4271,0.45669445395469666,0.17683282494544983,0.36647263169288635,0,2024-10-17 23:00:00+00:00
4272,0.45669445395469666,0.17683282494544983,0.36647263169288635,0,2024-10-18 00:00:00+00:00
4273,0.45209184288978577,0.18030527234077454,0.36760279536247253,0,2024-10-18 00:00:00+00:00
4274,0.45209184288978577,0.18030527234077454,0.36760279536247253,0,2024-10-18 01:00:00+00:00
4275,0.4773409366607666,0.18789973855018616,0.33475935459136963,0,2024-10-18 01:00:00+00:00
4276,0.4773409366607666,0.18789973855018616,0.33475935459136963,0,2024-10-18 02:00:00+00:00
4277,0.49322018027305603,0.17949625849723816,0.3272835314273834,0,2024-10-18 02:00:00+00:00
4278,0.49322018027305603,0.17949625849723816,0.3272835314273834,0,2024-10-18 03:00:00+00:00
4279,0.4896969497203827,0.1835322231054306,0.3267708420753479,0,2024-10-18 03:00:00+00:00
4280,0.4896969497203827,0.1835322231054306,0.3267708420753479,0,2024-10-18 04:00:00+00:00
4281,0.4851333200931549,0.1812177300453186,0.3336489498615265,0,2024-10-18 04:00:00+00:00
4282,0.4851333200931549,0.1812177300453186,0.3336489498615265,0,2024-10-18 05:00:00+00:00
4283,0.4979671537876129,0.18195147812366486,0.3200814425945282,0,2024-10-18 05:00:00+00:00
4284,0.4979671537876129,0.18195147812366486,0.3200814425945282,0,2024-10-18 06:00:00+00:00
4285,0.503190279006958,0.18411126732826233,0.3126983940601349,0,2024-10-18 06:00:00+00:00
4286,0.503190279006958,0.18411126732826233,0.3126983940601349,0,2024-10-18 07:00:00+00:00
4287,0.4719652235507965,0.19486255943775177,0.3331722617149353,0,2024-10-18 07:00:00+00:00
4288,0.4719652235507965,0.19486255943775177,0.3331722617149353,0,2024-10-18 08:00:00+00:00
4289,0.46611738204956055,0.18813921511173248,0.34574347734451294,0,2024-10-18 08:00:00+00:00
4290,0.46611738204956055,0.18813921511173248,0.34574347734451294,0,2024-10-18 09:00:00+00:00
4291,0.44196105003356934,0.1887027621269226,0.3693362772464752,0,2024-10-18 09:00:00+00:00
4292,0.44196105003356934,0.1887027621269226,0.3693362772464752,0,2024-10-18 10:00:00+00:00
4293,0.4716698229312897,0.1829853355884552,0.3453448414802551,0,2024-10-18 10:00:00+00:00
4294,0.4716698229312897,0.1829853355884552,0.3453448414802551,0,2024-10-18 11:00:00+00:00
4295,0.4756131172180176,0.19056175649166107,0.3338249623775482,0,2024-10-18 11:00:00+00:00
4296,0.4756131172180176,0.19056175649166107,0.3338249623775482,0,2024-10-18 12:00:00+00:00
4297,0.4956308603286743,0.18259884417057037,0.32177022099494934,0,2024-10-18 12:00:00+00:00
4298,0.4956308603286743,0.18259884417057037,0.32177022099494934,0,2024-10-18 13:00:00+00:00
4299,0.48818111419677734,0.18553176522254944,0.3262872099876404,0,2024-10-18 13:00:00+00:00
4300,0.48818111419677734,0.18553176522254944,0.3262872099876404,0,2024-10-18 14:00:00+00:00
4301,0.4836740493774414,0.1887209713459015,0.32760491967201233,0,2024-10-18 14:00:00+00:00
4302,0.4836740493774414,0.1887209713459015,0.32760491967201233,0,2024-10-18 15:00:00+00:00
4303,0.44785839319229126,0.20302271842956543,0.3491188883781433,0,2024-10-18 15:00:00+00:00
4304,0.44785839319229126,0.20302271842956543,0.3491188883781433,0,2024-10-18 16:00:00+00:00
4305,0.4420257806777954,0.19213168323040009,0.3658425509929657,0,2024-10-18 16:00:00+00:00
4306,0.4420257806777954,0.19213168323040009,0.3658425509929657,0,2024-10-18 17:00:00+00:00
4307,0.43876123428344727,0.19209860265254974,0.3691401779651642,0,2024-10-18 17:00:00+00:00
4308,0.43876123428344727,0.19209860265254974,0.3691401779651642,0,2024-10-18 18:00:00+00:00
4309,0.4285261631011963,0.19200776517391205,0.37946605682373047,0,2024-10-18 18:00:00+00:00
4310,0.4285261631011963,0.19200776517391205,0.37946605682373047,0,2024-10-18 19:00:00+00:00
4311,0.4291985332965851,0.18355345726013184,0.38724806904792786,0,2024-10-18 19:00:00+00:00
4312,0.4291985332965851,0.18355345726013184,0.38724806904792786,0,2024-10-18 20:00:00+00:00
4313,0.4332871735095978,0.1853763610124588,0.3813364803791046,0,2024-10-18 20:00:00+00:00
4314,0.4332871735095978,0.1853763610124588,0.3813364803791046,0,2024-10-18 21:00:00+00:00
4315,0.43562161922454834,0.18810783326625824,0.376270592212677,0,2024-10-18 21:00:00+00:00
4316,0.43562161922454834,0.18810783326625824,0.376270592212677,0,2024-10-18 22:00:00+00:00
4317,0.44558513164520264,0.18334315717220306,0.3710716664791107,0,2024-10-18 22:00:00+00:00
4318,0.44558513164520264,0.18334315717220306,0.3710716664791107,0,2024-10-18 23:00:00+00:00
4319,0.4573347568511963,0.18440526723861694,0.3582598865032196,0,2024-10-18 23:00:00+00:00
4320,0.4573347568511963,0.18440526723861694,0.3582598865032196,0,2024-10-19 00:00:00+00:00
4321,0.41964301466941833,0.1797003149986267,0.40065664052963257,0,2024-10-19 00:00:00+00:00
4322,0.41964301466941833,0.1797003149986267,0.40065664052963257,0,2024-10-19 01:00:00+00:00
4323,0.4656533896923065,0.17657026648521423,0.35777631402015686,0,2024-10-19 01:00:00+00:00
4324,0.4656533896923065,0.17657026648521423,0.35777631402015686,0,2024-10-19 02:00:00+00:00
4325,0.530073344707489,0.17776842415332794,0.292158305644989,0,2024-10-19 02:00:00+00:00
4326,0.530073344707489,0.17776842415332794,0.292158305644989,0,2024-10-19 03:00:00+00:00
4327,0.4978751242160797,0.17280344665050507,0.3293214738368988,0,2024-10-19 03:00:00+00:00
4328,0.4978751242160797,0.17280344665050507,0.3293214738368988,0,2024-10-19 04:00:00+00:00
4329,0.5427142381668091,0.17991220951080322,0.27737361192703247,0,2024-10-19 04:00:00+00:00
4330,0.5427142381668091,0.17991220951080322,0.27737361192703247,0,2024-10-19 05:00:00+00:00
4331,0.548641562461853,0.20262411236763,0.2487342655658722,0,2024-10-19 05:00:00+00:00
4332,0.548641562461853,0.20262411236763,0.2487342655658722,0,2024-10-19 06:00:00+00:00
4333,0.5178242325782776,0.17644639313220978,0.30572932958602905,0,2024-10-19 06:00:00+00:00
4334,0.5178242325782776,0.17644639313220978,0.30572932958602905,0,2024-10-19 07:00:00+00:00
4335,0.5289289355278015,0.17821329832077026,0.2928577661514282,0,2024-10-19 07:00:00+00:00
4336,0.5289289355278015,0.17821329832077026,0.2928577661514282,0,2024-10-19 08:00:00+00:00
4337,0.5121248960494995,0.17960678040981293,0.30826833844184875,0,2024-10-19 08:00:00+00:00
4338,0.5121248960494995,0.17960678040981293,0.30826833844184875,0,2024-10-19 09:00:00+00:00
4339,0.5190987586975098,0.1757819950580597,0.30511918663978577,0,2024-10-19 09:00:00+00:00
4340,0.5190987586975098,0.1757819950580597,0.30511918663978577,0,2024-10-19 10:00:00+00:00
4341,0.5010124444961548,0.17866560816764832,0.3203219175338745,0,2024-10-19 10:00:00+00:00
4342,0.5010124444961548,0.17866560816764832,0.3203219175338745,0,2024-10-19 11:00:00+00:00
4343,0.5409683585166931,0.18313953280448914,0.27589207887649536,0,2024-10-19 11:00:00+00:00
4344,0.5409683585166931,0.18313953280448914,0.27589207887649536,0,2024-10-19 12:00:00+00:00
4345,0.5622812509536743,0.19578959047794342,0.24192912876605988,0,2024-10-19 12:00:00+00:00
4346,0.5622812509536743,0.19578959047794342,0.24192912876605988,0,2024-10-19 13:00:00+00:00
4347,0.5377306938171387,0.19097848236560822,0.2712908685207367,0,2024-10-19 13:00:00+00:00
4348,0.5377306938171387,0.19097848236560822,0.2712908685207367,0,2024-10-19 14:00:00+00:00
4349,0.5268324017524719,0.18454866111278534,0.28861892223358154,0,2024-10-19 14:00:00+00:00
4350,0.5268324017524719,0.18454866111278534,0.28861892223358154,0,2024-10-19 15:00:00+00:00
4351,0.4778093695640564,0.18179041147232056,0.34040015935897827,0,2024-10-19 15:00:00+00:00
4352,0.4778093695640564,0.18179041147232056,0.34040015935897827,0,2024-10-19 16:00:00+00:00
4353,0.4545220732688904,0.1908242255449295,0.35465380549430847,0,2024-10-19 16:00:00+00:00
4354,0.4545220732688904,0.1908242255449295,0.35465380549430847,0,2024-10-19 17:00:00+00:00
4355,0.46376416087150574,0.19934336841106415,0.3368924558162689,0,2024-10-19 17:00:00+00:00
4356,0.46376416087150574,0.19934336841106415,0.3368924558162689,0,2024-10-19 18:00:00+00:00
4357,0.48466071486473083,0.1950734704732895,0.32026585936546326,0,2024-10-19 18:00:00+00:00
4358,0.48466071486473083,0.1950734704732895,0.32026585936546326,0,2024-10-19 19:00:00+00:00
4359,0.45435473322868347,0.19650982320308685,0.3491353988647461,0,2024-10-19 19:00:00+00:00
4360,0.45435473322868347,0.19650982320308685,0.3491353988647461,0,2024-10-19 20:00:00+00:00
4361,0.4374593198299408,0.192683607339859,0.36985698342323303,0,2024-10-19 20:00:00+00:00
4362,0.4374593198299408,0.192683607339859,0.36985698342323303,0,2024-10-19 21:00:00+00:00
4363,0.43333157896995544,0.19192039966583252,0.3747479319572449,0,2024-10-19 21:00:00+00:00
4364,0.43333157896995544,0.19192039966583252,0.3747479319572449,0,2024-10-19 22:00:00+00:00
4365,0.43700993061065674,0.18673080205917358,0.3762592077255249,0,2024-10-19 22:00:00+00:00
4366,0.43700993061065674,0.18673080205917358,0.3762592077255249,0,2024-10-19 23:00:00+00:00
4367,0.43665775656700134,0.18042752146720886,0.382914662361145,0,2024-10-19 23:00:00+00:00
4368,0.43665775656700134,0.18042752146720886,0.382914662361145,0,2024-10-20 00:00:00+00:00
4369,0.4478406608104706,0.17256861925125122,0.379590779542923,0,2024-10-20 00:00:00+00:00
4370,0.4478406608104706,0.17256861925125122,0.379590779542923,0,2024-10-20 01:00:00+00:00
4371,0.4484243094921112,0.17362335324287415,0.37795236706733704,0,2024-10-20 01:00:00+00:00
4372,0.4484243094921112,0.17362335324287415,0.37795236706733704,0,2024-10-20 02:00:00+00:00
4373,0.45887109637260437,0.16692720353603363,0.3742016851902008,0,2024-10-20 02:00:00+00:00
4374,0.45887109637260437,0.16692720353603363,0.3742016851902008,0,2024-10-20 03:00:00+00:00
4375,0.465734601020813,0.16717612743377686,0.3670894205570221,0,2024-10-20 03:00:00+00:00
4376,0.465734601020813,0.16717612743377686,0.3670894205570221,0,2024-10-20 04:00:00+00:00
4377,0.452897846698761,0.1665298342704773,0.3805723786354065,0,2024-10-20 04:00:00+00:00
4378,0.452897846698761,0.1665298342704773,0.3805723786354065,0,2024-10-20 05:00:00+00:00
4379,0.46002551913261414,0.1650107353925705,0.374963641166687,0,2024-10-20 05:00:00+00:00
4380,0.46002551913261414,0.1650107353925705,0.374963641166687,0,2024-10-20 06:00:00+00:00
4381,0.4800432026386261,0.16688647866249084,0.35307034850120544,0,2024-10-20 06:00:00+00:00
4382,0.4800432026386261,0.16688647866249084,0.35307034850120544,0,2024-10-20 07:00:00+00:00
4383,0.48631247878074646,0.16811510920524597,0.34557244181632996,0,2024-10-20 07:00:00+00:00
4384,0.48631247878074646,0.16811510920524597,0.34557244181632996,0,2024-10-20 08:00:00+00:00
4385,0.5159927010536194,0.16798284649848938,0.3160244822502136,0,2024-10-20 08:00:00+00:00
4386,0.5159927010536194,0.16798284649848938,0.3160244822502136,0,2024-10-20 09:00:00+00:00
4387,0.490581214427948,0.17102597653865814,0.33839282393455505,0,2024-10-20 09:00:00+00:00
4388,0.490581214427948,0.17102597653865814,0.33839282393455505,0,2024-10-20 10:00:00+00:00
4389,0.4877385199069977,0.1698327660560608,0.3424287736415863,0,2024-10-20 10:00:00+00:00
4390,0.4877385199069977,0.1698327660560608,0.3424287736415863,0,2024-10-20 11:00:00+00:00
4391,0.5240520238876343,0.17083869874477386,0.3051093518733978,0,2024-10-20 11:00:00+00:00
4392,0.5240520238876343,0.17083869874477386,0.3051093518733978,0,2024-10-20 12:00:00+00:00
4393,0.5006144642829895,0.18034005165100098,0.3190455436706543,0,2024-10-20 12:00:00+00:00
4394,0.5006144642829895,0.18034005165100098,0.3190455436706543,0,2024-10-20 14:00:00+00:00
4395,0.5763829946517944,0.1741531640291214,0.24946382641792297,0,2024-10-20 14:00:00+00:00
4396,0.5763829946517944,0.1741531640291214,0.24946382641792297,0,2024-10-20 15:00:00+00:00
4397,0.44403916597366333,0.17223572731018066,0.3837250769138336,0,2024-10-20 15:00:00+00:00
4398,0.44403916597366333,0.17223572731018066,0.3837250769138336,0,2024-10-20 17:00:00+00:00
4399,0.47017890214920044,0.1756269484758377,0.3541940748691559,0,2024-10-20 17:00:00+00:00
4400,0.47017890214920044,0.1756269484758377,0.3541940748691559,0,2024-10-20 18:00:00+00:00
4401,0.45293742418289185,0.16880571842193604,0.37825682759284973,0,2024-10-20 18:00:00+00:00
4402,0.45293742418289185,0.16880571842193604,0.37825682759284973,0,2024-10-20 19:00:00+00:00
4403,0.43997347354888916,0.16869886219501495,0.39132770895957947,0,2024-10-20 19:00:00+00:00
4404,0.43997347354888916,0.16869886219501495,0.39132770895957947,0,2024-10-20 20:00:00+00:00
4405,0.464531272649765,0.1677263230085373,0.3677423894405365,0,2024-10-20 20:00:00+00:00
4406,0.464531272649765,0.1677263230085373,0.3677423894405365,0,2024-10-20 21:00:00+00:00
4407,0.43588921427726746,0.1602703183889389,0.40384045243263245,0,2024-10-20 21:00:00+00:00
4408,0.43588921427726746,0.1602703183889389,0.40384045243263245,0,2024-10-20 22:00:00+00:00
4409,0.4218508005142212,0.16322170197963715,0.41492754220962524,0,2024-10-20 22:00:00+00:00
4410,0.4218508005142212,0.16322170197963715,0.41492754220962524,0,2024-10-20 23:00:00+00:00
4411,0.4112444519996643,0.1667346954345703,0.42202091217041016,2,2024-10-20 23:00:00+00:00
4412,0.4112444519996643,0.1667346954345703,0.42202091217041016,2,2024-10-21 00:00:00+00:00
4413,0.4079991579055786,0.16864056885242462,0.42336025834083557,2,2024-10-21 00:00:00+00:00
4414,0.4079991579055786,0.16864056885242462,0.42336025834083557,2,2024-10-21 01:00:00+00:00
4415,0.36682140827178955,0.17361332476139069,0.45956525206565857,2,2024-10-21 01:00:00+00:00
4416,0.36682140827178955,0.17361332476139069,0.45956525206565857,2,2024-10-21 02:00:00+00:00
4417,0.342501699924469,0.16426090896129608,0.4932374954223633,2,2024-10-21 02:00:00+00:00
4418,0.342501699924469,0.16426090896129608,0.4932374954223633,2,2024-10-21 03:00:00+00:00
4419,0.37878936529159546,0.17219465970993042,0.4490159749984741,2,2024-10-21 03:00:00+00:00
4420,0.37878936529159546,0.17219465970993042,0.4490159749984741,2,2024-10-21 04:00:00+00:00
4421,0.3973807692527771,0.16951873898506165,0.4331004321575165,2,2024-10-21 04:00:00+00:00
4422,0.3973807692527771,0.16951873898506165,0.4331004321575165,2,2024-10-21 05:00:00+00:00
4423,0.4243883490562439,0.17078746855258942,0.4048241376876831,0,2024-10-21 05:00:00+00:00
4424,0.4243883490562439,0.17078746855258942,0.4048241376876831,0,2024-10-21 06:00:00+00:00
4425,0.47122400999069214,0.17020587623119354,0.3585701584815979,0,2024-10-21 06:00:00+00:00
4426,0.47122400999069214,0.17020587623119354,0.3585701584815979,0,2024-10-21 07:00:00+00:00
4427,0.4783518314361572,0.1684810370206833,0.35316723585128784,0,2024-10-21 07:00:00+00:00
4428,0.4783518314361572,0.1684810370206833,0.35316723585128784,0,2024-10-21 08:00:00+00:00
4429,0.5284592509269714,0.16599811613559723,0.30554261803627014,0,2024-10-21 08:00:00+00:00
4430,0.5284592509269714,0.16599811613559723,0.30554261803627014,0,2024-10-21 09:00:00+00:00
4431,0.5841511487960815,0.15018987655639648,0.2656589150428772,0,2024-10-21 09:00:00+00:00
4432,0.5841511487960815,0.15018987655639648,0.2656589150428772,0,2024-10-21 10:00:00+00:00
4433,0.5677242875099182,0.1506347805261612,0.28164082765579224,0,2024-10-21 10:00:00+00:00
4434,0.5677242875099182,0.1506347805261612,0.28164082765579224,0,2024-10-21 11:00:00+00:00
4435,0.5851418375968933,0.14853888750076294,0.26631930470466614,0,2024-10-21 11:00:00+00:00
4436,0.5851418375968933,0.14853888750076294,0.26631930470466614,0,2024-10-21 12:00:00+00:00
4437,0.5901389718055725,0.15017464756965637,0.2596863806247711,0,2024-10-21 12:00:00+00:00
4438,0.5901389718055725,0.15017464756965637,0.2596863806247711,0,2024-10-21 13:00:00+00:00
4439,0.6543202996253967,0.14776456356048584,0.19791515171527863,0,2024-10-21 13:00:00+00:00
4440,0.6543202996253967,0.14776456356048584,0.19791515171527863,0,2024-10-21 14:00:00+00:00
4441,0.6978307962417603,0.13995201885700226,0.16221721470355988,0,2024-10-21 14:00:00+00:00
4442,0.6978307962417603,0.13995201885700226,0.16221721470355988,0,2024-10-21 15:00:00+00:00
4443,0.6587583422660828,0.1484985649585724,0.19274303317070007,0,2024-10-21 15:00:00+00:00
4444,0.6587583422660828,0.1484985649585724,0.19274303317070007,0,2024-10-21 16:00:00+00:00
4445,0.635887086391449,0.1532614678144455,0.21085138618946075,0,2024-10-21 16:00:00+00:00
4446,0.635887086391449,0.1532614678144455,0.21085138618946075,0,2024-10-21 17:00:00+00:00
4447,0.6670293807983398,0.14888958632946014,0.1840810626745224,0,2024-10-21 17:00:00+00:00
4448,0.6670293807983398,0.14888958632946014,0.1840810626745224,0,2024-10-21 18:00:00+00:00
4449,0.6478716731071472,0.15514464676380157,0.19698356091976166,0,2024-10-21 18:00:00+00:00
4450,0.6478716731071472,0.15514464676380157,0.19698356091976166,0,2024-10-21 19:00:00+00:00
4451,0.6472984552383423,0.1548275351524353,0.1978740245103836,0,2024-10-21 19:00:00+00:00
4452,0.6472984552383423,0.1548275351524353,0.1978740245103836,0,2024-10-21 20:00:00+00:00
4453,0.5651635527610779,0.16944117844104767,0.26539525389671326,0,2024-10-21 20:00:00+00:00
4454,0.5651635527610779,0.16944117844104767,0.26539525389671326,0,2024-10-21 21:00:00+00:00
4455,0.5960270762443542,0.1556500345468521,0.24832282960414886,0,2024-10-21 21:00:00+00:00
4456,0.5960270762443542,0.1556500345468521,0.24832282960414886,0,2024-10-21 22:00:00+00:00
4457,0.5381683111190796,0.16209746897220612,0.29973429441452026,0,2024-10-21 22:00:00+00:00
4458,0.5381683111190796,0.16209746897220612,0.29973429441452026,0,2024-10-21 23:00:00+00:00
4459,0.4972550570964813,0.16650919616222382,0.33623579144477844,0,2024-10-21 23:00:00+00:00
4460,0.4972550570964813,0.16650919616222382,0.33623579144477844,0,2024-10-22 01:00:00+00:00
4461,0.6078751087188721,0.15791895985603333,0.23420590162277222,0,2024-10-22 01:00:00+00:00
4462,0.6078751087188721,0.15791895985603333,0.23420590162277222,0,2024-10-22 02:00:00+00:00
4463,0.5238738059997559,0.1657121777534485,0.31041401624679565,0,2024-10-22 02:00:00+00:00
4464,0.5238738059997559,0.1657121777534485,0.31041401624679565,0,2024-10-22 03:00:00+00:00
4465,0.5805741548538208,0.15978191792964935,0.25964394211769104,0,2024-10-22 03:00:00+00:00
4466,0.5805741548538208,0.15978191792964935,0.25964394211769104,0,2024-10-22 04:00:00+00:00
4467,0.5440406799316406,0.1669020652770996,0.289057195186615,0,2024-10-22 04:00:00+00:00
4468,0.5440406799316406,0.1669020652770996,0.289057195186615,0,2024-10-22 05:00:00+00:00
4469,0.4915248155593872,0.17077039182186127,0.33770477771759033,0,2024-10-22 05:00:00+00:00
4470,0.4915248155593872,0.17077039182186127,0.33770477771759033,0,2024-10-22 06:00:00+00:00
4471,0.44099900126457214,0.17101608216762543,0.38798490166664124,0,2024-10-22 06:00:00+00:00
4472,0.44099900126457214,0.17101608216762543,0.38798490166664124,0,2024-10-22 07:00:00+00:00
4473,0.4455019235610962,0.16798631846904755,0.3865116834640503,0,2024-10-22 07:00:00+00:00
4474,0.4455019235610962,0.16798631846904755,0.3865116834640503,0,2024-10-22 08:00:00+00:00
4475,0.501560389995575,0.16822874546051025,0.3302108645439148,0,2024-10-22 08:00:00+00:00
4476,0.501560389995575,0.16822874546051025,0.3302108645439148,0,2024-10-22 09:00:00+00:00
4477,0.5769882798194885,0.16126370429992676,0.26174798607826233,0,2024-10-22 09:00:00+00:00
4478,0.5769882798194885,0.16126370429992676,0.26174798607826233,0,2024-10-22 10:00:00+00:00
4479,0.602458119392395,0.16998405754566193,0.2275577187538147,0,2024-10-22 10:00:00+00:00
4480,0.602458119392395,0.16998405754566193,0.2275577187538147,0,2024-10-22 11:00:00+00:00
4481,0.5236588716506958,0.16893558204174042,0.3074055314064026,0,2024-10-22 11:00:00+00:00
4482,0.5236588716506958,0.16893558204174042,0.3074055314064026,0,2024-10-22 12:00:00+00:00
4483,0.46462830901145935,0.16432426869869232,0.3710475265979767,0,2024-10-22 12:00:00+00:00
4484,0.46462830901145935,0.16432426869869232,0.3710475265979767,0,2024-10-22 13:00:00+00:00
4485,0.5506937503814697,0.16990938782691956,0.27939683198928833,0,2024-10-22 13:00:00+00:00
4486,0.5506937503814697,0.16990938782691956,0.27939683198928833,0,2024-10-22 14:00:00+00:00
4487,0.5817379355430603,0.16894930601119995,0.24931272864341736,0,2024-10-22 14:00:00+00:00
4488,0.5817379355430603,0.16894930601119995,0.24931272864341736,0,2024-10-22 15:00:00+00:00
4489,0.41982513666152954,0.1803010106086731,0.3998737633228302,0,2024-10-22 15:00:00+00:00
4490,0.41982513666152954,0.1803010106086731,0.3998737633228302,0,2024-10-22 16:00:00+00:00
4491,0.469329297542572,0.1815643608570099,0.34910640120506287,0,2024-10-22 16:00:00+00:00
4492,0.469329297542572,0.1815643608570099,0.34910640120506287,0,2024-10-22 17:00:00+00:00
4493,0.5919032692909241,0.16690312325954437,0.24119354784488678,0,2024-10-22 17:00:00+00:00
4494,0.5919032692909241,0.16690312325954437,0.24119354784488678,0,2024-10-22 18:00:00+00:00
4495,0.49394577741622925,0.1749657839536667,0.33108848333358765,0,2024-10-22 18:00:00+00:00
4496,0.49394577741622925,0.1749657839536667,0.33108848333358765,0,2024-10-22 19:00:00+00:00
4497,0.48050224781036377,0.18093790113925934,0.3385598361492157,0,2024-10-22 19:00:00+00:00
4498,0.48050224781036377,0.18093790113925934,0.3385598361492157,0,2024-10-22 20:00:00+00:00
4499,0.4558529853820801,0.18140721321105957,0.36273980140686035,0,2024-10-22 20:00:00+00:00
4500,0.4558529853820801,0.18140721321105957,0.36273980140686035,0,2024-10-22 21:00:00+00:00
4501,0.45567622780799866,0.1759667694568634,0.3683568835258484,0,2024-10-22 21:00:00+00:00
4502,0.45567622780799866,0.1759667694568634,0.3683568835258484,0,2024-10-22 22:00:00+00:00
4503,0.5006568431854248,0.1731877624988556,0.32615533471107483,0,2024-10-22 22:00:00+00:00
4504,0.5006568431854248,0.1731877624988556,0.32615533471107483,0,2024-10-22 23:00:00+00:00
4505,0.4177226424217224,0.16678231954574585,0.4154951274394989,0,2024-10-22 23:00:00+00:00
4506,0.4177226424217224,0.16678231954574585,0.4154951274394989,0,2024-10-23 00:00:00+00:00
4507,0.4969175457954407,0.17071564495563507,0.33236679434776306,0,2024-10-23 00:00:00+00:00
4508,0.4969175457954407,0.17071564495563507,0.33236679434776306,0,2024-10-23 01:00:00+00:00
4509,0.558341920375824,0.1797158122062683,0.2619422376155853,0,2024-10-23 01:00:00+00:00
4510,0.558341920375824,0.1797158122062683,0.2619422376155853,0,2024-10-23 02:00:00+00:00
4511,0.5015690922737122,0.1731795072555542,0.32525137066841125,0,2024-10-23 02:00:00+00:00
4512,0.5015690922737122,0.1731795072555542,0.32525137066841125,0,2024-10-23 03:00:00+00:00
4513,0.5882910490036011,0.18270403146743774,0.22900493443012238,0,2024-10-23 03:00:00+00:00
4514,0.5882910490036011,0.18270403146743774,0.22900493443012238,0,2024-10-23 04:00:00+00:00
4515,0.583708643913269,0.19526749849319458,0.2210238128900528,0,2024-10-23 04:00:00+00:00
4516,0.583708643913269,0.19526749849319458,0.2210238128900528,0,2024-10-23 05:00:00+00:00
4517,0.5442383289337158,0.1906978040933609,0.2650638222694397,0,2024-10-23 05:00:00+00:00
4518,0.5442383289337158,0.1906978040933609,0.2650638222694397,0,2024-10-23 06:00:00+00:00
4519,0.5852861404418945,0.19828425347805023,0.21642957627773285,0,2024-10-23 06:00:00+00:00
4520,0.5852861404418945,0.19828425347805023,0.21642957627773285,0,2024-10-23 07:00:00+00:00
4521,0.5671747922897339,0.1943611055612564,0.2384641170501709,0,2024-10-23 07:00:00+00:00
4522,0.5671747922897339,0.1943611055612564,0.2384641170501709,0,2024-10-23 08:00:00+00:00
4523,0.5429293513298035,0.19029654562473297,0.26677405834198,0,2024-10-23 08:00:00+00:00
4524,0.5429293513298035,0.19029654562473297,0.26677405834198,0,2024-10-23 09:00:00+00:00
4525,0.6029403209686279,0.19208849966526031,0.20497116446495056,0,2024-10-23 09:00:00+00:00
4526,0.6029403209686279,0.19208849966526031,0.20497116446495056,0,2024-10-23 10:00:00+00:00
4527,0.5538483262062073,0.18619002401828766,0.25996172428131104,0,2024-10-23 10:00:00+00:00
4528,0.5538483262062073,0.18619002401828766,0.25996172428131104,0,2024-10-23 11:00:00+00:00
4529,0.5332602262496948,0.19215819239616394,0.2745814919471741,0,2024-10-23 11:00:00+00:00
4530,0.5332602262496948,0.19215819239616394,0.2745814919471741,0,2024-10-23 12:00:00+00:00
4531,0.520512580871582,0.18159236013889313,0.29789507389068604,0,2024-10-23 12:00:00+00:00
4532,0.520512580871582,0.18159236013889313,0.29789507389068604,0,2024-10-23 13:00:00+00:00
4533,0.543158769607544,0.18677523732185364,0.2700660228729248,0,2024-10-23 13:00:00+00:00
4534,0.543158769607544,0.18677523732185364,0.2700660228729248,0,2024-10-23 14:00:00+00:00
4535,0.4188055992126465,0.20380058884620667,0.37739384174346924,0,2024-10-23 14:00:00+00:00
4536,0.4188055992126465,0.20380058884620667,0.37739384174346924,0,2024-10-23 15:00:00+00:00
4537,0.48950687050819397,0.19342529773712158,0.31706780195236206,0,2024-10-23 15:00:00+00:00
4538,0.48950687050819397,0.19342529773712158,0.31706780195236206,0,2024-10-23 16:00:00+00:00
4539,0.4713466167449951,0.19953025877475739,0.32912322878837585,0,2024-10-23 16:00:00+00:00
4540,0.4713466167449951,0.19953025877475739,0.32912322878837585,0,2024-10-23 17:00:00+00:00
4541,0.6035643815994263,0.17932112514972687,0.21711452305316925,0,2024-10-23 17:00:00+00:00
4542,0.6035643815994263,0.17932112514972687,0.21711452305316925,0,2024-10-23 18:00:00+00:00
4543,0.562546968460083,0.1779850423336029,0.2594679892063141,0,2024-10-23 18:00:00+00:00
4544,0.562546968460083,0.1779850423336029,0.2594679892063141,0,2024-10-23 19:00:00+00:00
4545,0.4672550857067108,0.18740375339984894,0.34534114599227905,0,2024-10-23 19:00:00+00:00
4546,0.4672550857067108,0.18740375339984894,0.34534114599227905,0,2024-10-23 20:00:00+00:00
4547,0.4582898020744324,0.18209092319011688,0.3596193194389343,0,2024-10-23 20:00:00+00:00
4548,0.4582898020744324,0.18209092319011688,0.3596193194389343,0,2024-10-23 21:00:00+00:00
4549,0.443205326795578,0.17981953918933868,0.3769751787185669,0,2024-10-23 21:00:00+00:00
4550,0.443205326795578,0.17981953918933868,0.3769751787185669,0,2024-10-23 22:00:00+00:00
4551,0.4570319652557373,0.18241862952709198,0.3605494201183319,0,2024-10-23 22:00:00+00:00
4552,0.4570319652557373,0.18241862952709198,0.3605494201183319,0,2024-10-23 23:00:00+00:00
4553,0.4750656187534332,0.17714890837669373,0.34778547286987305,0,2024-10-23 23:00:00+00:00
4554,0.4750656187534332,0.17714890837669373,0.34778547286987305,0,2024-10-24 00:00:00+00:00
4555,0.45416051149368286,0.1676330268383026,0.3782065212726593,0,2024-10-24 00:00:00+00:00
4556,0.45416051149368286,0.1676330268383026,0.3782065212726593,0,2024-10-24 01:00:00+00:00
4557,0.43100371956825256,0.17597977817058563,0.3930165469646454,0,2024-10-24 01:00:00+00:00
4558,0.43100371956825256,0.17597977817058563,0.3930165469646454,0,2024-10-24 02:00:00+00:00
4559,0.46052783727645874,0.16924124956130981,0.37023088335990906,0,2024-10-24 02:00:00+00:00
4560,0.46052783727645874,0.16924124956130981,0.37023088335990906,0,2024-10-24 03:00:00+00:00
4561,0.40020954608917236,0.18313723802566528,0.41665318608283997,2,2024-10-24 03:00:00+00:00
4562,0.40020954608917236,0.18313723802566528,0.41665318608283997,2,2024-10-24 04:00:00+00:00
4563,0.44699713587760925,0.17779527604579926,0.3752075731754303,0,2024-10-24 04:00:00+00:00
4564,0.44699713587760925,0.17779527604579926,0.3752075731754303,0,2024-10-24 05:00:00+00:00
4565,0.46715715527534485,0.17026664316654205,0.36257627606391907,0,2024-10-24 05:00:00+00:00
4566,0.46715715527534485,0.17026664316654205,0.36257627606391907,0,2024-10-24 06:00:00+00:00
4567,0.47501328587532043,0.17135834693908691,0.35362836718559265,0,2024-10-24 06:00:00+00:00
4568,0.47501328587532043,0.17135834693908691,0.35362836718559265,0,2024-10-24 07:00:00+00:00
4569,0.4959952235221863,0.1697683185338974,0.3342365324497223,0,2024-10-24 07:00:00+00:00
4570,0.4959952235221863,0.1697683185338974,0.3342365324497223,0,2024-10-24 08:00:00+00:00
4571,0.49736231565475464,0.171575129032135,0.3310626149177551,0,2024-10-24 08:00:00+00:00
4572,0.49736231565475464,0.171575129032135,0.3310626149177551,0,2024-10-24 09:00:00+00:00
4573,0.5359101891517639,0.16876202821731567,0.2953277826309204,0,2024-10-24 09:00:00+00:00
4574,0.5359101891517639,0.16876202821731567,0.2953277826309204,0,2024-10-24 10:00:00+00:00
4575,0.5517545342445374,0.1683160364627838,0.27992942929267883,0,2024-10-24 10:00:00+00:00
4576,0.5517545342445374,0.1683160364627838,0.27992942929267883,0,2024-10-24 11:00:00+00:00
4577,0.4770435690879822,0.17113839089870453,0.3518180251121521,0,2024-10-24 11:00:00+00:00
4578,0.4770435690879822,0.17113839089870453,0.3518180251121521,0,2024-10-24 12:00:00+00:00
4579,0.5020760893821716,0.16977059841156006,0.3281534016132355,0,2024-10-24 12:00:00+00:00
4580,0.5020760893821716,0.16977059841156006,0.3281534016132355,0,2024-10-24 13:00:00+00:00
4581,0.4757111966609955,0.17340102791786194,0.3508877754211426,0,2024-10-24 13:00:00+00:00
4582,0.4757111966609955,0.17340102791786194,0.3508877754211426,0,2024-10-24 14:00:00+00:00
4583,0.471078097820282,0.16864168643951416,0.36028018593788147,0,2024-10-24 14:00:00+00:00
4584,0.471078097820282,0.16864168643951416,0.36028018593788147,0,2024-10-24 15:00:00+00:00
4585,0.45592767000198364,0.17748117446899414,0.36659112572669983,0,2024-10-24 15:00:00+00:00
4586,0.45592767000198364,0.17748117446899414,0.36659112572669983,0,2024-10-24 16:00:00+00:00
4587,0.488813191652298,0.17227232456207275,0.3389144837856293,0,2024-10-24 16:00:00+00:00
4588,0.488813191652298,0.17227232456207275,0.3389144837856293,0,2024-10-24 17:00:00+00:00
4589,0.38276049494743347,0.1977958232164383,0.41944363713264465,2,2024-10-24 17:00:00+00:00
4590,0.38276049494743347,0.1977958232164383,0.41944363713264465,2,2024-10-24 18:00:00+00:00
4591,0.45989423990249634,0.17849381268024445,0.3616119623184204,0,2024-10-24 18:00:00+00:00
4592,0.45989423990249634,0.17849381268024445,0.3616119623184204,0,2024-10-24 19:00:00+00:00
4593,0.4277569055557251,0.16728638112545013,0.4049566984176636,0,2024-10-24 19:00:00+00:00
4594,0.4277569055557251,0.16728638112545013,0.4049566984176636,0,2024-10-24 20:00:00+00:00
4595,0.4086127281188965,0.16715404391288757,0.4242331087589264,2,2024-10-24 20:00:00+00:00
4596,0.4086127281188965,0.16715404391288757,0.4242331087589264,2,2024-10-24 21:00:00+00:00
4597,0.46692344546318054,0.16234274208545685,0.3707338869571686,0,2024-10-24 21:00:00+00:00
4598,0.46692344546318054,0.16234274208545685,0.3707338869571686,0,2024-10-24 22:00:00+00:00
4599,0.4123925566673279,0.17870120704174042,0.4089062809944153,0,2024-10-24 22:00:00+00:00
4600,0.4123925566673279,0.17870120704174042,0.4089062809944153,0,2024-10-24 23:00:00+00:00
4601,0.37360358238220215,0.18659895658493042,0.43979746103286743,2,2024-10-24 23:00:00+00:00
4602,0.37360358238220215,0.18659895658493042,0.43979746103286743,2,2024-10-25 00:00:00+00:00
4603,0.5085190534591675,0.16741377115249634,0.3240671455860138,0,2024-10-25 00:00:00+00:00
4604,0.5085190534591675,0.16741377115249634,0.3240671455860138,0,2024-10-25 01:00:00+00:00
4605,0.5361567139625549,0.15692007541656494,0.3069232106208801,0,2024-10-25 01:00:00+00:00
4606,0.5361567139625549,0.15692007541656494,0.3069232106208801,0,2024-10-25 02:00:00+00:00
4607,0.577264130115509,0.15420186519622803,0.2685340344905853,0,2024-10-25 02:00:00+00:00
4608,0.577264130115509,0.15420186519622803,0.2685340344905853,0,2024-10-25 03:00:00+00:00
4609,0.5553876161575317,0.15286274254322052,0.2917496860027313,0,2024-10-25 03:00:00+00:00
4610,0.5553876161575317,0.15286274254322052,0.2917496860027313,0,2024-10-25 04:00:00+00:00
4611,0.584381103515625,0.1503152698278427,0.2653036415576935,0,2024-10-25 04:00:00+00:00
4612,0.584381103515625,0.1503152698278427,0.2653036415576935,0,2024-10-25 05:00:00+00:00
4613,0.6439993977546692,0.15312592685222626,0.2028745859861374,0,2024-10-25 05:00:00+00:00
4614,0.6439993977546692,0.15312592685222626,0.2028745859861374,0,2024-10-25 06:00:00+00:00
4615,0.6093968152999878,0.1519390344619751,0.2386641502380371,0,2024-10-25 06:00:00+00:00
4616,0.6093968152999878,0.1519390344619751,0.2386641502380371,0,2024-10-25 07:00:00+00:00
4617,0.6096943616867065,0.15952663123607635,0.23077888786792755,0,2024-10-25 07:00:00+00:00
4618,0.6096943616867065,0.15952663123607635,0.23077888786792755,0,2024-10-25 08:00:00+00:00
4619,0.6903885006904602,0.17146563529968262,0.13814590871334076,0,2024-10-25 08:00:00+00:00
4620,0.6903885006904602,0.17146563529968262,0.13814590871334076,0,2024-10-25 09:00:00+00:00
4621,0.7216883897781372,0.16355133056640625,0.11476023495197296,0,2024-10-25 09:00:00+00:00
4622,0.7216883897781372,0.16355133056640625,0.11476023495197296,0,2024-10-25 10:00:00+00:00
4623,0.6261598467826843,0.1788514107465744,0.19498881697654724,0,2024-10-25 10:00:00+00:00
4624,0.6261598467826843,0.1788514107465744,0.19498881697654724,0,2024-10-25 11:00:00+00:00
4625,0.6177382469177246,0.1732884645462036,0.20897334814071655,0,2024-10-25 11:00:00+00:00
4626,0.6177382469177246,0.1732884645462036,0.20897334814071655,0,2024-10-25 12:00:00+00:00
4627,0.6007221341133118,0.17270852625370026,0.22656935453414917,0,2024-10-25 12:00:00+00:00
4628,0.6007221341133118,0.17270852625370026,0.22656935453414917,0,2024-10-25 13:00:00+00:00
4629,0.6139958500862122,0.17266027629375458,0.2133438140153885,0,2024-10-25 13:00:00+00:00
4630,0.6139958500862122,0.17266027629375458,0.2133438140153885,0,2024-10-25 14:00:00+00:00
4631,0.5303028225898743,0.17442364990711212,0.2952735424041748,0,2024-10-25 14:00:00+00:00
4632,0.5303028225898743,0.17442364990711212,0.2952735424041748,0,2024-10-25 15:00:00+00:00
4633,0.5253663659095764,0.17932339012622833,0.29531022906303406,0,2024-10-25 15:00:00+00:00
4634,0.5253663659095764,0.17932339012622833,0.29531022906303406,0,2024-10-25 16:00:00+00:00
4635,0.6531718969345093,0.17151838541030884,0.17530976235866547,0,2024-10-25 16:00:00+00:00
4636,0.6531718969345093,0.17151838541030884,0.17530976235866547,0,2024-10-25 17:00:00+00:00
4637,0.657658040523529,0.1697191745042801,0.17262285947799683,0,2024-10-25 17:00:00+00:00
4638,0.657658040523529,0.1697191745042801,0.17262285947799683,0,2024-10-25 19:00:00+00:00
4639,0.6849578022956848,0.16831433773040771,0.14672787487506866,0,2024-10-25 19:00:00+00:00
4640,0.6849578022956848,0.16831433773040771,0.14672787487506866,0,2024-10-25 20:00:00+00:00
4641,0.688628613948822,0.1583637148141861,0.1530075967311859,0,2024-10-25 20:00:00+00:00
4642,0.688628613948822,0.1583637148141861,0.1530075967311859,0,2024-10-25 22:00:00+00:00
4643,0.6153886914253235,0.15992140769958496,0.22468993067741394,0,2024-10-25 22:00:00+00:00
4644,0.6153886914253235,0.15992140769958496,0.22468993067741394,0,2024-10-25 23:00:00+00:00
4645,0.7055835127830505,0.1451256275177002,0.1492908000946045,0,2024-10-25 23:00:00+00:00
4646,0.7055835127830505,0.1451256275177002,0.1492908000946045,0,2024-10-26 00:00:00+00:00
4647,0.6868154406547546,0.15791699290275574,0.15526756644248962,0,2024-10-26 00:00:00+00:00
4648,0.6868154406547546,0.15791699290275574,0.15526756644248962,0,2024-10-26 01:00:00+00:00
4649,0.6148784756660461,0.16812542080879211,0.21699613332748413,0,2024-10-26 01:00:00+00:00
4650,0.6148784756660461,0.16812542080879211,0.21699613332748413,0,2024-10-26 02:00:00+00:00
4651,0.5937265753746033,0.17046566307544708,0.23580774664878845,0,2024-10-26 02:00:00+00:00
4652,0.5937265753746033,0.17046566307544708,0.23580774664878845,0,2024-10-26 03:00:00+00:00
4653,0.5598999261856079,0.16893933713436127,0.2711607813835144,0,2024-10-26 03:00:00+00:00
4654,0.5598999261856079,0.16893933713436127,0.2711607813835144,0,2024-10-26 04:00:00+00:00
4655,0.5316401720046997,0.18182507157325745,0.28653472661972046,0,2024-10-26 04:00:00+00:00
4656,0.5316401720046997,0.18182507157325745,0.28653472661972046,0,2024-10-26 05:00:00+00:00
4657,0.5238454937934875,0.18626056611537933,0.2898939549922943,0,2024-10-26 05:00:00+00:00
4658,0.5238454937934875,0.18626056611537933,0.2898939549922943,0,2024-10-26 06:00:00+00:00
4659,0.5288792252540588,0.1820412576198578,0.289079487323761,0,2024-10-26 06:00:00+00:00
4660,0.5288792252540588,0.1820412576198578,0.289079487323761,0,2024-10-26 07:00:00+00:00
4661,0.5131742358207703,0.18388934433460236,0.30293646454811096,0,2024-10-26 07:00:00+00:00
4662,0.5131742358207703,0.18388934433460236,0.30293646454811096,0,2024-10-26 08:00:00+00:00
4663,0.5176032781600952,0.18592824041843414,0.2964685559272766,0,2024-10-26 08:00:00+00:00
4664,0.5176032781600952,0.18592824041843414,0.2964685559272766,0,2024-10-26 09:00:00+00:00
4665,0.5204861760139465,0.18488912284374237,0.2946246564388275,0,2024-10-26 09:00:00+00:00
4666,0.5204861760139465,0.18488912284374237,0.2946246564388275,0,2024-10-26 10:00:00+00:00
4667,0.5171087384223938,0.18251410126686096,0.30037716031074524,0,2024-10-26 10:00:00+00:00
4668,0.5171087384223938,0.18251410126686096,0.30037716031074524,0,2024-10-26 11:00:00+00:00
4669,0.5131997466087341,0.1786767691373825,0.30812349915504456,0,2024-10-26 11:00:00+00:00
4670,0.5131997466087341,0.1786767691373825,0.30812349915504456,0,2024-10-26 12:00:00+00:00
4671,0.5192811489105225,0.17583730816841125,0.3048815131187439,0,2024-10-26 12:00:00+00:00
4672,0.5192811489105225,0.17583730816841125,0.3048815131187439,0,2024-10-26 13:00:00+00:00
4673,0.5233775973320007,0.17847605049610138,0.2981463372707367,0,2024-10-26 13:00:00+00:00
4674,0.5233775973320007,0.17847605049610138,0.2981463372707367,0,2024-10-26 14:00:00+00:00
4675,0.5064662098884583,0.16362956166267395,0.3299041986465454,0,2024-10-26 14:00:00+00:00
4676,0.5064662098884583,0.16362956166267395,0.3299041986465454,0,2024-10-26 16:00:00+00:00
4677,0.4784539043903351,0.18148455023765564,0.3400615155696869,0,2024-10-26 16:00:00+00:00
4678,0.4784539043903351,0.18148455023765564,0.3400615155696869,0,2024-10-26 17:00:00+00:00
4679,0.4812200367450714,0.18402045965194702,0.3347594439983368,0,2024-10-26 17:00:00+00:00
4680,0.4812200367450714,0.18402045965194702,0.3347594439983368,0,2024-10-26 18:00:00+00:00
4681,0.4347860515117645,0.19794464111328125,0.3672691583633423,0,2024-10-26 18:00:00+00:00
4682,0.4347860515117645,0.19794464111328125,0.3672691583633423,0,2024-10-26 19:00:00+00:00
4683,0.431272029876709,0.19473306834697723,0.3739948570728302,0,2024-10-26 19:00:00+00:00
4684,0.431272029876709,0.19473306834697723,0.3739948570728302,0,2024-10-26 20:00:00+00:00
4685,0.40239596366882324,0.2048099935054779,0.39279401302337646,0,2024-10-26 20:00:00+00:00
4686,0.40239596366882324,0.2048099935054779,0.39279401302337646,0,2024-10-26 21:00:00+00:00
4687,0.37736448645591736,0.20557741820812225,0.4170580804347992,2,2024-10-26 21:00:00+00:00
4688,0.37736448645591736,0.20557741820812225,0.4170580804347992,2,2024-10-26 22:00:00+00:00
4689,0.3927868902683258,0.20572401583194733,0.4014890789985657,2,2024-10-26 22:00:00+00:00
4690,0.3927868902683258,0.20572401583194733,0.4014890789985657,2,2024-10-26 23:00:00+00:00
4691,0.2870962619781494,0.22103938460350037,0.4918644428253174,2,2024-10-26 23:00:00+00:00
4692,0.2870962619781494,0.22103938460350037,0.4918644428253174,2,2024-10-27 00:00:00+00:00
4693,0.3389064371585846,0.2230760008096695,0.4380175769329071,2,2024-10-27 00:00:00+00:00
4694,0.3389064371585846,0.2230760008096695,0.4380175769329071,2,2024-10-27 01:00:00+00:00
4695,0.3414023816585541,0.22258295118808746,0.4360146224498749,2,2024-10-27 01:00:00+00:00
4696,0.3414023816585541,0.22258295118808746,0.4360146224498749,2,2024-10-27 02:00:00+00:00
4697,0.2720508873462677,0.23330329358577728,0.4946458637714386,2,2024-10-27 02:00:00+00:00
4698,0.2720508873462677,0.23330329358577728,0.4946458637714386,2,2024-10-27 03:00:00+00:00
4699,0.3311740756034851,0.22334255278110504,0.44548338651657104,2,2024-10-27 03:00:00+00:00
4700,0.3311740756034851,0.22334255278110504,0.44548338651657104,2,2024-10-27 04:00:00+00:00
4701,0.33104145526885986,0.21783292293548584,0.4511255621910095,2,2024-10-27 04:00:00+00:00
4702,0.33104145526885986,0.21783292293548584,0.4511255621910095,2,2024-10-27 05:00:00+00:00
4703,0.3452339470386505,0.21181336045265198,0.44295263290405273,2,2024-10-27 05:00:00+00:00
4704,0.3452339470386505,0.21181336045265198,0.44295263290405273,2,2024-10-27 06:00:00+00:00
4705,0.35940563678741455,0.20617735385894775,0.43441706895828247,2,2024-10-27 06:00:00+00:00
4706,0.35940563678741455,0.20617735385894775,0.43441706895828247,2,2024-10-27 07:00:00+00:00
4707,0.3759263753890991,0.19717194139957428,0.4269017279148102,2,2024-10-27 07:00:00+00:00
4708,0.3759263753890991,0.19717194139957428,0.4269017279148102,2,2024-10-27 08:00:00+00:00
4709,0.33138808608055115,0.20575402677059174,0.4628579020500183,2,2024-10-27 08:00:00+00:00
4710,0.33138808608055115,0.20575402677059174,0.4628579020500183,2,2024-10-27 09:00:00+00:00
4711,0.2886204123497009,0.21285904943943024,0.4985206127166748,2,2024-10-27 09:00:00+00:00
4712,0.2886204123497009,0.21285904943943024,0.4985206127166748,2,2024-10-27 10:00:00+00:00
4713,0.3371175527572632,0.19882315397262573,0.4640592634677887,2,2024-10-27 10:00:00+00:00
4714,0.3371175527572632,0.19882315397262573,0.4640592634677887,2,2024-10-27 11:00:00+00:00
4715,0.43693625926971436,0.18314394354820251,0.37991979718208313,0,2024-10-27 11:00:00+00:00
4716,0.43693625926971436,0.18314394354820251,0.37991979718208313,0,2024-10-27 12:00:00+00:00
4717,0.40437835454940796,0.1892087608575821,0.40641286969184875,2,2024-10-27 12:00:00+00:00
4718,0.40437835454940796,0.1892087608575821,0.40641286969184875,2,2024-10-27 13:00:00+00:00
4719,0.32417842745780945,0.199652299284935,0.47616928815841675,2,2024-10-27 13:00:00+00:00
4720,0.32417842745780945,0.199652299284935,0.47616928815841675,2,2024-10-27 14:00:00+00:00
4721,0.33909207582473755,0.2021872103214264,0.45872077345848083,2,2024-10-27 14:00:00+00:00
4722,0.33909207582473755,0.2021872103214264,0.45872077345848083,2,2024-10-27 15:00:00+00:00
4723,0.3493190407752991,0.2065824717283249,0.4440985918045044,2,2024-10-27 15:00:00+00:00
4724,0.3493190407752991,0.2065824717283249,0.4440985918045044,2,2024-10-27 16:00:00+00:00
4725,0.33946117758750916,0.199510857462883,0.4610280692577362,2,2024-10-27 16:00:00+00:00
4726,0.33946117758750916,0.199510857462883,0.4610280692577362,2,2024-10-27 17:00:00+00:00
4727,0.3246247172355652,0.19809381663799286,0.4772814214229584,2,2024-10-27 17:00:00+00:00
4728,0.3246247172355652,0.19809381663799286,0.4772814214229584,2,2024-10-27 18:00:00+00:00
4729,0.3655628263950348,0.18909338116645813,0.4453437924385071,2,2024-10-27 18:00:00+00:00
4730,0.3655628263950348,0.18909338116645813,0.4453437924385071,2,2024-10-27 19:00:00+00:00
4731,0.36761555075645447,0.18531404435634613,0.44707033038139343,2,2024-10-27 19:00:00+00:00
4732,0.36761555075645447,0.18531404435634613,0.44707033038139343,2,2024-10-27 20:00:00+00:00
4733,0.3585326671600342,0.1866341382265091,0.4548332095146179,2,2024-10-27 20:00:00+00:00
4734,0.3585326671600342,0.1866341382265091,0.4548332095146179,2,2024-10-27 21:00:00+00:00
4735,0.4189983904361725,0.17441804707050323,0.4065834581851959,0,2024-10-27 21:00:00+00:00
4736,0.4189983904361725,0.17441804707050323,0.4065834581851959,0,2024-10-27 22:00:00+00:00
4737,0.36485832929611206,0.18772174417972565,0.44742003083229065,2,2024-10-27 22:00:00+00:00
4738,0.36485832929611206,0.18772174417972565,0.44742003083229065,2,2024-10-27 23:00:00+00:00
4739,0.33539092540740967,0.18713584542274475,0.4774731695652008,2,2024-10-27 23:00:00+00:00
4740,0.33539092540740967,0.18713584542274475,0.4774731695652008,2,2024-10-28 00:00:00+00:00
4741,0.4053177833557129,0.18123184144496918,0.4134503901004791,2,2024-10-28 00:00:00+00:00
4742,0.4053177833557129,0.18123184144496918,0.4134503901004791,2,2024-10-28 01:00:00+00:00
4743,0.4563308656215668,0.18111054599285126,0.3625585734844208,0,2024-10-28 01:00:00+00:00
4744,0.4563308656215668,0.18111054599285126,0.3625585734844208,0,2024-10-28 02:00:00+00:00
4745,0.5017780065536499,0.17119194567203522,0.3270300328731537,0,2024-10-28 02:00:00+00:00
4746,0.5017780065536499,0.17119194567203522,0.3270300328731537,0,2024-10-28 03:00:00+00:00
4747,0.5316336154937744,0.17425358295440674,0.29411283135414124,0,2024-10-28 03:00:00+00:00
4748,0.5316336154937744,0.17425358295440674,0.29411283135414124,0,2024-10-28 04:00:00+00:00
4749,0.48549434542655945,0.17573754489421844,0.3387681245803833,0,2024-10-28 04:00:00+00:00
4750,0.48549434542655945,0.17573754489421844,0.3387681245803833,0,2024-10-28 05:00:00+00:00
4751,0.5541691780090332,0.17112237215042114,0.27470847964286804,0,2024-10-28 05:00:00+00:00
4752,0.5541691780090332,0.17112237215042114,0.27470847964286804,0,2024-10-28 06:00:00+00:00
4753,0.5796529650688171,0.18061290681362152,0.23973409831523895,0,2024-10-28 06:00:00+00:00
4754,0.5796529650688171,0.18061290681362152,0.23973409831523895,0,2024-10-28 07:00:00+00:00
4755,0.5861250758171082,0.17780157923698425,0.23607337474822998,0,2024-10-28 07:00:00+00:00
4756,0.5861250758171082,0.17780157923698425,0.23607337474822998,0,2024-10-28 08:00:00+00:00
4757,0.5147687792778015,0.17428642511367798,0.3109447956085205,0,2024-10-28 08:00:00+00:00
4758,0.5147687792778015,0.17428642511367798,0.3109447956085205,0,2024-10-28 09:00:00+00:00
4759,0.4455896019935608,0.16936184465885162,0.38504862785339355,0,2024-10-28 09:00:00+00:00
4760,0.4455896019935608,0.16936184465885162,0.38504862785339355,0,2024-10-28 10:00:00+00:00
4761,0.3932287395000458,0.17328578233718872,0.4334854483604431,2,2024-10-28 10:00:00+00:00
4762,0.3932287395000458,0.17328578233718872,0.4334854483604431,2,2024-10-28 11:00:00+00:00
4763,0.4118614196777344,0.1795283704996109,0.40861019492149353,0,2024-10-28 11:00:00+00:00
4764,0.4118614196777344,0.1795283704996109,0.40861019492149353,0,2024-10-28 12:00:00+00:00
4765,0.4129486083984375,0.182064026594162,0.40498748421669006,0,2024-10-28 12:00:00+00:00
4766,0.4129486083984375,0.182064026594162,0.40498748421669006,0,2024-10-28 13:00:00+00:00
4767,0.42799875140190125,0.17446887493133545,0.39753231406211853,0,2024-10-28 13:00:00+00:00
4768,0.42799875140190125,0.17446887493133545,0.39753231406211853,0,2024-10-28 15:00:00+00:00
4769,0.5947554707527161,0.17280134558677673,0.2324432134628296,0,2024-10-28 15:00:00+00:00
4770,0.5947554707527161,0.17280134558677673,0.2324432134628296,0,2024-10-28 16:00:00+00:00
4771,0.695594072341919,0.1848277896642685,0.11957816034555435,0,2024-10-28 16:00:00+00:00
4772,0.695594072341919,0.1848277896642685,0.11957816034555435,0,2024-10-28 17:00:00+00:00
4773,0.6680076122283936,0.17122012376785278,0.16077221930027008,0,2024-10-28 17:00:00+00:00
4774,0.6680076122283936,0.17122012376785278,0.16077221930027008,0,2024-10-28 18:00:00+00:00
4775,0.6193000078201294,0.173440083861351,0.20725983381271362,0,2024-10-28 18:00:00+00:00
4776,0.6193000078201294,0.173440083861351,0.20725983381271362,0,2024-10-28 19:00:00+00:00
4777,0.5610198974609375,0.1754697859287262,0.2635103762149811,0,2024-10-28 19:00:00+00:00
4778,0.5610198974609375,0.1754697859287262,0.2635103762149811,0,2024-10-28 20:00:00+00:00
4779,0.4840505123138428,0.18749438226222992,0.3284551203250885,0,2024-10-28 20:00:00+00:00
4780,0.4840505123138428,0.18749438226222992,0.3284551203250885,0,2024-10-28 21:00:00+00:00
4781,0.4769686758518219,0.196433886885643,0.32659730315208435,0,2024-10-28 21:00:00+00:00
4782,0.4769686758518219,0.196433886885643,0.32659730315208435,0,2024-10-28 22:00:00+00:00
4783,0.42621996998786926,0.18806245923042297,0.3857175409793854,0,2024-10-28 22:00:00+00:00
4784,0.42621996998786926,0.18806245923042297,0.3857175409793854,0,2024-10-28 23:00:00+00:00
4785,0.42275339365005493,0.18745069205760956,0.38979583978652954,0,2024-10-28 23:00:00+00:00
4786,0.42275339365005493,0.18745069205760956,0.38979583978652954,0,2024-10-29 00:00:00+00:00
4787,0.4251047968864441,0.1781236231327057,0.396771639585495,0,2024-10-29 00:00:00+00:00
4788,0.4251047968864441,0.1781236231327057,0.396771639585495,0,2024-10-29 01:00:00+00:00
4789,0.402987003326416,0.18118949234485626,0.41582345962524414,2,2024-10-29 01:00:00+00:00
4790,0.402987003326416,0.18118949234485626,0.41582345962524414,2,2024-10-29 02:00:00+00:00
4791,0.39932605624198914,0.18050433695316315,0.42016956210136414,2,2024-10-29 02:00:00+00:00
4792,0.39932605624198914,0.18050433695316315,0.42016956210136414,2,2024-10-29 03:00:00+00:00
4793,0.36815282702445984,0.19614277780056,0.43570441007614136,2,2024-10-29 03:00:00+00:00
4794,0.36815282702445984,0.19614277780056,0.43570441007614136,2,2024-10-29 04:00:00+00:00
4795,0.3069141209125519,0.19206325709819794,0.5010226368904114,2,2024-10-29 04:00:00+00:00
4796,0.3069141209125519,0.19206325709819794,0.5010226368904114,2,2024-10-29 05:00:00+00:00
4797,0.2985108196735382,0.19313979148864746,0.5083493590354919,2,2024-10-29 05:00:00+00:00
4798,0.2985108196735382,0.19313979148864746,0.5083493590354919,2,2024-10-29 06:00:00+00:00
4799,0.349555641412735,0.1911400556564331,0.4593043029308319,2,2024-10-29 06:00:00+00:00
4800,0.349555641412735,0.1911400556564331,0.4593043029308319,2,2024-10-29 07:00:00+00:00
4801,0.3970315158367157,0.18137477338314056,0.4215937554836273,2,2024-10-29 07:00:00+00:00
4802,0.3970315158367157,0.18137477338314056,0.4215937554836273,2,2024-10-29 09:00:00+00:00
4803,0.4205215871334076,0.17396177351474762,0.40551668405532837,0,2024-10-29 09:00:00+00:00
4804,0.4205215871334076,0.17396177351474762,0.40551668405532837,0,2024-10-29 10:00:00+00:00
4805,0.4241388738155365,0.16985315084457397,0.4060079753398895,0,2024-10-29 10:00:00+00:00
4806,0.4241388738155365,0.16985315084457397,0.4060079753398895,0,2024-10-29 11:00:00+00:00
4807,0.39973223209381104,0.17112010717391968,0.4291475713253021,2,2024-10-29 11:00:00+00:00
4808,0.39973223209381104,0.17112010717391968,0.4291475713253021,2,2024-10-29 12:00:00+00:00
4809,0.40113991498947144,0.17008265852928162,0.4287774860858917,2,2024-10-29 12:00:00+00:00
4810,0.40113991498947144,0.17008265852928162,0.4287774860858917,2,2024-10-29 13:00:00+00:00
4811,0.48797762393951416,0.1676122099161148,0.34441012144088745,0,2024-10-29 13:00:00+00:00
4812,0.48797762393951416,0.1676122099161148,0.34441012144088745,0,2024-10-29 14:00:00+00:00
4813,0.48059165477752686,0.1937662661075592,0.32564204931259155,0,2024-10-29 14:00:00+00:00
4814,0.48059165477752686,0.1937662661075592,0.32564204931259155,0,2024-10-29 15:00:00+00:00
4815,0.5529029369354248,0.1924179345369339,0.2546791434288025,0,2024-10-29 15:00:00+00:00
4816,0.5529029369354248,0.1924179345369339,0.2546791434288025,0,2024-10-29 16:00:00+00:00
4817,0.4996965527534485,0.22272683680057526,0.2775765061378479,0,2024-10-29 16:00:00+00:00
4818,0.4996965527534485,0.22272683680057526,0.2775765061378479,0,2024-10-29 17:00:00+00:00
4819,0.39935851097106934,0.22912812232971191,0.371513307094574,0,2024-10-29 17:00:00+00:00
4820,0.39935851097106934,0.22912812232971191,0.371513307094574,0,2024-10-29 18:00:00+00:00
4821,0.4725908637046814,0.20643740892410278,0.32097169756889343,0,2024-10-29 18:00:00+00:00
4822,0.4725908637046814,0.20643740892410278,0.32097169756889343,0,2024-10-29 19:00:00+00:00
4823,0.45709213614463806,0.20306085050106049,0.33984696865081787,0,2024-10-29 19:00:00+00:00
4824,0.45709213614463806,0.20306085050106049,0.33984696865081787,0,2024-10-29 21:00:00+00:00
4825,0.6071688532829285,0.17910915613174438,0.21372200548648834,0,2024-10-29 21:00:00+00:00
4826,0.6071688532829285,0.17910915613174438,0.21372200548648834,0,2024-10-29 22:00:00+00:00
4827,0.5880975127220154,0.17416146397590637,0.23774102330207825,0,2024-10-29 22:00:00+00:00
4828,0.5880975127220154,0.17416146397590637,0.23774102330207825,0,2024-10-29 23:00:00+00:00
4829,0.5370376110076904,0.1669001281261444,0.29606226086616516,0,2024-10-29 23:00:00+00:00
4830,0.5370376110076904,0.1669001281261444,0.29606226086616516,0,2024-10-30 00:00:00+00:00
4831,0.5418118238449097,0.1710997372865677,0.28708845376968384,0,2024-10-30 00:00:00+00:00
4832,0.5418118238449097,0.1710997372865677,0.28708845376968384,0,2024-10-30 01:00:00+00:00
4833,0.5790531039237976,0.18981802463531494,0.23112884163856506,0,2024-10-30 01:00:00+00:00
4834,0.5790531039237976,0.18981802463531494,0.23112884163856506,0,2024-10-30 02:00:00+00:00
4835,0.5235015749931335,0.17344622313976288,0.30305227637290955,0,2024-10-30 02:00:00+00:00
4836,0.5235015749931335,0.17344622313976288,0.30305227637290955,0,2024-10-30 03:00:00+00:00
4837,0.5211988687515259,0.17203356325626373,0.30676761269569397,0,2024-10-30 03:00:00+00:00
4838,0.5211988687515259,0.17203356325626373,0.30676761269569397,0,2024-10-30 04:00:00+00:00
4839,0.4997389614582062,0.17452003061771393,0.3257410526275635,0,2024-10-30 04:00:00+00:00
4840,0.4997389614582062,0.17452003061771393,0.3257410526275635,0,2024-10-30 05:00:00+00:00
4841,0.46830883622169495,0.16746103763580322,0.364230215549469,0,2024-10-30 05:00:00+00:00
4842,0.46830883622169495,0.16746103763580322,0.364230215549469,0,2024-10-30 06:00:00+00:00
4843,0.513900101184845,0.1750853806734085,0.3110145628452301,0,2024-10-30 06:00:00+00:00
4844,0.513900101184845,0.1750853806734085,0.3110145628452301,0,2024-10-30 07:00:00+00:00
4845,0.5547583699226379,0.1815708875656128,0.2636707127094269,0,2024-10-30 07:00:00+00:00
4846,0.5547583699226379,0.1815708875656128,0.2636707127094269,0,2024-10-30 08:00:00+00:00
4847,0.5451509356498718,0.18080712854862213,0.27404192090034485,0,2024-10-30 08:00:00+00:00
4848,0.5451509356498718,0.18080712854862213,0.27404192090034485,0,2024-10-30 09:00:00+00:00
4849,0.5909565091133118,0.18056604266166687,0.22847743332386017,0,2024-10-30 09:00:00+00:00
4850,0.5909565091133118,0.18056604266166687,0.22847743332386017,0,2024-10-30 10:00:00+00:00
4851,0.5499446988105774,0.17674720287322998,0.273308128118515,0,2024-10-30 10:00:00+00:00
4852,0.5499446988105774,0.17674720287322998,0.273308128118515,0,2024-10-30 11:00:00+00:00
4853,0.6124963760375977,0.18690967559814453,0.20059388875961304,0,2024-10-30 11:00:00+00:00
4854,0.6124963760375977,0.18690967559814453,0.20059388875961304,0,2024-10-30 12:00:00+00:00
4855,0.6571124196052551,0.19094473123550415,0.1519428789615631,0,2024-10-30 12:00:00+00:00
4856,0.6571124196052551,0.19094473123550415,0.1519428789615631,0,2024-10-30 13:00:00+00:00
4857,0.605470597743988,0.1884276270866394,0.20610183477401733,0,2024-10-30 13:00:00+00:00
4858,0.605470597743988,0.1884276270866394,0.20610183477401733,0,2024-10-30 14:00:00+00:00
4859,0.5437337160110474,0.17890876531600952,0.27735742926597595,0,2024-10-30 14:00:00+00:00
4860,0.5437337160110474,0.17890876531600952,0.27735742926597595,0,2024-10-30 15:00:00+00:00
4861,0.5818914771080017,0.1836048662662506,0.23450365662574768,0,2024-10-30 15:00:00+00:00
4862,0.5818914771080017,0.1836048662662506,0.23450365662574768,0,2024-10-30 16:00:00+00:00
4863,0.6493620872497559,0.16911646723747253,0.1815214604139328,0,2024-10-30 16:00:00+00:00
4864,0.6493620872497559,0.16911646723747253,0.1815214604139328,0,2024-10-30 17:00:00+00:00
4865,0.5975642204284668,0.16289164125919342,0.2395441085100174,0,2024-10-30 17:00:00+00:00
4866,0.5975642204284668,0.16289164125919342,0.2395441085100174,0,2024-10-30 18:00:00+00:00
4867,0.5587005019187927,0.16600610315799713,0.27529335021972656,0,2024-10-30 18:00:00+00:00
4868,0.5587005019187927,0.16600610315799713,0.27529335021972656,0,2024-10-30 20:00:00+00:00
4869,0.5468499660491943,0.18102425336837769,0.2721257507801056,0,2024-10-30 20:00:00+00:00
4870,0.5468499660491943,0.18102425336837769,0.2721257507801056,0,2024-10-30 21:00:00+00:00
4871,0.5062220096588135,0.17852544784545898,0.31525251269340515,0,2024-10-30 21:00:00+00:00
4872,0.5062220096588135,0.17852544784545898,0.31525251269340515,0,2024-10-30 22:00:00+00:00
4873,0.49845412373542786,0.1695760041475296,0.3319699168205261,0,2024-10-30 22:00:00+00:00
4874,0.49845412373542786,0.1695760041475296,0.3319699168205261,0,2024-10-30 23:00:00+00:00
4875,0.49677008390426636,0.1739368736743927,0.32929304242134094,0,2024-10-30 23:00:00+00:00
4876,0.49677008390426636,0.1739368736743927,0.32929304242134094,0,2024-10-31 00:00:00+00:00
4877,0.4945317506790161,0.1775977909564972,0.32787051796913147,0,2024-10-31 00:00:00+00:00
4878,0.4945317506790161,0.1775977909564972,0.32787051796913147,0,2024-10-31 01:00:00+00:00
4879,0.49520406126976013,0.1636420488357544,0.3411538600921631,0,2024-10-31 01:00:00+00:00
4880,0.49520406126976013,0.1636420488357544,0.3411538600921631,0,2024-10-31 02:00:00+00:00
4881,0.504885196685791,0.1698913723230362,0.325223445892334,0,2024-10-31 02:00:00+00:00
4882,0.504885196685791,0.1698913723230362,0.325223445892334,0,2024-10-31 03:00:00+00:00
4883,0.5066009759902954,0.17310446500778198,0.320294588804245,0,2024-10-31 03:00:00+00:00
4884,0.5066009759902954,0.17310446500778198,0.320294588804245,0,2024-10-31 04:00:00+00:00
4885,0.5101640224456787,0.1717718094587326,0.3180640935897827,0,2024-10-31 04:00:00+00:00
4886,0.5101640224456787,0.1717718094587326,0.3180640935897827,0,2024-10-31 05:00:00+00:00
4887,0.5128003358840942,0.16991287469863892,0.31728681921958923,0,2024-10-31 05:00:00+00:00
4888,0.5128003358840942,0.16991287469863892,0.31728681921958923,0,2024-10-31 06:00:00+00:00
4889,0.508497953414917,0.17130422592163086,0.3201977014541626,0,2024-10-31 06:00:00+00:00
4890,0.508497953414917,0.17130422592163086,0.3201977014541626,0,2024-10-31 07:00:00+00:00
4891,0.5219834446907043,0.1779206246137619,0.30009597539901733,0,2024-10-31 07:00:00+00:00
4892,0.5219834446907043,0.1779206246137619,0.30009597539901733,0,2024-10-31 08:00:00+00:00
4893,0.5003753900527954,0.18690039217472076,0.3127242624759674,0,2024-10-31 08:00:00+00:00
4894,0.5003753900527954,0.18690039217472076,0.3127242624759674,0,2024-10-31 09:00:00+00:00
4895,0.49496984481811523,0.18665367364883423,0.31837648153305054,0,2024-10-31 09:00:00+00:00
4896,0.49496984481811523,0.18665367364883423,0.31837648153305054,0,2024-10-31 10:00:00+00:00
4897,0.5067760944366455,0.1814986616373062,0.3117251992225647,0,2024-10-31 10:00:00+00:00
4898,0.5067760944366455,0.1814986616373062,0.3117251992225647,0,2024-10-31 11:00:00+00:00
4899,0.4906102120876312,0.17379584908485413,0.33559393882751465,0,2024-10-31 11:00:00+00:00
4900,0.4906102120876312,0.17379584908485413,0.33559393882751465,0,2024-10-31 12:00:00+00:00
4901,0.4765969514846802,0.17246513068675995,0.3509378731250763,0,2024-10-31 12:00:00+00:00
4902,0.4765969514846802,0.17246513068675995,0.3509378731250763,0,2024-10-31 13:00:00+00:00
4903,0.48465830087661743,0.18449527025222778,0.33084648847579956,0,2024-10-31 13:00:00+00:00
4904,0.48465830087661743,0.18449527025222778,0.33084648847579956,0,2024-10-31 14:00:00+00:00
4905,0.6274021863937378,0.20737318694591522,0.16522465646266937,0,2024-10-31 14:00:00+00:00
4906,0.6274021863937378,0.20737318694591522,0.16522465646266937,0,2024-10-31 15:00:00+00:00
4907,0.6232131719589233,0.1996631771326065,0.17712357640266418,0,2024-10-31 15:00:00+00:00
4908,0.6232131719589233,0.1996631771326065,0.17712357640266418,0,2024-10-31 16:00:00+00:00
4909,0.5966075658798218,0.2095206081867218,0.1938719004392624,0,2024-10-31 16:00:00+00:00
4910,0.5966075658798218,0.2095206081867218,0.1938719004392624,0,2024-10-31 17:00:00+00:00
4911,0.5959864854812622,0.19461101293563843,0.20940245687961578,0,2024-10-31 17:00:00+00:00
4912,0.5959864854812622,0.19461101293563843,0.20940245687961578,0,2024-10-31 18:00:00+00:00
4913,0.5889188647270203,0.1789410561323166,0.23214007914066315,0,2024-10-31 18:00:00+00:00
4914,0.5889188647270203,0.1789410561323166,0.23214007914066315,0,2024-10-31 19:00:00+00:00
4915,0.5745983123779297,0.19005969166755676,0.23534202575683594,0,2024-10-31 19:00:00+00:00
4916,0.5745983123779297,0.19005969166755676,0.23534202575683594,0,2024-10-31 20:00:00+00:00
4917,0.5655639171600342,0.18511418998241425,0.249321848154068,0,2024-10-31 20:00:00+00:00
4918,0.5655639171600342,0.18511418998241425,0.249321848154068,0,2024-10-31 21:00:00+00:00
4919,0.553534984588623,0.16547417640686035,0.2809908986091614,0,2024-10-31 21:00:00+00:00
4920,0.553534984588623,0.16547417640686035,0.2809908986091614,0,2024-10-31 22:00:00+00:00
4921,0.5384976863861084,0.16969738900661469,0.2918049395084381,0,2024-10-31 22:00:00+00:00
4922,0.5384976863861084,0.16969738900661469,0.2918049395084381,0,2024-10-31 23:00:00+00:00
4923,0.5346348881721497,0.17334958910942078,0.29201555252075195,0,2024-10-31 23:00:00+00:00
4924,0.5346348881721497,0.17334958910942078,0.29201555252075195,0,2024-11-01 00:00:00+00:00
4925,0.5328906178474426,0.17050176858901978,0.2966075837612152,0,2024-11-01 00:00:00+00:00
4926,0.5328906178474426,0.17050176858901978,0.2966075837612152,0,2024-11-01 01:00:00+00:00
4927,0.5165510773658752,0.15922649204730988,0.3242223858833313,0,2024-11-01 01:00:00+00:00
4928,0.5165510773658752,0.15922649204730988,0.3242223858833313,0,2024-11-01 02:00:00+00:00
4929,0.5599168539047241,0.16170118749141693,0.27838197350502014,0,2024-11-01 02:00:00+00:00
4930,0.5599168539047241,0.16170118749141693,0.27838197350502014,0,2024-11-01 03:00:00+00:00
4931,0.5493793487548828,0.16180036962032318,0.28882017731666565,0,2024-11-01 03:00:00+00:00
4932,0.5493793487548828,0.16180036962032318,0.28882017731666565,0,2024-11-01 04:00:00+00:00
4933,0.5350387692451477,0.17000244557857513,0.29495880007743835,0,2024-11-01 04:00:00+00:00
4934,0.5350387692451477,0.17000244557857513,0.29495880007743835,0,2024-11-01 05:00:00+00:00
4935,0.5215805768966675,0.15609778463840485,0.3223216235637665,0,2024-11-01 05:00:00+00:00
4936,0.5215805768966675,0.15609778463840485,0.3223216235637665,0,2024-11-01 06:00:00+00:00
4937,0.5497724413871765,0.1721426546573639,0.2780849039554596,0,2024-11-01 06:00:00+00:00
4938,0.5497724413871765,0.1721426546573639,0.2780849039554596,0,2024-11-01 07:00:00+00:00
4939,0.5602697134017944,0.18154039978981018,0.258189857006073,0,2024-11-01 07:00:00+00:00
4940,0.5602697134017944,0.18154039978981018,0.258189857006073,0,2024-11-01 08:00:00+00:00
4941,0.5513812303543091,0.17846514284610748,0.27015364170074463,0,2024-11-01 08:00:00+00:00
4942,0.5513812303543091,0.17846514284610748,0.27015364170074463,0,2024-11-01 09:00:00+00:00
4943,0.5500549674034119,0.17380940914154053,0.27613571286201477,0,2024-11-01 09:00:00+00:00
4944,0.5500549674034119,0.17380940914154053,0.27613571286201477,0,2024-11-01 10:00:00+00:00
4945,0.5270107984542847,0.16593137383460999,0.30705782771110535,0,2024-11-01 10:00:00+00:00
4946,0.5270107984542847,0.16593137383460999,0.30705782771110535,0,2024-11-01 11:00:00+00:00
4947,0.5165871977806091,0.15800918638706207,0.32540369033813477,0,2024-11-01 11:00:00+00:00
4948,0.5165871977806091,0.15800918638706207,0.32540369033813477,0,2024-11-01 12:00:00+00:00
4949,0.5080633163452148,0.14871631562709808,0.3432202935218811,0,2024-11-01 12:00:00+00:00
4950,0.5080633163452148,0.14871631562709808,0.3432202935218811,0,2024-11-01 13:00:00+00:00
4951,0.4955177307128906,0.15828295052051544,0.3461993336677551,0,2024-11-01 13:00:00+00:00
4952,0.4955177307128906,0.15828295052051544,0.3461993336677551,0,2024-11-01 14:00:00+00:00
4953,0.4468918442726135,0.1905055195093155,0.3626026213169098,0,2024-11-01 14:00:00+00:00
4954,0.4468918442726135,0.1905055195093155,0.3626026213169098,0,2024-11-01 15:00:00+00:00
4955,0.43390515446662903,0.20075024664402008,0.36534473299980164,0,2024-11-01 15:00:00+00:00
4956,0.43390515446662903,0.20075024664402008,0.36534473299980164,0,2024-11-01 16:00:00+00:00
4957,0.5608512759208679,0.19349350035190582,0.24565520882606506,0,2024-11-01 16:00:00+00:00
4958,0.5608512759208679,0.19349350035190582,0.24565520882606506,0,2024-11-01 17:00:00+00:00
4959,0.4798012971878052,0.18081195652484894,0.3393867611885071,0,2024-11-01 17:00:00+00:00
4960,0.4798012971878052,0.18081195652484894,0.3393867611885071,0,2024-11-01 19:00:00+00:00
4961,0.48324456810951233,0.17356477677822113,0.34319061040878296,0,2024-11-01 19:00:00+00:00
4962,0.48324456810951233,0.17356477677822113,0.34319061040878296,0,2024-11-01 20:00:00+00:00
4963,0.477697491645813,0.17569440603256226,0.34660804271698,0,2024-11-01 20:00:00+00:00
4964,0.477697491645813,0.17569440603256226,0.34660804271698,0,2024-11-01 21:00:00+00:00
4965,0.4408837854862213,0.15761202573776245,0.40150412917137146,0,2024-11-01 21:00:00+00:00
4966,0.4408837854862213,0.15761202573776245,0.40150412917137146,0,2024-11-01 22:00:00+00:00
4967,0.4634924829006195,0.1640745997428894,0.3724329173564911,0,2024-11-01 22:00:00+00:00
4968,0.4634924829006195,0.1640745997428894,0.3724329173564911,0,2024-11-01 23:00:00+00:00
4969,0.4763600826263428,0.16347260773181915,0.3601672053337097,0,2024-11-01 23:00:00+00:00
4970,0.4763600826263428,0.16347260773181915,0.3601672053337097,0,2024-11-02 00:00:00+00:00
4971,0.46972861886024475,0.16997024416923523,0.3603011667728424,0,2024-11-02 00:00:00+00:00
4972,0.46972861886024475,0.16997024416923523,0.3603011667728424,0,2024-11-02 01:00:00+00:00
4973,0.47404903173446655,0.1756247878074646,0.3503260910511017,0,2024-11-02 01:00:00+00:00
4974,0.47404903173446655,0.1756247878074646,0.3503260910511017,0,2024-11-02 02:00:00+00:00
4975,0.46911364793777466,0.18061716854572296,0.35026922821998596,0,2024-11-02 02:00:00+00:00
4976,0.46911364793777466,0.18061716854572296,0.35026922821998596,0,2024-11-02 03:00:00+00:00
4977,0.5001201629638672,0.18262796103954315,0.31725192070007324,0,2024-11-02 03:00:00+00:00
4978,0.5001201629638672,0.18262796103954315,0.31725192070007324,0,2024-11-02 04:00:00+00:00
4979,0.49149376153945923,0.18570411205291748,0.3228021264076233,0,2024-11-02 04:00:00+00:00
4980,0.49149376153945923,0.18570411205291748,0.3228021264076233,0,2024-11-02 05:00:00+00:00
4981,0.4966707229614258,0.18900132179260254,0.3143278658390045,0,2024-11-02 05:00:00+00:00
4982,0.4966707229614258,0.18900132179260254,0.3143278658390045,0,2024-11-02 06:00:00+00:00
4983,0.5152525901794434,0.18878744542598724,0.2959599494934082,0,2024-11-02 06:00:00+00:00
4984,0.5152525901794434,0.18878744542598724,0.2959599494934082,0,2024-11-02 07:00:00+00:00
4985,0.4835973083972931,0.18990164995193481,0.3265010714530945,0,2024-11-02 07:00:00+00:00
4986,0.4835973083972931,0.18990164995193481,0.3265010714530945,0,2024-11-02 08:00:00+00:00
4987,0.476823091506958,0.1887894719839096,0.3343874216079712,0,2024-11-02 08:00:00+00:00
4988,0.476823091506958,0.1887894719839096,0.3343874216079712,0,2024-11-02 09:00:00+00:00
4989,0.4564255177974701,0.18562904000282288,0.35794544219970703,0,2024-11-02 09:00:00+00:00
4990,0.4564255177974701,0.18562904000282288,0.35794544219970703,0,2024-11-02 10:00:00+00:00
4991,0.4623100161552429,0.17881910502910614,0.35887086391448975,0,2024-11-02 10:00:00+00:00
4992,0.4623100161552429,0.17881910502910614,0.35887086391448975,0,2024-11-02 11:00:00+00:00
4993,0.48865601420402527,0.1834511160850525,0.3278927206993103,0,2024-11-02 11:00:00+00:00
4994,0.48865601420402527,0.1834511160850525,0.3278927206993103,0,2024-11-02 12:00:00+00:00
4995,0.4971781075000763,0.1867346167564392,0.31608718633651733,0,2024-11-02 12:00:00+00:00
4996,0.4971781075000763,0.1867346167564392,0.31608718633651733,0,2024-11-02 13:00:00+00:00
4997,0.4981193244457245,0.1744229644536972,0.3274577558040619,0,2024-11-02 13:00:00+00:00
4998,0.4981193244457245,0.1744229644536972,0.3274577558040619,0,2024-11-02 14:00:00+00:00
4999,0.5558903217315674,0.16201990842819214,0.2820897400379181,0,2024-11-02 14:00:00+00:00
5000,0.5558903217315674,0.16201990842819214,0.2820897400379181,0,2024-11-02 15:00:00+00:00
5001,0.6130124926567078,0.17803989350795746,0.2089475691318512,0,2024-11-02 15:00:00+00:00
5002,0.6130124926567078,0.17803989350795746,0.2089475691318512,0,2024-11-02 16:00:00+00:00
5003,0.48569977283477783,0.21469134092330933,0.2996089458465576,0,2024-11-02 16:00:00+00:00
5004,0.48569977283477783,0.21469134092330933,0.2996089458465576,0,2024-11-02 17:00:00+00:00
5005,0.48994025588035583,0.18463779985904694,0.3254219889640808,0,2024-11-02 17:00:00+00:00
5006,0.48994025588035583,0.18463779985904694,0.3254219889640808,0,2024-11-02 18:00:00+00:00
5007,0.5252611041069031,0.180348739027977,0.29439017176628113,0,2024-11-02 18:00:00+00:00
5008,0.5252611041069031,0.180348739027977,0.29439017176628113,0,2024-11-02 19:00:00+00:00
5009,0.5128281116485596,0.17923076450824738,0.30794110894203186,0,2024-11-02 19:00:00+00:00
5010,0.5128281116485596,0.17923076450824738,0.30794110894203186,0,2024-11-02 20:00:00+00:00
5011,0.4839570224285126,0.17488272488117218,0.34116026759147644,0,2024-11-02 20:00:00+00:00
5012,0.4839570224285126,0.17488272488117218,0.34116026759147644,0,2024-11-02 21:00:00+00:00
5013,0.4467083811759949,0.19612440466880798,0.35716718435287476,0,2024-11-02 21:00:00+00:00
5014,0.4467083811759949,0.19612440466880798,0.35716718435287476,0,2024-11-02 22:00:00+00:00
5015,0.4536939263343811,0.18278591334819794,0.36352014541625977,0,2024-11-02 22:00:00+00:00
5016,0.4536939263343811,0.18278591334819794,0.36352014541625977,0,2024-11-02 23:00:00+00:00
5017,0.46175116300582886,0.17081601917743683,0.3674328327178955,0,2024-11-02 23:00:00+00:00
5018,0.46175116300582886,0.17081601917743683,0.3674328327178955,0,2024-11-03 00:00:00+00:00
5019,0.4709785580635071,0.17085641622543335,0.35816511511802673,0,2024-11-03 00:00:00+00:00
5020,0.4709785580635071,0.17085641622543335,0.35816511511802673,0,2024-11-03 01:00:00+00:00
5021,0.49409323930740356,0.16663473844528198,0.33927205204963684,0,2024-11-03 01:00:00+00:00
5022,0.49409323930740356,0.16663473844528198,0.33927205204963684,0,2024-11-03 03:00:00+00:00
5023,0.6064000725746155,0.1884094923734665,0.20519042015075684,0,2024-11-03 03:00:00+00:00
5024,0.6064000725746155,0.1884094923734665,0.20519042015075684,0,2024-11-03 04:00:00+00:00
5025,0.5824751853942871,0.18692871928215027,0.23059619963169098,0,2024-11-03 04:00:00+00:00
5026,0.5824751853942871,0.18692871928215027,0.23059619963169098,0,2024-11-03 05:00:00+00:00
5027,0.5061517953872681,0.1865164190530777,0.30733171105384827,0,2024-11-03 05:00:00+00:00
5028,0.5061517953872681,0.1865164190530777,0.30733171105384827,0,2024-11-03 06:00:00+00:00
5029,0.5484164357185364,0.1845882534980774,0.26699525117874146,0,2024-11-03 06:00:00+00:00
5030,0.5484164357185364,0.1845882534980774,0.26699525117874146,0,2024-11-03 07:00:00+00:00
5031,0.5074227452278137,0.17491798102855682,0.31765925884246826,0,2024-11-03 07:00:00+00:00
5032,0.5074227452278137,0.17491798102855682,0.31765925884246826,0,2024-11-03 08:00:00+00:00
5033,0.5110202431678772,0.17592555284500122,0.3130541741847992,0,2024-11-03 08:00:00+00:00
5034,0.5110202431678772,0.17592555284500122,0.3130541741847992,0,2024-11-03 09:00:00+00:00
5035,0.5094191431999207,0.16670820116996765,0.3238726258277893,0,2024-11-03 09:00:00+00:00
5036,0.5094191431999207,0.16670820116996765,0.3238726258277893,0,2024-11-03 10:00:00+00:00
5037,0.5075177550315857,0.1650739163160324,0.3274082541465759,0,2024-11-03 10:00:00+00:00
5038,0.5075177550315857,0.1650739163160324,0.3274082541465759,0,2024-11-03 11:00:00+00:00
5039,0.501368522644043,0.16479401290416718,0.33383750915527344,0,2024-11-03 11:00:00+00:00
5040,0.501368522644043,0.16479401290416718,0.33383750915527344,0,2024-11-03 12:00:00+00:00
5041,0.4973517060279846,0.1707792580127716,0.33186912536621094,0,2024-11-03 12:00:00+00:00
5042,0.4973517060279846,0.1707792580127716,0.33186912536621094,0,2024-11-03 13:00:00+00:00
5043,0.4831678569316864,0.17352105677127838,0.34331104159355164,0,2024-11-03 13:00:00+00:00
5044,0.4831678569316864,0.17352105677127838,0.34331104159355164,0,2024-11-03 14:00:00+00:00
5045,0.5589854717254639,0.2056325227022171,0.23538197576999664,0,2024-11-03 14:00:00+00:00
5046,0.5589854717254639,0.2056325227022171,0.23538197576999664,0,2024-11-03 15:00:00+00:00
5047,0.633745551109314,0.19627262651920319,0.16998180747032166,0,2024-11-03 15:00:00+00:00
5048,0.633745551109314,0.19627262651920319,0.16998180747032166,0,2024-11-03 17:00:00+00:00
5049,0.5718409419059753,0.1941906213760376,0.23396848142147064,0,2024-11-03 17:00:00+00:00
5050,0.5718409419059753,0.1941906213760376,0.23396848142147064,0,2024-11-03 18:00:00+00:00
5051,0.4923701584339142,0.18770109117031097,0.31992867588996887,0,2024-11-03 18:00:00+00:00
5052,0.4923701584339142,0.18770109117031097,0.31992867588996887,0,2024-11-03 19:00:00+00:00
5053,0.5431538820266724,0.19365331530570984,0.26319271326065063,0,2024-11-03 19:00:00+00:00
5054,0.5431538820266724,0.19365331530570984,0.26319271326065063,0,2024-11-03 20:00:00+00:00
5055,0.48362213373184204,0.18630017340183258,0.330077588558197,0,2024-11-03 20:00:00+00:00
5056,0.48362213373184204,0.18630017340183258,0.330077588558197,0,2024-11-03 21:00:00+00:00
5057,0.4930494725704193,0.18084335327148438,0.3261071741580963,0,2024-11-03 21:00:00+00:00
5058,0.4930494725704193,0.18084335327148438,0.3261071741580963,0,2024-11-03 22:00:00+00:00
5059,0.4823472797870636,0.18983052670955658,0.32782217860221863,0,2024-11-03 22:00:00+00:00
5060,0.4823472797870636,0.18983052670955658,0.32782217860221863,0,2024-11-03 23:00:00+00:00
5061,0.48936372995376587,0.18429674208164215,0.32633957266807556,0,2024-11-03 23:00:00+00:00
5062,0.48936372995376587,0.18429674208164215,0.32633957266807556,0,2024-11-04 00:00:00+00:00
5063,0.5007382035255432,0.17830026149749756,0.32096150517463684,0,2024-11-04 00:00:00+00:00
5064,0.5007382035255432,0.17830026149749756,0.32096150517463684,0,2024-11-04 01:00:00+00:00
5065,0.4959956407546997,0.1766526848077774,0.3273516893386841,0,2024-11-04 01:00:00+00:00
5066,0.4959956407546997,0.1766526848077774,0.3273516893386841,0,2024-11-04 02:00:00+00:00
5067,0.4858895242214203,0.19442451000213623,0.3196859061717987,0,2024-11-04 02:00:00+00:00
5068,0.4858895242214203,0.19442451000213623,0.3196859061717987,0,2024-11-04 03:00:00+00:00
5069,0.4146672189235687,0.21189798414707184,0.373434841632843,0,2024-11-04 03:00:00+00:00
5070,0.4146672189235687,0.21189798414707184,0.373434841632843,0,2024-11-04 04:00:00+00:00
5071,0.4604366719722748,0.1928481012582779,0.34671521186828613,0,2024-11-04 04:00:00+00:00
5072,0.4604366719722748,0.1928481012582779,0.34671521186828613,0,2024-11-04 05:00:00+00:00
5073,0.46984735131263733,0.18161582946777344,0.34853678941726685,0,2024-11-04 05:00:00+00:00
5074,0.46984735131263733,0.18161582946777344,0.34853678941726685,0,2024-11-04 06:00:00+00:00
5075,0.4634442627429962,0.18500515818595886,0.3515506386756897,0,2024-11-04 06:00:00+00:00
5076,0.4634442627429962,0.18500515818595886,0.3515506386756897,0,2024-11-04 07:00:00+00:00
5077,0.4679185450077057,0.17537370324134827,0.35670772194862366,0,2024-11-04 07:00:00+00:00
5078,0.4679185450077057,0.17537370324134827,0.35670772194862366,0,2024-11-04 08:00:00+00:00
5079,0.47801125049591064,0.17723149061203003,0.34475722908973694,0,2024-11-04 08:00:00+00:00
5080,0.47801125049591064,0.17723149061203003,0.34475722908973694,0,2024-11-04 09:00:00+00:00
5081,0.4807854890823364,0.17449349164962769,0.3447209894657135,0,2024-11-04 09:00:00+00:00
5082,0.4807854890823364,0.17449349164962769,0.3447209894657135,0,2024-11-04 10:00:00+00:00
5083,0.45891720056533813,0.1745467483997345,0.36653608083724976,0,2024-11-04 10:00:00+00:00
5084,0.45891720056533813,0.1745467483997345,0.36653608083724976,0,2024-11-04 11:00:00+00:00
5085,0.46922120451927185,0.17882958054542542,0.3519492447376251,0,2024-11-04 11:00:00+00:00
5086,0.46922120451927185,0.17882958054542542,0.3519492447376251,0,2024-11-04 12:00:00+00:00
5087,0.46971699595451355,0.18251438438892365,0.3477686047554016,0,2024-11-04 12:00:00+00:00
5088,0.46971699595451355,0.18251438438892365,0.3477686047554016,0,2024-11-04 13:00:00+00:00
5089,0.4235392212867737,0.20592492818832397,0.37053585052490234,0,2024-11-04 13:00:00+00:00
5090,0.4235392212867737,0.20592492818832397,0.37053585052490234,0,2024-11-04 14:00:00+00:00
5091,0.3864569664001465,0.21940624713897705,0.3941367566585541,2,2024-11-04 14:00:00+00:00
5092,0.3864569664001465,0.21940624713897705,0.3941367566585541,2,2024-11-04 15:00:00+00:00
5093,0.3763159215450287,0.22641980648040771,0.3972643315792084,2,2024-11-04 15:00:00+00:00
5094,0.3763159215450287,0.22641980648040771,0.3972643315792084,2,2024-11-04 16:00:00+00:00
5095,0.3620941638946533,0.22517386078834534,0.41273194551467896,2,2024-11-04 16:00:00+00:00
5096,0.3620941638946533,0.22517386078834534,0.41273194551467896,2,2024-11-04 17:00:00+00:00
5097,0.5012266635894775,0.22477036714553833,0.27400290966033936,0,2024-11-04 17:00:00+00:00
5098,0.5012266635894775,0.22477036714553833,0.27400290966033936,0,2024-11-04 18:00:00+00:00
5099,0.46311047673225403,0.20797324180603027,0.32891637086868286,0,2024-11-04 18:00:00+00:00
5100,0.46311047673225403,0.20797324180603027,0.32891637086868286,0,2024-11-04 19:00:00+00:00
5101,0.46358516812324524,0.2474174201488495,0.2889974117279053,0,2024-11-04 19:00:00+00:00
5102,0.46358516812324524,0.2474174201488495,0.2889974117279053,0,2024-11-04 20:00:00+00:00
5103,0.48575717210769653,0.21046723425388336,0.3037756383419037,0,2024-11-04 20:00:00+00:00
5104,0.48575717210769653,0.21046723425388336,0.3037756383419037,0,2024-11-04 21:00:00+00:00
5105,0.541824996471405,0.2064029574394226,0.25177207589149475,0,2024-11-04 21:00:00+00:00
5106,0.541824996471405,0.2064029574394226,0.25177207589149475,0,2024-11-04 22:00:00+00:00
5107,0.6160821318626404,0.19650259613990784,0.18741527199745178,0,2024-11-04 22:00:00+00:00
5108,0.6160821318626404,0.19650259613990784,0.18741527199745178,0,2024-11-04 23:00:00+00:00
5109,0.4976346790790558,0.19718821346759796,0.30517715215682983,0,2024-11-04 23:00:00+00:00
5110,0.4976346790790558,0.19718821346759796,0.30517715215682983,0,2024-11-05 00:00:00+00:00
5111,0.48671334981918335,0.1904405802488327,0.3228459656238556,0,2024-11-05 00:00:00+00:00
5112,0.48671334981918335,0.1904405802488327,0.3228459656238556,0,2024-11-05 01:00:00+00:00
5113,0.4566841721534729,0.18545161187648773,0.3578642010688782,0,2024-11-05 01:00:00+00:00
5114,0.4566841721534729,0.18545161187648773,0.3578642010688782,0,2024-11-05 02:00:00+00:00
5115,0.47444286942481995,0.17722122371196747,0.3483359217643738,0,2024-11-05 02:00:00+00:00
5116,0.47444286942481995,0.17722122371196747,0.3483359217643738,0,2024-11-05 03:00:00+00:00
5117,0.49053898453712463,0.16960836946964264,0.3398527204990387,0,2024-11-05 03:00:00+00:00
5118,0.49053898453712463,0.16960836946964264,0.3398527204990387,0,2024-11-05 04:00:00+00:00
5119,0.47217056155204773,0.17959071695804596,0.34823867678642273,0,2024-11-05 04:00:00+00:00
5120,0.47217056155204773,0.17959071695804596,0.34823867678642273,0,2024-11-05 05:00:00+00:00
5121,0.4723666310310364,0.1779649406671524,0.3496684432029724,0,2024-11-05 05:00:00+00:00
5122,0.4723666310310364,0.1779649406671524,0.3496684432029724,0,2024-11-05 06:00:00+00:00
5123,0.4546138644218445,0.1898570954799652,0.3555290400981903,0,2024-11-05 06:00:00+00:00
5124,0.4546138644218445,0.1898570954799652,0.3555290400981903,0,2024-11-05 07:00:00+00:00
5125,0.46843066811561584,0.18287459015846252,0.34869474172592163,0,2024-11-05 07:00:00+00:00
5126,0.46843066811561584,0.18287459015846252,0.34869474172592163,0,2024-11-05 08:00:00+00:00
5127,0.4496711790561676,0.19131796061992645,0.3590109944343567,0,2024-11-05 08:00:00+00:00
5128,0.4496711790561676,0.19131796061992645,0.3590109944343567,0,2024-11-05 09:00:00+00:00
5129,0.4038230776786804,0.20333543419837952,0.39284148812294006,0,2024-11-05 09:00:00+00:00
5130,0.4038230776786804,0.20333543419837952,0.39284148812294006,0,2024-11-05 10:00:00+00:00
5131,0.4591282904148102,0.18716265261173248,0.3537091016769409,0,2024-11-05 10:00:00+00:00
5132,0.4591282904148102,0.18716265261173248,0.3537091016769409,0,2024-11-05 11:00:00+00:00
5133,0.47532469034194946,0.17570708692073822,0.34896817803382874,0,2024-11-05 11:00:00+00:00
5134,0.47532469034194946,0.17570708692073822,0.34896817803382874,0,2024-11-05 12:00:00+00:00
5135,0.46956712007522583,0.17732153832912445,0.3531114161014557,0,2024-11-05 12:00:00+00:00
5136,0.46956712007522583,0.17732153832912445,0.3531114161014557,0,2024-11-05 13:00:00+00:00
5137,0.43881186842918396,0.19142666459083557,0.36976155638694763,0,2024-11-05 13:00:00+00:00
5138,0.43881186842918396,0.19142666459083557,0.36976155638694763,0,2024-11-05 14:00:00+00:00
5139,0.400989294052124,0.20497234165668488,0.3940384089946747,0,2024-11-05 14:00:00+00:00
5140,0.400989294052124,0.20497234165668488,0.3940384089946747,0,2024-11-05 15:00:00+00:00
5141,0.3067951798439026,0.2306046336889267,0.4626002013683319,2,2024-11-05 15:00:00+00:00
5142,0.3067951798439026,0.2306046336889267,0.4626002013683319,2,2024-11-05 16:00:00+00:00
5143,0.331816166639328,0.22508788108825684,0.44309598207473755,2,2024-11-05 16:00:00+00:00
5144,0.331816166639328,0.22508788108825684,0.44309598207473755,2,2024-11-05 17:00:00+00:00
5145,0.2507277727127075,0.21996331214904785,0.5293089151382446,2,2024-11-05 17:00:00+00:00
5146,0.2507277727127075,0.21996331214904785,0.5293089151382446,2,2024-11-05 18:00:00+00:00
5147,0.2894548773765564,0.2150639295578003,0.49548113346099854,2,2024-11-05 18:00:00+00:00
5148,0.2894548773765564,0.2150639295578003,0.49548113346099854,2,2024-11-05 19:00:00+00:00
5149,0.2473246455192566,0.2127586305141449,0.5399166941642761,2,2024-11-05 19:00:00+00:00
5150,0.2473246455192566,0.2127586305141449,0.5399166941642761,2,2024-11-05 21:00:00+00:00
5151,0.2555944323539734,0.214324951171875,0.5300805568695068,2,2024-11-05 21:00:00+00:00
5152,0.2555944323539734,0.214324951171875,0.5300805568695068,2,2024-11-05 22:00:00+00:00
5153,0.29160231351852417,0.23399919271469116,0.47439855337142944,2,2024-11-05 22:00:00+00:00
5154,0.29160231351852417,0.23399919271469116,0.47439855337142944,2,2024-11-05 23:00:00+00:00
5155,0.2384614199399948,0.21793748438358307,0.5436010360717773,2,2024-11-05 23:00:00+00:00
5156,0.2384614199399948,0.21793748438358307,0.5436010360717773,2,2024-11-06 00:00:00+00:00
5157,0.2729017436504364,0.21220137178897858,0.514896810054779,2,2024-11-06 00:00:00+00:00
5158,0.2729017436504364,0.21220137178897858,0.514896810054779,2,2024-11-06 01:00:00+00:00
5159,0.21829058229923248,0.21638789772987366,0.5653215050697327,2,2024-11-06 01:00:00+00:00
5160,0.21829058229923248,0.21638789772987366,0.5653215050697327,2,2024-11-06 02:00:00+00:00
5161,0.21797522902488708,0.2119067907333374,0.5701179504394531,2,2024-11-06 02:00:00+00:00
5162,0.21797522902488708,0.2119067907333374,0.5701179504394531,2,2024-11-06 04:00:00+00:00
5163,0.28890445828437805,0.22231480479240417,0.48878079652786255,2,2024-11-06 04:00:00+00:00
5164,0.28890445828437805,0.22231480479240417,0.48878079652786255,2,2024-11-06 06:00:00+00:00
5165,0.23238269984722137,0.21292360126972198,0.5546936988830566,2,2024-11-06 06:00:00+00:00
5166,0.23238269984722137,0.21292360126972198,0.5546936988830566,2,2024-11-06 07:00:00+00:00
5167,0.30110499262809753,0.21802519261837006,0.480869859457016,2,2024-11-06 07:00:00+00:00
5168,0.30110499262809753,0.21802519261837006,0.480869859457016,2,2024-11-06 08:00:00+00:00
5169,0.3102523386478424,0.20436564087867737,0.4853820502758026,2,2024-11-06 08:00:00+00:00
5170,0.3102523386478424,0.20436564087867737,0.4853820502758026,2,2024-11-06 09:00:00+00:00
5171,0.33433622121810913,0.19644686579704285,0.46921688318252563,2,2024-11-06 09:00:00+00:00
5172,0.33433622121810913,0.19644686579704285,0.46921688318252563,2,2024-11-06 10:00:00+00:00
5173,0.2843553125858307,0.19137509167194366,0.5242696404457092,2,2024-11-06 10:00:00+00:00
5174,0.2843553125858307,0.19137509167194366,0.5242696404457092,2,2024-11-06 11:00:00+00:00
5175,0.29404374957084656,0.19200336933135986,0.513952910900116,2,2024-11-06 11:00:00+00:00
5176,0.29404374957084656,0.19200336933135986,0.513952910900116,2,2024-11-06 12:00:00+00:00
5177,0.300362229347229,0.1925089806318283,0.5071287751197815,2,2024-11-06 12:00:00+00:00
5178,0.300362229347229,0.1925089806318283,0.5071287751197815,2,2024-11-06 13:00:00+00:00
5179,0.3575111925601959,0.17938968539237976,0.4630991518497467,2,2024-11-06 13:00:00+00:00
5180,0.3575111925601959,0.17938968539237976,0.4630991518497467,2,2024-11-06 14:00:00+00:00
5181,0.4051201343536377,0.19132651388645172,0.403553307056427,0,2024-11-06 14:00:00+00:00
5182,0.4051201343536377,0.19132651388645172,0.403553307056427,0,2024-11-06 15:00:00+00:00
5183,0.440962553024292,0.16987699270248413,0.3891604244709015,0,2024-11-06 15:00:00+00:00
5184,0.440962553024292,0.16987699270248413,0.3891604244709015,0,2024-11-06 16:00:00+00:00
5185,0.45069581270217896,0.16806915402412415,0.38123512268066406,0,2024-11-06 16:00:00+00:00
5186,0.45069581270217896,0.16806915402412415,0.38123512268066406,0,2024-11-06 17:00:00+00:00
5187,0.40784525871276855,0.1698828935623169,0.42227181792259216,2,2024-11-06 17:00:00+00:00
5188,0.40784525871276855,0.1698828935623169,0.42227181792259216,2,2024-11-06 18:00:00+00:00
5189,0.4180883467197418,0.1740724891424179,0.40783920884132385,0,2024-11-06 18:00:00+00:00
5190,0.4180883467197418,0.1740724891424179,0.40783920884132385,0,2024-11-06 19:00:00+00:00
5191,0.3905453383922577,0.1757364273071289,0.43371832370758057,2,2024-11-06 19:00:00+00:00
5192,0.3905453383922577,0.1757364273071289,0.43371832370758057,2,2024-11-06 20:00:00+00:00
5193,0.3986322283744812,0.19645506143569946,0.40491271018981934,2,2024-11-06 20:00:00+00:00
5194,0.3986322283744812,0.19645506143569946,0.40491271018981934,2,2024-11-06 21:00:00+00:00
5195,0.42631250619888306,0.18809281289577484,0.38559460639953613,0,2024-11-06 21:00:00+00:00
5196,0.42631250619888306,0.18809281289577484,0.38559460639953613,0,2024-11-06 22:00:00+00:00
5197,0.40389302372932434,0.20762979984283447,0.3884771764278412,0,2024-11-06 22:00:00+00:00
5198,0.40389302372932434,0.20762979984283447,0.3884771764278412,0,2024-11-06 23:00:00+00:00
5199,0.3802862763404846,0.2039082646369934,0.4158053994178772,2,2024-11-06 23:00:00+00:00
5200,0.3802862763404846,0.2039082646369934,0.4158053994178772,2,2024-11-07 00:00:00+00:00
5201,0.457030713558197,0.1849665641784668,0.3580026924610138,0,2024-11-07 00:00:00+00:00
5202,0.457030713558197,0.1849665641784668,0.3580026924610138,0,2024-11-07 01:00:00+00:00
5203,0.4160946309566498,0.17767171561717987,0.40623360872268677,0,2024-11-07 01:00:00+00:00
5204,0.4160946309566498,0.17767171561717987,0.40623360872268677,0,2024-11-07 03:00:00+00:00
5205,0.220163032412529,0.15108783543109894,0.6287490725517273,2,2024-11-07 03:00:00+00:00
5206,0.220163032412529,0.15108783543109894,0.6287490725517273,2,2024-11-07 04:00:00+00:00
5207,0.3281429409980774,0.13963352143764496,0.5322235226631165,2,2024-11-07 04:00:00+00:00
5208,0.3281429409980774,0.13963352143764496,0.5322235226631165,2,2024-11-07 05:00:00+00:00
5209,0.3767290711402893,0.1367625594139099,0.486508309841156,2,2024-11-07 05:00:00+00:00
5210,0.3767290711402893,0.1367625594139099,0.486508309841156,2,2024-11-07 06:00:00+00:00
5211,0.357260525226593,0.13623540103435516,0.5065040588378906,2,2024-11-07 06:00:00+00:00
5212,0.357260525226593,0.13623540103435516,0.5065040588378906,2,2024-11-07 07:00:00+00:00
5213,0.8489789366722107,0.10286229848861694,0.04815876856446266,0,2024-11-07 07:00:00+00:00
5214,0.8489789366722107,0.10286229848861694,0.04815876856446266,0,2024-11-07 08:00:00+00:00
5215,0.8003139495849609,0.115867480635643,0.08381856232881546,0,2024-11-07 08:00:00+00:00
5216,0.8003139495849609,0.115867480635643,0.08381856232881546,0,2024-11-07 09:00:00+00:00
5217,0.6731337308883667,0.14578315615653992,0.1810830980539322,0,2024-11-07 09:00:00+00:00
5218,0.6731337308883667,0.14578315615653992,0.1810830980539322,0,2024-11-07 10:00:00+00:00
5219,0.6648492217063904,0.13204164803028107,0.20310914516448975,0,2024-11-07 10:00:00+00:00
5220,0.6648492217063904,0.13204164803028107,0.20310914516448975,0,2024-11-07 11:00:00+00:00
5221,0.640244722366333,0.1289568990468979,0.2307983934879303,0,2024-11-07 11:00:00+00:00
5222,0.640244722366333,0.1289568990468979,0.2307983934879303,0,2024-11-07 12:00:00+00:00
5223,0.63519287109375,0.12960760295391083,0.23519955575466156,0,2024-11-07 12:00:00+00:00
5224,0.63519287109375,0.12960760295391083,0.23519955575466156,0,2024-11-07 13:00:00+00:00
5225,0.6260358691215515,0.14126282930374146,0.232701376080513,0,2024-11-07 13:00:00+00:00
5226,0.6260358691215515,0.14126282930374146,0.232701376080513,0,2024-11-07 14:00:00+00:00
5227,0.6368170976638794,0.1368393748998642,0.2263435274362564,0,2024-11-07 14:00:00+00:00
5228,0.6368170976638794,0.1368393748998642,0.2263435274362564,0,2024-11-07 15:00:00+00:00
5229,0.6091104745864868,0.14030024409294128,0.2505892217159271,0,2024-11-07 15:00:00+00:00
5230,0.6091104745864868,0.14030024409294128,0.2505892217159271,0,2024-11-07 16:00:00+00:00
5231,0.5735758543014526,0.1520565301179886,0.2743677496910095,0,2024-11-07 16:00:00+00:00
5232,0.5735758543014526,0.1520565301179886,0.2743677496910095,0,2024-11-07 17:00:00+00:00
5233,0.565621554851532,0.15877236425876617,0.2756060063838959,0,2024-11-07 17:00:00+00:00
5234,0.565621554851532,0.15877236425876617,0.2756060063838959,0,2024-11-07 18:00:00+00:00
5235,0.5321208238601685,0.16121962666511536,0.306659460067749,0,2024-11-07 18:00:00+00:00
5236,0.5321208238601685,0.16121962666511536,0.306659460067749,0,2024-11-07 19:00:00+00:00
5237,0.5417183041572571,0.15497158467769623,0.3033100962638855,0,2024-11-07 19:00:00+00:00
5238,0.5417183041572571,0.15497158467769623,0.3033100962638855,0,2024-11-07 20:00:00+00:00
5239,0.544893741607666,0.15347613394260406,0.30163004994392395,0,2024-11-07 20:00:00+00:00
5240,0.544893741607666,0.15347613394260406,0.30163004994392395,0,2024-11-07 21:00:00+00:00
5241,0.5211517810821533,0.1588463932275772,0.32000187039375305,0,2024-11-07 21:00:00+00:00
5242,0.5211517810821533,0.1588463932275772,0.32000187039375305,0,2024-11-07 22:00:00+00:00
5243,0.5387097597122192,0.14840318262577057,0.3128870129585266,0,2024-11-07 22:00:00+00:00
5244,0.5387097597122192,0.14840318262577057,0.3128870129585266,0,2024-11-07 23:00:00+00:00
5245,0.5436177253723145,0.145016610622406,0.31136554479599,0,2024-11-07 23:00:00+00:00
5246,0.5436177253723145,0.145016610622406,0.31136554479599,0,2024-11-08 00:00:00+00:00
5247,0.523241400718689,0.14697672426700592,0.3297818899154663,0,2024-11-08 00:00:00+00:00
5248,0.523241400718689,0.14697672426700592,0.3297818899154663,0,2024-11-08 01:00:00+00:00
5249,0.5122013092041016,0.1616198569536209,0.32617878913879395,0,2024-11-08 01:00:00+00:00
5250,0.5122013092041016,0.1616198569536209,0.32617878913879395,0,2024-11-08 02:00:00+00:00
5251,0.5299991369247437,0.14490513503551483,0.32509568333625793,0,2024-11-08 02:00:00+00:00
5252,0.5299991369247437,0.14490513503551483,0.32509568333625793,0,2024-11-08 03:00:00+00:00
5253,0.5385490655899048,0.14330728352069855,0.31814366579055786,0,2024-11-08 03:00:00+00:00
5254,0.5385490655899048,0.14330728352069855,0.31814366579055786,0,2024-11-08 04:00:00+00:00
5255,0.5191452503204346,0.1430947184562683,0.33776000142097473,0,2024-11-08 04:00:00+00:00
5256,0.5191452503204346,0.1430947184562683,0.33776000142097473,0,2024-11-08 05:00:00+00:00
5257,0.52933669090271,0.1390412598848343,0.33162200450897217,0,2024-11-08 05:00:00+00:00
5258,0.52933669090271,0.1390412598848343,0.33162200450897217,0,2024-11-08 06:00:00+00:00
5259,0.5466997623443604,0.13177676498889923,0.3215234875679016,0,2024-11-08 06:00:00+00:00
5260,0.5466997623443604,0.13177676498889923,0.3215234875679016,0,2024-11-08 07:00:00+00:00
5261,0.3431609869003296,0.23180359601974487,0.4250354468822479,2,2024-11-08 07:00:00+00:00
5262,0.3431609869003296,0.23180359601974487,0.4250354468822479,2,2024-11-08 08:00:00+00:00
5263,0.34785887598991394,0.22980399429798126,0.4223371744155884,2,2024-11-08 08:00:00+00:00
5264,0.34785887598991394,0.22980399429798126,0.4223371744155884,2,2024-11-08 09:00:00+00:00
5265,0.35359129309654236,0.22747072577476501,0.4189379811286926,2,2024-11-08 09:00:00+00:00
5266,0.35359129309654236,0.22747072577476501,0.4189379811286926,2,2024-11-08 10:00:00+00:00
5267,0.35085222125053406,0.22727978229522705,0.4218679368495941,2,2024-11-08 10:00:00+00:00
5268,0.35085222125053406,0.22727978229522705,0.4218679368495941,2,2024-11-08 11:00:00+00:00
5269,0.3509330153465271,0.22901184856891632,0.420055091381073,2,2024-11-08 11:00:00+00:00
5270,0.3509330153465271,0.22901184856891632,0.420055091381073,2,2024-11-08 12:00:00+00:00
5271,0.33768439292907715,0.2362319678068161,0.42608362436294556,2,2024-11-08 12:00:00+00:00
5272,0.33768439292907715,0.2362319678068161,0.42608362436294556,2,2024-11-08 13:00:00+00:00
5273,0.34154728055000305,0.23549102246761322,0.4229617714881897,2,2024-11-08 13:00:00+00:00
5274,0.34154728055000305,0.23549102246761322,0.4229617714881897,2,2024-11-08 14:00:00+00:00
5275,0.3373183608055115,0.23657166957855225,0.4261099100112915,2,2024-11-08 14:00:00+00:00
5276,0.3373183608055115,0.23657166957855225,0.4261099100112915,2,2024-11-08 15:00:00+00:00
5277,0.35685214400291443,0.25549763441085815,0.38765016198158264,2,2024-11-08 15:00:00+00:00
5278,0.35685214400291443,0.25549763441085815,0.38765016198158264,2,2024-11-08 16:00:00+00:00
5279,0.3689914047718048,0.2225150465965271,0.40849360823631287,2,2024-11-08 16:00:00+00:00
5280,0.3689914047718048,0.2225150465965271,0.40849360823631287,2,2024-11-08 17:00:00+00:00
5281,0.3681965172290802,0.22560341656208038,0.4062000513076782,2,2024-11-08 17:00:00+00:00
5282,0.3681965172290802,0.22560341656208038,0.4062000513076782,2,2024-11-08 18:00:00+00:00
5283,0.379534512758255,0.2203620821237564,0.400103360414505,2,2024-11-08 18:00:00+00:00
5284,0.379534512758255,0.2203620821237564,0.400103360414505,2,2024-11-08 19:00:00+00:00
5285,0.3909001350402832,0.21667809784412384,0.3924217224121094,2,2024-11-08 19:00:00+00:00
5286,0.3909001350402832,0.21667809784412384,0.3924217224121094,2,2024-11-08 20:00:00+00:00
5287,0.3910299241542816,0.21497125923633575,0.39399880170822144,2,2024-11-08 20:00:00+00:00
5288,0.3910299241542816,0.21497125923633575,0.39399880170822144,2,2024-11-08 22:00:00+00:00
5289,0.3923693895339966,0.20842589437961578,0.39920473098754883,2,2024-11-08 22:00:00+00:00
5290,0.3923693895339966,0.20842589437961578,0.39920473098754883,2,2024-11-08 23:00:00+00:00
5291,0.3873339891433716,0.20993024110794067,0.40273579955101013,2,2024-11-08 23:00:00+00:00
5292,0.3873339891433716,0.20993024110794067,0.40273579955101013,2,2024-11-09 00:00:00+00:00
5293,0.4020136296749115,0.21194517612457275,0.38604116439819336,0,2024-11-09 00:00:00+00:00
5294,0.4020136296749115,0.21194517612457275,0.38604116439819336,0,2024-11-09 01:00:00+00:00
5295,0.41558837890625,0.20227113366127014,0.38214051723480225,0,2024-11-09 01:00:00+00:00
5296,0.41558837890625,0.20227113366127014,0.38214051723480225,0,2024-11-09 02:00:00+00:00
5297,0.408465176820755,0.20765797793865204,0.38387683033943176,0,2024-11-09 02:00:00+00:00
5298,0.408465176820755,0.20765797793865204,0.38387683033943176,0,2024-11-09 04:00:00+00:00
5299,0.42282432317733765,0.19913847744464874,0.3780371844768524,0,2024-11-09 04:00:00+00:00
5300,0.42282432317733765,0.19913847744464874,0.3780371844768524,0,2024-11-09 05:00:00+00:00
5301,0.32220545411109924,0.1505000740289688,0.527294397354126,2,2024-11-09 05:00:00+00:00
5302,0.32220545411109924,0.1505000740289688,0.527294397354126,2,2024-11-09 06:00:00+00:00
5303,0.3097699284553528,0.15053139626979828,0.5396987199783325,2,2024-11-09 06:00:00+00:00
5304,0.3097699284553528,0.15053139626979828,0.5396987199783325,2,2024-11-09 07:00:00+00:00
5305,0.30578380823135376,0.15742701292037964,0.5367891788482666,2,2024-11-09 07:00:00+00:00
5306,0.30578380823135376,0.15742701292037964,0.5367891788482666,2,2024-11-09 08:00:00+00:00
5307,0.30696535110473633,0.1566162407398224,0.5364183783531189,2,2024-11-09 08:00:00+00:00
5308,0.30696535110473633,0.1566162407398224,0.5364183783531189,2,2024-11-09 09:00:00+00:00
5309,0.2848849892616272,0.16611020267009735,0.5490047931671143,2,2024-11-09 09:00:00+00:00
5310,0.2848849892616272,0.16611020267009735,0.5490047931671143,2,2024-11-09 10:00:00+00:00
5311,0.30119556188583374,0.15846191346645355,0.5403425097465515,2,2024-11-09 10:00:00+00:00
5312,0.30119556188583374,0.15846191346645355,0.5403425097465515,2,2024-11-09 11:00:00+00:00
5313,0.2988705337047577,0.15267685055732727,0.5484524965286255,2,2024-11-09 11:00:00+00:00
5314,0.2988705337047577,0.15267685055732727,0.5484524965286255,2,2024-11-09 12:00:00+00:00
5315,0.30036643147468567,0.16012758016586304,0.5395059585571289,2,2024-11-09 12:00:00+00:00
5316,0.30036643147468567,0.16012758016586304,0.5395059585571289,2,2024-11-09 13:00:00+00:00
5317,0.3021838665008545,0.1588340550661087,0.538982093334198,2,2024-11-09 13:00:00+00:00
5318,0.3021838665008545,0.1588340550661087,0.538982093334198,2,2024-11-09 14:00:00+00:00
5319,0.29840588569641113,0.1550496220588684,0.5465444326400757,2,2024-11-09 14:00:00+00:00
5320,0.29840588569641113,0.1550496220588684,0.5465444326400757,2,2024-11-09 15:00:00+00:00
5321,0.3333355486392975,0.1690722554922104,0.49759218096733093,2,2024-11-09 15:00:00+00:00
5322,0.3333355486392975,0.1690722554922104,0.49759218096733093,2,2024-11-09 16:00:00+00:00
5323,0.31894680857658386,0.16487300395965576,0.516180157661438,2,2024-11-09 16:00:00+00:00
5324,0.31894680857658386,0.16487300395965576,0.516180157661438,2,2024-11-09 17:00:00+00:00
5325,0.4413757622241974,0.15341335535049438,0.4052109122276306,0,2024-11-09 17:00:00+00:00
5326,0.4413757622241974,0.15341335535049438,0.4052109122276306,0,2024-11-09 18:00:00+00:00
5327,0.3438510298728943,0.17159636318683624,0.4845525026321411,2,2024-11-09 18:00:00+00:00
5328,0.3438510298728943,0.17159636318683624,0.4845525026321411,2,2024-11-09 19:00:00+00:00
5329,0.3274388313293457,0.1779245138168335,0.4946367144584656,2,2024-11-09 19:00:00+00:00
5330,0.3274388313293457,0.1779245138168335,0.4946367144584656,2,2024-11-09 20:00:00+00:00
5331,0.3272727131843567,0.16826625168323517,0.5044610500335693,2,2024-11-09 20:00:00+00:00
5332,0.3272727131843567,0.16826625168323517,0.5044610500335693,2,2024-11-09 21:00:00+00:00
5333,0.318947434425354,0.1779056042432785,0.5031470060348511,2,2024-11-09 21:00:00+00:00
5334,0.318947434425354,0.1779056042432785,0.5031470060348511,2,2024-11-09 22:00:00+00:00
5335,0.3051578104496002,0.1735418438911438,0.5213003158569336,2,2024-11-09 22:00:00+00:00
5336,0.3051578104496002,0.1735418438911438,0.5213003158569336,2,2024-11-09 23:00:00+00:00
5337,0.29854822158813477,0.1898055374622345,0.5116462111473083,2,2024-11-09 23:00:00+00:00
5338,0.29854822158813477,0.1898055374622345,0.5116462111473083,2,2024-11-10 00:00:00+00:00
5339,0.30489176511764526,0.1859763115644455,0.509131908416748,2,2024-11-10 00:00:00+00:00
5340,0.30489176511764526,0.1859763115644455,0.509131908416748,2,2024-11-10 01:00:00+00:00
5341,0.29323282837867737,0.19608773291110992,0.5106794834136963,2,2024-11-10 01:00:00+00:00
5342,0.29323282837867737,0.19608773291110992,0.5106794834136963,2,2024-11-10 02:00:00+00:00
5343,0.28648751974105835,0.21040824055671692,0.5031042098999023,2,2024-11-10 02:00:00+00:00
5344,0.28648751974105835,0.21040824055671692,0.5031042098999023,2,2024-11-10 03:00:00+00:00
5345,0.23592981696128845,0.20411859452724457,0.559951663017273,2,2024-11-10 03:00:00+00:00
5346,0.23592981696128845,0.20411859452724457,0.559951663017273,2,2024-11-10 04:00:00+00:00
5347,0.24647068977355957,0.22806791961193085,0.5254614353179932,2,2024-11-10 04:00:00+00:00
5348,0.24647068977355957,0.22806791961193085,0.5254614353179932,2,2024-11-10 05:00:00+00:00
5349,0.22349636256694794,0.2004096806049347,0.576093852519989,2,2024-11-10 05:00:00+00:00
5350,0.22349636256694794,0.2004096806049347,0.576093852519989,2,2024-11-10 06:00:00+00:00
5351,0.23663358390331268,0.18336330354213715,0.5800031423568726,2,2024-11-10 06:00:00+00:00
5352,0.23663358390331268,0.18336330354213715,0.5800031423568726,2,2024-11-10 07:00:00+00:00
5353,0.20702974498271942,0.20486532151699066,0.5881048440933228,2,2024-11-10 07:00:00+00:00
5354,0.20702974498271942,0.20486532151699066,0.5881048440933228,2,2024-11-10 08:00:00+00:00
5355,0.21745900809764862,0.2167416661977768,0.565799355506897,2,2024-11-10 08:00:00+00:00
5356,0.21745900809764862,0.2167416661977768,0.565799355506897,2,2024-11-10 09:00:00+00:00
5357,0.23066455125808716,0.22486604750156403,0.5444694757461548,2,2024-11-10 09:00:00+00:00
5358,0.23066455125808716,0.22486604750156403,0.5444694757461548,2,2024-11-10 10:00:00+00:00
5359,0.24460160732269287,0.233235701918602,0.5221627354621887,2,2024-11-10 10:00:00+00:00
5360,0.24460160732269287,0.233235701918602,0.5221627354621887,2,2024-11-10 11:00:00+00:00
5361,0.23452706634998322,0.23413020372390747,0.5313427448272705,2,2024-11-10 11:00:00+00:00
5362,0.23452706634998322,0.23413020372390747,0.5313427448272705,2,2024-11-10 12:00:00+00:00
5363,0.22261495888233185,0.22574104368686676,0.5516440272331238,2,2024-11-10 12:00:00+00:00
5364,0.22261495888233185,0.22574104368686676,0.5516440272331238,2,2024-11-10 13:00:00+00:00
5365,0.28103336691856384,0.23529766499996185,0.4836689829826355,2,2024-11-10 13:00:00+00:00
5366,0.28103336691856384,0.23529766499996185,0.4836689829826355,2,2024-11-10 14:00:00+00:00
5367,0.29991456866264343,0.24216772615909576,0.457917720079422,2,2024-11-10 14:00:00+00:00
5368,0.29991456866264343,0.24216772615909576,0.457917720079422,2,2024-11-10 15:00:00+00:00
5369,0.33835697174072266,0.24917325377464294,0.41246992349624634,2,2024-11-10 15:00:00+00:00
5370,0.33835697174072266,0.24917325377464294,0.41246992349624634,2,2024-11-10 16:00:00+00:00
5371,0.33369866013526917,0.2520444095134735,0.4142569601535797,2,2024-11-10 16:00:00+00:00
5372,0.33369866013526917,0.2520444095134735,0.4142569601535797,2,2024-11-10 17:00:00+00:00
5373,0.3862531781196594,0.25912562012672424,0.3546212315559387,0,2024-11-10 17:00:00+00:00
5374,0.3862531781196594,0.25912562012672424,0.3546212315559387,0,2024-11-10 18:00:00+00:00
5375,0.3789343237876892,0.2601301968097687,0.3609354496002197,0,2024-11-10 18:00:00+00:00
5376,0.3789343237876892,0.2601301968097687,0.3609354496002197,0,2024-11-10 20:00:00+00:00
5377,0.35556405782699585,0.2428501695394516,0.40158572793006897,2,2024-11-10 20:00:00+00:00
5378,0.35556405782699585,0.2428501695394516,0.40158572793006897,2,2024-11-10 21:00:00+00:00
5379,0.3277815878391266,0.22466671466827393,0.4475516676902771,2,2024-11-10 21:00:00+00:00
5380,0.3277815878391266,0.22466671466827393,0.4475516676902771,2,2024-11-10 22:00:00+00:00
5381,0.3204212784767151,0.23282136023044586,0.44675740599632263,2,2024-11-10 22:00:00+00:00
5382,0.3204212784767151,0.23282136023044586,0.44675740599632263,2,2024-11-10 23:00:00+00:00
5383,0.3162904679775238,0.23013870418071747,0.45357081294059753,2,2024-11-10 23:00:00+00:00
5384,0.3162904679775238,0.23013870418071747,0.45357081294059753,2,2024-11-11 00:00:00+00:00
5385,0.31916406750679016,0.2334531992673874,0.44738271832466125,2,2024-11-11 00:00:00+00:00
5386,0.31916406750679016,0.2334531992673874,0.44738271832466125,2,2024-11-11 01:00:00+00:00
5387,0.30418160557746887,0.22822096943855286,0.4675973653793335,2,2024-11-11 01:00:00+00:00
5388,0.30418160557746887,0.22822096943855286,0.4675973653793335,2,2024-11-11 02:00:00+00:00
5389,0.29581117630004883,0.23417526483535767,0.47001367807388306,2,2024-11-11 02:00:00+00:00
5390,0.29581117630004883,0.23417526483535767,0.47001367807388306,2,2024-11-11 03:00:00+00:00
5391,0.30950620770454407,0.22541075944900513,0.4650830328464508,2,2024-11-11 03:00:00+00:00
5392,0.30950620770454407,0.22541075944900513,0.4650830328464508,2,2024-11-11 04:00:00+00:00
5393,0.3043905794620514,0.2299005687236786,0.46570879220962524,2,2024-11-11 04:00:00+00:00
5394,0.3043905794620514,0.2299005687236786,0.46570879220962524,2,2024-11-11 05:00:00+00:00
5395,0.2712209224700928,0.2133849710226059,0.5153940916061401,2,2024-11-11 05:00:00+00:00
5396,0.2712209224700928,0.2133849710226059,0.5153940916061401,2,2024-11-11 06:00:00+00:00
5397,0.2079196274280548,0.18997341394424438,0.6021069288253784,2,2024-11-11 06:00:00+00:00
5398,0.2079196274280548,0.18997341394424438,0.6021069288253784,2,2024-11-11 07:00:00+00:00
5399,0.19471293687820435,0.1963765174150467,0.6089105606079102,2,2024-11-11 07:00:00+00:00
5400,0.19471293687820435,0.1963765174150467,0.6089105606079102,2,2024-11-11 08:00:00+00:00
5401,0.21590735018253326,0.2059466689825058,0.5781459808349609,2,2024-11-11 08:00:00+00:00
5402,0.21590735018253326,0.2059466689825058,0.5781459808349609,2,2024-11-11 10:00:00+00:00
5403,0.2913523316383362,0.22218626737594604,0.48646149039268494,2,2024-11-11 10:00:00+00:00
5404,0.2913523316383362,0.22218626737594604,0.48646149039268494,2,2024-11-11 11:00:00+00:00
5405,0.3290387690067291,0.2110653668642044,0.4598957896232605,2,2024-11-11 11:00:00+00:00
5406,0.3290387690067291,0.2110653668642044,0.4598957896232605,2,2024-11-11 12:00:00+00:00
5407,0.3249981701374054,0.20753534138202667,0.46746644377708435,2,2024-11-11 12:00:00+00:00
5408,0.3249981701374054,0.20753534138202667,0.46746644377708435,2,2024-11-11 13:00:00+00:00
5409,0.3427480161190033,0.22525079548358917,0.4320012032985687,2,2024-11-11 13:00:00+00:00
5410,0.3427480161190033,0.22525079548358917,0.4320012032985687,2,2024-11-11 14:00:00+00:00
5411,0.3535734713077545,0.22367291152477264,0.4227536916732788,2,2024-11-11 14:00:00+00:00
5412,0.3535734713077545,0.22367291152477264,0.4227536916732788,2,2024-11-11 15:00:00+00:00
5413,0.3543704152107239,0.22559814155101776,0.4200313985347748,2,2024-11-11 15:00:00+00:00
5414,0.3543704152107239,0.22559814155101776,0.4200313985347748,2,2024-11-11 16:00:00+00:00
5415,0.3189486563205719,0.22593064606189728,0.45512068271636963,2,2024-11-11 16:00:00+00:00
5416,0.3189486563205719,0.22593064606189728,0.45512068271636963,2,2024-11-11 18:00:00+00:00
5417,0.3265722692012787,0.22116950154304504,0.45225825905799866,2,2024-11-11 18:00:00+00:00
5418,0.3265722692012787,0.22116950154304504,0.45225825905799866,2,2024-11-11 19:00:00+00:00
5419,0.36042436957359314,0.22781027853488922,0.41176536679267883,2,2024-11-11 19:00:00+00:00
5420,0.36042436957359314,0.22781027853488922,0.41176536679267883,2,2024-11-11 20:00:00+00:00
5421,0.38797369599342346,0.23111110925674438,0.38091522455215454,0,2024-11-11 20:00:00+00:00
5422,0.38797369599342346,0.23111110925674438,0.38091522455215454,0,2024-11-11 22:00:00+00:00
5423,0.45136889815330505,0.2372053563594818,0.31142568588256836,0,2024-11-11 22:00:00+00:00
5424,0.45136889815330505,0.2372053563594818,0.31142568588256836,0,2024-11-11 23:00:00+00:00
5425,0.44629210233688354,0.24032029509544373,0.3133876323699951,0,2024-11-11 23:00:00+00:00
5426,0.44629210233688354,0.24032029509544373,0.3133876323699951,0,2024-11-12 00:00:00+00:00
5427,0.4490753412246704,0.2347802072763443,0.3161444365978241,0,2024-11-12 00:00:00+00:00
5428,0.4490753412246704,0.2347802072763443,0.3161444365978241,0,2024-11-12 02:00:00+00:00
5429,0.41745877265930176,0.22756876051425934,0.35497260093688965,0,2024-11-12 02:00:00+00:00
5430,0.41745877265930176,0.22756876051425934,0.35497260093688965,0,2024-11-12 03:00:00+00:00
5431,0.40570229291915894,0.2284475713968277,0.36585018038749695,0,2024-11-12 03:00:00+00:00
5432,0.40570229291915894,0.2284475713968277,0.36585018038749695,0,2024-11-12 04:00:00+00:00
5433,0.4424211084842682,0.22777442634105682,0.329804390668869,0,2024-11-12 04:00:00+00:00
5434,0.4424211084842682,0.22777442634105682,0.329804390668869,0,2024-11-12 05:00:00+00:00
5435,0.41930773854255676,0.22762125730514526,0.35307106375694275,0,2024-11-12 05:00:00+00:00
5436,0.41930773854255676,0.22762125730514526,0.35307106375694275,0,2024-11-12 06:00:00+00:00
5437,0.4079670011997223,0.22995726764202118,0.3620758056640625,0,2024-11-12 06:00:00+00:00
5438,0.4079670011997223,0.22995726764202118,0.3620758056640625,0,2024-11-12 07:00:00+00:00
5439,0.4189877212047577,0.22639669477939606,0.35461556911468506,0,2024-11-12 07:00:00+00:00
5440,0.4189877212047577,0.22639669477939606,0.35461556911468506,0,2024-11-12 08:00:00+00:00
5441,0.43594464659690857,0.2207375466823578,0.34331780672073364,0,2024-11-12 08:00:00+00:00
5442,0.43594464659690857,0.2207375466823578,0.34331780672073364,0,2024-11-12 09:00:00+00:00
5443,0.389316588640213,0.23491598665714264,0.37576737999916077,0,2024-11-12 09:00:00+00:00
5444,0.389316588640213,0.23491598665714264,0.37576737999916077,0,2024-11-12 12:00:00+00:00
5445,0.33274170756340027,0.20714795589447021,0.46011030673980713,2,2024-11-12 12:00:00+00:00
5446,0.33274170756340027,0.20714795589447021,0.46011030673980713,2,2024-11-12 15:00:00+00:00
5447,0.2982383668422699,0.22708968818187714,0.4746719002723694,2,2024-11-12 15:00:00+00:00
5448,0.2982383668422699,0.22708968818187714,0.4746719002723694,2,2024-11-12 17:00:00+00:00
5449,0.33819127082824707,0.23894058167934418,0.4228680431842804,2,2024-11-12 17:00:00+00:00
5450,0.33819127082824707,0.23894058167934418,0.4228680431842804,2,2024-11-12 18:00:00+00:00
5451,0.34781625866889954,0.22881992161273956,0.4233638048171997,2,2024-11-12 18:00:00+00:00
5452,0.34781625866889954,0.22881992161273956,0.4233638048171997,2,2024-11-12 19:00:00+00:00
5453,0.3232908546924591,0.22035366296768188,0.45635542273521423,2,2024-11-12 19:00:00+00:00
5454,0.3232908546924591,0.22035366296768188,0.45635542273521423,2,2024-11-12 20:00:00+00:00
5455,0.32823383808135986,0.21519440412521362,0.4565717577934265,2,2024-11-12 20:00:00+00:00
5456,0.32823383808135986,0.21519440412521362,0.4565717577934265,2,2024-11-12 22:00:00+00:00
5457,0.3288416266441345,0.21223551034927368,0.4589228332042694,2,2024-11-12 22:00:00+00:00
5458,0.3288416266441345,0.21223551034927368,0.4589228332042694,2,2024-11-12 23:00:00+00:00
5459,0.3249955177307129,0.22115226089954376,0.45385223627090454,2,2024-11-12 23:00:00+00:00
5460,0.3249955177307129,0.22115226089954376,0.45385223627090454,2,2024-11-13 00:00:00+00:00
5461,0.32485929131507874,0.21492899954319,0.46021175384521484,2,2024-11-13 00:00:00+00:00
5462,0.32485929131507874,0.21492899954319,0.46021175384521484,2,2024-11-13 01:00:00+00:00
5463,0.3088732063770294,0.1984398365020752,0.4926869571208954,2,2024-11-13 01:00:00+00:00
5464,0.3088732063770294,0.1984398365020752,0.4926869571208954,2,2024-11-13 02:00:00+00:00
5465,0.33335185050964355,0.20450766384601593,0.46214038133621216,2,2024-11-13 02:00:00+00:00
5466,0.33335185050964355,0.20450766384601593,0.46214038133621216,2,2024-11-13 03:00:00+00:00
5467,0.3200477361679077,0.19516830146312714,0.48478394746780396,2,2024-11-13 03:00:00+00:00
5468,0.3200477361679077,0.19516830146312714,0.48478394746780396,2,2024-11-13 04:00:00+00:00
5469,0.3379008173942566,0.18149812519550323,0.4806010127067566,2,2024-11-13 04:00:00+00:00
5470,0.3379008173942566,0.18149812519550323,0.4806010127067566,2,2024-11-13 06:00:00+00:00
5471,0.3651788532733917,0.17889553308486938,0.4559256136417389,2,2024-11-13 06:00:00+00:00
5472,0.3651788532733917,0.17889553308486938,0.4559256136417389,2,2024-11-13 07:00:00+00:00
5473,0.37738722562789917,0.16881638765335083,0.45379638671875,2,2024-11-13 07:00:00+00:00
5474,0.37738722562789917,0.16881638765335083,0.45379638671875,2,2024-11-13 08:00:00+00:00
5475,0.3530125021934509,0.17390774190425873,0.4730798602104187,2,2024-11-13 08:00:00+00:00
5476,0.3530125021934509,0.17390774190425873,0.4730798602104187,2,2024-11-13 09:00:00+00:00
5477,0.3504229784011841,0.1709834635257721,0.4785935580730438,2,2024-11-13 09:00:00+00:00
5478,0.3504229784011841,0.1709834635257721,0.4785935580730438,2,2024-11-13 10:00:00+00:00
5479,0.27463793754577637,0.1694164127111435,0.555945634841919,2,2024-11-13 10:00:00+00:00
5480,0.27463793754577637,0.1694164127111435,0.555945634841919,2,2024-11-13 11:00:00+00:00
5481,0.28338876366615295,0.1721465140581131,0.5444647669792175,2,2024-11-13 11:00:00+00:00
5482,0.28338876366615295,0.1721465140581131,0.5444647669792175,2,2024-11-13 13:00:00+00:00
5483,0.2662387788295746,0.1901317983865738,0.5436294674873352,2,2024-11-13 13:00:00+00:00
5484,0.2662387788295746,0.1901317983865738,0.5436294674873352,2,2024-11-13 14:00:00+00:00
5485,0.29416218400001526,0.2483929693698883,0.4574448764324188,2,2024-11-13 14:00:00+00:00
5486,0.29416218400001526,0.2483929693698883,0.4574448764324188,2,2024-11-13 18:00:00+00:00
5487,0.41270124912261963,0.2446698546409607,0.34262892603874207,0,2024-11-13 18:00:00+00:00
5488,0.41270124912261963,0.2446698546409607,0.34262892603874207,0,2024-11-13 20:00:00+00:00
5489,0.2779605984687805,0.32366642355918884,0.398373007774353,2,2024-11-13 20:00:00+00:00
5490,0.2779605984687805,0.32366642355918884,0.398373007774353,2,2024-11-13 21:00:00+00:00
5491,0.30747878551483154,0.24915562570095062,0.44336560368537903,2,2024-11-13 21:00:00+00:00
5492,0.30747878551483154,0.24915562570095062,0.44336560368537903,2,2024-11-13 22:00:00+00:00
5493,0.2897028923034668,0.23545625805854797,0.47484090924263,2,2024-11-13 22:00:00+00:00
5494,0.2897028923034668,0.23545625805854797,0.47484090924263,2,2024-11-13 23:00:00+00:00
5495,0.28230878710746765,0.2218472957611084,0.4958440065383911,2,2024-11-13 23:00:00+00:00
5496,0.28230878710746765,0.2218472957611084,0.4958440065383911,2,2024-11-14 00:00:00+00:00
5497,0.3130979835987091,0.2313283085823059,0.4555736780166626,2,2024-11-14 00:00:00+00:00
5498,0.3130979835987091,0.2313283085823059,0.4555736780166626,2,2024-11-14 01:00:00+00:00
5499,0.32740068435668945,0.2414538562297821,0.43114548921585083,2,2024-11-14 01:00:00+00:00
5500,0.32740068435668945,0.2414538562297821,0.43114548921585083,2,2024-11-14 03:00:00+00:00
5501,0.36614200472831726,0.24642488360404968,0.38743311166763306,2,2024-11-14 03:00:00+00:00
5502,0.36614200472831726,0.24642488360404968,0.38743311166763306,2,2024-11-14 04:00:00+00:00
5503,0.41527387499809265,0.24837590754032135,0.3363502025604248,0,2024-11-14 04:00:00+00:00
5504,0.41527387499809265,0.24837590754032135,0.3363502025604248,0,2024-11-14 05:00:00+00:00
5505,0.3967324197292328,0.24297423660755157,0.36029335856437683,0,2024-11-14 05:00:00+00:00
5506,0.3967324197292328,0.24297423660755157,0.36029335856437683,0,2024-11-14 06:00:00+00:00
5507,0.40627968311309814,0.24543461203575134,0.3482857048511505,0,2024-11-14 06:00:00+00:00
5508,0.40627968311309814,0.24543461203575134,0.3482857048511505,0,2024-11-14 07:00:00+00:00
5509,0.37060993909835815,0.2405328005552292,0.38885724544525146,2,2024-11-14 07:00:00+00:00
5510,0.37060993909835815,0.2405328005552292,0.38885724544525146,2,2024-11-14 08:00:00+00:00
5511,0.3897536098957062,0.24630174040794373,0.36394456028938293,0,2024-11-14 08:00:00+00:00
5512,0.3897536098957062,0.24630174040794373,0.36394456028938293,0,2024-11-14 09:00:00+00:00
5513,0.3735818564891815,0.23877757787704468,0.3876405358314514,2,2024-11-14 09:00:00+00:00
5514,0.3735818564891815,0.23877757787704468,0.3876405358314514,2,2024-11-14 10:00:00+00:00
5515,0.37933990359306335,0.2365938276052475,0.38406631350517273,2,2024-11-14 10:00:00+00:00
5516,0.37933990359306335,0.2365938276052475,0.38406631350517273,2,2024-11-14 11:00:00+00:00
5517,0.3265528380870819,0.2199024111032486,0.4535447061061859,2,2024-11-14 11:00:00+00:00
5518,0.3265528380870819,0.2199024111032486,0.4535447061061859,2,2024-11-14 12:00:00+00:00
5519,0.3370513916015625,0.24177825450897217,0.4211703836917877,2,2024-11-14 12:00:00+00:00
5520,0.3370513916015625,0.24177825450897217,0.4211703836917877,2,2024-11-14 13:00:00+00:00
5521,0.28745678067207336,0.21592238545417786,0.49662089347839355,2,2024-11-14 13:00:00+00:00
5522,0.28745678067207336,0.21592238545417786,0.49662089347839355,2,2024-11-14 14:00:00+00:00
5523,0.28721883893013,0.2268802523612976,0.48590096831321716,2,2024-11-14 14:00:00+00:00
5524,0.28721883893013,0.2268802523612976,0.48590096831321716,2,2024-11-14 15:00:00+00:00
5525,0.2733599543571472,0.22250159084796906,0.5041384696960449,2,2024-11-14 15:00:00+00:00
5526,0.2733599543571472,0.22250159084796906,0.5041384696960449,2,2024-11-14 16:00:00+00:00
5527,0.273283988237381,0.22962912917137146,0.49708691239356995,2,2024-11-14 16:00:00+00:00
5528,0.273283988237381,0.22962912917137146,0.49708691239356995,2,2024-11-14 17:00:00+00:00
5529,0.3099411129951477,0.24647080898284912,0.4435880780220032,2,2024-11-14 17:00:00+00:00
5530,0.3099411129951477,0.24647080898284912,0.4435880780220032,2,2024-11-14 18:00:00+00:00
5531,0.30107951164245605,0.2477588653564453,0.45116156339645386,2,2024-11-14 18:00:00+00:00
5532,0.30107951164245605,0.2477588653564453,0.45116156339645386,2,2024-11-14 19:00:00+00:00
5533,0.28411024808883667,0.23039065301418304,0.48549917340278625,2,2024-11-14 19:00:00+00:00
5534,0.28411024808883667,0.23039065301418304,0.48549917340278625,2,2024-11-14 20:00:00+00:00
5535,0.36280226707458496,0.2507658302783966,0.38643190264701843,2,2024-11-14 20:00:00+00:00
5536,0.36280226707458496,0.2507658302783966,0.38643190264701843,2,2024-11-14 21:00:00+00:00
5537,0.34970909357070923,0.25042155385017395,0.3998694121837616,2,2024-11-14 21:00:00+00:00
5538,0.34970909357070923,0.25042155385017395,0.3998694121837616,2,2024-11-14 22:00:00+00:00
5539,0.3654029965400696,0.24119296669960022,0.3934040069580078,2,2024-11-14 22:00:00+00:00
5540,0.3654029965400696,0.24119296669960022,0.3934040069580078,2,2024-11-14 23:00:00+00:00
5541,0.3387346863746643,0.23984290659427643,0.42142242193222046,2,2024-11-14 23:00:00+00:00
5542,0.3387346863746643,0.23984290659427643,0.42142242193222046,2,2024-11-15 00:00:00+00:00
5543,0.3293887972831726,0.22835803031921387,0.4422532021999359,2,2024-11-15 00:00:00+00:00
5544,0.3293887972831726,0.22835803031921387,0.4422532021999359,2,2024-11-15 01:00:00+00:00
5545,0.3283821642398834,0.19941356778144836,0.4722043573856354,2,2024-11-15 01:00:00+00:00
5546,0.3283821642398834,0.19941356778144836,0.4722043573856354,2,2024-11-15 02:00:00+00:00
5547,0.29361090064048767,0.17882461845874786,0.5275644659996033,2,2024-11-15 02:00:00+00:00
5548,0.29361090064048767,0.17882461845874786,0.5275644659996033,2,2024-11-15 03:00:00+00:00
5549,0.31645816564559937,0.1936827003955841,0.4898592233657837,2,2024-11-15 03:00:00+00:00
5550,0.31645816564559937,0.1936827003955841,0.4898592233657837,2,2024-11-15 04:00:00+00:00
5551,0.30762356519699097,0.18425734341144562,0.5081191658973694,2,2024-11-15 04:00:00+00:00
5552,0.30762356519699097,0.18425734341144562,0.5081191658973694,2,2024-11-15 05:00:00+00:00
5553,0.33001530170440674,0.17135074734687805,0.4986340403556824,2,2024-11-15 05:00:00+00:00
5554,0.33001530170440674,0.17135074734687805,0.4986340403556824,2,2024-11-15 07:00:00+00:00
5555,0.3193640410900116,0.17975832521915436,0.5008776783943176,2,2024-11-15 07:00:00+00:00
5556,0.3193640410900116,0.17975832521915436,0.5008776783943176,2,2024-11-15 08:00:00+00:00
5557,0.3477523922920227,0.17975959181785583,0.47248807549476624,2,2024-11-15 08:00:00+00:00
5558,0.3477523922920227,0.17975959181785583,0.47248807549476624,2,2024-11-15 09:00:00+00:00
5559,0.2967567443847656,0.17835475504398346,0.5248884558677673,2,2024-11-15 09:00:00+00:00
5560,0.2967567443847656,0.17835475504398346,0.5248884558677673,2,2024-11-15 10:00:00+00:00
5561,0.2733909785747528,0.19509916007518768,0.5315098166465759,2,2024-11-15 10:00:00+00:00
5562,0.2733909785747528,0.19509916007518768,0.5315098166465759,2,2024-11-15 11:00:00+00:00
5563,0.2832636833190918,0.1951599419116974,0.5215763449668884,2,2024-11-15 11:00:00+00:00
5564,0.2832636833190918,0.1951599419116974,0.5215763449668884,2,2024-11-15 12:00:00+00:00
5565,0.28773483633995056,0.1969873309135437,0.5152778029441833,2,2024-11-15 12:00:00+00:00
5566,0.28773483633995056,0.1969873309135437,0.5152778029441833,2,2024-11-15 13:00:00+00:00
5567,0.28728634119033813,0.2242957502603531,0.4884178340435028,2,2024-11-15 13:00:00+00:00
5568,0.28728634119033813,0.2242957502603531,0.4884178340435028,2,2024-11-15 14:00:00+00:00
5569,0.3034116327762604,0.24853283166885376,0.44805556535720825,2,2024-11-15 14:00:00+00:00
5570,0.3034116327762604,0.24853283166885376,0.44805556535720825,2,2024-11-15 15:00:00+00:00
5571,0.32973477244377136,0.2519488036632538,0.41831648349761963,2,2024-11-15 15:00:00+00:00
5572,0.32973477244377136,0.2519488036632538,0.41831648349761963,2,2024-11-15 16:00:00+00:00
5573,0.3355723023414612,0.2405247986316681,0.42390286922454834,2,2024-11-15 16:00:00+00:00
5574,0.3355723023414612,0.2405247986316681,0.42390286922454834,2,2024-11-15 17:00:00+00:00
5575,0.2624398171901703,0.2679170072078705,0.46964311599731445,2,2024-11-15 17:00:00+00:00
5576,0.2624398171901703,0.2679170072078705,0.46964311599731445,2,2024-11-15 18:00:00+00:00
5577,0.3009110391139984,0.25158751010894775,0.4475013315677643,2,2024-11-15 18:00:00+00:00
5578,0.3009110391139984,0.25158751010894775,0.4475013315677643,2,2024-11-15 19:00:00+00:00
5579,0.31830400228500366,0.2375487983226776,0.4441471993923187,2,2024-11-15 19:00:00+00:00
5580,0.31830400228500366,0.2375487983226776,0.4441471993923187,2,2024-11-15 20:00:00+00:00
5581,0.30634188652038574,0.2436477541923523,0.4500102996826172,2,2024-11-15 20:00:00+00:00
5582,0.30634188652038574,0.2436477541923523,0.4500102996826172,2,2024-11-15 22:00:00+00:00
5583,0.3299463093280792,0.22550669312477112,0.44454699754714966,2,2024-11-15 22:00:00+00:00
5584,0.3299463093280792,0.22550669312477112,0.44454699754714966,2,2024-11-15 23:00:00+00:00
5585,0.36523333191871643,0.22439835965633392,0.41036832332611084,2,2024-11-15 23:00:00+00:00
5586,0.36523333191871643,0.22439835965633392,0.41036832332611084,2,2024-11-16 00:00:00+00:00
5587,0.41547515988349915,0.23378928005695343,0.35073554515838623,0,2024-11-16 00:00:00+00:00
5588,0.41547515988349915,0.23378928005695343,0.35073554515838623,0,2024-11-16 01:00:00+00:00
5589,0.38744881749153137,0.24694697558879852,0.36560410261154175,0,2024-11-16 01:00:00+00:00
5590,0.38744881749153137,0.24694697558879852,0.36560410261154175,0,2024-11-16 02:00:00+00:00
5591,0.3900315463542938,0.23680903017520905,0.37315940856933594,0,2024-11-16 02:00:00+00:00
5592,0.3900315463542938,0.23680903017520905,0.37315940856933594,0,2024-11-16 03:00:00+00:00
5593,0.36554455757141113,0.23243694007396698,0.4020185172557831,2,2024-11-16 03:00:00+00:00
5594,0.36554455757141113,0.23243694007396698,0.4020185172557831,2,2024-11-16 04:00:00+00:00
5595,0.41830340027809143,0.23597590625286102,0.3457205891609192,0,2024-11-16 04:00:00+00:00
5596,0.41830340027809143,0.23597590625286102,0.3457205891609192,0,2024-11-16 05:00:00+00:00
5597,0.41536593437194824,0.24095025658607483,0.34368374943733215,0,2024-11-16 05:00:00+00:00
5598,0.41536593437194824,0.24095025658607483,0.34368374943733215,0,2024-11-16 06:00:00+00:00
5599,0.3996943533420563,0.23960323631763458,0.36070242524147034,0,2024-11-16 06:00:00+00:00
5600,0.3996943533420563,0.23960323631763458,0.36070242524147034,0,2024-11-16 07:00:00+00:00
5601,0.33172500133514404,0.2311994433403015,0.43707555532455444,2,2024-11-16 07:00:00+00:00
5602,0.33172500133514404,0.2311994433403015,0.43707555532455444,2,2024-11-16 08:00:00+00:00
5603,0.3584940433502197,0.23227450251579285,0.4092314541339874,2,2024-11-16 08:00:00+00:00
5604,0.3584940433502197,0.23227450251579285,0.4092314541339874,2,2024-11-16 09:00:00+00:00
5605,0.35134157538414,0.22822318971157074,0.4204351305961609,2,2024-11-16 09:00:00+00:00
5606,0.35134157538414,0.22822318971157074,0.4204351305961609,2,2024-11-16 10:00:00+00:00
5607,0.35371485352516174,0.22173765301704407,0.42454755306243896,2,2024-11-16 10:00:00+00:00
5608,0.35371485352516174,0.22173765301704407,0.42454755306243896,2,2024-11-16 13:00:00+00:00
5609,0.38542819023132324,0.24222946166992188,0.37234243750572205,0,2024-11-16 13:00:00+00:00
5610,0.38542819023132324,0.24222946166992188,0.37234243750572205,0,2024-11-16 14:00:00+00:00
5611,0.3760770261287689,0.2382306158542633,0.38569238781929016,2,2024-11-16 14:00:00+00:00
5612,0.3760770261287689,0.2382306158542633,0.38569238781929016,2,2024-11-16 15:00:00+00:00
5613,0.40999141335487366,0.24914613366127014,0.3408624231815338,0,2024-11-16 15:00:00+00:00
5614,0.40999141335487366,0.24914613366127014,0.3408624231815338,0,2024-11-16 16:00:00+00:00
5615,0.42867007851600647,0.254405677318573,0.31692421436309814,0,2024-11-16 16:00:00+00:00
5616,0.42867007851600647,0.254405677318573,0.31692421436309814,0,2024-11-16 17:00:00+00:00
5617,0.4505240321159363,0.2553541362285614,0.2941218316555023,0,2024-11-16 17:00:00+00:00
5618,0.4505240321159363,0.2553541362285614,0.2941218316555023,0,2024-11-16 18:00:00+00:00
5619,0.43566519021987915,0.25562170147895813,0.30871307849884033,0,2024-11-16 18:00:00+00:00
5620,0.43566519021987915,0.25562170147895813,0.30871307849884033,0,2024-11-16 19:00:00+00:00
5621,0.4331125319004059,0.25014665722846985,0.3167407214641571,0,2024-11-16 19:00:00+00:00
5622,0.4331125319004059,0.25014665722846985,0.3167407214641571,0,2024-11-16 20:00:00+00:00
5623,0.3828110694885254,0.24989354610443115,0.36729544401168823,0,2024-11-16 20:00:00+00:00
5624,0.3828110694885254,0.24989354610443115,0.36729544401168823,0,2024-11-16 21:00:00+00:00
5625,0.39778420329093933,0.2410019189119339,0.36121389269828796,0,2024-11-16 21:00:00+00:00
5626,0.39778420329093933,0.2410019189119339,0.36121389269828796,0,2024-11-16 22:00:00+00:00
5627,0.35102683305740356,0.21015818417072296,0.43881508708000183,2,2024-11-16 22:00:00+00:00
5628,0.35102683305740356,0.21015818417072296,0.43881508708000183,2,2024-11-16 23:00:00+00:00
5629,0.33512449264526367,0.20558764040470123,0.45928797125816345,2,2024-11-16 23:00:00+00:00
5630,0.33512449264526367,0.20558764040470123,0.45928797125816345,2,2024-11-17 00:00:00+00:00
5631,0.331983745098114,0.22554677724838257,0.4424695074558258,2,2024-11-17 00:00:00+00:00
5632,0.331983745098114,0.22554677724838257,0.4424695074558258,2,2024-11-17 01:00:00+00:00
5633,0.3135310411453247,0.2218790352344513,0.46459001302719116,2,2024-11-17 01:00:00+00:00
5634,0.3135310411453247,0.2218790352344513,0.46459001302719116,2,2024-11-17 03:00:00+00:00
5635,0.24480493366718292,0.21785187721252441,0.5373431444168091,2,2024-11-17 03:00:00+00:00
5636,0.24480493366718292,0.21785187721252441,0.5373431444168091,2,2024-11-17 04:00:00+00:00
5637,0.28585705161094666,0.20277541875839233,0.5113674402236938,2,2024-11-17 04:00:00+00:00
5638,0.28585705161094666,0.20277541875839233,0.5113674402236938,2,2024-11-17 05:00:00+00:00
5639,0.31015077233314514,0.1846761256456375,0.5051730871200562,2,2024-11-17 05:00:00+00:00
5640,0.31015077233314514,0.1846761256456375,0.5051730871200562,2,2024-11-17 06:00:00+00:00
5641,0.36355841159820557,0.22374281287193298,0.41269874572753906,2,2024-11-17 06:00:00+00:00
5642,0.36355841159820557,0.22374281287193298,0.41269874572753906,2,2024-11-17 07:00:00+00:00
5643,0.39375969767570496,0.24225550889968872,0.36398473381996155,0,2024-11-17 07:00:00+00:00
5644,0.39375969767570496,0.24225550889968872,0.36398473381996155,0,2024-11-17 08:00:00+00:00
5645,0.3763638436794281,0.22776080667972565,0.3958752453327179,2,2024-11-17 08:00:00+00:00
5646,0.3763638436794281,0.22776080667972565,0.3958752453327179,2,2024-11-17 10:00:00+00:00
5647,0.38856950402259827,0.23732353746891022,0.3741070032119751,0,2024-11-17 10:00:00+00:00
5648,0.38856950402259827,0.23732353746891022,0.3741070032119751,0,2024-11-17 11:00:00+00:00
5649,0.385459840297699,0.24575166404247284,0.3687885105609894,0,2024-11-17 11:00:00+00:00
5650,0.385459840297699,0.24575166404247284,0.3687885105609894,0,2024-11-17 12:00:00+00:00
5651,0.3863404393196106,0.2425144761800766,0.37114500999450684,0,2024-11-17 12:00:00+00:00
5652,0.3863404393196106,0.2425144761800766,0.37114500999450684,0,2024-11-17 13:00:00+00:00
5653,0.3815692067146301,0.24025395512580872,0.37817680835723877,0,2024-11-17 13:00:00+00:00
5654,0.3815692067146301,0.24025395512580872,0.37817680835723877,0,2024-11-17 14:00:00+00:00
5655,0.3824599087238312,0.2350202202796936,0.38251984119415283,2,2024-11-17 14:00:00+00:00
5656,0.3824599087238312,0.2350202202796936,0.38251984119415283,2,2024-11-17 15:00:00+00:00
5657,0.3962439298629761,0.23659935593605042,0.36715665459632874,0,2024-11-17 15:00:00+00:00
5658,0.3962439298629761,0.23659935593605042,0.36715665459632874,0,2024-11-17 16:00:00+00:00
5659,0.42593204975128174,0.24895218014717102,0.32511577010154724,0,2024-11-17 16:00:00+00:00
5660,0.42593204975128174,0.24895218014717102,0.32511577010154724,0,2024-11-17 17:00:00+00:00
5661,0.42794570326805115,0.2278982400894165,0.34415608644485474,0,2024-11-17 17:00:00+00:00
5662,0.42794570326805115,0.2278982400894165,0.34415608644485474,0,2024-11-17 18:00:00+00:00
5663,0.42560118436813354,0.2328009456396103,0.34159785509109497,0,2024-11-17 18:00:00+00:00
5664,0.42560118436813354,0.2328009456396103,0.34159785509109497,0,2024-11-17 19:00:00+00:00
5665,0.41103434562683105,0.22486205399036407,0.36410364508628845,0,2024-11-17 19:00:00+00:00
5666,0.41103434562683105,0.22486205399036407,0.36410364508628845,0,2024-11-17 20:00:00+00:00
5667,0.40794676542282104,0.22492191195487976,0.3671312630176544,0,2024-11-17 20:00:00+00:00
5668,0.40794676542282104,0.22492191195487976,0.3671312630176544,0,2024-11-17 21:00:00+00:00
5669,0.3995403051376343,0.22737713158130646,0.37308263778686523,0,2024-11-17 21:00:00+00:00
5670,0.3995403051376343,0.22737713158130646,0.37308263778686523,0,2024-11-17 22:00:00+00:00
5671,0.3907034695148468,0.22165805101394653,0.38763850927352905,0,2024-11-17 22:00:00+00:00
5672,0.3907034695148468,0.22165805101394653,0.38763850927352905,0,2024-11-17 23:00:00+00:00
5673,0.43489328026771545,0.2226019650697708,0.3425048887729645,0,2024-11-17 23:00:00+00:00
5674,0.43489328026771545,0.2226019650697708,0.3425048887729645,0,2024-11-18 00:00:00+00:00
5675,0.41311225295066833,0.22043046355247498,0.3664572834968567,0,2024-11-18 00:00:00+00:00
5676,0.41311225295066833,0.22043046355247498,0.3664572834968567,0,2024-11-18 01:00:00+00:00
5677,0.3931601643562317,0.22007569670677185,0.38676416873931885,0,2024-11-18 01:00:00+00:00
5678,0.3931601643562317,0.22007569670677185,0.38676416873931885,0,2024-11-18 02:00:00+00:00
5679,0.3938967287540436,0.21097059547901154,0.39513257145881653,2,2024-11-18 02:00:00+00:00
5680,0.3938967287540436,0.21097059547901154,0.39513257145881653,2,2024-11-18 03:00:00+00:00
5681,0.39172518253326416,0.22272942960262299,0.38554543256759644,0,2024-11-18 03:00:00+00:00
5682,0.39172518253326416,0.22272942960262299,0.38554543256759644,0,2024-11-18 04:00:00+00:00
5683,0.27216005325317383,0.23359240591526031,0.4942474961280823,2,2024-11-18 04:00:00+00:00
5684,0.27216005325317383,0.23359240591526031,0.4942474961280823,2,2024-11-18 05:00:00+00:00
5685,0.2472349852323532,0.21789991855621338,0.5348650813102722,2,2024-11-18 05:00:00+00:00
5686,0.2472349852323532,0.21789991855621338,0.5348650813102722,2,2024-11-18 06:00:00+00:00
5687,0.24288780987262726,0.21800577640533447,0.5391064286231995,2,2024-11-18 06:00:00+00:00
5688,0.24288780987262726,0.21800577640533447,0.5391064286231995,2,2024-11-18 07:00:00+00:00
5689,0.2540682554244995,0.23162294924259186,0.5143086910247803,2,2024-11-18 07:00:00+00:00
5690,0.2540682554244995,0.23162294924259186,0.5143086910247803,2,2024-11-18 08:00:00+00:00
5691,0.2589680552482605,0.22333773970603943,0.5176941752433777,2,2024-11-18 08:00:00+00:00
5692,0.2589680552482605,0.22333773970603943,0.5176941752433777,2,2024-11-18 09:00:00+00:00
5693,0.25914615392684937,0.22347670793533325,0.5173770785331726,2,2024-11-18 09:00:00+00:00
5694,0.25914615392684937,0.22347670793533325,0.5173770785331726,2,2024-11-18 11:00:00+00:00
5695,0.24652642011642456,0.2413260042667389,0.5121475458145142,2,2024-11-18 11:00:00+00:00
5696,0.24652642011642456,0.2413260042667389,0.5121475458145142,2,2024-11-18 12:00:00+00:00
5697,0.30503013730049133,0.23047494888305664,0.464494913816452,2,2024-11-18 12:00:00+00:00
5698,0.30503013730049133,0.23047494888305664,0.464494913816452,2,2024-11-18 13:00:00+00:00
5699,0.3079174757003784,0.22543859481811523,0.46664395928382874,2,2024-11-18 13:00:00+00:00
5700,0.3079174757003784,0.22543859481811523,0.46664395928382874,2,2024-11-18 14:00:00+00:00
5701,0.3222298324108124,0.241892009973526,0.43587809801101685,2,2024-11-18 14:00:00+00:00
5702,0.3222298324108124,0.241892009973526,0.43587809801101685,2,2024-11-18 15:00:00+00:00
5703,0.31363359093666077,0.22610750794410706,0.4602588713169098,2,2024-11-18 15:00:00+00:00
5704,0.31363359093666077,0.22610750794410706,0.4602588713169098,2,2024-11-18 16:00:00+00:00
5705,0.3399190902709961,0.2444632649421692,0.4156176447868347,2,2024-11-18 16:00:00+00:00
5706,0.3399190902709961,0.2444632649421692,0.4156176447868347,2,2024-11-18 17:00:00+00:00
5707,0.356258749961853,0.24804438650608063,0.39569687843322754,2,2024-11-18 17:00:00+00:00
5708,0.356258749961853,0.24804438650608063,0.39569687843322754,2,2024-11-18 18:00:00+00:00
5709,0.36513838171958923,0.24588166177272797,0.3889799118041992,2,2024-11-18 18:00:00+00:00
5710,0.36513838171958923,0.24588166177272797,0.3889799118041992,2,2024-11-18 19:00:00+00:00
5711,0.36556926369667053,0.25279247760772705,0.38163819909095764,2,2024-11-18 19:00:00+00:00
5712,0.36556926369667053,0.25279247760772705,0.38163819909095764,2,2024-11-18 20:00:00+00:00
5713,0.3235747814178467,0.2435564249753952,0.43286874890327454,2,2024-11-18 20:00:00+00:00
5714,0.3235747814178467,0.2435564249753952,0.43286874890327454,2,2024-11-18 21:00:00+00:00
5715,0.3134039640426636,0.23429645597934723,0.452299565076828,2,2024-11-18 21:00:00+00:00
5716,0.3134039640426636,0.23429645597934723,0.452299565076828,2,2024-11-18 22:00:00+00:00
5717,0.413023442029953,0.2544541358947754,0.33252236247062683,0,2024-11-18 22:00:00+00:00
5718,0.413023442029953,0.2544541358947754,0.33252236247062683,0,2024-11-18 23:00:00+00:00
5719,0.39865708351135254,0.25522926449775696,0.3461137115955353,0,2024-11-18 23:00:00+00:00
5720,0.39865708351135254,0.25522926449775696,0.3461137115955353,0,2024-11-19 00:00:00+00:00
5721,0.39102327823638916,0.2507719397544861,0.3582048714160919,0,2024-11-19 00:00:00+00:00
5722,0.39102327823638916,0.2507719397544861,0.3582048714160919,0,2024-11-19 01:00:00+00:00
5723,0.4292682409286499,0.24801746010780334,0.32271426916122437,0,2024-11-19 01:00:00+00:00
5724,0.4292682409286499,0.24801746010780334,0.32271426916122437,0,2024-11-19 02:00:00+00:00
5725,0.3910951018333435,0.24192968010902405,0.36697521805763245,0,2024-11-19 02:00:00+00:00
5726,0.3910951018333435,0.24192968010902405,0.36697521805763245,0,2024-11-19 03:00:00+00:00
5727,0.37563756108283997,0.24449153244495392,0.3798709511756897,2,2024-11-19 03:00:00+00:00
5728,0.37563756108283997,0.24449153244495392,0.3798709511756897,2,2024-11-19 04:00:00+00:00
5729,0.28544682264328003,0.24261720478534698,0.47193604707717896,2,2024-11-19 04:00:00+00:00
5730,0.28544682264328003,0.24261720478534698,0.47193604707717896,2,2024-11-19 05:00:00+00:00
5731,0.3193884491920471,0.2475295066833496,0.43308207392692566,2,2024-11-19 05:00:00+00:00
5732,0.3193884491920471,0.2475295066833496,0.43308207392692566,2,2024-11-19 06:00:00+00:00
5733,0.32970061898231506,0.2344582974910736,0.4358411431312561,2,2024-11-19 06:00:00+00:00
5734,0.32970061898231506,0.2344582974910736,0.4358411431312561,2,2024-11-19 07:00:00+00:00
5735,0.2991183400154114,0.22853340208530426,0.472348153591156,2,2024-11-19 07:00:00+00:00
5736,0.2991183400154114,0.22853340208530426,0.472348153591156,2,2024-11-19 08:00:00+00:00
5737,0.3043022155761719,0.2488328069448471,0.4468650221824646,2,2024-11-19 08:00:00+00:00
5738,0.3043022155761719,0.2488328069448471,0.4468650221824646,2,2024-11-19 09:00:00+00:00
5739,0.3033353388309479,0.24030883610248566,0.4563557505607605,2,2024-11-19 09:00:00+00:00
5740,0.3033353388309479,0.24030883610248566,0.4563557505607605,2,2024-11-19 10:00:00+00:00
5741,0.27887892723083496,0.23212063312530518,0.48900049924850464,2,2024-11-19 10:00:00+00:00
5742,0.27887892723083496,0.23212063312530518,0.48900049924850464,2,2024-11-19 11:00:00+00:00
5743,0.26469624042510986,0.23481307923793793,0.500490665435791,2,2024-11-19 11:00:00+00:00
5744,0.26469624042510986,0.23481307923793793,0.500490665435791,2,2024-11-19 12:00:00+00:00
5745,0.3114246726036072,0.231492280960083,0.4570830166339874,2,2024-11-19 12:00:00+00:00
5746,0.3114246726036072,0.231492280960083,0.4570830166339874,2,2024-11-19 13:00:00+00:00
5747,0.3225126266479492,0.24708423018455505,0.43040311336517334,2,2024-11-19 13:00:00+00:00
5748,0.3225126266479492,0.24708423018455505,0.43040311336517334,2,2024-11-19 14:00:00+00:00
5749,0.3489704132080078,0.25360721349716187,0.3974224030971527,2,2024-11-19 14:00:00+00:00
5750,0.3489704132080078,0.25360721349716187,0.3974224030971527,2,2024-11-19 15:00:00+00:00
5751,0.31411537528038025,0.2694869637489319,0.4163976013660431,2,2024-11-19 15:00:00+00:00
5752,0.31411537528038025,0.2694869637489319,0.4163976013660431,2,2024-11-19 17:00:00+00:00
5753,0.37521955370903015,0.2595980167388916,0.365182489156723,0,2024-11-19 17:00:00+00:00
5754,0.37521955370903015,0.2595980167388916,0.365182489156723,0,2024-11-19 18:00:00+00:00
5755,0.3969765603542328,0.2644035816192627,0.33861997723579407,0,2024-11-19 18:00:00+00:00
5756,0.3969765603542328,0.2644035816192627,0.33861997723579407,0,2024-11-19 19:00:00+00:00
5757,0.4194987118244171,0.24912889301776886,0.3313724100589752,0,2024-11-19 19:00:00+00:00
5758,0.4194987118244171,0.24912889301776886,0.3313724100589752,0,2024-11-19 20:00:00+00:00
5759,0.48585912585258484,0.2585177719593048,0.2556230425834656,0,2024-11-19 20:00:00+00:00
5760,0.48585912585258484,0.2585177719593048,0.2556230425834656,0,2024-11-19 21:00:00+00:00
5761,0.3552341163158417,0.23461498320102692,0.4101508557796478,2,2024-11-19 21:00:00+00:00
5762,0.3552341163158417,0.23461498320102692,0.4101508557796478,2,2024-11-19 22:00:00+00:00
5763,0.3032377064228058,0.20471708476543427,0.49204525351524353,2,2024-11-19 22:00:00+00:00
5764,0.3032377064228058,0.20471708476543427,0.49204525351524353,2,2024-11-19 23:00:00+00:00
5765,0.30518344044685364,0.19418562948703766,0.5006309151649475,2,2024-11-19 23:00:00+00:00
5766,0.30518344044685364,0.19418562948703766,0.5006309151649475,2,2024-11-20 00:00:00+00:00
5767,0.3246464431285858,0.20725877583026886,0.46809473633766174,2,2024-11-20 00:00:00+00:00
5768,0.3246464431285858,0.20725877583026886,0.46809473633766174,2,2024-11-20 01:00:00+00:00
5769,0.34807488322257996,0.20526228845119476,0.4466628134250641,2,2024-11-20 01:00:00+00:00
5770,0.34807488322257996,0.20526228845119476,0.4466628134250641,2,2024-11-20 02:00:00+00:00
5771,0.30574971437454224,0.19252990186214447,0.5017203688621521,2,2024-11-20 02:00:00+00:00
5772,0.30574971437454224,0.19252990186214447,0.5017203688621521,2,2024-11-20 03:00:00+00:00
5773,0.2835707664489746,0.1913565844297409,0.5250726342201233,2,2024-11-20 03:00:00+00:00
5774,0.2835707664489746,0.1913565844297409,0.5250726342201233,2,2024-11-20 04:00:00+00:00
5775,0.2705228626728058,0.1853632926940918,0.54411381483078,2,2024-11-20 04:00:00+00:00
5776,0.2705228626728058,0.1853632926940918,0.54411381483078,2,2024-11-20 05:00:00+00:00
5777,0.2812332212924957,0.18018291890621185,0.5385839939117432,2,2024-11-20 05:00:00+00:00
5778,0.2812332212924957,0.18018291890621185,0.5385839939117432,2,2024-11-20 06:00:00+00:00
5779,0.30381760001182556,0.20775629580020905,0.4884260296821594,2,2024-11-20 06:00:00+00:00
5780,0.30381760001182556,0.20775629580020905,0.4884260296821594,2,2024-11-20 07:00:00+00:00
5781,0.2988489270210266,0.2094903439283371,0.4916606545448303,2,2024-11-20 07:00:00+00:00
5782,0.2988489270210266,0.2094903439283371,0.4916606545448303,2,2024-11-20 08:00:00+00:00
5783,0.3165496289730072,0.2185295969247818,0.46492087841033936,2,2024-11-20 08:00:00+00:00
5784,0.3165496289730072,0.2185295969247818,0.46492087841033936,2,2024-11-20 09:00:00+00:00
5785,0.2615198791027069,0.21084219217300415,0.5276378393173218,2,2024-11-20 09:00:00+00:00
5786,0.2615198791027069,0.21084219217300415,0.5276378393173218,2,2024-11-20 10:00:00+00:00
5787,0.27296414971351624,0.20477132499217987,0.5222645401954651,2,2024-11-20 10:00:00+00:00
5788,0.27296414971351624,0.20477132499217987,0.5222645401954651,2,2024-11-20 11:00:00+00:00
5789,0.2727009952068329,0.19861756265163422,0.5286815166473389,2,2024-11-20 11:00:00+00:00
5790,0.2727009952068329,0.19861756265163422,0.5286815166473389,2,2024-11-20 12:00:00+00:00
5791,0.26203280687332153,0.20579893887043,0.5321683287620544,2,2024-11-20 12:00:00+00:00
5792,0.26203280687332153,0.20579893887043,0.5321683287620544,2,2024-11-20 13:00:00+00:00
5793,0.29945769906044006,0.2115979790687561,0.48894432187080383,2,2024-11-20 13:00:00+00:00
5794,0.29945769906044006,0.2115979790687561,0.48894432187080383,2,2024-11-20 14:00:00+00:00
5795,0.3662913143634796,0.2429477423429489,0.3907608985900879,2,2024-11-20 14:00:00+00:00
5796,0.3662913143634796,0.2429477423429489,0.3907608985900879,2,2024-11-20 15:00:00+00:00
5797,0.3299696445465088,0.2690061926841736,0.4010242223739624,2,2024-11-20 15:00:00+00:00
5798,0.3299696445465088,0.2690061926841736,0.4010242223739624,2,2024-11-20 16:00:00+00:00
5799,0.24748282134532928,0.2942948341369629,0.4582223892211914,2,2024-11-20 16:00:00+00:00
5800,0.24748282134532928,0.2942948341369629,0.4582223892211914,2,2024-11-20 19:00:00+00:00
5801,0.21868611872196198,0.20411954820156097,0.577194333076477,2,2024-11-20 19:00:00+00:00
5802,0.21868611872196198,0.20411954820156097,0.577194333076477,2,2024-11-20 20:00:00+00:00
5803,0.2281082570552826,0.1953296810388565,0.5765621662139893,2,2024-11-20 20:00:00+00:00
5804,0.2281082570552826,0.1953296810388565,0.5765621662139893,2,2024-11-20 21:00:00+00:00
5805,0.2847007215023041,0.2115868479013443,0.5037124156951904,2,2024-11-20 21:00:00+00:00
5806,0.2847007215023041,0.2115868479013443,0.5037124156951904,2,2024-11-20 22:00:00+00:00
5807,0.367533802986145,0.2240987867116928,0.40836745500564575,2,2024-11-20 22:00:00+00:00
5808,0.367533802986145,0.2240987867116928,0.40836745500564575,2,2024-11-20 23:00:00+00:00
5809,0.3851679563522339,0.22718286514282227,0.38764920830726624,2,2024-11-20 23:00:00+00:00
5810,0.3851679563522339,0.22718286514282227,0.38764920830726624,2,2024-11-21 00:00:00+00:00
5811,0.30292168259620667,0.19756560027599335,0.4995127320289612,2,2024-11-21 00:00:00+00:00
5812,0.30292168259620667,0.19756560027599335,0.4995127320289612,2,2024-11-21 01:00:00+00:00
5813,0.3123942017555237,0.19822269678115845,0.48938310146331787,2,2024-11-21 01:00:00+00:00
5814,0.3123942017555237,0.19822269678115845,0.48938310146331787,2,2024-11-21 02:00:00+00:00
5815,0.3541358709335327,0.20500631630420685,0.440857857465744,2,2024-11-21 02:00:00+00:00
5816,0.3541358709335327,0.20500631630420685,0.440857857465744,2,2024-11-21 03:00:00+00:00
5817,0.36278510093688965,0.18969464302062988,0.44752028584480286,2,2024-11-21 03:00:00+00:00
5818,0.36278510093688965,0.18969464302062988,0.44752028584480286,2,2024-11-21 04:00:00+00:00
5819,0.3695831596851349,0.20613132417201996,0.4242853820323944,2,2024-11-21 04:00:00+00:00
5820,0.3695831596851349,0.20613132417201996,0.4242853820323944,2,2024-11-21 06:00:00+00:00
5821,0.3932238221168518,0.22291874885559082,0.3838573694229126,0,2024-11-21 06:00:00+00:00
5822,0.3932238221168518,0.22291874885559082,0.3838573694229126,0,2024-11-21 07:00:00+00:00
5823,0.33560240268707275,0.23149186372756958,0.43290573358535767,2,2024-11-21 07:00:00+00:00
5824,0.33560240268707275,0.23149186372756958,0.43290573358535767,2,2024-11-21 08:00:00+00:00
5825,0.3735254108905792,0.2021726369857788,0.4243018925189972,2,2024-11-21 08:00:00+00:00
5826,0.3735254108905792,0.2021726369857788,0.4243018925189972,2,2024-11-21 09:00:00+00:00
5827,0.3660735785961151,0.20588983595371246,0.4280366003513336,2,2024-11-21 09:00:00+00:00
5828,0.3660735785961151,0.20588983595371246,0.4280366003513336,2,2024-11-21 10:00:00+00:00
5829,0.3664218783378601,0.2148878574371338,0.41869035363197327,2,2024-11-21 10:00:00+00:00
5830,0.3664218783378601,0.2148878574371338,0.41869035363197327,2,2024-11-21 12:00:00+00:00
5831,0.3689230978488922,0.21977967023849487,0.4112972617149353,2,2024-11-21 12:00:00+00:00
5832,0.3689230978488922,0.21977967023849487,0.4112972617149353,2,2024-11-21 14:00:00+00:00
5833,0.38033244013786316,0.21230833232402802,0.40735924243927,2,2024-11-21 14:00:00+00:00
5834,0.38033244013786316,0.21230833232402802,0.40735924243927,2,2024-11-21 15:00:00+00:00
5835,0.3734140992164612,0.24782057106494904,0.37876537442207336,2,2024-11-21 15:00:00+00:00
5836,0.3734140992164612,0.24782057106494904,0.37876537442207336,2,2024-11-21 16:00:00+00:00
5837,0.3554234504699707,0.2582690119743347,0.38630756735801697,2,2024-11-21 16:00:00+00:00
5838,0.3554234504699707,0.2582690119743347,0.38630756735801697,2,2024-11-21 17:00:00+00:00
5839,0.41426679491996765,0.24539148807525635,0.34034162759780884,0,2024-11-21 17:00:00+00:00
5840,0.41426679491996765,0.24539148807525635,0.34034162759780884,0,2024-11-21 19:00:00+00:00
5841,0.4015687108039856,0.26623713970184326,0.33219417929649353,0,2024-11-21 19:00:00+00:00
5842,0.4015687108039856,0.26623713970184326,0.33219417929649353,0,2024-11-21 20:00:00+00:00
5843,0.4154016971588135,0.2677115797996521,0.316886842250824,0,2024-11-21 20:00:00+00:00
5844,0.4154016971588135,0.2677115797996521,0.316886842250824,0,2024-11-21 21:00:00+00:00
5845,0.420573890209198,0.255313515663147,0.32411259412765503,0,2024-11-21 21:00:00+00:00
5846,0.420573890209198,0.255313515663147,0.32411259412765503,0,2024-11-21 22:00:00+00:00
5847,0.40330806374549866,0.2597106695175171,0.3369812071323395,0,2024-11-21 22:00:00+00:00
5848,0.40330806374549866,0.2597106695175171,0.3369812071323395,0,2024-11-21 23:00:00+00:00
5849,0.4220380187034607,0.24145656824111938,0.33650538325309753,0,2024-11-21 23:00:00+00:00
5850,0.4220380187034607,0.24145656824111938,0.33650538325309753,0,2024-11-22 00:00:00+00:00
5851,0.4102381765842438,0.23989291489124298,0.3498689830303192,0,2024-11-22 00:00:00+00:00
5852,0.4102381765842438,0.23989291489124298,0.3498689830303192,0,2024-11-22 01:00:00+00:00
5853,0.37889665365219116,0.25180351734161377,0.36929985880851746,0,2024-11-22 01:00:00+00:00
5854,0.37889665365219116,0.25180351734161377,0.36929985880851746,0,2024-11-22 02:00:00+00:00
5855,0.4135363698005676,0.24060937762260437,0.3458543121814728,0,2024-11-22 02:00:00+00:00
5856,0.4135363698005676,0.24060937762260437,0.3458543121814728,0,2024-11-22 03:00:00+00:00
5857,0.422787070274353,0.23765650391578674,0.33955636620521545,0,2024-11-22 03:00:00+00:00
5858,0.422787070274353,0.23765650391578674,0.33955636620521545,0,2024-11-22 04:00:00+00:00
5859,0.3919123411178589,0.2491191178560257,0.35896846652030945,0,2024-11-22 04:00:00+00:00
5860,0.3919123411178589,0.2491191178560257,0.35896846652030945,0,2024-11-22 05:00:00+00:00
5861,0.377878874540329,0.24207060039043427,0.38005051016807556,2,2024-11-22 05:00:00+00:00
5862,0.377878874540329,0.24207060039043427,0.38005051016807556,2,2024-11-22 06:00:00+00:00
5863,0.395055890083313,0.2332158386707306,0.37172824144363403,0,2024-11-22 06:00:00+00:00
5864,0.395055890083313,0.2332158386707306,0.37172824144363403,0,2024-11-22 07:00:00+00:00
5865,0.406023234128952,0.23761503398418427,0.3563617467880249,0,2024-11-22 07:00:00+00:00
5866,0.406023234128952,0.23761503398418427,0.3563617467880249,0,2024-11-22 08:00:00+00:00
5867,0.4185830056667328,0.23825803399085999,0.3431588411331177,0,2024-11-22 08:00:00+00:00
5868,0.4185830056667328,0.23825803399085999,0.3431588411331177,0,2024-11-22 10:00:00+00:00
5869,0.41849395632743835,0.22656992077827454,0.3549361526966095,0,2024-11-22 10:00:00+00:00
5870,0.41849395632743835,0.22656992077827454,0.3549361526966095,0,2024-11-22 11:00:00+00:00
5871,0.38741952180862427,0.22364205121994019,0.38893842697143555,2,2024-11-22 11:00:00+00:00
5872,0.38741952180862427,0.22364205121994019,0.38893842697143555,2,2024-11-22 12:00:00+00:00
5873,0.4316513240337372,0.22650761902332306,0.3418411612510681,0,2024-11-22 12:00:00+00:00
5874,0.4316513240337372,0.22650761902332306,0.3418411612510681,0,2024-11-22 13:00:00+00:00
5875,0.43732234835624695,0.23097418248653412,0.33170345425605774,0,2024-11-22 13:00:00+00:00
5876,0.43732234835624695,0.23097418248653412,0.33170345425605774,0,2024-11-22 14:00:00+00:00
5877,0.3493068814277649,0.24140620231628418,0.40928685665130615,2,2024-11-22 14:00:00+00:00
5878,0.3493068814277649,0.24140620231628418,0.40928685665130615,2,2024-11-22 15:00:00+00:00
5879,0.3184160888195038,0.2492794692516327,0.4323044717311859,2,2024-11-22 15:00:00+00:00
5880,0.3184160888195038,0.2492794692516327,0.4323044717311859,2,2024-11-22 16:00:00+00:00
5881,0.38914695382118225,0.24393591284751892,0.3669171631336212,0,2024-11-22 16:00:00+00:00
5882,0.38914695382118225,0.24393591284751892,0.3669171631336212,0,2024-11-22 17:00:00+00:00
5883,0.3241751790046692,0.23666022717952728,0.4391646385192871,2,2024-11-22 17:00:00+00:00
5884,0.3241751790046692,0.23666022717952728,0.4391646385192871,2,2024-11-22 18:00:00+00:00
5885,0.30116456747055054,0.2325819432735443,0.46625345945358276,2,2024-11-22 18:00:00+00:00
5886,0.30116456747055054,0.2325819432735443,0.46625345945358276,2,2024-11-22 19:00:00+00:00
5887,0.2764666974544525,0.23171037435531616,0.4918229877948761,2,2024-11-22 19:00:00+00:00
5888,0.2764666974544525,0.23171037435531616,0.4918229877948761,2,2024-11-22 20:00:00+00:00
5889,0.33404654264450073,0.24714934825897217,0.4188041388988495,2,2024-11-22 20:00:00+00:00
5890,0.33404654264450073,0.24714934825897217,0.4188041388988495,2,2024-11-22 21:00:00+00:00
5891,0.34781837463378906,0.23595945537090302,0.4162222146987915,2,2024-11-22 21:00:00+00:00
5892,0.34781837463378906,0.23595945537090302,0.4162222146987915,2,2024-11-22 22:00:00+00:00
5893,0.35557448863983154,0.22603845596313477,0.4183870851993561,2,2024-11-22 22:00:00+00:00
5894,0.35557448863983154,0.22603845596313477,0.4183870851993561,2,2024-11-22 23:00:00+00:00
5895,0.2699541747570038,0.21484686434268951,0.5151989459991455,2,2024-11-22 23:00:00+00:00
5896,0.2699541747570038,0.21484686434268951,0.5151989459991455,2,2024-11-23 00:00:00+00:00
5897,0.2952660024166107,0.21606343984603882,0.4886704981327057,2,2024-11-23 00:00:00+00:00
5898,0.2952660024166107,0.21606343984603882,0.4886704981327057,2,2024-11-23 02:00:00+00:00
5899,0.3036312162876129,0.22357653081417084,0.47279226779937744,2,2024-11-23 02:00:00+00:00
5900,0.3036312162876129,0.22357653081417084,0.47279226779937744,2,2024-11-23 03:00:00+00:00
5901,0.27303972840309143,0.22158269584178925,0.5053775310516357,2,2024-11-23 03:00:00+00:00
5902,0.27303972840309143,0.22158269584178925,0.5053775310516357,2,2024-11-23 04:00:00+00:00
5903,0.25093743205070496,0.2058565616607666,0.543205976486206,2,2024-11-23 04:00:00+00:00
5904,0.25093743205070496,0.2058565616607666,0.543205976486206,2,2024-11-23 05:00:00+00:00
5905,0.27699851989746094,0.2252001017332077,0.49780136346817017,2,2024-11-23 05:00:00+00:00
5906,0.27699851989746094,0.2252001017332077,0.49780136346817017,2,2024-11-23 06:00:00+00:00
5907,0.26761752367019653,0.20849503576755524,0.5238873958587646,2,2024-11-23 06:00:00+00:00
5908,0.26761752367019653,0.20849503576755524,0.5238873958587646,2,2024-11-23 07:00:00+00:00
5909,0.2528077960014343,0.2006676197052002,0.5465244650840759,2,2024-11-23 07:00:00+00:00
5910,0.2528077960014343,0.2006676197052002,0.5465244650840759,2,2024-11-23 08:00:00+00:00
5911,0.25229620933532715,0.2048926204442978,0.5428111553192139,2,2024-11-23 08:00:00+00:00
5912,0.25229620933532715,0.2048926204442978,0.5428111553192139,2,2024-11-23 09:00:00+00:00
5913,0.26715153455734253,0.2090727835893631,0.5237756371498108,2,2024-11-23 09:00:00+00:00
5914,0.26715153455734253,0.2090727835893631,0.5237756371498108,2,2024-11-23 10:00:00+00:00
5915,0.2565509080886841,0.19738386571407318,0.5460652709007263,2,2024-11-23 10:00:00+00:00
5916,0.2565509080886841,0.19738386571407318,0.5460652709007263,2,2024-11-23 11:00:00+00:00
5917,0.2752663791179657,0.20354804396629333,0.5211855173110962,2,2024-11-23 11:00:00+00:00
5918,0.2752663791179657,0.20354804396629333,0.5211855173110962,2,2024-11-23 12:00:00+00:00
5919,0.2637026309967041,0.2001238316297531,0.5361734628677368,2,2024-11-23 12:00:00+00:00
5920,0.2637026309967041,0.2001238316297531,0.5361734628677368,2,2024-11-23 13:00:00+00:00
5921,0.2761653661727905,0.2047487199306488,0.5190858840942383,2,2024-11-23 13:00:00+00:00
5922,0.2761653661727905,0.2047487199306488,0.5190858840942383,2,2024-11-23 14:00:00+00:00
5923,0.32000401616096497,0.2151390165090561,0.4648570418357849,2,2024-11-23 14:00:00+00:00
5924,0.32000401616096497,0.2151390165090561,0.4648570418357849,2,2024-11-23 15:00:00+00:00
5925,0.3600463569164276,0.22096367180347443,0.41898995637893677,2,2024-11-23 15:00:00+00:00
5926,0.3600463569164276,0.22096367180347443,0.41898995637893677,2,2024-11-23 16:00:00+00:00
5927,0.2943015992641449,0.2141629010438919,0.4915354549884796,2,2024-11-23 16:00:00+00:00
5928,0.2943015992641449,0.2141629010438919,0.4915354549884796,2,2024-11-23 18:00:00+00:00
5929,0.3108086884021759,0.2116953283548355,0.4774959087371826,2,2024-11-23 18:00:00+00:00
5930,0.3108086884021759,0.2116953283548355,0.4774959087371826,2,2024-11-23 19:00:00+00:00
5931,0.39381176233291626,0.21441207826137543,0.3917762041091919,0,2024-11-23 19:00:00+00:00
5932,0.39381176233291626,0.21441207826137543,0.3917762041091919,0,2024-11-23 20:00:00+00:00
5933,0.39687010645866394,0.22470739483833313,0.3784225285053253,0,2024-11-23 20:00:00+00:00
5934,0.39687010645866394,0.22470739483833313,0.3784225285053253,0,2024-11-23 21:00:00+00:00
5935,0.35735023021698,0.22693170607089996,0.415718138217926,2,2024-11-23 21:00:00+00:00
5936,0.35735023021698,0.22693170607089996,0.415718138217926,2,2024-11-23 22:00:00+00:00
5937,0.3707846999168396,0.21010412275791168,0.4191111922264099,2,2024-11-23 22:00:00+00:00
5938,0.3707846999168396,0.21010412275791168,0.4191111922264099,2,2024-11-23 23:00:00+00:00
5939,0.40444549918174744,0.21733708679676056,0.378217488527298,0,2024-11-23 23:00:00+00:00
5940,0.40444549918174744,0.21733708679676056,0.378217488527298,0,2024-11-24 00:00:00+00:00
5941,0.3687417507171631,0.20263180136680603,0.4286263883113861,2,2024-11-24 00:00:00+00:00
5942,0.3687417507171631,0.20263180136680603,0.4286263883113861,2,2024-11-24 01:00:00+00:00
5943,0.3935390114784241,0.20085133612155914,0.40560975670814514,2,2024-11-24 01:00:00+00:00
5944,0.3935390114784241,0.20085133612155914,0.40560975670814514,2,2024-11-24 02:00:00+00:00
5945,0.3650239109992981,0.21385475993156433,0.4211213290691376,2,2024-11-24 02:00:00+00:00
5946,0.3650239109992981,0.21385475993156433,0.4211213290691376,2,2024-11-24 03:00:00+00:00
5947,0.39755120873451233,0.20572760701179504,0.39672115445137024,0,2024-11-24 03:00:00+00:00
5948,0.39755120873451233,0.20572760701179504,0.39672115445137024,0,2024-11-24 04:00:00+00:00
5949,0.3477943539619446,0.19544236361980438,0.45676329731941223,2,2024-11-24 04:00:00+00:00
5950,0.3477943539619446,0.19544236361980438,0.45676329731941223,2,2024-11-24 05:00:00+00:00
5951,0.2740146219730377,0.18968169391155243,0.5363037586212158,2,2024-11-24 05:00:00+00:00
5952,0.2740146219730377,0.18968169391155243,0.5363037586212158,2,2024-11-24 06:00:00+00:00
5953,0.27443262934684753,0.18576495349407196,0.5398023724555969,2,2024-11-24 06:00:00+00:00
5954,0.27443262934684753,0.18576495349407196,0.5398023724555969,2,2024-11-24 07:00:00+00:00
5955,0.3086857497692108,0.1810544729232788,0.5102598071098328,2,2024-11-24 07:00:00+00:00
5956,0.3086857497692108,0.1810544729232788,0.5102598071098328,2,2024-11-24 08:00:00+00:00
5957,0.30034807324409485,0.1828603595495224,0.5167916417121887,2,2024-11-24 08:00:00+00:00
5958,0.30034807324409485,0.1828603595495224,0.5167916417121887,2,2024-11-24 09:00:00+00:00
5959,0.30542847514152527,0.18190476298332214,0.5126668810844421,2,2024-11-24 09:00:00+00:00
5960,0.30542847514152527,0.18190476298332214,0.5126668810844421,2,2024-11-24 10:00:00+00:00
5961,0.30283835530281067,0.1890057921409607,0.508155882358551,2,2024-11-24 10:00:00+00:00
5962,0.30283835530281067,0.1890057921409607,0.508155882358551,2,2024-11-24 12:00:00+00:00
5963,0.43017834424972534,0.17373500764369965,0.39608675241470337,0,2024-11-24 12:00:00+00:00
5964,0.43017834424972534,0.17373500764369965,0.39608675241470337,0,2024-11-24 13:00:00+00:00
5965,0.40731170773506165,0.18547159433364868,0.40721672773361206,0,2024-11-24 13:00:00+00:00
5966,0.40731170773506165,0.18547159433364868,0.40721672773361206,0,2024-11-24 14:00:00+00:00
5967,0.34385910630226135,0.17287608981132507,0.4832647740840912,2,2024-11-24 14:00:00+00:00
5968,0.34385910630226135,0.17287608981132507,0.4832647740840912,2,2024-11-24 15:00:00+00:00
5969,0.3669815957546234,0.16706031560897827,0.4659580886363983,2,2024-11-24 15:00:00+00:00
5970,0.3669815957546234,0.16706031560897827,0.4659580886363983,2,2024-11-24 17:00:00+00:00
5971,0.37007200717926025,0.1621256321668625,0.4678023159503937,2,2024-11-24 17:00:00+00:00
5972,0.37007200717926025,0.1621256321668625,0.4678023159503937,2,2024-11-24 19:00:00+00:00
5973,0.37134480476379395,0.1577405035495758,0.4709146320819855,2,2024-11-24 19:00:00+00:00
5974,0.37134480476379395,0.1577405035495758,0.4709146320819855,2,2024-11-24 20:00:00+00:00
5975,0.37519073486328125,0.16271880269050598,0.4620903730392456,2,2024-11-24 20:00:00+00:00
5976,0.37519073486328125,0.16271880269050598,0.4620903730392456,2,2024-11-24 21:00:00+00:00
5977,0.37245455384254456,0.16310206055641174,0.4644433557987213,2,2024-11-24 21:00:00+00:00
5978,0.37245455384254456,0.16310206055641174,0.4644433557987213,2,2024-11-24 22:00:00+00:00
5979,0.3637363314628601,0.15973630547523499,0.4765273332595825,2,2024-11-24 22:00:00+00:00
5980,0.3637363314628601,0.15973630547523499,0.4765273332595825,2,2024-11-24 23:00:00+00:00
5981,0.3642117381095886,0.16762247681617737,0.46816566586494446,2,2024-11-24 23:00:00+00:00
5982,0.3642117381095886,0.16762247681617737,0.46816566586494446,2,2024-11-25 00:00:00+00:00
5983,0.3771318793296814,0.1776917576789856,0.44517645239830017,2,2024-11-25 00:00:00+00:00
5984,0.3771318793296814,0.1776917576789856,0.44517645239830017,2,2024-11-25 01:00:00+00:00
5985,0.3547258675098419,0.17175817489624023,0.47351598739624023,2,2024-11-25 01:00:00+00:00
5986,0.3547258675098419,0.17175817489624023,0.47351598739624023,2,2024-11-25 02:00:00+00:00
5987,0.33750197291374207,0.16181214153766632,0.5006858706474304,2,2024-11-25 02:00:00+00:00
5988,0.33750197291374207,0.16181214153766632,0.5006858706474304,2,2024-11-25 03:00:00+00:00
5989,0.34086304903030396,0.1581854224205017,0.5009515285491943,2,2024-11-25 03:00:00+00:00
5990,0.34086304903030396,0.1581854224205017,0.5009515285491943,2,2024-11-25 04:00:00+00:00
5991,0.3474949598312378,0.16880744695663452,0.4836976230144501,2,2024-11-25 04:00:00+00:00
5992,0.3474949598312378,0.16880744695663452,0.4836976230144501,2,2024-11-25 05:00:00+00:00
5993,0.3401353061199188,0.17520533502101898,0.4846593737602234,2,2024-11-25 05:00:00+00:00
5994,0.3401353061199188,0.17520533502101898,0.4846593737602234,2,2024-11-25 06:00:00+00:00
5995,0.3263970911502838,0.18012095987796783,0.49348193407058716,2,2024-11-25 06:00:00+00:00
5996,0.3263970911502838,0.18012095987796783,0.49348193407058716,2,2024-11-25 07:00:00+00:00
5997,0.3269439935684204,0.17693039774894714,0.4961256682872772,2,2024-11-25 07:00:00+00:00
5998,0.3269439935684204,0.17693039774894714,0.4961256682872772,2,2024-11-25 08:00:00+00:00
5999,0.32116129994392395,0.18418480455875397,0.4946538209915161,2,2024-11-25 08:00:00+00:00
6000,0.32116129994392395,0.18418480455875397,0.4946538209915161,2,2024-11-25 09:00:00+00:00
6001,0.3328835368156433,0.18809951841831207,0.4790170192718506,2,2024-11-25 09:00:00+00:00
6002,0.3328835368156433,0.18809951841831207,0.4790170192718506,2,2024-11-25 10:00:00+00:00
6003,0.3199339807033539,0.19181308150291443,0.4882528483867645,2,2024-11-25 10:00:00+00:00
6004,0.3199339807033539,0.19181308150291443,0.4882528483867645,2,2024-11-25 11:00:00+00:00
6005,0.3604457378387451,0.192487433552742,0.4470668435096741,2,2024-11-25 11:00:00+00:00
6006,0.3604457378387451,0.192487433552742,0.4470668435096741,2,2024-11-25 12:00:00+00:00
6007,0.37455257773399353,0.18869873881340027,0.4367486834526062,2,2024-11-25 12:00:00+00:00
6008,0.37455257773399353,0.18869873881340027,0.4367486834526062,2,2024-11-25 13:00:00+00:00
6009,0.43460050225257874,0.19581274688243866,0.36958667635917664,0,2024-11-25 13:00:00+00:00
6010,0.43460050225257874,0.19581274688243866,0.36958667635917664,0,2024-11-25 14:00:00+00:00
6011,0.4059041440486908,0.19556006789207458,0.3985358476638794,0,2024-11-25 14:00:00+00:00
6012,0.4059041440486908,0.19556006789207458,0.3985358476638794,0,2024-11-25 15:00:00+00:00
6013,0.4485747516155243,0.18153193593025208,0.3698933720588684,0,2024-11-25 15:00:00+00:00
6014,0.4485747516155243,0.18153193593025208,0.3698933720588684,0,2024-11-25 17:00:00+00:00
6015,0.44029173254966736,0.18957844376564026,0.3701298236846924,0,2024-11-25 17:00:00+00:00
6016,0.44029173254966736,0.18957844376564026,0.3701298236846924,0,2024-11-25 18:00:00+00:00
6017,0.43032386898994446,0.166784405708313,0.40289169549942017,0,2024-11-25 18:00:00+00:00
6018,0.43032386898994446,0.166784405708313,0.40289169549942017,0,2024-11-25 19:00:00+00:00
6019,0.46318724751472473,0.1713908165693283,0.3654218912124634,0,2024-11-25 19:00:00+00:00
6020,0.46318724751472473,0.1713908165693283,0.3654218912124634,0,2024-11-25 20:00:00+00:00
6021,0.459511935710907,0.1592455506324768,0.3812425434589386,0,2024-11-25 20:00:00+00:00
6022,0.459511935710907,0.1592455506324768,0.3812425434589386,0,2024-11-25 22:00:00+00:00
6023,0.4344775676727295,0.14504089951515198,0.42048153281211853,0,2024-11-25 22:00:00+00:00
6024,0.4344775676727295,0.14504089951515198,0.42048153281211853,0,2024-11-25 23:00:00+00:00
6025,0.4359234571456909,0.14107781648635864,0.4229987859725952,0,2024-11-25 23:00:00+00:00
6026,0.4359234571456909,0.14107781648635864,0.4229987859725952,0,2024-11-26 00:00:00+00:00
6027,0.45104414224624634,0.13820235431194305,0.4107535183429718,0,2024-11-26 00:00:00+00:00
6028,0.45104414224624634,0.13820235431194305,0.4107535183429718,0,2024-11-26 01:00:00+00:00
6029,0.4625076949596405,0.1346859186887741,0.40280649065971375,0,2024-11-26 01:00:00+00:00
6030,0.4625076949596405,0.1346859186887741,0.40280649065971375,0,2024-11-26 02:00:00+00:00
6031,0.4419625401496887,0.1332208514213562,0.42481666803359985,0,2024-11-26 02:00:00+00:00
6032,0.4419625401496887,0.1332208514213562,0.42481666803359985,0,2024-11-26 03:00:00+00:00
6033,0.45695072412490845,0.13255968689918518,0.4104894995689392,0,2024-11-26 03:00:00+00:00
6034,0.45695072412490845,0.13255968689918518,0.4104894995689392,0,2024-11-26 04:00:00+00:00
6035,0.4902499318122864,0.13245297968387604,0.37729713320732117,0,2024-11-26 04:00:00+00:00
6036,0.4902499318122864,0.13245297968387604,0.37729713320732117,0,2024-11-26 05:00:00+00:00
6037,0.5041346549987793,0.136133074760437,0.3597322404384613,0,2024-11-26 05:00:00+00:00
6038,0.5041346549987793,0.136133074760437,0.3597322404384613,0,2024-11-26 06:00:00+00:00
6039,0.48679831624031067,0.135147362947464,0.37805429100990295,0,2024-11-26 06:00:00+00:00
6040,0.48679831624031067,0.135147362947464,0.37805429100990295,0,2024-11-26 07:00:00+00:00
6041,0.46713265776634216,0.13300955295562744,0.39985767006874084,0,2024-11-26 07:00:00+00:00
6042,0.46713265776634216,0.13300955295562744,0.39985767006874084,0,2024-11-26 08:00:00+00:00
6043,0.4774678349494934,0.13348115980625153,0.3890509605407715,0,2024-11-26 08:00:00+00:00
6044,0.4774678349494934,0.13348115980625153,0.3890509605407715,0,2024-11-26 09:00:00+00:00
6045,0.47504207491874695,0.13080009818077087,0.3941577672958374,0,2024-11-26 09:00:00+00:00
6046,0.47504207491874695,0.13080009818077087,0.3941577672958374,0,2024-11-26 10:00:00+00:00
6047,0.4870990514755249,0.12767627835273743,0.38522475957870483,0,2024-11-26 10:00:00+00:00
6048,0.4870990514755249,0.12767627835273743,0.38522475957870483,0,2024-11-26 12:00:00+00:00
6049,0.49513524770736694,0.12499423325061798,0.37987056374549866,0,2024-11-26 12:00:00+00:00
6050,0.49513524770736694,0.12499423325061798,0.37987056374549866,0,2024-11-26 13:00:00+00:00
6051,0.5141135454177856,0.12293529510498047,0.3629510700702667,0,2024-11-26 13:00:00+00:00
6052,0.5141135454177856,0.12293529510498047,0.3629510700702667,0,2024-11-26 14:00:00+00:00
6053,0.49714723229408264,0.12049415707588196,0.3823586404323578,0,2024-11-26 14:00:00+00:00
6054,0.49714723229408264,0.12049415707588196,0.3823586404323578,0,2024-11-26 16:00:00+00:00
6055,0.4478173553943634,0.12089180946350098,0.4312908947467804,0,2024-11-26 16:00:00+00:00
6056,0.4478173553943634,0.12089180946350098,0.4312908947467804,0,2024-11-26 17:00:00+00:00
6057,0.37776172161102295,0.12909263372421265,0.4931456744670868,2,2024-11-26 17:00:00+00:00
6058,0.37776172161102295,0.12909263372421265,0.4931456744670868,2,2024-11-26 18:00:00+00:00
6059,0.4075404405593872,0.12796002626419067,0.46449950337409973,2,2024-11-26 18:00:00+00:00
6060,0.4075404405593872,0.12796002626419067,0.46449950337409973,2,2024-11-26 20:00:00+00:00
6061,0.390980064868927,0.12040266394615173,0.48861727118492126,2,2024-11-26 20:00:00+00:00
6062,0.390980064868927,0.12040266394615173,0.48861727118492126,2,2024-11-26 21:00:00+00:00
6063,0.3572372496128082,0.12328442931175232,0.5194782614707947,2,2024-11-26 21:00:00+00:00
6064,0.3572372496128082,0.12328442931175232,0.5194782614707947,2,2024-11-26 23:00:00+00:00
6065,0.38948023319244385,0.13031350076198578,0.48020628094673157,2,2024-11-26 23:00:00+00:00
6066,0.38948023319244385,0.13031350076198578,0.48020628094673157,2,2024-11-27 00:00:00+00:00
6067,0.402303546667099,0.12931741774082184,0.46837902069091797,2,2024-11-27 00:00:00+00:00
6068,0.402303546667099,0.12931741774082184,0.46837902069091797,2,2024-11-27 01:00:00+00:00
6069,0.3890041708946228,0.12745487689971924,0.48354095220565796,2,2024-11-27 01:00:00+00:00
6070,0.3890041708946228,0.12745487689971924,0.48354095220565796,2,2024-11-27 02:00:00+00:00
6071,0.39195382595062256,0.13346527516841888,0.474580854177475,2,2024-11-27 02:00:00+00:00
6072,0.39195382595062256,0.13346527516841888,0.474580854177475,2,2024-11-27 03:00:00+00:00
6073,0.3800211548805237,0.14172932505607605,0.47824957966804504,2,2024-11-27 03:00:00+00:00
6074,0.3800211548805237,0.14172932505607605,0.47824957966804504,2,2024-11-27 04:00:00+00:00
6075,0.3842681646347046,0.14368562400341034,0.47204628586769104,2,2024-11-27 04:00:00+00:00
6076,0.3842681646347046,0.14368562400341034,0.47204628586769104,2,2024-11-27 05:00:00+00:00
6077,0.37867361307144165,0.13437911868095398,0.48694729804992676,2,2024-11-27 05:00:00+00:00
6078,0.37867361307144165,0.13437911868095398,0.48694729804992676,2,2024-11-27 06:00:00+00:00
6079,0.42193999886512756,0.13176946341991425,0.4462904930114746,2,2024-11-27 06:00:00+00:00
6080,0.42193999886512756,0.13176946341991425,0.4462904930114746,2,2024-11-27 07:00:00+00:00
6081,0.3906104266643524,0.13886359333992004,0.4705260694026947,2,2024-11-27 07:00:00+00:00
6082,0.3906104266643524,0.13886359333992004,0.4705260694026947,2,2024-11-27 08:00:00+00:00
6083,0.3564470112323761,0.17197971045970917,0.4715731739997864,2,2024-11-27 08:00:00+00:00
6084,0.3564470112323761,0.17197971045970917,0.4715731739997864,2,2024-11-27 09:00:00+00:00
6085,0.35678818821907043,0.16880565881729126,0.4744061231613159,2,2024-11-27 09:00:00+00:00
6086,0.35678818821907043,0.16880565881729126,0.4744061231613159,2,2024-11-27 11:00:00+00:00
6087,0.3719009757041931,0.17965927720069885,0.44843974709510803,2,2024-11-27 11:00:00+00:00
6088,0.3719009757041931,0.17965927720069885,0.44843974709510803,2,2024-11-27 12:00:00+00:00
6089,0.36158084869384766,0.18469089269638062,0.45372825860977173,2,2024-11-27 12:00:00+00:00
6090,0.36158084869384766,0.18469089269638062,0.45372825860977173,2,2024-11-27 13:00:00+00:00
6091,0.388590931892395,0.18436937034130096,0.4270397424697876,2,2024-11-27 13:00:00+00:00
6092,0.388590931892395,0.18436937034130096,0.4270397424697876,2,2024-11-27 14:00:00+00:00
6093,0.4989810585975647,0.18681743741035461,0.3142014741897583,0,2024-11-27 14:00:00+00:00
6094,0.4989810585975647,0.18681743741035461,0.3142014741897583,0,2024-11-27 17:00:00+00:00
6095,0.5213716626167297,0.23124751448631287,0.2473808228969574,0,2024-11-27 17:00:00+00:00
6096,0.5213716626167297,0.23124751448631287,0.2473808228969574,0,2024-11-27 18:00:00+00:00
6097,0.47783735394477844,0.21497201919555664,0.30719056725502014,0,2024-11-27 18:00:00+00:00
6098,0.47783735394477844,0.21497201919555664,0.30719056725502014,0,2024-11-27 19:00:00+00:00
6099,0.5032909512519836,0.21883322298526764,0.27787575125694275,0,2024-11-27 19:00:00+00:00
6100,0.5032909512519836,0.21883322298526764,0.27787575125694275,0,2024-11-27 20:00:00+00:00
6101,0.4643327593803406,0.217941015958786,0.31772610545158386,0,2024-11-27 20:00:00+00:00
6102,0.4643327593803406,0.217941015958786,0.31772610545158386,0,2024-11-27 21:00:00+00:00
6103,0.5075621604919434,0.21543700993061066,0.2770007848739624,0,2024-11-27 21:00:00+00:00
6104,0.5075621604919434,0.21543700993061066,0.2770007848739624,0,2024-11-27 22:00:00+00:00
6105,0.4288359582424164,0.21049293875694275,0.3606710135936737,0,2024-11-27 22:00:00+00:00
6106,0.4288359582424164,0.21049293875694275,0.3606710135936737,0,2024-11-27 23:00:00+00:00
6107,0.44126272201538086,0.21113638579845428,0.34760093688964844,0,2024-11-27 23:00:00+00:00
6108,0.44126272201538086,0.21113638579845428,0.34760093688964844,0,2024-11-28 00:00:00+00:00
6109,0.5163637399673462,0.2117142379283905,0.27192214131355286,0,2024-11-28 00:00:00+00:00
6110,0.5163637399673462,0.2117142379283905,0.27192214131355286,0,2024-11-28 01:00:00+00:00
6111,0.535917341709137,0.21658195555210114,0.2475007325410843,0,2024-11-28 01:00:00+00:00
6112,0.535917341709137,0.21658195555210114,0.2475007325410843,0,2024-11-28 02:00:00+00:00
6113,0.5129608511924744,0.20636172592639923,0.2806774079799652,0,2024-11-28 02:00:00+00:00
6114,0.5129608511924744,0.20636172592639923,0.2806774079799652,0,2024-11-28 03:00:00+00:00
6115,0.47915464639663696,0.20538370311260223,0.3154616951942444,0,2024-11-28 03:00:00+00:00
6116,0.47915464639663696,0.20538370311260223,0.3154616951942444,0,2024-11-28 04:00:00+00:00
6117,0.48810163140296936,0.20684176683425903,0.3050566613674164,0,2024-11-28 04:00:00+00:00
6118,0.48810163140296936,0.20684176683425903,0.3050566613674164,0,2024-11-28 05:00:00+00:00
6119,0.4865676462650299,0.20374324917793274,0.30968913435935974,0,2024-11-28 05:00:00+00:00
6120,0.4865676462650299,0.20374324917793274,0.30968913435935974,0,2024-11-28 06:00:00+00:00
6121,0.45656028389930725,0.1978529393672943,0.34558674693107605,0,2024-11-28 06:00:00+00:00
6122,0.45656028389930725,0.1978529393672943,0.34558674693107605,0,2024-11-28 07:00:00+00:00
6123,0.43911340832710266,0.19957201182842255,0.36131468415260315,0,2024-11-28 07:00:00+00:00
6124,0.43911340832710266,0.19957201182842255,0.36131468415260315,0,2024-11-28 08:00:00+00:00
6125,0.4300205409526825,0.1971607357263565,0.37281879782676697,0,2024-11-28 08:00:00+00:00
6126,0.4300205409526825,0.1971607357263565,0.37281879782676697,0,2024-11-28 09:00:00+00:00
6127,0.44242462515830994,0.1964961737394333,0.3610791862010956,0,2024-11-28 09:00:00+00:00
6128,0.44242462515830994,0.1964961737394333,0.3610791862010956,0,2024-11-28 10:00:00+00:00
6129,0.4435110092163086,0.20625197887420654,0.3502369821071625,0,2024-11-28 10:00:00+00:00
6130,0.4435110092163086,0.20625197887420654,0.3502369821071625,0,2024-11-28 11:00:00+00:00
6131,0.3908821642398834,0.19617977738380432,0.41293811798095703,2,2024-11-28 11:00:00+00:00
6132,0.3908821642398834,0.19617977738380432,0.41293811798095703,2,2024-11-28 12:00:00+00:00
6133,0.43839359283447266,0.20196129381656647,0.3596450686454773,0,2024-11-28 12:00:00+00:00
6134,0.43839359283447266,0.20196129381656647,0.3596450686454773,0,2024-11-28 13:00:00+00:00
6135,0.4237520694732666,0.2096816450357437,0.3665663003921509,0,2024-11-28 13:00:00+00:00
6136,0.4237520694732666,0.2096816450357437,0.3665663003921509,0,2024-11-28 14:00:00+00:00
6137,0.4278313219547272,0.21365858614444733,0.3585100769996643,0,2024-11-28 14:00:00+00:00
6138,0.4278313219547272,0.21365858614444733,0.3585100769996643,0,2024-11-28 15:00:00+00:00
6139,0.4152644872665405,0.2180793583393097,0.36665621399879456,0,2024-11-28 15:00:00+00:00
6140,0.4152644872665405,0.2180793583393097,0.36665621399879456,0,2024-11-28 16:00:00+00:00
6141,0.41314172744750977,0.2103559523820877,0.37650230526924133,0,2024-11-28 16:00:00+00:00
6142,0.41314172744750977,0.2103559523820877,0.37650230526924133,0,2024-11-28 17:00:00+00:00
6143,0.40226781368255615,0.1954496204853058,0.40228262543678284,2,2024-11-28 17:00:00+00:00
6144,0.40226781368255615,0.1954496204853058,0.40228262543678284,2,2024-11-28 18:00:00+00:00
6145,0.39827752113342285,0.19614093005657196,0.405581533908844,2,2024-11-28 18:00:00+00:00
6146,0.39827752113342285,0.19614093005657196,0.405581533908844,2,2024-11-28 19:00:00+00:00
6147,0.39332231879234314,0.20075500011444092,0.40592262148857117,2,2024-11-28 19:00:00+00:00
6148,0.39332231879234314,0.20075500011444092,0.40592262148857117,2,2024-11-28 20:00:00+00:00
6149,0.4150509238243103,0.20783062279224396,0.377118319272995,0,2024-11-28 20:00:00+00:00
6150,0.4150509238243103,0.20783062279224396,0.377118319272995,0,2024-11-28 21:00:00+00:00
6151,0.3505016565322876,0.19433021545410156,0.4551681876182556,2,2024-11-28 21:00:00+00:00
6152,0.3505016565322876,0.19433021545410156,0.4551681876182556,2,2024-11-28 22:00:00+00:00
6153,0.37908095121383667,0.18870212137699127,0.4322170317173004,2,2024-11-28 22:00:00+00:00
6154,0.37908095121383667,0.18870212137699127,0.4322170317173004,2,2024-11-28 23:00:00+00:00
6155,0.41134610772132874,0.215470090508461,0.3731836974620819,0,2024-11-28 23:00:00+00:00
6156,0.41134610772132874,0.215470090508461,0.3731836974620819,0,2024-11-29 00:00:00+00:00
6157,0.31731051206588745,0.18736235797405243,0.4953271448612213,2,2024-11-29 00:00:00+00:00
6158,0.31731051206588745,0.18736235797405243,0.4953271448612213,2,2024-11-29 01:00:00+00:00
6159,0.3065865933895111,0.18640509247779846,0.5070083141326904,2,2024-11-29 01:00:00+00:00
6160,0.3065865933895111,0.18640509247779846,0.5070083141326904,2,2024-11-29 02:00:00+00:00
6161,0.3192065954208374,0.18167978525161743,0.49911361932754517,2,2024-11-29 02:00:00+00:00
6162,0.3192065954208374,0.18167978525161743,0.49911361932754517,2,2024-11-29 03:00:00+00:00
6163,0.31868940591812134,0.1935889571905136,0.48772162199020386,2,2024-11-29 03:00:00+00:00
6164,0.31868940591812134,0.1935889571905136,0.48772162199020386,2,2024-11-29 04:00:00+00:00
6165,0.3312399983406067,0.1965838074684143,0.47217613458633423,2,2024-11-29 04:00:00+00:00
6166,0.3312399983406067,0.1965838074684143,0.47217613458633423,2,2024-11-29 05:00:00+00:00
6167,0.3151863217353821,0.18868349492549896,0.4961301386356354,2,2024-11-29 05:00:00+00:00
6168,0.3151863217353821,0.18868349492549896,0.4961301386356354,2,2024-11-29 06:00:00+00:00
6169,0.32945382595062256,0.1913585364818573,0.47918766736984253,2,2024-11-29 06:00:00+00:00
6170,0.32945382595062256,0.1913585364818573,0.47918766736984253,2,2024-11-29 07:00:00+00:00
6171,0.31991344690322876,0.19430626928806305,0.4857802987098694,2,2024-11-29 07:00:00+00:00
6172,0.31991344690322876,0.19430626928806305,0.4857802987098694,2,2024-11-29 08:00:00+00:00
6173,0.32672828435897827,0.17995698750019073,0.4933147430419922,2,2024-11-29 08:00:00+00:00
6174,0.32672828435897827,0.17995698750019073,0.4933147430419922,2,2024-11-29 09:00:00+00:00
6175,0.3174549341201782,0.1843300610780716,0.4982149004936218,2,2024-11-29 09:00:00+00:00
6176,0.3174549341201782,0.1843300610780716,0.4982149004936218,2,2024-11-29 10:00:00+00:00
6177,0.3392196595668793,0.2022363841533661,0.4585440158843994,2,2024-11-29 10:00:00+00:00
6178,0.3392196595668793,0.2022363841533661,0.4585440158843994,2,2024-11-29 11:00:00+00:00
6179,0.321943074464798,0.21321237087249756,0.46484458446502686,2,2024-11-29 11:00:00+00:00
6180,0.321943074464798,0.21321237087249756,0.46484458446502686,2,2024-11-29 12:00:00+00:00
6181,0.35852810740470886,0.21669694781303406,0.42477500438690186,2,2024-11-29 12:00:00+00:00
6182,0.35852810740470886,0.21669694781303406,0.42477500438690186,2,2024-11-29 13:00:00+00:00
6183,0.34539344906806946,0.21329081058502197,0.44131574034690857,2,2024-11-29 13:00:00+00:00
6184,0.34539344906806946,0.21329081058502197,0.44131574034690857,2,2024-11-29 14:00:00+00:00
6185,0.40249934792518616,0.20688873529434204,0.390611857175827,0,2024-11-29 14:00:00+00:00
6186,0.40249934792518616,0.20688873529434204,0.390611857175827,0,2024-11-29 15:00:00+00:00
6187,0.39450761675834656,0.21735821664333344,0.38813427090644836,0,2024-11-29 15:00:00+00:00
6188,0.39450761675834656,0.21735821664333344,0.38813427090644836,0,2024-11-29 16:00:00+00:00
6189,0.4566543996334076,0.21527235209941864,0.32807332277297974,0,2024-11-29 16:00:00+00:00
6190,0.4566543996334076,0.21527235209941864,0.32807332277297974,0,2024-11-29 18:00:00+00:00
6191,0.4283381402492523,0.20687220990657806,0.36478954553604126,0,2024-11-29 18:00:00+00:00
6192,0.4283381402492523,0.20687220990657806,0.36478954553604126,0,2024-11-29 19:00:00+00:00
6193,0.37707632780075073,0.2039039433002472,0.41901978850364685,2,2024-11-29 19:00:00+00:00
6194,0.37707632780075073,0.2039039433002472,0.41901978850364685,2,2024-11-29 20:00:00+00:00
6195,0.42679014801979065,0.20278571546077728,0.37042415142059326,0,2024-11-29 20:00:00+00:00
6196,0.42679014801979065,0.20278571546077728,0.37042415142059326,0,2024-11-29 21:00:00+00:00
6197,0.3429073393344879,0.21023042500019073,0.4468623101711273,2,2024-11-29 21:00:00+00:00
6198,0.3429073393344879,0.21023042500019073,0.4468623101711273,2,2024-11-29 22:00:00+00:00
6199,0.3563092350959778,0.21948616206645966,0.42420461773872375,2,2024-11-29 22:00:00+00:00
6200,0.3563092350959778,0.21948616206645966,0.42420461773872375,2,2024-11-29 23:00:00+00:00
6201,0.354709655046463,0.20674535632133484,0.4385449290275574,2,2024-11-29 23:00:00+00:00
6202,0.354709655046463,0.20674535632133484,0.4385449290275574,2,2024-11-30 00:00:00+00:00
6203,0.32961851358413696,0.20841184258460999,0.4619695544242859,2,2024-11-30 00:00:00+00:00
6204,0.32961851358413696,0.20841184258460999,0.4619695544242859,2,2024-11-30 01:00:00+00:00
6205,0.3883061110973358,0.19940730929374695,0.41228654980659485,2,2024-11-30 01:00:00+00:00
6206,0.3883061110973358,0.19940730929374695,0.41228654980659485,2,2024-11-30 02:00:00+00:00
6207,0.3354785442352295,0.20876136422157288,0.45576003193855286,2,2024-11-30 02:00:00+00:00
6208,0.3354785442352295,0.20876136422157288,0.45576003193855286,2,2024-11-30 03:00:00+00:00
6209,0.27028748393058777,0.19845101237297058,0.5312615036964417,2,2024-11-30 03:00:00+00:00
6210,0.27028748393058777,0.19845101237297058,0.5312615036964417,2,2024-11-30 04:00:00+00:00
6211,0.2838047742843628,0.19007743895053864,0.5261178016662598,2,2024-11-30 04:00:00+00:00
6212,0.2838047742843628,0.19007743895053864,0.5261178016662598,2,2024-11-30 05:00:00+00:00
6213,0.2515885829925537,0.20450887084007263,0.543902575969696,2,2024-11-30 05:00:00+00:00
6214,0.2515885829925537,0.20450887084007263,0.543902575969696,2,2024-11-30 06:00:00+00:00
6215,0.24532130360603333,0.20769697427749634,0.546981692314148,2,2024-11-30 06:00:00+00:00
6216,0.24532130360603333,0.20769697427749634,0.546981692314148,2,2024-11-30 07:00:00+00:00
6217,0.25175741314888,0.2049507200717926,0.5432919263839722,2,2024-11-30 07:00:00+00:00
6218,0.25175741314888,0.2049507200717926,0.5432919263839722,2,2024-11-30 08:00:00+00:00
6219,0.2886761426925659,0.2164229154586792,0.4949009418487549,2,2024-11-30 08:00:00+00:00
6220,0.2886761426925659,0.2164229154586792,0.4949009418487549,2,2024-11-30 09:00:00+00:00
6221,0.24632027745246887,0.21187849342823029,0.5418013334274292,2,2024-11-30 09:00:00+00:00
6222,0.24632027745246887,0.21187849342823029,0.5418013334274292,2,2024-11-30 10:00:00+00:00
6223,0.24399752914905548,0.19892530143260956,0.5570770502090454,2,2024-11-30 10:00:00+00:00
6224,0.24399752914905548,0.19892530143260956,0.5570770502090454,2,2024-11-30 11:00:00+00:00
6225,0.3107609450817108,0.1738128364086151,0.5154261589050293,2,2024-11-30 11:00:00+00:00
6226,0.3107609450817108,0.1738128364086151,0.5154261589050293,2,2024-11-30 12:00:00+00:00
6227,0.2934924364089966,0.18544334173202515,0.5210641622543335,2,2024-11-30 12:00:00+00:00
6228,0.2934924364089966,0.18544334173202515,0.5210641622543335,2,2024-11-30 13:00:00+00:00
6229,0.3483801782131195,0.188351109623909,0.4632686674594879,2,2024-11-30 13:00:00+00:00
6230,0.3483801782131195,0.188351109623909,0.4632686674594879,2,2024-11-30 14:00:00+00:00
6231,0.33257851004600525,0.1924755871295929,0.47494593262672424,2,2024-11-30 14:00:00+00:00
6232,0.33257851004600525,0.1924755871295929,0.47494593262672424,2,2024-11-30 15:00:00+00:00
6233,0.3855590224266052,0.1791405826807022,0.4353002905845642,2,2024-11-30 15:00:00+00:00
6234,0.3855590224266052,0.1791405826807022,0.4353002905845642,2,2024-11-30 17:00:00+00:00
6235,0.3745102286338806,0.20253659784793854,0.42295312881469727,2,2024-11-30 17:00:00+00:00
6236,0.3745102286338806,0.20253659784793854,0.42295312881469727,2,2024-11-30 18:00:00+00:00
6237,0.4068063795566559,0.20873697102069855,0.3844567537307739,0,2024-11-30 18:00:00+00:00
6238,0.4068063795566559,0.20873697102069855,0.3844567537307739,0,2024-11-30 19:00:00+00:00
6239,0.3831682503223419,0.20071101188659668,0.41612085700035095,2,2024-11-30 19:00:00+00:00
6240,0.3831682503223419,0.20071101188659668,0.41612085700035095,2,2024-11-30 20:00:00+00:00
6241,0.37584376335144043,0.2009526640176773,0.42320361733436584,2,2024-11-30 20:00:00+00:00
6242,0.37584376335144043,0.2009526640176773,0.42320361733436584,2,2024-11-30 21:00:00+00:00
6243,0.3367413580417633,0.1843128502368927,0.478945791721344,2,2024-11-30 21:00:00+00:00
6244,0.3367413580417633,0.1843128502368927,0.478945791721344,2,2024-11-30 22:00:00+00:00
6245,0.3314269185066223,0.1847594827413559,0.483813613653183,2,2024-11-30 22:00:00+00:00
6246,0.3314269185066223,0.1847594827413559,0.483813613653183,2,2024-11-30 23:00:00+00:00
6247,0.36844682693481445,0.1882113218307495,0.44334176182746887,2,2024-11-30 23:00:00+00:00
6248,0.36844682693481445,0.1882113218307495,0.44334176182746887,2,2024-12-01 00:00:00+00:00
6249,0.38174381852149963,0.18067437410354614,0.4375818967819214,2,2024-12-01 00:00:00+00:00
6250,0.38174381852149963,0.18067437410354614,0.4375818967819214,2,2024-12-01 01:00:00+00:00
6251,0.41811323165893555,0.18109773099422455,0.4007890522480011,0,2024-12-01 01:00:00+00:00
6252,0.41811323165893555,0.18109773099422455,0.4007890522480011,0,2024-12-01 03:00:00+00:00
6253,0.46723487973213196,0.1550358235836029,0.37772923707962036,0,2024-12-01 03:00:00+00:00
6254,0.46723487973213196,0.1550358235836029,0.37772923707962036,0,2024-12-01 04:00:00+00:00
6255,0.4075048267841339,0.16633638739585876,0.4261587858200073,2,2024-12-01 04:00:00+00:00
6256,0.4075048267841339,0.16633638739585876,0.4261587858200073,2,2024-12-01 05:00:00+00:00
6257,0.388410359621048,0.16637101769447327,0.4452185034751892,2,2024-12-01 05:00:00+00:00
6258,0.388410359621048,0.16637101769447327,0.4452185034751892,2,2024-12-01 06:00:00+00:00
6259,0.4242751896381378,0.16004422307014465,0.41568049788475037,0,2024-12-01 06:00:00+00:00
6260,0.4242751896381378,0.16004422307014465,0.41568049788475037,0,2024-12-01 07:00:00+00:00
6261,0.4381263256072998,0.162043958902359,0.39982980489730835,0,2024-12-01 07:00:00+00:00
6262,0.4381263256072998,0.162043958902359,0.39982980489730835,0,2024-12-01 08:00:00+00:00
6263,0.43850237131118774,0.16247881948947906,0.3990188539028168,0,2024-12-01 08:00:00+00:00
6264,0.43850237131118774,0.16247881948947906,0.3990188539028168,0,2024-12-01 09:00:00+00:00
6265,0.3600192368030548,0.1650184839963913,0.4749622642993927,2,2024-12-01 09:00:00+00:00
6266,0.3600192368030548,0.1650184839963913,0.4749622642993927,2,2024-12-01 10:00:00+00:00
6267,0.3213813304901123,0.1711595505475998,0.5074591040611267,2,2024-12-01 10:00:00+00:00
6268,0.3213813304901123,0.1711595505475998,0.5074591040611267,2,2024-12-01 11:00:00+00:00
6269,0.3289163112640381,0.16416378319263458,0.5069199800491333,2,2024-12-01 11:00:00+00:00
6270,0.3289163112640381,0.16416378319263458,0.5069199800491333,2,2024-12-01 12:00:00+00:00
6271,0.328816682100296,0.1670609414577484,0.5041223764419556,2,2024-12-01 12:00:00+00:00
6272,0.328816682100296,0.1670609414577484,0.5041223764419556,2,2024-12-01 13:00:00+00:00
6273,0.35836073756217957,0.16889862716197968,0.47274062037467957,2,2024-12-01 13:00:00+00:00
6274,0.35836073756217957,0.16889862716197968,0.47274062037467957,2,2024-12-01 14:00:00+00:00
6275,0.3378314673900604,0.17112143337726593,0.49104705452919006,2,2024-12-01 14:00:00+00:00
6276,0.3378314673900604,0.17112143337726593,0.49104705452919006,2,2024-12-01 15:00:00+00:00
6277,0.35694265365600586,0.1802651584148407,0.46279215812683105,2,2024-12-01 15:00:00+00:00
6278,0.35694265365600586,0.1802651584148407,0.46279215812683105,2,2024-12-01 16:00:00+00:00
6279,0.3587021231651306,0.18815875053405762,0.4531390964984894,2,2024-12-01 16:00:00+00:00
6280,0.3587021231651306,0.18815875053405762,0.4531390964984894,2,2024-12-01 17:00:00+00:00
6281,0.3540554642677307,0.18673627078533173,0.459208220243454,2,2024-12-01 17:00:00+00:00
6282,0.3540554642677307,0.18673627078533173,0.459208220243454,2,2024-12-01 18:00:00+00:00
6283,0.3989441990852356,0.1943320780992508,0.4067237377166748,2,2024-12-01 18:00:00+00:00
6284,0.3989441990852356,0.1943320780992508,0.4067237377166748,2,2024-12-01 19:00:00+00:00
6285,0.3534797728061676,0.18137988448143005,0.46514028310775757,2,2024-12-01 19:00:00+00:00
6286,0.3534797728061676,0.18137988448143005,0.46514028310775757,2,2024-12-01 20:00:00+00:00
6287,0.3778482675552368,0.19236817955970764,0.429783433675766,2,2024-12-01 20:00:00+00:00
6288,0.3778482675552368,0.19236817955970764,0.429783433675766,2,2024-12-01 21:00:00+00:00
6289,0.37354737520217896,0.17370234429836273,0.4527503550052643,2,2024-12-01 21:00:00+00:00
6290,0.37354737520217896,0.17370234429836273,0.4527503550052643,2,2024-12-01 22:00:00+00:00
6291,0.34780335426330566,0.18417949974536896,0.4680171310901642,2,2024-12-01 22:00:00+00:00
6292,0.34780335426330566,0.18417949974536896,0.4680171310901642,2,2024-12-01 23:00:00+00:00
6293,0.3816913068294525,0.18922629952430725,0.4290824234485626,2,2024-12-01 23:00:00+00:00
6294,0.3816913068294525,0.18922629952430725,0.4290824234485626,2,2024-12-02 00:00:00+00:00
6295,0.3772587180137634,0.18868814408779144,0.4340531826019287,2,2024-12-02 00:00:00+00:00
6296,0.3772587180137634,0.18868814408779144,0.4340531826019287,2,2024-12-02 01:00:00+00:00
6297,0.3821657598018646,0.17295850813388824,0.4448757469654083,2,2024-12-02 01:00:00+00:00
6298,0.3821657598018646,0.17295850813388824,0.4448757469654083,2,2024-12-02 02:00:00+00:00
6299,0.3321966826915741,0.17358379065990448,0.49421951174736023,2,2024-12-02 02:00:00+00:00
6300,0.3321966826915741,0.17358379065990448,0.49421951174736023,2,2024-12-02 03:00:00+00:00
6301,0.46858149766921997,0.18317195773124695,0.3482465147972107,0,2024-12-02 03:00:00+00:00
6302,0.46858149766921997,0.18317195773124695,0.3482465147972107,0,2024-12-02 04:00:00+00:00
6303,0.6461101174354553,0.12285784631967545,0.23103199899196625,0,2024-12-02 04:00:00+00:00
6304,0.6461101174354553,0.12285784631967545,0.23103199899196625,0,2024-12-02 05:00:00+00:00
6305,0.46493905782699585,0.150679811835289,0.38438108563423157,0,2024-12-02 05:00:00+00:00
6306,0.46493905782699585,0.150679811835289,0.38438108563423157,0,2024-12-02 06:00:00+00:00
6307,0.48159754276275635,0.14698933064937592,0.3714130222797394,0,2024-12-02 06:00:00+00:00
6308,0.48159754276275635,0.14698933064937592,0.3714130222797394,0,2024-12-02 07:00:00+00:00
6309,0.4588299095630646,0.1534300148487091,0.3877401351928711,0,2024-12-02 07:00:00+00:00
6310,0.4588299095630646,0.1534300148487091,0.3877401351928711,0,2024-12-02 08:00:00+00:00
6311,0.4331234395503998,0.15983709692955017,0.4070395231246948,0,2024-12-02 08:00:00+00:00
6312,0.4331234395503998,0.15983709692955017,0.4070395231246948,0,2024-12-02 09:00:00+00:00
6313,0.46865391731262207,0.15936172008514404,0.3719843626022339,0,2024-12-02 09:00:00+00:00
6314,0.46865391731262207,0.15936172008514404,0.3719843626022339,0,2024-12-02 10:00:00+00:00
6315,0.4345361590385437,0.15019910037517548,0.41526472568511963,0,2024-12-02 10:00:00+00:00
6316,0.4345361590385437,0.15019910037517548,0.41526472568511963,0,2024-12-02 12:00:00+00:00
6317,0.45109403133392334,0.1455363929271698,0.4033695459365845,0,2024-12-02 12:00:00+00:00
6318,0.45109403133392334,0.1455363929271698,0.4033695459365845,0,2024-12-02 13:00:00+00:00
6319,0.4785712957382202,0.14792485535144806,0.3735039234161377,0,2024-12-02 13:00:00+00:00
6320,0.4785712957382202,0.14792485535144806,0.3735039234161377,0,2024-12-02 14:00:00+00:00
6321,0.4044325053691864,0.1402720957994461,0.4552954137325287,2,2024-12-02 14:00:00+00:00
6322,0.4044325053691864,0.1402720957994461,0.4552954137325287,2,2024-12-02 15:00:00+00:00
6323,0.42842987179756165,0.13991616666316986,0.4316539168357849,2,2024-12-02 15:00:00+00:00
6324,0.42842987179756165,0.13991616666316986,0.4316539168357849,2,2024-12-02 17:00:00+00:00
6325,0.3111027479171753,0.1535988450050354,0.5352984070777893,2,2024-12-02 17:00:00+00:00
6326,0.3111027479171753,0.1535988450050354,0.5352984070777893,2,2024-12-02 18:00:00+00:00
6327,0.39460140466690063,0.15116409957408905,0.4542345106601715,2,2024-12-02 18:00:00+00:00
6328,0.39460140466690063,0.15116409957408905,0.4542345106601715,2,2024-12-02 19:00:00+00:00
6329,0.3679066002368927,0.1363401859998703,0.4957531690597534,2,2024-12-02 19:00:00+00:00
6330,0.3679066002368927,0.1363401859998703,0.4957531690597534,2,2024-12-02 20:00:00+00:00
6331,0.3496784269809723,0.13978645205497742,0.5105350613594055,2,2024-12-02 20:00:00+00:00
6332,0.3496784269809723,0.13978645205497742,0.5105350613594055,2,2024-12-02 21:00:00+00:00
6333,0.3551115393638611,0.1426054984331131,0.502282977104187,2,2024-12-02 21:00:00+00:00
6334,0.3551115393638611,0.1426054984331131,0.502282977104187,2,2024-12-02 22:00:00+00:00
6335,0.3658735156059265,0.13990744948387146,0.494219034910202,2,2024-12-02 22:00:00+00:00
6336,0.3658735156059265,0.13990744948387146,0.494219034910202,2,2024-12-02 23:00:00+00:00
6337,0.35059085488319397,0.1392683982849121,0.5101407170295715,2,2024-12-02 23:00:00+00:00
6338,0.35059085488319397,0.1392683982849121,0.5101407170295715,2,2024-12-03 00:00:00+00:00
6339,0.33736178278923035,0.1425914615392685,0.5200466513633728,2,2024-12-03 00:00:00+00:00
6340,0.33736178278923035,0.1425914615392685,0.5200466513633728,2,2024-12-03 01:00:00+00:00
6341,0.3268836736679077,0.1450900286436081,0.528026282787323,2,2024-12-03 01:00:00+00:00
6342,0.3268836736679077,0.1450900286436081,0.528026282787323,2,2024-12-03 02:00:00+00:00
6343,0.3406185507774353,0.1540915071964264,0.5052899718284607,2,2024-12-03 02:00:00+00:00
6344,0.3406185507774353,0.1540915071964264,0.5052899718284607,2,2024-12-03 03:00:00+00:00
6345,0.3506452739238739,0.16261205077171326,0.4867425858974457,2,2024-12-03 03:00:00+00:00
6346,0.3506452739238739,0.16261205077171326,0.4867425858974457,2,2024-12-03 04:00:00+00:00
6347,0.3492846190929413,0.16146597266197205,0.48924940824508667,2,2024-12-03 04:00:00+00:00
6348,0.3492846190929413,0.16146597266197205,0.48924940824508667,2,2024-12-03 05:00:00+00:00
6349,0.3396783769130707,0.16661588847637177,0.4937056303024292,2,2024-12-03 05:00:00+00:00
6350,0.3396783769130707,0.16661588847637177,0.4937056303024292,2,2024-12-03 06:00:00+00:00
6351,0.34935262799263,0.16896934807300568,0.4816781282424927,2,2024-12-03 06:00:00+00:00
6352,0.34935262799263,0.16896934807300568,0.4816781282424927,2,2024-12-03 08:00:00+00:00
6353,0.3458373248577118,0.16471247375011444,0.4894501566886902,2,2024-12-03 08:00:00+00:00
6354,0.3458373248577118,0.16471247375011444,0.4894501566886902,2,2024-12-03 09:00:00+00:00
6355,0.3433988392353058,0.16608817875385284,0.49051299691200256,2,2024-12-03 09:00:00+00:00
6356,0.3433988392353058,0.16608817875385284,0.49051299691200256,2,2024-12-03 10:00:00+00:00
6357,0.36344748735427856,0.16216231882572174,0.47439029812812805,2,2024-12-03 10:00:00+00:00
6358,0.36344748735427856,0.16216231882572174,0.47439029812812805,2,2024-12-03 11:00:00+00:00
6359,0.3770606219768524,0.16383345425128937,0.4591059684753418,2,2024-12-03 11:00:00+00:00
6360,0.3770606219768524,0.16383345425128937,0.4591059684753418,2,2024-12-03 12:00:00+00:00
6361,0.3791016936302185,0.17066971957683563,0.4502285420894623,2,2024-12-03 12:00:00+00:00
6362,0.3791016936302185,0.17066971957683563,0.4502285420894623,2,2024-12-03 13:00:00+00:00
6363,0.3823769688606262,0.16948159039020538,0.4481413662433624,2,2024-12-03 13:00:00+00:00
6364,0.3823769688606262,0.16948159039020538,0.4481413662433624,2,2024-12-03 16:00:00+00:00
6365,0.34729084372520447,0.17159384489059448,0.48111528158187866,2,2024-12-03 16:00:00+00:00
6366,0.34729084372520447,0.17159384489059448,0.48111528158187866,2,2024-12-03 17:00:00+00:00
6367,0.36356815695762634,0.16780614852905273,0.4686256945133209,2,2024-12-03 17:00:00+00:00
6368,0.36356815695762634,0.16780614852905273,0.4686256945133209,2,2024-12-03 18:00:00+00:00
6369,0.43791159987449646,0.19074703752994537,0.3713412880897522,0,2024-12-03 18:00:00+00:00
6370,0.43791159987449646,0.19074703752994537,0.3713412880897522,0,2024-12-03 19:00:00+00:00
6371,0.4279642701148987,0.20132534205913544,0.37071025371551514,0,2024-12-03 19:00:00+00:00
6372,0.4279642701148987,0.20132534205913544,0.37071025371551514,0,2024-12-03 20:00:00+00:00
6373,0.41515716910362244,0.2168067991733551,0.3680361211299896,0,2024-12-03 20:00:00+00:00
6374,0.41515716910362244,0.2168067991733551,0.3680361211299896,0,2024-12-03 21:00:00+00:00
6375,0.4035525918006897,0.2113303691148758,0.3851170241832733,0,2024-12-03 21:00:00+00:00
6376,0.4035525918006897,0.2113303691148758,0.3851170241832733,0,2024-12-03 22:00:00+00:00
6377,0.4203149080276489,0.18506896495819092,0.3946160674095154,0,2024-12-03 22:00:00+00:00
6378,0.4203149080276489,0.18506896495819092,0.3946160674095154,0,2024-12-03 23:00:00+00:00
6379,0.3912343382835388,0.188885897397995,0.4198797643184662,2,2024-12-03 23:00:00+00:00
6380,0.3912343382835388,0.188885897397995,0.4198797643184662,2,2024-12-04 00:00:00+00:00
6381,0.3959193229675293,0.20590898394584656,0.398171603679657,2,2024-12-04 00:00:00+00:00
6382,0.3959193229675293,0.20590898394584656,0.398171603679657,2,2024-12-04 02:00:00+00:00
6383,0.4041203558444977,0.2154628187417984,0.3804168403148651,0,2024-12-04 02:00:00+00:00
6384,0.4041203558444977,0.2154628187417984,0.3804168403148651,0,2024-12-04 03:00:00+00:00
6385,0.3444242477416992,0.19802029430866241,0.4575553834438324,2,2024-12-04 03:00:00+00:00
6386,0.3444242477416992,0.19802029430866241,0.4575553834438324,2,2024-12-04 04:00:00+00:00
6387,0.3703899085521698,0.19549711048603058,0.4341130554676056,2,2024-12-04 04:00:00+00:00
6388,0.3703899085521698,0.19549711048603058,0.4341130554676056,2,2024-12-04 05:00:00+00:00
6389,0.37471553683280945,0.19835710525512695,0.4269273281097412,2,2024-12-04 05:00:00+00:00
6390,0.37471553683280945,0.19835710525512695,0.4269273281097412,2,2024-12-04 06:00:00+00:00
6391,0.343948096036911,0.2008715271949768,0.45518043637275696,2,2024-12-04 06:00:00+00:00
6392,0.343948096036911,0.2008715271949768,0.45518043637275696,2,2024-12-04 07:00:00+00:00
6393,0.2658827006816864,0.20772814750671387,0.5263891816139221,2,2024-12-04 07:00:00+00:00
6394,0.2658827006816864,0.20772814750671387,0.5263891816139221,2,2024-12-04 08:00:00+00:00
6395,0.27428698539733887,0.2067226767539978,0.5189902782440186,2,2024-12-04 08:00:00+00:00
6396,0.27428698539733887,0.2067226767539978,0.5189902782440186,2,2024-12-04 09:00:00+00:00
6397,0.2716788053512573,0.2051796019077301,0.5231415033340454,2,2024-12-04 09:00:00+00:00
6398,0.2716788053512573,0.2051796019077301,0.5231415033340454,2,2024-12-04 10:00:00+00:00
6399,0.2940692603588104,0.21337708830833435,0.4925537705421448,2,2024-12-04 10:00:00+00:00
6400,0.2940692603588104,0.21337708830833435,0.4925537705421448,2,2024-12-04 11:00:00+00:00
6401,0.25522133708000183,0.21985594928264618,0.5249226689338684,2,2024-12-04 11:00:00+00:00
6402,0.25522133708000183,0.21985594928264618,0.5249226689338684,2,2024-12-04 12:00:00+00:00
6403,0.23342491686344147,0.21157032251358032,0.5550047755241394,2,2024-12-04 12:00:00+00:00
6404,0.23342491686344147,0.21157032251358032,0.5550047755241394,2,2024-12-04 13:00:00+00:00
6405,0.2798228859901428,0.21587340533733368,0.5043037533760071,2,2024-12-04 13:00:00+00:00
6406,0.2798228859901428,0.21587340533733368,0.5043037533760071,2,2024-12-04 14:00:00+00:00
6407,0.36071470379829407,0.23354241251945496,0.40574291348457336,2,2024-12-04 14:00:00+00:00
6408,0.36071470379829407,0.23354241251945496,0.40574291348457336,2,2024-12-04 16:00:00+00:00
6409,0.44121938943862915,0.22207197546958923,0.33670860528945923,0,2024-12-04 16:00:00+00:00
6410,0.44121938943862915,0.22207197546958923,0.33670860528945923,0,2024-12-04 18:00:00+00:00
6411,0.3837672472000122,0.22242102026939392,0.39381176233291626,2,2024-12-04 18:00:00+00:00
6412,0.3837672472000122,0.22242102026939392,0.39381176233291626,2,2024-12-04 22:00:00+00:00
6413,0.30340322852134705,0.1944354623556137,0.5021613240242004,2,2024-12-04 22:00:00+00:00
6414,0.30340322852134705,0.1944354623556137,0.5021613240242004,2,2024-12-05 00:00:00+00:00
6415,0.2693032920360565,0.18469487130641937,0.5460019111633301,2,2024-12-05 00:00:00+00:00
6416,0.2693032920360565,0.18469487130641937,0.5460019111633301,2,2024-12-05 01:00:00+00:00
6417,0.31422531604766846,0.1863134354352951,0.49946120381355286,2,2024-12-05 01:00:00+00:00
6418,0.31422531604766846,0.1863134354352951,0.49946120381355286,2,2024-12-05 02:00:00+00:00
6419,0.34588512778282166,0.18308773636817932,0.47102710604667664,2,2024-12-05 02:00:00+00:00
6420,0.34588512778282166,0.18308773636817932,0.47102710604667664,2,2024-12-05 03:00:00+00:00
6421,0.2568737268447876,0.18324565887451172,0.5598805546760559,2,2024-12-05 03:00:00+00:00
6422,0.2568737268447876,0.18324565887451172,0.5598805546760559,2,2024-12-05 04:00:00+00:00
6423,0.3185513913631439,0.2122473567724228,0.46920132637023926,2,2024-12-05 04:00:00+00:00
6424,0.3185513913631439,0.2122473567724228,0.46920132637023926,2,2024-12-05 05:00:00+00:00
6425,0.31322285532951355,0.17856599390506744,0.5082111358642578,2,2024-12-05 05:00:00+00:00
6426,0.31322285532951355,0.17856599390506744,0.5082111358642578,2,2024-12-05 06:00:00+00:00
6427,0.26192259788513184,0.18061549961566925,0.5574619174003601,2,2024-12-05 06:00:00+00:00
6428,0.26192259788513184,0.18061549961566925,0.5574619174003601,2,2024-12-05 07:00:00+00:00
6429,0.25790250301361084,0.17706230282783508,0.5650351643562317,2,2024-12-05 07:00:00+00:00
6430,0.25790250301361084,0.17706230282783508,0.5650351643562317,2,2024-12-05 08:00:00+00:00
6431,0.2640202045440674,0.17830590903759003,0.5576738119125366,2,2024-12-05 08:00:00+00:00
6432,0.2640202045440674,0.17830590903759003,0.5576738119125366,2,2024-12-05 09:00:00+00:00
6433,0.2689380645751953,0.18504028022289276,0.5460216403007507,2,2024-12-05 09:00:00+00:00
6434,0.2689380645751953,0.18504028022289276,0.5460216403007507,2,2024-12-05 10:00:00+00:00
6435,0.27271580696105957,0.1896725296974182,0.5376116633415222,2,2024-12-05 10:00:00+00:00
6436,0.27271580696105957,0.1896725296974182,0.5376116633415222,2,2024-12-05 11:00:00+00:00
6437,0.27143317461013794,0.18934661149978638,0.5392202138900757,2,2024-12-05 11:00:00+00:00
6438,0.27143317461013794,0.18934661149978638,0.5392202138900757,2,2024-12-05 12:00:00+00:00
6439,0.30217981338500977,0.2082943171262741,0.48952582478523254,2,2024-12-05 12:00:00+00:00
6440,0.30217981338500977,0.2082943171262741,0.48952582478523254,2,2024-12-05 14:00:00+00:00
6441,0.3254231810569763,0.2126585990190506,0.4619182050228119,2,2024-12-05 14:00:00+00:00
6442,0.3254231810569763,0.2126585990190506,0.4619182050228119,2,2024-12-05 15:00:00+00:00
6443,0.31252893805503845,0.21169954538345337,0.4757714867591858,2,2024-12-05 15:00:00+00:00
6444,0.31252893805503845,0.21169954538345337,0.4757714867591858,2,2024-12-05 16:00:00+00:00
6445,0.352917343378067,0.20966917276382446,0.43741342425346375,2,2024-12-05 16:00:00+00:00
6446,0.352917343378067,0.20966917276382446,0.43741342425346375,2,2024-12-05 18:00:00+00:00
6447,0.33669131994247437,0.2254100739955902,0.43789854645729065,2,2024-12-05 18:00:00+00:00
6448,0.33669131994247437,0.2254100739955902,0.43789854645729065,2,2024-12-05 19:00:00+00:00
6449,0.29095494747161865,0.22292499244213104,0.4861201047897339,2,2024-12-05 19:00:00+00:00
6450,0.29095494747161865,0.22292499244213104,0.4861201047897339,2,2024-12-05 20:00:00+00:00
6451,0.3632587492465973,0.2250165492296219,0.411724716424942,2,2024-12-05 20:00:00+00:00
6452,0.3632587492465973,0.2250165492296219,0.411724716424942,2,2024-12-05 21:00:00+00:00
6453,0.3471319377422333,0.21092721819877625,0.44194090366363525,2,2024-12-05 21:00:00+00:00
6454,0.3471319377422333,0.21092721819877625,0.44194090366363525,2,2024-12-05 22:00:00+00:00
6455,0.2731548547744751,0.20783908665180206,0.5190060138702393,2,2024-12-05 22:00:00+00:00
6456,0.2731548547744751,0.20783908665180206,0.5190060138702393,2,2024-12-05 23:00:00+00:00
6457,0.381081223487854,0.21362103521823883,0.40529772639274597,2,2024-12-05 23:00:00+00:00
6458,0.381081223487854,0.21362103521823883,0.40529772639274597,2,2024-12-06 00:00:00+00:00
6459,0.41294610500335693,0.2104385644197464,0.37661534547805786,0,2024-12-06 00:00:00+00:00
6460,0.41294610500335693,0.2104385644197464,0.37661534547805786,0,2024-12-06 01:00:00+00:00
6461,0.3606798052787781,0.22160430252552032,0.4177158772945404,2,2024-12-06 01:00:00+00:00
6462,0.3606798052787781,0.22160430252552032,0.4177158772945404,2,2024-12-06 02:00:00+00:00
6463,0.3645184338092804,0.22684986889362335,0.4086318016052246,2,2024-12-06 02:00:00+00:00
6464,0.3645184338092804,0.22684986889362335,0.4086318016052246,2,2024-12-06 03:00:00+00:00
6465,0.3448985517024994,0.2076469361782074,0.44745439291000366,2,2024-12-06 03:00:00+00:00
6466,0.3448985517024994,0.2076469361782074,0.44745439291000366,2,2024-12-06 04:00:00+00:00
6467,0.31915807723999023,0.20821325480937958,0.47262871265411377,2,2024-12-06 04:00:00+00:00
6468,0.31915807723999023,0.20821325480937958,0.47262871265411377,2,2024-12-06 05:00:00+00:00
6469,0.3617108166217804,0.20508168637752533,0.43320754170417786,2,2024-12-06 05:00:00+00:00
6470,0.3617108166217804,0.20508168637752533,0.43320754170417786,2,2024-12-06 06:00:00+00:00
6471,0.2711859941482544,0.2041071206331253,0.5247069001197815,2,2024-12-06 06:00:00+00:00
6472,0.2711859941482544,0.2041071206331253,0.5247069001197815,2,2024-12-06 07:00:00+00:00
6473,0.21688945591449738,0.21084482967853546,0.5722657442092896,2,2024-12-06 07:00:00+00:00
6474,0.21688945591449738,0.21084482967853546,0.5722657442092896,2,2024-12-06 08:00:00+00:00
6475,0.23029720783233643,0.20975424349308014,0.5599485635757446,2,2024-12-06 08:00:00+00:00
6476,0.23029720783233643,0.20975424349308014,0.5599485635757446,2,2024-12-06 09:00:00+00:00
6477,0.19835270941257477,0.19320516288280487,0.6084420680999756,2,2024-12-06 09:00:00+00:00
6478,0.19835270941257477,0.19320516288280487,0.6084420680999756,2,2024-12-06 11:00:00+00:00
6479,0.21391001343727112,0.18959850072860718,0.5964915156364441,2,2024-12-06 11:00:00+00:00
6480,0.21391001343727112,0.18959850072860718,0.5964915156364441,2,2024-12-06 12:00:00+00:00
6481,0.23035122454166412,0.18395937979221344,0.5856893658638,2,2024-12-06 12:00:00+00:00
6482,0.23035122454166412,0.18395937979221344,0.5856893658638,2,2024-12-06 14:00:00+00:00
6483,0.23736916482448578,0.19075289368629456,0.5718780159950256,2,2024-12-06 14:00:00+00:00
6484,0.23736916482448578,0.19075289368629456,0.5718780159950256,2,2024-12-06 15:00:00+00:00
6485,0.24314914643764496,0.18998369574546814,0.5668672323226929,2,2024-12-06 15:00:00+00:00
6486,0.24314914643764496,0.18998369574546814,0.5668672323226929,2,2024-12-06 16:00:00+00:00
6487,0.32625189423561096,0.1949310600757599,0.4788171648979187,2,2024-12-06 16:00:00+00:00
6488,0.32625189423561096,0.1949310600757599,0.4788171648979187,2,2024-12-06 17:00:00+00:00
6489,0.34492263197898865,0.21104291081428528,0.4440344274044037,2,2024-12-06 17:00:00+00:00
6490,0.34492263197898865,0.21104291081428528,0.4440344274044037,2,2024-12-06 18:00:00+00:00
6491,0.3271068036556244,0.19880378246307373,0.4740893840789795,2,2024-12-06 18:00:00+00:00
6492,0.3271068036556244,0.19880378246307373,0.4740893840789795,2,2024-12-06 19:00:00+00:00
6493,0.31795594096183777,0.1940007209777832,0.48804330825805664,2,2024-12-06 19:00:00+00:00
6494,0.31795594096183777,0.1940007209777832,0.48804330825805664,2,2024-12-06 20:00:00+00:00
6495,0.36548423767089844,0.20403046905994415,0.4304853081703186,2,2024-12-06 20:00:00+00:00
6496,0.36548423767089844,0.20403046905994415,0.4304853081703186,2,2024-12-06 21:00:00+00:00
6497,0.3357195556163788,0.20376573503017426,0.46051475405693054,2,2024-12-06 21:00:00+00:00
6498,0.3357195556163788,0.20376573503017426,0.46051475405693054,2,2024-12-06 22:00:00+00:00
6499,0.35248738527297974,0.20477457344532013,0.44273799657821655,2,2024-12-06 22:00:00+00:00
6500,0.35248738527297974,0.20477457344532013,0.44273799657821655,2,2024-12-06 23:00:00+00:00
6501,0.3446308672428131,0.19932511448860168,0.4560440182685852,2,2024-12-06 23:00:00+00:00
6502,0.3446308672428131,0.19932511448860168,0.4560440182685852,2,2024-12-07 00:00:00+00:00
6503,0.3252388536930084,0.21040308475494385,0.46435800194740295,2,2024-12-07 00:00:00+00:00
6504,0.3252388536930084,0.21040308475494385,0.46435800194740295,2,2024-12-07 01:00:00+00:00
6505,0.2337726205587387,0.19169104099273682,0.5745363235473633,2,2024-12-07 01:00:00+00:00
6506,0.2337726205587387,0.19169104099273682,0.5745363235473633,2,2024-12-07 02:00:00+00:00
6507,0.235960453748703,0.19197553396224976,0.5720639824867249,2,2024-12-07 02:00:00+00:00
6508,0.235960453748703,0.19197553396224976,0.5720639824867249,2,2024-12-07 04:00:00+00:00
6509,0.23226897418498993,0.1917026787996292,0.5760282874107361,2,2024-12-07 04:00:00+00:00
6510,0.23226897418498993,0.1917026787996292,0.5760282874107361,2,2024-12-07 05:00:00+00:00
6511,0.23888517916202545,0.1855255365371704,0.5755892992019653,2,2024-12-07 05:00:00+00:00
6512,0.23888517916202545,0.1855255365371704,0.5755892992019653,2,2024-12-07 06:00:00+00:00
6513,0.23282358050346375,0.18145334720611572,0.5857231020927429,2,2024-12-07 06:00:00+00:00
6514,0.23282358050346375,0.18145334720611572,0.5857231020927429,2,2024-12-07 07:00:00+00:00
6515,0.22919492423534393,0.18851952254772186,0.5822855830192566,2,2024-12-07 07:00:00+00:00
6516,0.22919492423534393,0.18851952254772186,0.5822855830192566,2,2024-12-07 08:00:00+00:00
6517,0.22524791955947876,0.18531693518161774,0.5894352197647095,2,2024-12-07 08:00:00+00:00
6518,0.22524791955947876,0.18531693518161774,0.5894352197647095,2,2024-12-07 09:00:00+00:00
6519,0.2513791024684906,0.17708629369735718,0.5715345740318298,2,2024-12-07 09:00:00+00:00
6520,0.2513791024684906,0.17708629369735718,0.5715345740318298,2,2024-12-07 11:00:00+00:00
6521,0.3100181519985199,0.18913444876670837,0.5008474588394165,2,2024-12-07 11:00:00+00:00
6522,0.3100181519985199,0.18913444876670837,0.5008474588394165,2,2024-12-07 12:00:00+00:00
6523,0.2931381165981293,0.2004726082086563,0.5063892602920532,2,2024-12-07 12:00:00+00:00
6524,0.2931381165981293,0.2004726082086563,0.5063892602920532,2,2024-12-07 13:00:00+00:00
6525,0.3557802438735962,0.21901504695415497,0.42520466446876526,2,2024-12-07 13:00:00+00:00
6526,0.3557802438735962,0.21901504695415497,0.42520466446876526,2,2024-12-07 14:00:00+00:00
6527,0.31291815638542175,0.21108996868133545,0.47599196434020996,2,2024-12-07 14:00:00+00:00
6528,0.31291815638542175,0.21108996868133545,0.47599196434020996,2,2024-12-07 16:00:00+00:00
6529,0.32003316283226013,0.1977539211511612,0.48221296072006226,2,2024-12-07 16:00:00+00:00
6530,0.32003316283226013,0.1977539211511612,0.48221296072006226,2,2024-12-07 17:00:00+00:00
6531,0.28203362226486206,0.1981630027294159,0.5198033452033997,2,2024-12-07 17:00:00+00:00
6532,0.28203362226486206,0.1981630027294159,0.5198033452033997,2,2024-12-07 18:00:00+00:00
6533,0.29616042971611023,0.1899823397397995,0.5138571858406067,2,2024-12-07 18:00:00+00:00
6534,0.29616042971611023,0.1899823397397995,0.5138571858406067,2,2024-12-07 19:00:00+00:00
6535,0.3721528649330139,0.21242649853229523,0.4154205918312073,2,2024-12-07 19:00:00+00:00
6536,0.3721528649330139,0.21242649853229523,0.4154205918312073,2,2024-12-07 20:00:00+00:00
6537,0.3243786096572876,0.20311550796031952,0.47250598669052124,2,2024-12-07 20:00:00+00:00
6538,0.3243786096572876,0.20311550796031952,0.47250598669052124,2,2024-12-07 21:00:00+00:00
6539,0.3719575107097626,0.20733687281608582,0.420705646276474,2,2024-12-07 21:00:00+00:00
6540,0.3719575107097626,0.20733687281608582,0.420705646276474,2,2024-12-07 22:00:00+00:00
6541,0.39954420924186707,0.21930281817913055,0.38115301728248596,0,2024-12-07 22:00:00+00:00
6542,0.39954420924186707,0.21930281817913055,0.38115301728248596,0,2024-12-07 23:00:00+00:00
6543,0.28231310844421387,0.19426755607128143,0.5234193205833435,2,2024-12-07 23:00:00+00:00
6544,0.28231310844421387,0.19426755607128143,0.5234193205833435,2,2024-12-08 00:00:00+00:00
6545,0.3231506049633026,0.19563028216362,0.4812190532684326,2,2024-12-08 00:00:00+00:00
6546,0.3231506049633026,0.19563028216362,0.4812190532684326,2,2024-12-08 01:00:00+00:00
6547,0.35970163345336914,0.20070604979991913,0.4395924210548401,2,2024-12-08 01:00:00+00:00
6548,0.35970163345336914,0.20070604979991913,0.4395924210548401,2,2024-12-08 02:00:00+00:00
6549,0.32368096709251404,0.20898839831352234,0.46733060479164124,2,2024-12-08 02:00:00+00:00
6550,0.32368096709251404,0.20898839831352234,0.46733060479164124,2,2024-12-08 03:00:00+00:00
6551,0.26900458335876465,0.2125004529953003,0.5184949636459351,2,2024-12-08 03:00:00+00:00
6552,0.26900458335876465,0.2125004529953003,0.5184949636459351,2,2024-12-08 04:00:00+00:00
6553,0.2593582272529602,0.2135092318058014,0.5271324515342712,2,2024-12-08 04:00:00+00:00
6554,0.2593582272529602,0.2135092318058014,0.5271324515342712,2,2024-12-08 05:00:00+00:00
6555,0.20786556601524353,0.19788235425949097,0.5942520499229431,2,2024-12-08 05:00:00+00:00
6556,0.20786556601524353,0.19788235425949097,0.5942520499229431,2,2024-12-08 06:00:00+00:00
6557,0.2268638163805008,0.19761663675308228,0.5755195617675781,2,2024-12-08 06:00:00+00:00
6558,0.2268638163805008,0.19761663675308228,0.5755195617675781,2,2024-12-08 07:00:00+00:00
6559,0.26629504561424255,0.20141901075839996,0.5322859883308411,2,2024-12-08 07:00:00+00:00
6560,0.26629504561424255,0.20141901075839996,0.5322859883308411,2,2024-12-08 08:00:00+00:00
6561,0.22034645080566406,0.1919616013765335,0.5876919627189636,2,2024-12-08 08:00:00+00:00
6562,0.22034645080566406,0.1919616013765335,0.5876919627189636,2,2024-12-08 09:00:00+00:00
6563,0.3467036187648773,0.20729514956474304,0.44600120186805725,2,2024-12-08 09:00:00+00:00
6564,0.3467036187648773,0.20729514956474304,0.44600120186805725,2,2024-12-08 10:00:00+00:00
6565,0.3241765797138214,0.18866050243377686,0.4871629774570465,2,2024-12-08 10:00:00+00:00
6566,0.3241765797138214,0.18866050243377686,0.4871629774570465,2,2024-12-08 11:00:00+00:00
6567,0.24629540741443634,0.1871945708990097,0.5665100812911987,2,2024-12-08 11:00:00+00:00
6568,0.24629540741443634,0.1871945708990097,0.5665100812911987,2,2024-12-08 12:00:00+00:00
6569,0.2137073427438736,0.20333392918109894,0.5829586982727051,2,2024-12-08 12:00:00+00:00
6570,0.2137073427438736,0.20333392918109894,0.5829586982727051,2,2024-12-08 13:00:00+00:00
6571,0.21541038155555725,0.19336582720279694,0.5912237167358398,2,2024-12-08 13:00:00+00:00
6572,0.21541038155555725,0.19336582720279694,0.5912237167358398,2,2024-12-08 15:00:00+00:00
6573,0.23796337842941284,0.19286252558231354,0.5691741108894348,2,2024-12-08 15:00:00+00:00
6574,0.23796337842941284,0.19286252558231354,0.5691741108894348,2,2024-12-08 16:00:00+00:00
6575,0.21878299117088318,0.1951783448457718,0.5860386490821838,2,2024-12-08 16:00:00+00:00
6576,0.21878299117088318,0.1951783448457718,0.5860386490821838,2,2024-12-08 17:00:00+00:00
6577,0.2452208250761032,0.18233999609947205,0.5724391341209412,2,2024-12-08 17:00:00+00:00
6578,0.2452208250761032,0.18233999609947205,0.5724391341209412,2,2024-12-08 18:00:00+00:00
6579,0.22440139949321747,0.18397195637226105,0.5916265845298767,2,2024-12-08 18:00:00+00:00
6580,0.22440139949321747,0.18397195637226105,0.5916265845298767,2,2024-12-08 19:00:00+00:00
6581,0.24607422947883606,0.18028436601161957,0.5736414194107056,2,2024-12-08 19:00:00+00:00
6582,0.24607422947883606,0.18028436601161957,0.5736414194107056,2,2024-12-08 20:00:00+00:00
6583,0.25111302733421326,0.1813448816537857,0.5675420165061951,2,2024-12-08 20:00:00+00:00
6584,0.25111302733421326,0.1813448816537857,0.5675420165061951,2,2024-12-08 21:00:00+00:00
6585,0.2830992639064789,0.17646706104278564,0.5404336452484131,2,2024-12-08 21:00:00+00:00
6586,0.2830992639064789,0.17646706104278564,0.5404336452484131,2,2024-12-08 22:00:00+00:00
6587,0.24708716571331024,0.1801491677761078,0.5727636814117432,2,2024-12-08 22:00:00+00:00
6588,0.24708716571331024,0.1801491677761078,0.5727636814117432,2,2024-12-08 23:00:00+00:00
6589,0.2638236880302429,0.18075625598430634,0.5554201006889343,2,2024-12-08 23:00:00+00:00
6590,0.2638236880302429,0.18075625598430634,0.5554201006889343,2,2024-12-09 00:00:00+00:00
6591,0.24254339933395386,0.19134289026260376,0.5661137104034424,2,2024-12-09 00:00:00+00:00
6592,0.24254339933395386,0.19134289026260376,0.5661137104034424,2,2024-12-09 01:00:00+00:00
6593,0.2998405992984772,0.19061467051506042,0.5095447897911072,2,2024-12-09 01:00:00+00:00
6594,0.2998405992984772,0.19061467051506042,0.5095447897911072,2,2024-12-09 02:00:00+00:00
6595,0.3109864890575409,0.17859724164009094,0.5104162693023682,2,2024-12-09 02:00:00+00:00
6596,0.3109864890575409,0.17859724164009094,0.5104162693023682,2,2024-12-09 03:00:00+00:00
6597,0.3323586583137512,0.19106385111808777,0.47657760977745056,2,2024-12-09 03:00:00+00:00
6598,0.3323586583137512,0.19106385111808777,0.47657760977745056,2,2024-12-09 04:00:00+00:00
6599,0.3121245801448822,0.1965685933828354,0.49130696058273315,2,2024-12-09 04:00:00+00:00
6600,0.3121245801448822,0.1965685933828354,0.49130696058273315,2,2024-12-09 05:00:00+00:00
6601,0.2689496874809265,0.16868986189365387,0.562360405921936,2,2024-12-09 05:00:00+00:00
6602,0.2689496874809265,0.16868986189365387,0.562360405921936,2,2024-12-09 06:00:00+00:00
6603,0.2763395309448242,0.17152707278728485,0.5521333813667297,2,2024-12-09 06:00:00+00:00
6604,0.2763395309448242,0.17152707278728485,0.5521333813667297,2,2024-12-09 07:00:00+00:00
6605,0.3107784390449524,0.1857808381319046,0.5034406781196594,2,2024-12-09 07:00:00+00:00
6606,0.3107784390449524,0.1857808381319046,0.5034406781196594,2,2024-12-09 08:00:00+00:00
6607,0.2742348611354828,0.17758998274803162,0.5481752157211304,2,2024-12-09 08:00:00+00:00
6608,0.2742348611354828,0.17758998274803162,0.5481752157211304,2,2024-12-09 10:00:00+00:00
6609,0.31709715723991394,0.1781069040298462,0.5047959089279175,2,2024-12-09 10:00:00+00:00
6610,0.31709715723991394,0.1781069040298462,0.5047959089279175,2,2024-12-09 11:00:00+00:00
6611,0.3258870244026184,0.1614961177110672,0.5126169323921204,2,2024-12-09 11:00:00+00:00
6612,0.3258870244026184,0.1614961177110672,0.5126169323921204,2,2024-12-09 14:00:00+00:00
6613,0.3107168972492218,0.15295441448688507,0.5363286733627319,2,2024-12-09 14:00:00+00:00
6614,0.3107168972492218,0.15295441448688507,0.5363286733627319,2,2024-12-09 15:00:00+00:00
6615,0.2609945833683014,0.16072604060173035,0.5782793760299683,2,2024-12-09 15:00:00+00:00
6616,0.2609945833683014,0.16072604060173035,0.5782793760299683,2,2024-12-09 17:00:00+00:00
6617,0.5633751749992371,0.12049498409032822,0.3161298930644989,0,2024-12-09 17:00:00+00:00
6618,0.5633751749992371,0.12049498409032822,0.3161298930644989,0,2024-12-09 18:00:00+00:00
6619,0.5709341168403625,0.11530689150094986,0.3137589991092682,0,2024-12-09 18:00:00+00:00
6620,0.5709341168403625,0.11530689150094986,0.3137589991092682,0,2024-12-09 19:00:00+00:00
6621,0.5463408827781677,0.12502814829349518,0.3286309540271759,0,2024-12-09 19:00:00+00:00
6622,0.5463408827781677,0.12502814829349518,0.3286309540271759,0,2024-12-09 20:00:00+00:00
6623,0.5742918848991394,0.10904499143362045,0.31666314601898193,0,2024-12-09 20:00:00+00:00
6624,0.5742918848991394,0.10904499143362045,0.31666314601898193,0,2024-12-09 23:00:00+00:00
6625,0.613764226436615,0.10599919408559799,0.2802365720272064,0,2024-12-09 23:00:00+00:00
6626,0.613764226436615,0.10599919408559799,0.2802365720272064,0,2024-12-10 00:00:00+00:00
6627,0.5991526246070862,0.09987945109605789,0.3009679615497589,0,2024-12-10 00:00:00+00:00
6628,0.5991526246070862,0.09987945109605789,0.3009679615497589,0,2024-12-10 01:00:00+00:00
6629,0.5768049359321594,0.1106315478682518,0.31256359815597534,0,2024-12-10 01:00:00+00:00
6630,0.5768049359321594,0.1106315478682518,0.31256359815597534,0,2024-12-10 04:00:00+00:00
6631,0.5473211407661438,0.1214929074048996,0.33118605613708496,0,2024-12-10 04:00:00+00:00
6632,0.5473211407661438,0.1214929074048996,0.33118605613708496,0,2024-12-10 06:00:00+00:00
6633,0.5420157313346863,0.12472027540206909,0.33326396346092224,0,2024-12-10 06:00:00+00:00
6634,0.5420157313346863,0.12472027540206909,0.33326396346092224,0,2024-12-10 07:00:00+00:00
6635,0.5148681402206421,0.1384378969669342,0.34669384360313416,0,2024-12-10 07:00:00+00:00
6636,0.5148681402206421,0.1384378969669342,0.34669384360313416,0,2024-12-10 08:00:00+00:00
6637,0.5277104377746582,0.1370147317647934,0.3352747857570648,0,2024-12-10 08:00:00+00:00
6638,0.5277104377746582,0.1370147317647934,0.3352747857570648,0,2024-12-10 09:00:00+00:00
6639,0.39434587955474854,0.13720087707042694,0.4684533178806305,2,2024-12-10 09:00:00+00:00
6640,0.39434587955474854,0.13720087707042694,0.4684533178806305,2,2024-12-10 10:00:00+00:00
6641,0.42045265436172485,0.14690124988555908,0.4326459765434265,2,2024-12-10 10:00:00+00:00
6642,0.42045265436172485,0.14690124988555908,0.4326459765434265,2,2024-12-10 11:00:00+00:00
6643,0.41416728496551514,0.1386982500553131,0.44713449478149414,2,2024-12-10 11:00:00+00:00
6644,0.41416728496551514,0.1386982500553131,0.44713449478149414,2,2024-12-10 12:00:00+00:00
6645,0.41920167207717896,0.1448228657245636,0.43597546219825745,2,2024-12-10 12:00:00+00:00
6646,0.41920167207717896,0.1448228657245636,0.43597546219825745,2,2024-12-10 14:00:00+00:00
6647,0.3735086917877197,0.14609268307685852,0.48039865493774414,2,2024-12-10 14:00:00+00:00
6648,0.3735086917877197,0.14609268307685852,0.48039865493774414,2,2024-12-10 15:00:00+00:00
6649,0.24759384989738464,0.16869276762008667,0.5837132930755615,2,2024-12-10 15:00:00+00:00
6650,0.24759384989738464,0.16869276762008667,0.5837132930755615,2,2024-12-10 19:00:00+00:00
6651,0.5473697185516357,0.12776093184947968,0.32486945390701294,0,2024-12-10 19:00:00+00:00
6652,0.5473697185516357,0.12776093184947968,0.32486945390701294,0,2024-12-10 23:00:00+00:00
6653,0.46623051166534424,0.1513507217168808,0.3824186325073242,0,2024-12-10 23:00:00+00:00
6654,0.46623051166534424,0.1513507217168808,0.3824186325073242,0,2024-12-11 00:00:00+00:00
6655,0.45732980966567993,0.1519675850868225,0.3907025456428528,0,2024-12-11 00:00:00+00:00
6656,0.45732980966567993,0.1519675850868225,0.3907025456428528,0,2024-12-11 01:00:00+00:00
6657,0.45546823740005493,0.15090705454349518,0.39362475275993347,0,2024-12-11 01:00:00+00:00
6658,0.45546823740005493,0.15090705454349518,0.39362475275993347,0,2024-12-11 02:00:00+00:00
6659,0.48474374413490295,0.152434304356575,0.3628219962120056,0,2024-12-11 02:00:00+00:00
6660,0.48474374413490295,0.152434304356575,0.3628219962120056,0,2024-12-11 03:00:00+00:00
6661,0.445191890001297,0.16962148249149323,0.3851866126060486,0,2024-12-11 03:00:00+00:00
6662,0.445191890001297,0.16962148249149323,0.3851866126060486,0,2024-12-11 04:00:00+00:00
6663,0.46732109785079956,0.16165415942668915,0.3710247278213501,0,2024-12-11 04:00:00+00:00
6664,0.46732109785079956,0.16165415942668915,0.3710247278213501,0,2024-12-11 05:00:00+00:00
6665,0.4896009862422943,0.15766358375549316,0.3527354896068573,0,2024-12-11 05:00:00+00:00
6666,0.4896009862422943,0.15766358375549316,0.3527354896068573,0,2024-12-11 06:00:00+00:00
6667,0.48298144340515137,0.15825609862804413,0.3587624728679657,0,2024-12-11 06:00:00+00:00
6668,0.48298144340515137,0.15825609862804413,0.3587624728679657,0,2024-12-11 07:00:00+00:00
6669,0.47907209396362305,0.1582392454147339,0.3626886308193207,0,2024-12-11 07:00:00+00:00
6670,0.47907209396362305,0.1582392454147339,0.3626886308193207,0,2024-12-11 08:00:00+00:00
6671,0.49315035343170166,0.15985046327114105,0.3469991981983185,0,2024-12-11 08:00:00+00:00
6672,0.49315035343170166,0.15985046327114105,0.3469991981983185,0,2024-12-11 09:00:00+00:00
6673,0.4575483798980713,0.1682426780462265,0.3742089569568634,0,2024-12-11 09:00:00+00:00
6674,0.4575483798980713,0.1682426780462265,0.3742089569568634,0,2024-12-11 11:00:00+00:00
6675,0.43347474932670593,0.1823204606771469,0.3842047154903412,0,2024-12-11 11:00:00+00:00
6676,0.43347474932670593,0.1823204606771469,0.3842047154903412,0,2024-12-11 12:00:00+00:00
6677,0.42479026317596436,0.18127958476543427,0.3939301371574402,0,2024-12-11 12:00:00+00:00
6678,0.42479026317596436,0.18127958476543427,0.3939301371574402,0,2024-12-11 13:00:00+00:00
6679,0.38688114285469055,0.18672877550125122,0.42639023065567017,2,2024-12-11 13:00:00+00:00
6680,0.38688114285469055,0.18672877550125122,0.42639023065567017,2,2024-12-11 14:00:00+00:00
6681,0.36897510290145874,0.18778645992279053,0.4432385265827179,2,2024-12-11 14:00:00+00:00
6682,0.36897510290145874,0.18778645992279053,0.4432385265827179,2,2024-12-11 15:00:00+00:00
6683,0.3825795352458954,0.19389599561691284,0.42352449893951416,2,2024-12-11 15:00:00+00:00
6684,0.3825795352458954,0.19389599561691284,0.42352449893951416,2,2024-12-11 16:00:00+00:00
6685,0.27707812190055847,0.20193861424922943,0.5209832191467285,2,2024-12-11 16:00:00+00:00
6686,0.27707812190055847,0.20193861424922943,0.5209832191467285,2,2024-12-11 17:00:00+00:00
6687,0.34937208890914917,0.19156904518604279,0.459058940410614,2,2024-12-11 17:00:00+00:00
6688,0.34937208890914917,0.19156904518604279,0.459058940410614,2,2024-12-11 19:00:00+00:00
6689,0.4818800985813141,0.20677591860294342,0.3113440275192261,0,2024-12-11 19:00:00+00:00
6690,0.4818800985813141,0.20677591860294342,0.3113440275192261,0,2024-12-11 20:00:00+00:00
6691,0.40913763642311096,0.21604400873184204,0.3748182952404022,0,2024-12-11 20:00:00+00:00
6692,0.40913763642311096,0.21604400873184204,0.3748182952404022,0,2024-12-11 21:00:00+00:00
6693,0.3276890814304352,0.2152503877878189,0.45706045627593994,2,2024-12-11 21:00:00+00:00
6694,0.3276890814304352,0.2152503877878189,0.45706045627593994,2,2024-12-11 22:00:00+00:00
6695,0.35837480425834656,0.21589621901512146,0.425728976726532,2,2024-12-11 22:00:00+00:00
6696,0.35837480425834656,0.21589621901512146,0.425728976726532,2,2024-12-11 23:00:00+00:00
6697,0.39032477140426636,0.1951386034488678,0.41453665494918823,2,2024-12-11 23:00:00+00:00
6698,0.39032477140426636,0.1951386034488678,0.41453665494918823,2,2024-12-12 00:00:00+00:00
6699,0.413970947265625,0.19527873396873474,0.39075037837028503,0,2024-12-12 00:00:00+00:00
6700,0.413970947265625,0.19527873396873474,0.39075037837028503,0,2024-12-12 01:00:00+00:00
6701,0.4580521583557129,0.2150373011827469,0.32691049575805664,0,2024-12-12 01:00:00+00:00
6702,0.4580521583557129,0.2150373011827469,0.32691049575805664,0,2024-12-12 02:00:00+00:00
6703,0.4113306999206543,0.23296497762203217,0.35570424795150757,0,2024-12-12 02:00:00+00:00
6704,0.4113306999206543,0.23296497762203217,0.35570424795150757,0,2024-12-12 04:00:00+00:00
6705,0.3745470345020294,0.2238747775554657,0.40157824754714966,2,2024-12-12 04:00:00+00:00
6706,0.3745470345020294,0.2238747775554657,0.40157824754714966,2,2024-12-12 05:00:00+00:00
6707,0.3476901948451996,0.22661051154136658,0.42569923400878906,2,2024-12-12 05:00:00+00:00
6708,0.3476901948451996,0.22661051154136658,0.42569923400878906,2,2024-12-12 06:00:00+00:00
6709,0.2982493042945862,0.24460473656654358,0.4571458697319031,2,2024-12-12 06:00:00+00:00
6710,0.2982493042945862,0.24460473656654358,0.4571458697319031,2,2024-12-12 07:00:00+00:00
6711,0.33491623401641846,0.22656728327274323,0.4385165274143219,2,2024-12-12 07:00:00+00:00
6712,0.33491623401641846,0.22656728327274323,0.4385165274143219,2,2024-12-12 09:00:00+00:00
6713,0.24953794479370117,0.24173107743263245,0.5087310075759888,2,2024-12-12 09:00:00+00:00
6714,0.24953794479370117,0.24173107743263245,0.5087310075759888,2,2024-12-12 10:00:00+00:00
6715,0.26127806305885315,0.22977329790592194,0.5089486241340637,2,2024-12-12 10:00:00+00:00
6716,0.26127806305885315,0.22977329790592194,0.5089486241340637,2,2024-12-12 11:00:00+00:00
6717,0.2838786840438843,0.21503078937530518,0.5010904669761658,2,2024-12-12 11:00:00+00:00
6718,0.2838786840438843,0.21503078937530518,0.5010904669761658,2,2024-12-12 12:00:00+00:00
6719,0.28080153465270996,0.21114639937877655,0.5080520510673523,2,2024-12-12 12:00:00+00:00
6720,0.28080153465270996,0.21114639937877655,0.5080520510673523,2,2024-12-12 13:00:00+00:00
6721,0.3020937442779541,0.21068108081817627,0.48722514510154724,2,2024-12-12 13:00:00+00:00
6722,0.3020937442779541,0.21068108081817627,0.48722514510154724,2,2024-12-12 14:00:00+00:00
6723,0.35821807384490967,0.21339459717273712,0.4283874034881592,2,2024-12-12 14:00:00+00:00
6724,0.35821807384490967,0.21339459717273712,0.4283874034881592,2,2024-12-12 15:00:00+00:00
6725,0.3650214672088623,0.21393029391765594,0.42104825377464294,2,2024-12-12 15:00:00+00:00
6726,0.3650214672088623,0.21393029391765594,0.42104825377464294,2,2024-12-12 16:00:00+00:00
6727,0.359499454498291,0.21915994584560394,0.4213405251502991,2,2024-12-12 16:00:00+00:00
6728,0.359499454498291,0.21915994584560394,0.4213405251502991,2,2024-12-12 17:00:00+00:00
6729,0.3562369644641876,0.2245015949010849,0.4192613363265991,2,2024-12-12 17:00:00+00:00
6730,0.3562369644641876,0.2245015949010849,0.4192613363265991,2,2024-12-12 18:00:00+00:00
6731,0.3467218577861786,0.21429555118083954,0.4389827251434326,2,2024-12-12 18:00:00+00:00
6732,0.3467218577861786,0.21429555118083954,0.4389827251434326,2,2024-12-12 19:00:00+00:00
6733,0.3639129400253296,0.22909943759441376,0.40698763728141785,2,2024-12-12 19:00:00+00:00
6734,0.3639129400253296,0.22909943759441376,0.40698763728141785,2,2024-12-12 22:00:00+00:00
6735,0.35098180174827576,0.22182336449623108,0.4271947741508484,2,2024-12-12 22:00:00+00:00
6736,0.35098180174827576,0.22182336449623108,0.4271947741508484,2,2024-12-12 23:00:00+00:00
6737,0.3231309950351715,0.22250418365001678,0.4543648958206177,2,2024-12-12 23:00:00+00:00
6738,0.3231309950351715,0.22250418365001678,0.4543648958206177,2,2024-12-13 00:00:00+00:00
6739,0.3737393617630005,0.24009183049201965,0.38616880774497986,2,2024-12-13 00:00:00+00:00
6740,0.3737393617630005,0.24009183049201965,0.38616880774497986,2,2024-12-13 01:00:00+00:00
6741,0.38352978229522705,0.24168260395526886,0.3747875988483429,0,2024-12-13 01:00:00+00:00
6742,0.38352978229522705,0.24168260395526886,0.3747875988483429,0,2024-12-13 02:00:00+00:00
6743,0.3923898935317993,0.27128368616104126,0.33632636070251465,0,2024-12-13 02:00:00+00:00
6744,0.3923898935317993,0.27128368616104126,0.33632636070251465,0,2024-12-13 03:00:00+00:00
6745,0.3703221380710602,0.23784621059894562,0.39183175563812256,2,2024-12-13 03:00:00+00:00
6746,0.3703221380710602,0.23784621059894562,0.39183175563812256,2,2024-12-13 04:00:00+00:00
6747,0.32908064126968384,0.217084601521492,0.4538347125053406,2,2024-12-13 04:00:00+00:00
6748,0.32908064126968384,0.217084601521492,0.4538347125053406,2,2024-12-13 05:00:00+00:00
6749,0.3214245140552521,0.22175392508506775,0.4568215310573578,2,2024-12-13 05:00:00+00:00
6750,0.3214245140552521,0.22175392508506775,0.4568215310573578,2,2024-12-13 06:00:00+00:00
6751,0.3510980010032654,0.23328183591365814,0.4156201481819153,2,2024-12-13 06:00:00+00:00
6752,0.3510980010032654,0.23328183591365814,0.4156201481819153,2,2024-12-13 08:00:00+00:00
6753,0.3153437077999115,0.20218020677566528,0.48247605562210083,2,2024-12-13 08:00:00+00:00
6754,0.3153437077999115,0.20218020677566528,0.48247605562210083,2,2024-12-13 09:00:00+00:00
6755,0.3065405786037445,0.18614856898784637,0.5073108673095703,2,2024-12-13 09:00:00+00:00
6756,0.3065405786037445,0.18614856898784637,0.5073108673095703,2,2024-12-13 10:00:00+00:00
6757,0.28194624185562134,0.18891583383083344,0.5291379690170288,2,2024-12-13 10:00:00+00:00
6758,0.28194624185562134,0.18891583383083344,0.5291379690170288,2,2024-12-13 11:00:00+00:00
6759,0.2870350182056427,0.19398418068885803,0.5189808011054993,2,2024-12-13 11:00:00+00:00
6760,0.2870350182056427,0.19398418068885803,0.5189808011054993,2,2024-12-13 12:00:00+00:00
6761,0.2842518985271454,0.18541882932186127,0.5303292870521545,2,2024-12-13 12:00:00+00:00
6762,0.2842518985271454,0.18541882932186127,0.5303292870521545,2,2024-12-13 13:00:00+00:00
6763,0.28562402725219727,0.1894337683916092,0.52494215965271,2,2024-12-13 13:00:00+00:00
6764,0.28562402725219727,0.1894337683916092,0.52494215965271,2,2024-12-13 14:00:00+00:00
6765,0.3261813819408417,0.2278766930103302,0.4459419250488281,2,2024-12-13 14:00:00+00:00
6766,0.3261813819408417,0.2278766930103302,0.4459419250488281,2,2024-12-13 18:00:00+00:00
6767,0.2996601164340973,0.18984957039356232,0.5104902386665344,2,2024-12-13 18:00:00+00:00
6768,0.2996601164340973,0.18984957039356232,0.5104902386665344,2,2024-12-13 19:00:00+00:00
6769,0.3353132903575897,0.20919744670391083,0.45548927783966064,2,2024-12-13 19:00:00+00:00
6770,0.3353132903575897,0.20919744670391083,0.45548927783966064,2,2024-12-13 20:00:00+00:00
6771,0.35758426785469055,0.23288074135780334,0.4095350503921509,2,2024-12-13 20:00:00+00:00
6772,0.35758426785469055,0.23288074135780334,0.4095350503921509,2,2024-12-13 21:00:00+00:00
6773,0.33491164445877075,0.20531080663204193,0.4597775340080261,2,2024-12-13 21:00:00+00:00
6774,0.33491164445877075,0.20531080663204193,0.4597775340080261,2,2024-12-13 22:00:00+00:00
6775,0.35147371888160706,0.20911584794521332,0.43941038846969604,2,2024-12-13 22:00:00+00:00
6776,0.35147371888160706,0.20911584794521332,0.43941038846969604,2,2024-12-13 23:00:00+00:00
6777,0.3050554692745209,0.1915278285741806,0.5034166574478149,2,2024-12-13 23:00:00+00:00
6778,0.3050554692745209,0.1915278285741806,0.5034166574478149,2,2024-12-14 00:00:00+00:00
6779,0.32818764448165894,0.1935766488313675,0.4782358407974243,2,2024-12-14 00:00:00+00:00
6780,0.32818764448165894,0.1935766488313675,0.4782358407974243,2,2024-12-14 01:00:00+00:00
6781,0.3421229124069214,0.19898150861263275,0.45889559388160706,2,2024-12-14 01:00:00+00:00
6782,0.3421229124069214,0.19898150861263275,0.45889559388160706,2,2024-12-14 02:00:00+00:00
6783,0.31848326325416565,0.20228862762451172,0.47922807931900024,2,2024-12-14 02:00:00+00:00
6784,0.31848326325416565,0.20228862762451172,0.47922807931900024,2,2024-12-14 03:00:00+00:00
6785,0.34746840596199036,0.1945464313030243,0.45798513293266296,2,2024-12-14 03:00:00+00:00
6786,0.34746840596199036,0.1945464313030243,0.45798513293266296,2,2024-12-14 04:00:00+00:00
6787,0.327567458152771,0.19622567296028137,0.4762069582939148,2,2024-12-14 04:00:00+00:00
6788,0.327567458152771,0.19622567296028137,0.4762069582939148,2,2024-12-14 05:00:00+00:00
6789,0.3197475075721741,0.18247106671333313,0.4977813959121704,2,2024-12-14 05:00:00+00:00
6790,0.3197475075721741,0.18247106671333313,0.4977813959121704,2,2024-12-14 06:00:00+00:00
6791,0.3211909532546997,0.18120145797729492,0.4976075291633606,2,2024-12-14 06:00:00+00:00
6792,0.3211909532546997,0.18120145797729492,0.4976075291633606,2,2024-12-14 07:00:00+00:00
6793,0.3332684338092804,0.1850948929786682,0.48163658380508423,2,2024-12-14 07:00:00+00:00
6794,0.3332684338092804,0.1850948929786682,0.48163658380508423,2,2024-12-14 08:00:00+00:00
6795,0.3055146336555481,0.1823054701089859,0.5121798515319824,2,2024-12-14 08:00:00+00:00
6796,0.3055146336555481,0.1823054701089859,0.5121798515319824,2,2024-12-14 09:00:00+00:00
6797,0.3205426037311554,0.17907267808914185,0.5003846287727356,2,2024-12-14 09:00:00+00:00
6798,0.3205426037311554,0.17907267808914185,0.5003846287727356,2,2024-12-14 10:00:00+00:00
6799,0.32025909423828125,0.17832563817501068,0.5014151930809021,2,2024-12-14 10:00:00+00:00
6800,0.32025909423828125,0.17832563817501068,0.5014151930809021,2,2024-12-14 11:00:00+00:00
6801,0.30946460366249084,0.17587435245513916,0.5146610736846924,2,2024-12-14 11:00:00+00:00
6802,0.30946460366249084,0.17587435245513916,0.5146610736846924,2,2024-12-14 12:00:00+00:00
6803,0.3113958537578583,0.17910297214984894,0.5095011591911316,2,2024-12-14 12:00:00+00:00
6804,0.3113958537578583,0.17910297214984894,0.5095011591911316,2,2024-12-14 13:00:00+00:00
6805,0.3318307399749756,0.18713724613189697,0.48103201389312744,2,2024-12-14 13:00:00+00:00
6806,0.3318307399749756,0.18713724613189697,0.48103201389312744,2,2024-12-14 14:00:00+00:00
6807,0.38482433557510376,0.21771995723247528,0.39745575189590454,2,2024-12-14 14:00:00+00:00
6808,0.38482433557510376,0.21771995723247528,0.39745575189590454,2,2024-12-14 15:00:00+00:00
6809,0.3306104242801666,0.19351832568645477,0.4758712947368622,2,2024-12-14 15:00:00+00:00
6810,0.3306104242801666,0.19351832568645477,0.4758712947368622,2,2024-12-14 16:00:00+00:00
6811,0.36973607540130615,0.20571672916412354,0.4245471954345703,2,2024-12-14 16:00:00+00:00
6812,0.36973607540130615,0.20571672916412354,0.4245471954345703,2,2024-12-14 17:00:00+00:00
6813,0.37993982434272766,0.2249804139137268,0.39507976174354553,2,2024-12-14 17:00:00+00:00
6814,0.37993982434272766,0.2249804139137268,0.39507976174354553,2,2024-12-14 18:00:00+00:00
6815,0.4132637679576874,0.22719760239124298,0.3595387041568756,0,2024-12-14 18:00:00+00:00
6816,0.4132637679576874,0.22719760239124298,0.3595387041568756,0,2024-12-14 19:00:00+00:00
6817,0.42000722885131836,0.21739627420902252,0.3625965714454651,0,2024-12-14 19:00:00+00:00
6818,0.42000722885131836,0.21739627420902252,0.3625965714454651,0,2024-12-14 20:00:00+00:00
6819,0.39599519968032837,0.19756916165351868,0.40643569827079773,2,2024-12-14 20:00:00+00:00
6820,0.39599519968032837,0.19756916165351868,0.40643569827079773,2,2024-12-14 21:00:00+00:00
6821,0.41793978214263916,0.1932557225227356,0.38880455493927,0,2024-12-14 21:00:00+00:00
6822,0.41793978214263916,0.1932557225227356,0.38880455493927,0,2024-12-14 22:00:00+00:00
6823,0.38023093342781067,0.18327902257442474,0.4364900588989258,2,2024-12-14 22:00:00+00:00
6824,0.38023093342781067,0.18327902257442474,0.4364900588989258,2,2024-12-14 23:00:00+00:00
6825,0.3696747422218323,0.17652061581611633,0.453804612159729,2,2024-12-14 23:00:00+00:00
6826,0.3696747422218323,0.17652061581611633,0.453804612159729,2,2024-12-15 00:00:00+00:00
6827,0.33646366000175476,0.16409331560134888,0.4994429349899292,2,2024-12-15 00:00:00+00:00
6828,0.33646366000175476,0.16409331560134888,0.4994429349899292,2,2024-12-15 01:00:00+00:00
6829,0.3097323775291443,0.1777413934469223,0.512526273727417,2,2024-12-15 01:00:00+00:00
6830,0.3097323775291443,0.1777413934469223,0.512526273727417,2,2024-12-15 02:00:00+00:00
6831,0.32569798827171326,0.16405735909938812,0.5102446675300598,2,2024-12-15 02:00:00+00:00
6832,0.32569798827171326,0.16405735909938812,0.5102446675300598,2,2024-12-15 03:00:00+00:00
6833,0.3385891020298004,0.16653400659561157,0.4948769807815552,2,2024-12-15 03:00:00+00:00
6834,0.3385891020298004,0.16653400659561157,0.4948769807815552,2,2024-12-15 04:00:00+00:00
6835,0.3474077582359314,0.16731002926826477,0.48528215289115906,2,2024-12-15 04:00:00+00:00
6836,0.3474077582359314,0.16731002926826477,0.48528215289115906,2,2024-12-15 05:00:00+00:00
6837,0.32108351588249207,0.1654706746339798,0.5134457945823669,2,2024-12-15 05:00:00+00:00
6838,0.32108351588249207,0.1654706746339798,0.5134457945823669,2,2024-12-15 06:00:00+00:00
6839,0.31586334109306335,0.16812534630298615,0.5160112380981445,2,2024-12-15 06:00:00+00:00
6840,0.31586334109306335,0.16812534630298615,0.5160112380981445,2,2024-12-15 07:00:00+00:00
6841,0.3263933062553406,0.16527478396892548,0.5083319544792175,2,2024-12-15 07:00:00+00:00
6842,0.3263933062553406,0.16527478396892548,0.5083319544792175,2,2024-12-15 08:00:00+00:00
6843,0.3461098372936249,0.16498158872127533,0.48890864849090576,2,2024-12-15 08:00:00+00:00
6844,0.3461098372936249,0.16498158872127533,0.48890864849090576,2,2024-12-15 09:00:00+00:00
6845,0.3214956223964691,0.16628164052963257,0.5122227072715759,2,2024-12-15 09:00:00+00:00
6846,0.3214956223964691,0.16628164052963257,0.5122227072715759,2,2024-12-15 10:00:00+00:00
6847,0.32869356870651245,0.1686984747648239,0.5026079416275024,2,2024-12-15 10:00:00+00:00
6848,0.32869356870651245,0.1686984747648239,0.5026079416275024,2,2024-12-15 11:00:00+00:00
6849,0.33636850118637085,0.1668163537979126,0.4968152642250061,2,2024-12-15 11:00:00+00:00
6850,0.33636850118637085,0.1668163537979126,0.4968152642250061,2,2024-12-15 12:00:00+00:00
6851,0.30467459559440613,0.16736245155334473,0.5279630422592163,2,2024-12-15 12:00:00+00:00
6852,0.30467459559440613,0.16736245155334473,0.5279630422592163,2,2024-12-15 13:00:00+00:00
6853,0.30441898107528687,0.1894838958978653,0.506097137928009,2,2024-12-15 13:00:00+00:00
6854,0.30441898107528687,0.1894838958978653,0.506097137928009,2,2024-12-15 14:00:00+00:00
6855,0.33299845457077026,0.19765645265579224,0.4693450331687927,2,2024-12-15 14:00:00+00:00
6856,0.33299845457077026,0.19765645265579224,0.4693450331687927,2,2024-12-15 15:00:00+00:00
6857,0.34591612219810486,0.20548181235790253,0.4486020803451538,2,2024-12-15 15:00:00+00:00
6858,0.34591612219810486,0.20548181235790253,0.4486020803451538,2,2024-12-15 16:00:00+00:00
6859,0.34952157735824585,0.22335124015808105,0.4271271824836731,2,2024-12-15 16:00:00+00:00
6860,0.34952157735824585,0.22335124015808105,0.4271271824836731,2,2024-12-15 17:00:00+00:00
6861,0.35134220123291016,0.20940449833869934,0.4392533004283905,2,2024-12-15 17:00:00+00:00
6862,0.35134220123291016,0.20940449833869934,0.4392533004283905,2,2024-12-15 18:00:00+00:00
6863,0.3789614140987396,0.2048291116952896,0.4162094295024872,2,2024-12-15 18:00:00+00:00
6864,0.3789614140987396,0.2048291116952896,0.4162094295024872,2,2024-12-15 19:00:00+00:00
6865,0.3853367567062378,0.20041003823280334,0.4142531752586365,2,2024-12-15 19:00:00+00:00
6866,0.3853367567062378,0.20041003823280334,0.4142531752586365,2,2024-12-15 20:00:00+00:00
6867,0.4329425096511841,0.21993085741996765,0.34712669253349304,0,2024-12-15 20:00:00+00:00
6868,0.4329425096511841,0.21993085741996765,0.34712669253349304,0,2024-12-15 21:00:00+00:00
6869,0.45307040214538574,0.22465300559997559,0.32227659225463867,0,2024-12-15 21:00:00+00:00
6870,0.45307040214538574,0.22465300559997559,0.32227659225463867,0,2024-12-15 22:00:00+00:00
6871,0.44154733419418335,0.2588973343372345,0.29955530166625977,0,2024-12-15 22:00:00+00:00
6872,0.44154733419418335,0.2588973343372345,0.29955530166625977,0,2024-12-15 23:00:00+00:00
6873,0.40636539459228516,0.20708641409873962,0.38654825091362,0,2024-12-15 23:00:00+00:00
6874,0.40636539459228516,0.20708641409873962,0.38654825091362,0,2024-12-16 00:00:00+00:00
6875,0.3426806628704071,0.1956799030303955,0.4616394639015198,2,2024-12-16 00:00:00+00:00
6876,0.3426806628704071,0.1956799030303955,0.4616394639015198,2,2024-12-16 01:00:00+00:00
6877,0.39229410886764526,0.21545732021331787,0.39224860072135925,0,2024-12-16 01:00:00+00:00
6878,0.39229410886764526,0.21545732021331787,0.39224860072135925,0,2024-12-16 02:00:00+00:00
6879,0.3501458168029785,0.1994665563106537,0.4503875970840454,2,2024-12-16 02:00:00+00:00
6880,0.3501458168029785,0.1994665563106537,0.4503875970840454,2,2024-12-16 03:00:00+00:00
6881,0.39651545882225037,0.20727398991584778,0.39621055126190186,0,2024-12-16 03:00:00+00:00
6882,0.39651545882225037,0.20727398991584778,0.39621055126190186,0,2024-12-16 04:00:00+00:00
6883,0.39240068197250366,0.21179108321666718,0.39580824971199036,2,2024-12-16 04:00:00+00:00
6884,0.39240068197250366,0.21179108321666718,0.39580824971199036,2,2024-12-16 05:00:00+00:00
6885,0.3524200916290283,0.19817613065242767,0.4494037628173828,2,2024-12-16 05:00:00+00:00
6886,0.3524200916290283,0.19817613065242767,0.4494037628173828,2,2024-12-16 06:00:00+00:00
6887,0.35456302762031555,0.2056640088558197,0.43977299332618713,2,2024-12-16 06:00:00+00:00
6888,0.35456302762031555,0.2056640088558197,0.43977299332618713,2,2024-12-16 07:00:00+00:00
6889,0.37854212522506714,0.20469139516353607,0.41676652431488037,2,2024-12-16 07:00:00+00:00
6890,0.37854212522506714,0.20469139516353607,0.41676652431488037,2,2024-12-16 08:00:00+00:00
6891,0.41577374935150146,0.20770876109600067,0.37651753425598145,0,2024-12-16 08:00:00+00:00
6892,0.41577374935150146,0.20770876109600067,0.37651753425598145,0,2024-12-16 09:00:00+00:00
6893,0.3923933506011963,0.20423714816570282,0.4033694565296173,2,2024-12-16 09:00:00+00:00
6894,0.3923933506011963,0.20423714816570282,0.4033694565296173,2,2024-12-16 10:00:00+00:00
6895,0.33940285444259644,0.2062390297651291,0.4543581008911133,2,2024-12-16 10:00:00+00:00
6896,0.33940285444259644,0.2062390297651291,0.4543581008911133,2,2024-12-16 11:00:00+00:00
6897,0.3458646535873413,0.22025364637374878,0.4338817596435547,2,2024-12-16 11:00:00+00:00
6898,0.3458646535873413,0.22025364637374878,0.4338817596435547,2,2024-12-16 12:00:00+00:00
6899,0.40814051032066345,0.2356240153312683,0.356235533952713,0,2024-12-16 12:00:00+00:00
6900,0.40814051032066345,0.2356240153312683,0.356235533952713,0,2024-12-16 13:00:00+00:00
6901,0.3837154507637024,0.2344023883342743,0.38188204169273376,0,2024-12-16 13:00:00+00:00
6902,0.3837154507637024,0.2344023883342743,0.38188204169273376,0,2024-12-16 15:00:00+00:00
6903,0.35374823212623596,0.22464944422245026,0.42160239815711975,2,2024-12-16 15:00:00+00:00
6904,0.35374823212623596,0.22464944422245026,0.42160239815711975,2,2024-12-16 16:00:00+00:00
6905,0.35877686738967896,0.21831288933753967,0.4229101836681366,2,2024-12-16 16:00:00+00:00
6906,0.35877686738967896,0.21831288933753967,0.4229101836681366,2,2024-12-16 17:00:00+00:00
6907,0.37713703513145447,0.2386346310377121,0.3842282295227051,2,2024-12-16 17:00:00+00:00
6908,0.37713703513145447,0.2386346310377121,0.3842282295227051,2,2024-12-16 18:00:00+00:00
6909,0.3462441861629486,0.2185954600572586,0.4351603090763092,2,2024-12-16 18:00:00+00:00
6910,0.3462441861629486,0.2185954600572586,0.4351603090763092,2,2024-12-16 19:00:00+00:00
6911,0.379685640335083,0.2274031788110733,0.39291122555732727,2,2024-12-16 19:00:00+00:00
6912,0.379685640335083,0.2274031788110733,0.39291122555732727,2,2024-12-16 20:00:00+00:00
6913,0.3940671980381012,0.25161951780319214,0.35431337356567383,0,2024-12-16 20:00:00+00:00
6914,0.3940671980381012,0.25161951780319214,0.35431337356567383,0,2024-12-16 22:00:00+00:00
6915,0.4282757341861725,0.25615769624710083,0.3155664801597595,0,2024-12-16 22:00:00+00:00
6916,0.4282757341861725,0.25615769624710083,0.3155664801597595,0,2024-12-16 23:00:00+00:00
6917,0.3835480213165283,0.23164868354797363,0.38480332493782043,2,2024-12-16 23:00:00+00:00
6918,0.3835480213165283,0.23164868354797363,0.38480332493782043,2,2024-12-17 00:00:00+00:00
6919,0.3271321654319763,0.21979369223117828,0.45307403802871704,2,2024-12-17 00:00:00+00:00
6920,0.3271321654319763,0.21979369223117828,0.45307403802871704,2,2024-12-17 01:00:00+00:00
6921,0.41181325912475586,0.25309908390045166,0.3350876569747925,0,2024-12-17 01:00:00+00:00
6922,0.41181325912475586,0.25309908390045166,0.3350876569747925,0,2024-12-17 02:00:00+00:00
6923,0.3679141104221344,0.1930975615978241,0.4389883279800415,2,2024-12-17 02:00:00+00:00
6924,0.3679141104221344,0.1930975615978241,0.4389883279800415,2,2024-12-17 03:00:00+00:00
6925,0.352870374917984,0.1959606409072876,0.4511690139770508,2,2024-12-17 03:00:00+00:00
6926,0.352870374917984,0.1959606409072876,0.4511690139770508,2,2024-12-17 04:00:00+00:00
6927,0.3419455885887146,0.1869773417711258,0.471077024936676,2,2024-12-17 04:00:00+00:00
6928,0.3419455885887146,0.1869773417711258,0.471077024936676,2,2024-12-17 05:00:00+00:00
6929,0.3157004415988922,0.174688458442688,0.5096110701560974,2,2024-12-17 05:00:00+00:00
6930,0.3157004415988922,0.174688458442688,0.5096110701560974,2,2024-12-17 06:00:00+00:00
6931,0.3139113783836365,0.1624041497707367,0.5236844420433044,2,2024-12-17 06:00:00+00:00
6932,0.3139113783836365,0.1624041497707367,0.5236844420433044,2,2024-12-17 07:00:00+00:00
6933,0.33334553241729736,0.1631205976009369,0.5035338997840881,2,2024-12-17 07:00:00+00:00
6934,0.33334553241729736,0.1631205976009369,0.5035338997840881,2,2024-12-17 08:00:00+00:00
6935,0.32594001293182373,0.16686232388019562,0.5071975588798523,2,2024-12-17 08:00:00+00:00
6936,0.32594001293182373,0.16686232388019562,0.5071975588798523,2,2024-12-17 10:00:00+00:00
6937,0.3215065598487854,0.19019624590873718,0.48829710483551025,2,2024-12-17 10:00:00+00:00
6938,0.3215065598487854,0.19019624590873718,0.48829710483551025,2,2024-12-17 11:00:00+00:00
6939,0.3285975158214569,0.1882435828447342,0.48315897583961487,2,2024-12-17 11:00:00+00:00
6940,0.3285975158214569,0.1882435828447342,0.48315897583961487,2,2024-12-17 12:00:00+00:00
6941,0.37693992257118225,0.19868764281272888,0.42437243461608887,2,2024-12-17 12:00:00+00:00
6942,0.37693992257118225,0.19868764281272888,0.42437243461608887,2,2024-12-17 13:00:00+00:00
6943,0.3971559703350067,0.2055729627609253,0.3972710371017456,2,2024-12-17 13:00:00+00:00
6944,0.3971559703350067,0.2055729627609253,0.3972710371017456,2,2024-12-17 14:00:00+00:00
6945,0.39528462290763855,0.30900540947914124,0.29570990800857544,0,2024-12-17 14:00:00+00:00
6946,0.39528462290763855,0.30900540947914124,0.29570990800857544,0,2024-12-17 15:00:00+00:00
6947,0.40923967957496643,0.3336649239063263,0.2570953965187073,0,2024-12-17 15:00:00+00:00
6948,0.40923967957496643,0.3336649239063263,0.2570953965187073,0,2024-12-17 17:00:00+00:00
6949,0.42837560176849365,0.3002833127975464,0.27134108543395996,0,2024-12-17 17:00:00+00:00
6950,0.42837560176849365,0.3002833127975464,0.27134108543395996,0,2024-12-17 18:00:00+00:00
6951,0.4442175030708313,0.3196646571159363,0.23611782491207123,0,2024-12-17 18:00:00+00:00
6952,0.4442175030708313,0.3196646571159363,0.23611782491207123,0,2024-12-17 19:00:00+00:00
6953,0.4301246702671051,0.27260035276412964,0.29727497696876526,0,2024-12-17 19:00:00+00:00
6954,0.4301246702671051,0.27260035276412964,0.29727497696876526,0,2024-12-17 20:00:00+00:00
6955,0.45314398407936096,0.2594299018383026,0.28742608428001404,0,2024-12-17 20:00:00+00:00
6956,0.45314398407936096,0.2594299018383026,0.28742608428001404,0,2024-12-17 21:00:00+00:00
6957,0.5034669041633606,0.2561310827732086,0.24040202796459198,0,2024-12-17 21:00:00+00:00
6958,0.5034669041633606,0.2561310827732086,0.24040202796459198,0,2024-12-17 22:00:00+00:00
6959,0.45731741189956665,0.26126745343208313,0.2814151346683502,0,2024-12-17 22:00:00+00:00
6960,0.45731741189956665,0.26126745343208313,0.2814151346683502,0,2024-12-17 23:00:00+00:00
6961,0.42007002234458923,0.25648272037506104,0.3234472870826721,0,2024-12-17 23:00:00+00:00
6962,0.42007002234458923,0.25648272037506104,0.3234472870826721,0,2024-12-18 00:00:00+00:00
6963,0.43572691082954407,0.2562924325466156,0.3079807460308075,0,2024-12-18 00:00:00+00:00
6964,0.43572691082954407,0.2562924325466156,0.3079807460308075,0,2024-12-18 01:00:00+00:00
6965,0.5231896638870239,0.23698905110359192,0.23982121050357819,0,2024-12-18 01:00:00+00:00
6966,0.5231896638870239,0.23698905110359192,0.23982121050357819,0,2024-12-18 03:00:00+00:00
6967,0.4640052318572998,0.26106059551239014,0.2749340832233429,0,2024-12-18 03:00:00+00:00
6968,0.4640052318572998,0.26106059551239014,0.2749340832233429,0,2024-12-18 04:00:00+00:00
6969,0.277570515871048,0.4716062545776367,0.25082316994667053,1,2024-12-18 04:00:00+00:00
6970,0.277570515871048,0.4716062545776367,0.25082316994667053,1,2024-12-18 05:00:00+00:00
6971,0.38758233189582825,0.2672390043735504,0.3451788127422333,0,2024-12-18 05:00:00+00:00
6972,0.38758233189582825,0.2672390043735504,0.3451788127422333,0,2024-12-18 06:00:00+00:00
6973,0.34903863072395325,0.2517155110836029,0.39924585819244385,2,2024-12-18 06:00:00+00:00
6974,0.34903863072395325,0.2517155110836029,0.39924585819244385,2,2024-12-18 07:00:00+00:00
6975,0.38251546025276184,0.28430166840553284,0.3331829011440277,0,2024-12-18 07:00:00+00:00
6976,0.38251546025276184,0.28430166840553284,0.3331829011440277,0,2024-12-18 08:00:00+00:00
6977,0.37002742290496826,0.24865229427814484,0.3813202977180481,2,2024-12-18 08:00:00+00:00
6978,0.37002742290496826,0.24865229427814484,0.3813202977180481,2,2024-12-18 09:00:00+00:00
6979,0.34867027401924133,0.23993845283985138,0.4113912582397461,2,2024-12-18 09:00:00+00:00
6980,0.34867027401924133,0.23993845283985138,0.4113912582397461,2,2024-12-18 10:00:00+00:00
6981,0.30502209067344666,0.20018146932125092,0.494796484708786,2,2024-12-18 10:00:00+00:00
6982,0.30502209067344666,0.20018146932125092,0.494796484708786,2,2024-12-18 11:00:00+00:00
6983,0.28444913029670715,0.19052128493785858,0.5250295996665955,2,2024-12-18 11:00:00+00:00
6984,0.28444913029670715,0.19052128493785858,0.5250295996665955,2,2024-12-18 12:00:00+00:00
6985,0.3063962459564209,0.21328189969062805,0.48032185435295105,2,2024-12-18 12:00:00+00:00
6986,0.3063962459564209,0.21328189969062805,0.48032185435295105,2,2024-12-18 13:00:00+00:00
6987,0.28663206100463867,0.21329890191555023,0.5000689625740051,2,2024-12-18 13:00:00+00:00
6988,0.28663206100463867,0.21329890191555023,0.5000689625740051,2,2024-12-18 14:00:00+00:00
6989,0.30569222569465637,0.21814510226249695,0.4761625826358795,2,2024-12-18 14:00:00+00:00
6990,0.30569222569465637,0.21814510226249695,0.4761625826358795,2,2024-12-18 15:00:00+00:00
6991,0.3233977258205414,0.24247874319553375,0.43412354588508606,2,2024-12-18 15:00:00+00:00
6992,0.3233977258205414,0.24247874319553375,0.43412354588508606,2,2024-12-18 17:00:00+00:00
6993,0.26232296228408813,0.19285613298416138,0.5448209643363953,2,2024-12-18 17:00:00+00:00
6994,0.26232296228408813,0.19285613298416138,0.5448209643363953,2,2024-12-18 18:00:00+00:00
6995,0.24602395296096802,0.21301232278347015,0.5409637093544006,2,2024-12-18 18:00:00+00:00
6996,0.24602395296096802,0.21301232278347015,0.5409637093544006,2,2024-12-18 19:00:00+00:00
6997,0.2459995597600937,0.21451136469841003,0.5394890308380127,2,2024-12-18 19:00:00+00:00
6998,0.2459995597600937,0.21451136469841003,0.5394890308380127,2,2024-12-18 22:00:00+00:00
6999,0.3361402750015259,0.19836898148059845,0.4654906690120697,2,2024-12-18 22:00:00+00:00
7000,0.3361402750015259,0.19836898148059845,0.4654906690120697,2,2024-12-18 23:00:00+00:00
7001,0.3772803843021393,0.20458704233169556,0.41813260316848755,2,2024-12-18 23:00:00+00:00
7002,0.3772803843021393,0.20458704233169556,0.41813260316848755,2,2024-12-19 00:00:00+00:00
7003,0.3776108920574188,0.17668800055980682,0.44570115208625793,2,2024-12-19 00:00:00+00:00
7004,0.3776108920574188,0.17668800055980682,0.44570115208625793,2,2024-12-19 01:00:00+00:00
7005,0.3329635262489319,0.18285726010799408,0.48417928814888,2,2024-12-19 01:00:00+00:00
7006,0.3329635262489319,0.18285726010799408,0.48417928814888,2,2024-12-19 02:00:00+00:00
7007,0.3900614082813263,0.18972308933734894,0.4202154874801636,2,2024-12-19 02:00:00+00:00
7008,0.3900614082813263,0.18972308933734894,0.4202154874801636,2,2024-12-19 04:00:00+00:00
7009,0.30294349789619446,0.16976487636566162,0.5272916555404663,2,2024-12-19 04:00:00+00:00
7010,0.30294349789619446,0.16976487636566162,0.5272916555404663,2,2024-12-19 05:00:00+00:00
7011,0.3301011323928833,0.17204530537128448,0.4978536069393158,2,2024-12-19 05:00:00+00:00
7012,0.3301011323928833,0.17204530537128448,0.4978536069393158,2,2024-12-19 06:00:00+00:00
7013,0.3027729392051697,0.1687561720609665,0.5284708142280579,2,2024-12-19 06:00:00+00:00
7014,0.3027729392051697,0.1687561720609665,0.5284708142280579,2,2024-12-19 08:00:00+00:00
7015,0.31575679779052734,0.18273454904556274,0.5015086531639099,2,2024-12-19 08:00:00+00:00
7016,0.31575679779052734,0.18273454904556274,0.5015086531639099,2,2024-12-19 09:00:00+00:00
7017,0.3007447421550751,0.17075137794017792,0.5285038948059082,2,2024-12-19 09:00:00+00:00
7018,0.3007447421550751,0.17075137794017792,0.5285038948059082,2,2024-12-19 10:00:00+00:00
7019,0.2992832064628601,0.17422178387641907,0.526495099067688,2,2024-12-19 10:00:00+00:00
7020,0.2992832064628601,0.17422178387641907,0.526495099067688,2,2024-12-19 11:00:00+00:00
7021,0.26857054233551025,0.16889269649982452,0.5625367760658264,2,2024-12-19 11:00:00+00:00
7022,0.26857054233551025,0.16889269649982452,0.5625367760658264,2,2024-12-19 13:00:00+00:00
7023,0.33332738280296326,0.20611754059791565,0.4605551064014435,2,2024-12-19 13:00:00+00:00
7024,0.33332738280296326,0.20611754059791565,0.4605551064014435,2,2024-12-19 14:00:00+00:00
7025,0.32604408264160156,0.2177818864583969,0.45617395639419556,2,2024-12-19 14:00:00+00:00
7026,0.32604408264160156,0.2177818864583969,0.45617395639419556,2,2024-12-19 17:00:00+00:00
7027,0.3484538495540619,0.24018125236034393,0.4113648235797882,2,2024-12-19 17:00:00+00:00
7028,0.3484538495540619,0.24018125236034393,0.4113648235797882,2,2024-12-19 19:00:00+00:00
7029,0.502574622631073,0.23471258580684662,0.2627127468585968,0,2024-12-19 19:00:00+00:00
7030,0.502574622631073,0.23471258580684662,0.2627127468585968,0,2024-12-19 21:00:00+00:00
7031,0.4894687235355377,0.19052721560001373,0.32000401616096497,0,2024-12-19 21:00:00+00:00
7032,0.4894687235355377,0.19052721560001373,0.32000401616096497,0,2024-12-19 23:00:00+00:00
7033,0.43605539202690125,0.1663551777601242,0.3975893557071686,0,2024-12-19 23:00:00+00:00
7034,0.43605539202690125,0.1663551777601242,0.3975893557071686,0,2024-12-20 00:00:00+00:00
7035,0.4527559280395508,0.16706421971321106,0.38017982244491577,0,2024-12-20 00:00:00+00:00
7036,0.4527559280395508,0.16706421971321106,0.38017982244491577,0,2024-12-20 01:00:00+00:00
7037,0.39693474769592285,0.1449793577194214,0.45808589458465576,2,2024-12-20 01:00:00+00:00
7038,0.39693474769592285,0.1449793577194214,0.45808589458465576,2,2024-12-20 03:00:00+00:00
7039,0.40831509232521057,0.14171339571475983,0.4499715566635132,2,2024-12-20 03:00:00+00:00
7040,0.40831509232521057,0.14171339571475983,0.4499715566635132,2,2024-12-20 05:00:00+00:00
7041,0.45095476508140564,0.1384013444185257,0.41064387559890747,0,2024-12-20 05:00:00+00:00
7042,0.45095476508140564,0.1384013444185257,0.41064387559890747,0,2024-12-20 06:00:00+00:00
7043,0.48795396089553833,0.13387921452522278,0.3781668543815613,0,2024-12-20 06:00:00+00:00
7044,0.48795396089553833,0.13387921452522278,0.3781668543815613,0,2024-12-20 08:00:00+00:00
7045,0.49611443281173706,0.13353675603866577,0.3703487515449524,0,2024-12-20 08:00:00+00:00
7046,0.49611443281173706,0.13353675603866577,0.3703487515449524,0,2024-12-20 09:00:00+00:00
7047,0.6334341764450073,0.137945756316185,0.2286200374364853,0,2024-12-20 09:00:00+00:00
7048,0.6334341764450073,0.137945756316185,0.2286200374364853,0,2024-12-20 10:00:00+00:00
7049,0.5836107134819031,0.12420432269573212,0.2921850085258484,0,2024-12-20 10:00:00+00:00
7050,0.5836107134819031,0.12420432269573212,0.2921850085258484,0,2024-12-20 13:00:00+00:00
7051,0.6034296154975891,0.1186993420124054,0.2778710126876831,0,2024-12-20 13:00:00+00:00
7052,0.6034296154975891,0.1186993420124054,0.2778710126876831,0,2024-12-20 14:00:00+00:00
7053,0.5251573324203491,0.1238744854927063,0.35096821188926697,0,2024-12-20 14:00:00+00:00
7054,0.5251573324203491,0.1238744854927063,0.35096821188926697,0,2024-12-20 15:00:00+00:00
7055,0.5372967720031738,0.12846754491329193,0.33423569798469543,0,2024-12-20 15:00:00+00:00
7056,0.5372967720031738,0.12846754491329193,0.33423569798469543,0,2024-12-20 17:00:00+00:00
7057,0.49890458583831787,0.16196516156196594,0.3391302227973938,0,2024-12-20 17:00:00+00:00
7058,0.49890458583831787,0.16196516156196594,0.3391302227973938,0,2024-12-20 18:00:00+00:00
7059,0.4792160093784332,0.15298952162265778,0.3677945137023926,0,2024-12-20 18:00:00+00:00
7060,0.4792160093784332,0.15298952162265778,0.3677945137023926,0,2024-12-20 19:00:00+00:00
7061,0.46583253145217896,0.14873097836971283,0.38543641567230225,0,2024-12-20 19:00:00+00:00
7062,0.46583253145217896,0.14873097836971283,0.38543641567230225,0,2024-12-20 20:00:00+00:00
7063,0.51349276304245,0.16315601766109467,0.3233512341976166,0,2024-12-20 20:00:00+00:00
7064,0.51349276304245,0.16315601766109467,0.3233512341976166,0,2024-12-20 21:00:00+00:00
7065,0.5456743836402893,0.16635586321353912,0.287969708442688,0,2024-12-20 21:00:00+00:00
7066,0.5456743836402893,0.16635586321353912,0.287969708442688,0,2024-12-20 23:00:00+00:00
7067,0.4172312021255493,0.15733131766319275,0.4254375100135803,2,2024-12-20 23:00:00+00:00
7068,0.4172312021255493,0.15733131766319275,0.4254375100135803,2,2024-12-21 00:00:00+00:00
7069,0.42293307185173035,0.16838064789772034,0.4086863398551941,0,2024-12-21 00:00:00+00:00
7070,0.42293307185173035,0.16838064789772034,0.4086863398551941,0,2024-12-21 01:00:00+00:00
7071,0.3897872269153595,0.16292324662208557,0.44728946685791016,2,2024-12-21 01:00:00+00:00
7072,0.3897872269153595,0.16292324662208557,0.44728946685791016,2,2024-12-21 02:00:00+00:00
7073,0.42090579867362976,0.17971672117710114,0.3993775248527527,0,2024-12-21 02:00:00+00:00
7074,0.42090579867362976,0.17971672117710114,0.3993775248527527,0,2024-12-21 03:00:00+00:00
7075,0.38831818103790283,0.17577746510505676,0.4359044134616852,2,2024-12-21 03:00:00+00:00
7076,0.38831818103790283,0.17577746510505676,0.4359044134616852,2,2024-12-21 04:00:00+00:00
7077,0.4387916326522827,0.1899455338716507,0.3712628483772278,0,2024-12-21 04:00:00+00:00
7078,0.4387916326522827,0.1899455338716507,0.3712628483772278,0,2024-12-21 06:00:00+00:00
7079,0.4030304253101349,0.20447170734405518,0.3924978971481323,0,2024-12-21 06:00:00+00:00
7080,0.4030304253101349,0.20447170734405518,0.3924978971481323,0,2024-12-21 07:00:00+00:00
7081,0.4230756163597107,0.22465945780277252,0.3522648811340332,0,2024-12-21 07:00:00+00:00
7082,0.4230756163597107,0.22465945780277252,0.3522648811340332,0,2024-12-21 08:00:00+00:00
7083,0.4258705973625183,0.2177242636680603,0.35640519857406616,0,2024-12-21 08:00:00+00:00
7084,0.4258705973625183,0.2177242636680603,0.35640519857406616,0,2024-12-21 09:00:00+00:00
7085,0.4914577007293701,0.2252746969461441,0.2832675576210022,0,2024-12-21 09:00:00+00:00
7086,0.4914577007293701,0.2252746969461441,0.2832675576210022,0,2024-12-21 10:00:00+00:00
7087,0.480980783700943,0.2236580103635788,0.29536113142967224,0,2024-12-21 10:00:00+00:00
7088,0.480980783700943,0.2236580103635788,0.29536113142967224,0,2024-12-21 11:00:00+00:00
7089,0.46352776885032654,0.21506819128990173,0.3214041292667389,0,2024-12-21 11:00:00+00:00
7090,0.46352776885032654,0.21506819128990173,0.3214041292667389,0,2024-12-21 12:00:00+00:00
7091,0.5196214318275452,0.2256575971841812,0.25472089648246765,0,2024-12-21 12:00:00+00:00
7092,0.5196214318275452,0.2256575971841812,0.25472089648246765,0,2024-12-21 13:00:00+00:00
7093,0.4909241199493408,0.2053859680891037,0.3036899268627167,0,2024-12-21 13:00:00+00:00
7094,0.4909241199493408,0.2053859680891037,0.3036899268627167,0,2024-12-21 14:00:00+00:00
7095,0.5163906216621399,0.2126750349998474,0.27093425393104553,0,2024-12-21 14:00:00+00:00
7096,0.5163906216621399,0.2126750349998474,0.27093425393104553,0,2024-12-21 15:00:00+00:00
7097,0.5481351017951965,0.21308529376983643,0.23877958953380585,0,2024-12-21 15:00:00+00:00
7098,0.5481351017951965,0.21308529376983643,0.23877958953380585,0,2024-12-21 16:00:00+00:00
7099,0.5338845252990723,0.21347814798355103,0.25263741612434387,0,2024-12-21 16:00:00+00:00
7100,0.5338845252990723,0.21347814798355103,0.25263741612434387,0,2024-12-21 17:00:00+00:00
7101,0.5612038969993591,0.2083302140235901,0.2304658442735672,0,2024-12-21 17:00:00+00:00
7102,0.5612038969993591,0.2083302140235901,0.2304658442735672,0,2024-12-21 18:00:00+00:00
7103,0.5597987771034241,0.2106134593486786,0.2295878380537033,0,2024-12-21 18:00:00+00:00
7104,0.5597987771034241,0.2106134593486786,0.2295878380537033,0,2024-12-21 19:00:00+00:00
7105,0.5795878171920776,0.19842171669006348,0.2219904512166977,0,2024-12-21 19:00:00+00:00
7106,0.5795878171920776,0.19842171669006348,0.2219904512166977,0,2024-12-21 20:00:00+00:00
7107,0.5557697415351868,0.1753479689359665,0.26888230443000793,0,2024-12-21 20:00:00+00:00
7108,0.5557697415351868,0.1753479689359665,0.26888230443000793,0,2024-12-21 21:00:00+00:00
7109,0.5475941300392151,0.16451972723007202,0.2878861129283905,0,2024-12-21 21:00:00+00:00
7110,0.5475941300392151,0.16451972723007202,0.2878861129283905,0,2024-12-21 23:00:00+00:00
7111,0.5342100858688354,0.15322992205619812,0.31255999207496643,0,2024-12-21 23:00:00+00:00
7112,0.5342100858688354,0.15322992205619812,0.31255999207496643,0,2024-12-22 00:00:00+00:00
7113,0.5142430663108826,0.14930859208106995,0.3364482522010803,0,2024-12-22 00:00:00+00:00
7114,0.5142430663108826,0.14930859208106995,0.3364482522010803,0,2024-12-22 01:00:00+00:00
7115,0.519780158996582,0.15460816025733948,0.3256117105484009,0,2024-12-22 01:00:00+00:00
7116,0.519780158996582,0.15460816025733948,0.3256117105484009,0,2024-12-22 02:00:00+00:00
7117,0.4842464029788971,0.15277758240699768,0.3629761040210724,0,2024-12-22 02:00:00+00:00
7118,0.4842464029788971,0.15277758240699768,0.3629761040210724,0,2024-12-22 03:00:00+00:00
7119,0.5219790935516357,0.15936625003814697,0.3186546564102173,0,2024-12-22 03:00:00+00:00
7120,0.5219790935516357,0.15936625003814697,0.3186546564102173,0,2024-12-22 04:00:00+00:00
7121,0.49801069498062134,0.15917454659938812,0.3428146541118622,0,2024-12-22 04:00:00+00:00
7122,0.49801069498062134,0.15917454659938812,0.3428146541118622,0,2024-12-22 05:00:00+00:00
7123,0.5433270931243896,0.14857511222362518,0.3080976605415344,0,2024-12-22 05:00:00+00:00
7124,0.5433270931243896,0.14857511222362518,0.3080976605415344,0,2024-12-22 06:00:00+00:00
7125,0.5705586671829224,0.14624716341495514,0.2831941246986389,0,2024-12-22 06:00:00+00:00
7126,0.5705586671829224,0.14624716341495514,0.2831941246986389,0,2024-12-22 07:00:00+00:00
7127,0.5165201425552368,0.15355630218982697,0.32992351055145264,0,2024-12-22 07:00:00+00:00
7128,0.5165201425552368,0.15355630218982697,0.32992351055145264,0,2024-12-22 08:00:00+00:00
7129,0.47726479172706604,0.15659821033477783,0.36613690853118896,0,2024-12-22 08:00:00+00:00
7130,0.47726479172706604,0.15659821033477783,0.36613690853118896,0,2024-12-22 09:00:00+00:00
7131,0.45163339376449585,0.15820063650608063,0.3901659846305847,0,2024-12-22 09:00:00+00:00
7132,0.45163339376449585,0.15820063650608063,0.3901659846305847,0,2024-12-22 10:00:00+00:00
7133,0.40735143423080444,0.1624772697687149,0.43017131090164185,2,2024-12-22 10:00:00+00:00
7134,0.40735143423080444,0.1624772697687149,0.43017131090164185,2,2024-12-22 11:00:00+00:00
7135,0.34939777851104736,0.17161265015602112,0.47898948192596436,2,2024-12-22 11:00:00+00:00
7136,0.34939777851104736,0.17161265015602112,0.47898948192596436,2,2024-12-22 12:00:00+00:00
7137,0.3401133120059967,0.18403373658657074,0.4758530259132385,2,2024-12-22 12:00:00+00:00
7138,0.3401133120059967,0.18403373658657074,0.4758530259132385,2,2024-12-22 13:00:00+00:00
7139,0.3883284032344818,0.18983203172683716,0.42183950543403625,2,2024-12-22 13:00:00+00:00
7140,0.3883284032344818,0.18983203172683716,0.42183950543403625,2,2024-12-22 14:00:00+00:00
7141,0.40600937604904175,0.19025442004203796,0.4037361741065979,0,2024-12-22 14:00:00+00:00
7142,0.40600937604904175,0.19025442004203796,0.4037361741065979,0,2024-12-22 16:00:00+00:00
7143,0.4399372935295105,0.18339569866657257,0.3766670227050781,0,2024-12-22 16:00:00+00:00
7144,0.4399372935295105,0.18339569866657257,0.3766670227050781,0,2024-12-22 17:00:00+00:00
7145,0.5078714489936829,0.20235416293144226,0.2897743284702301,0,2024-12-22 17:00:00+00:00
7146,0.5078714489936829,0.20235416293144226,0.2897743284702301,0,2024-12-22 18:00:00+00:00
7147,0.5319001078605652,0.20192444324493408,0.2661754786968231,0,2024-12-22 18:00:00+00:00
7148,0.5319001078605652,0.20192444324493408,0.2661754786968231,0,2024-12-22 19:00:00+00:00
7149,0.5218737125396729,0.20084522664546967,0.2772809565067291,0,2024-12-22 19:00:00+00:00
7150,0.5218737125396729,0.20084522664546967,0.2772809565067291,0,2024-12-22 20:00:00+00:00
7151,0.5595347881317139,0.2170361876487732,0.22342905402183533,0,2024-12-22 20:00:00+00:00
7152,0.5595347881317139,0.2170361876487732,0.22342905402183533,0,2024-12-22 21:00:00+00:00
7153,0.5173523426055908,0.19840730726718903,0.2842402458190918,0,2024-12-22 21:00:00+00:00
7154,0.5173523426055908,0.19840730726718903,0.2842402458190918,0,2024-12-22 22:00:00+00:00
7155,0.5076814889907837,0.19100730121135712,0.3013112246990204,0,2024-12-22 22:00:00+00:00
7156,0.5076814889907837,0.19100730121135712,0.3013112246990204,0,2024-12-22 23:00:00+00:00
7157,0.45324140787124634,0.18402700126171112,0.3627316653728485,0,2024-12-22 23:00:00+00:00
7158,0.45324140787124634,0.18402700126171112,0.3627316653728485,0,2024-12-23 00:00:00+00:00
7159,0.4708940386772156,0.18571047484874725,0.34339550137519836,0,2024-12-23 00:00:00+00:00
7160,0.4708940386772156,0.18571047484874725,0.34339550137519836,0,2024-12-23 01:00:00+00:00
7161,0.5046195983886719,0.19285055994987488,0.30252981185913086,0,2024-12-23 01:00:00+00:00
7162,0.5046195983886719,0.19285055994987488,0.30252981185913086,0,2024-12-23 02:00:00+00:00
7163,0.5367794632911682,0.20368245244026184,0.25953808426856995,0,2024-12-23 02:00:00+00:00
7164,0.5367794632911682,0.20368245244026184,0.25953808426856995,0,2024-12-23 03:00:00+00:00
7165,0.5657513737678528,0.20664535462856293,0.2276032269001007,0,2024-12-23 03:00:00+00:00
7166,0.5657513737678528,0.20664535462856293,0.2276032269001007,0,2024-12-23 04:00:00+00:00
7167,0.44641801714897156,0.21086613833904266,0.3427158296108246,0,2024-12-23 04:00:00+00:00
7168,0.44641801714897156,0.21086613833904266,0.3427158296108246,0,2024-12-23 05:00:00+00:00
7169,0.4404999315738678,0.20152653753757477,0.35797348618507385,0,2024-12-23 05:00:00+00:00
7170,0.4404999315738678,0.20152653753757477,0.35797348618507385,0,2024-12-23 06:00:00+00:00
7171,0.44739001989364624,0.20747023820877075,0.34513962268829346,0,2024-12-23 06:00:00+00:00
7172,0.44739001989364624,0.20747023820877075,0.34513962268829346,0,2024-12-23 07:00:00+00:00
7173,0.43834176659584045,0.20038382709026337,0.3612743020057678,0,2024-12-23 07:00:00+00:00
7174,0.43834176659584045,0.20038382709026337,0.3612743020057678,0,2024-12-23 08:00:00+00:00
7175,0.3929550051689148,0.19265587627887726,0.41438916325569153,2,2024-12-23 08:00:00+00:00
7176,0.3929550051689148,0.19265587627887726,0.41438916325569153,2,2024-12-23 09:00:00+00:00
7177,0.39212551712989807,0.19653713703155518,0.411337286233902,2,2024-12-23 09:00:00+00:00
7178,0.39212551712989807,0.19653713703155518,0.411337286233902,2,2024-12-23 10:00:00+00:00
7179,0.3874829411506653,0.2040572464466095,0.40845978260040283,2,2024-12-23 10:00:00+00:00
7180,0.3874829411506653,0.2040572464466095,0.40845978260040283,2,2024-12-23 11:00:00+00:00
7181,0.39776620268821716,0.21576763689517975,0.3864660859107971,0,2024-12-23 11:00:00+00:00
7182,0.39776620268821716,0.21576763689517975,0.3864660859107971,0,2024-12-23 12:00:00+00:00
7183,0.3799078166484833,0.2111966460943222,0.40889546275138855,2,2024-12-23 12:00:00+00:00
7184,0.3799078166484833,0.2111966460943222,0.40889546275138855,2,2024-12-23 13:00:00+00:00
7185,0.39744824171066284,0.21530631184577942,0.38724538683891296,0,2024-12-23 13:00:00+00:00
7186,0.39744824171066284,0.21530631184577942,0.38724538683891296,0,2024-12-23 14:00:00+00:00
7187,0.441287636756897,0.22158390283584595,0.33712852001190186,0,2024-12-23 14:00:00+00:00
7188,0.441287636756897,0.22158390283584595,0.33712852001190186,0,2024-12-23 15:00:00+00:00
7189,0.4761068522930145,0.22740063071250916,0.2964925169944763,0,2024-12-23 15:00:00+00:00
7190,0.4761068522930145,0.22740063071250916,0.2964925169944763,0,2024-12-23 16:00:00+00:00
7191,0.4545764625072479,0.2169376015663147,0.3284858465194702,0,2024-12-23 16:00:00+00:00
7192,0.4545764625072479,0.2169376015663147,0.3284858465194702,0,2024-12-23 17:00:00+00:00
7193,0.4664745330810547,0.2365599274635315,0.29696550965309143,0,2024-12-23 17:00:00+00:00
7194,0.4664745330810547,0.2365599274635315,0.29696550965309143,0,2024-12-23 18:00:00+00:00
7195,0.4760704040527344,0.23635414242744446,0.28757548332214355,0,2024-12-23 18:00:00+00:00
7196,0.4760704040527344,0.23635414242744446,0.28757548332214355,0,2024-12-23 19:00:00+00:00
7197,0.1955070197582245,0.3921898901462555,0.41230303049087524,2,2024-12-23 19:00:00+00:00
7198,0.1955070197582245,0.3921898901462555,0.41230303049087524,2,2024-12-23 20:00:00+00:00
7199,0.21298235654830933,0.37467727065086365,0.4123404622077942,2,2024-12-23 20:00:00+00:00
7200,0.21298235654830933,0.37467727065086365,0.4123404622077942,2,2024-12-23 22:00:00+00:00
7201,0.3854530453681946,0.23629698157310486,0.3782500922679901,0,2024-12-23 22:00:00+00:00
7202,0.3854530453681946,0.23629698157310486,0.3782500922679901,0,2024-12-23 23:00:00+00:00
7203,0.44390469789505005,0.23028738796710968,0.3258078098297119,0,2024-12-23 23:00:00+00:00
7204,0.44390469789505005,0.23028738796710968,0.3258078098297119,0,2024-12-24 00:00:00+00:00
7205,0.4524119794368744,0.22454321384429932,0.32304489612579346,0,2024-12-24 00:00:00+00:00
7206,0.4524119794368744,0.22454321384429932,0.32304489612579346,0,2024-12-24 01:00:00+00:00
7207,0.4653528332710266,0.22586363554000854,0.3087835907936096,0,2024-12-24 01:00:00+00:00
7208,0.4653528332710266,0.22586363554000854,0.3087835907936096,0,2024-12-24 02:00:00+00:00
7209,0.45657873153686523,0.23223602771759033,0.31118524074554443,0,2024-12-24 02:00:00+00:00
7210,0.45657873153686523,0.23223602771759033,0.31118524074554443,0,2024-12-24 03:00:00+00:00
7211,0.45210734009742737,0.23451559245586395,0.3133769929409027,0,2024-12-24 03:00:00+00:00
7212,0.45210734009742737,0.23451559245586395,0.3133769929409027,0,2024-12-24 04:00:00+00:00
7213,0.4067849814891815,0.23067572712898254,0.3625392019748688,0,2024-12-24 04:00:00+00:00
7214,0.4067849814891815,0.23067572712898254,0.3625392019748688,0,2024-12-24 05:00:00+00:00
7215,0.43313854932785034,0.232314333319664,0.3345470726490021,0,2024-12-24 05:00:00+00:00
7216,0.43313854932785034,0.232314333319664,0.3345470726490021,0,2024-12-24 06:00:00+00:00
7217,0.13943152129650116,0.5501986742019653,0.3103698492050171,1,2024-12-24 06:00:00+00:00
7218,0.13943152129650116,0.5501986742019653,0.3103698492050171,1,2024-12-24 07:00:00+00:00
7219,0.10253658145666122,0.6141687035560608,0.28329479694366455,1,2024-12-24 07:00:00+00:00
7220,0.10253658145666122,0.6141687035560608,0.28329479694366455,1,2024-12-24 08:00:00+00:00
7221,0.24495179951190948,0.40109288692474365,0.3539552688598633,1,2024-12-24 08:00:00+00:00
7222,0.24495179951190948,0.40109288692474365,0.3539552688598633,1,2024-12-24 09:00:00+00:00
7223,0.35032007098197937,0.2576175630092621,0.39206236600875854,2,2024-12-24 09:00:00+00:00
7224,0.35032007098197937,0.2576175630092621,0.39206236600875854,2,2024-12-24 10:00:00+00:00
7225,0.3592299818992615,0.2586818337440491,0.38208815455436707,2,2024-12-24 10:00:00+00:00
7226,0.3592299818992615,0.2586818337440491,0.38208815455436707,2,2024-12-24 11:00:00+00:00
7227,0.3927491307258606,0.24830114841461182,0.3589496314525604,0,2024-12-24 11:00:00+00:00
7228,0.3927491307258606,0.24830114841461182,0.3589496314525604,0,2024-12-24 12:00:00+00:00
7229,0.41686582565307617,0.24539586901664734,0.3377383351325989,0,2024-12-24 12:00:00+00:00
7230,0.41686582565307617,0.24539586901664734,0.3377383351325989,0,2024-12-24 13:00:00+00:00
7231,0.42223986983299255,0.24090078473091125,0.3368593454360962,0,2024-12-24 13:00:00+00:00
7232,0.42223986983299255,0.24090078473091125,0.3368593454360962,0,2024-12-24 14:00:00+00:00
7233,0.4463686943054199,0.23940099775791168,0.3142302930355072,0,2024-12-24 14:00:00+00:00
7234,0.4463686943054199,0.23940099775791168,0.3142302930355072,0,2024-12-24 15:00:00+00:00
7235,0.4506799876689911,0.2381642907857895,0.31115561723709106,0,2024-12-24 15:00:00+00:00
7236,0.4506799876689911,0.2381642907857895,0.31115561723709106,0,2024-12-24 16:00:00+00:00
7237,0.43995586037635803,0.23962345719337463,0.3204207718372345,0,2024-12-24 16:00:00+00:00
7238,0.43995586037635803,0.23962345719337463,0.3204207718372345,0,2024-12-24 17:00:00+00:00
7239,0.3280327022075653,0.28267666697502136,0.38929063081741333,2,2024-12-24 17:00:00+00:00
7240,0.3280327022075653,0.28267666697502136,0.38929063081741333,2,2024-12-24 18:00:00+00:00
7241,0.2686169743537903,0.3383913040161133,0.39299172163009644,2,2024-12-24 18:00:00+00:00
7242,0.2686169743537903,0.3383913040161133,0.39299172163009644,2,2024-12-24 19:00:00+00:00
7243,0.3110264241695404,0.2905281186103821,0.39844557642936707,2,2024-12-24 19:00:00+00:00
7244,0.3110264241695404,0.2905281186103821,0.39844557642936707,2,2024-12-24 20:00:00+00:00
7245,0.25744304060935974,0.3424898386001587,0.4000670909881592,2,2024-12-24 20:00:00+00:00
7246,0.25744304060935974,0.3424898386001587,0.4000670909881592,2,2024-12-24 21:00:00+00:00
7247,0.2592591941356659,0.35027486085891724,0.39046594500541687,2,2024-12-24 21:00:00+00:00
7248,0.2592591941356659,0.35027486085891724,0.39046594500541687,2,2024-12-24 22:00:00+00:00
7249,0.27038177847862244,0.299449622631073,0.4301685094833374,2,2024-12-24 22:00:00+00:00
7250,0.27038177847862244,0.299449622631073,0.4301685094833374,2,2024-12-24 23:00:00+00:00
7251,0.3703095018863678,0.23354873061180115,0.3961416780948639,2,2024-12-24 23:00:00+00:00
7252,0.3703095018863678,0.23354873061180115,0.3961416780948639,2,2024-12-25 00:00:00+00:00
7253,0.4068524241447449,0.2413855791091919,0.35176193714141846,0,2024-12-25 00:00:00+00:00
7254,0.4068524241447449,0.2413855791091919,0.35176193714141846,0,2024-12-25 01:00:00+00:00
7255,0.40713611245155334,0.24131064116954803,0.3515532910823822,0,2024-12-25 01:00:00+00:00
7256,0.40713611245155334,0.24131064116954803,0.3515532910823822,0,2024-12-25 02:00:00+00:00
7257,0.4215198755264282,0.2528292238712311,0.3256508708000183,0,2024-12-25 02:00:00+00:00
7258,0.4215198755264282,0.2528292238712311,0.3256508708000183,0,2024-12-25 03:00:00+00:00
7259,0.3952749967575073,0.240638867020607,0.36408618092536926,0,2024-12-25 03:00:00+00:00
7260,0.3952749967575073,0.240638867020607,0.36408618092536926,0,2024-12-25 04:00:00+00:00
7261,0.39008036255836487,0.240060955286026,0.36985862255096436,0,2024-12-25 04:00:00+00:00
7262,0.39008036255836487,0.240060955286026,0.36985862255096436,0,2024-12-25 05:00:00+00:00
7263,0.38929376006126404,0.22973138093948364,0.3809748589992523,0,2024-12-25 05:00:00+00:00
7264,0.38929376006126404,0.22973138093948364,0.3809748589992523,0,2024-12-25 06:00:00+00:00
7265,0.3415060341358185,0.24182401597499847,0.41666996479034424,2,2024-12-25 06:00:00+00:00
7266,0.3415060341358185,0.24182401597499847,0.41666996479034424,2,2024-12-25 07:00:00+00:00
7267,0.408589631319046,0.2336941361427307,0.35771626234054565,0,2024-12-25 07:00:00+00:00
7268,0.408589631319046,0.2336941361427307,0.35771626234054565,0,2024-12-25 08:00:00+00:00
7269,0.36505797505378723,0.2355937659740448,0.3993481993675232,2,2024-12-25 08:00:00+00:00
7270,0.36505797505378723,0.2355937659740448,0.3993481993675232,2,2024-12-25 09:00:00+00:00
7271,0.30821317434310913,0.23622916638851166,0.45555755496025085,2,2024-12-25 09:00:00+00:00
7272,0.30821317434310913,0.23622916638851166,0.45555755496025085,2,2024-12-25 10:00:00+00:00
7273,0.29093027114868164,0.23443134129047394,0.474638432264328,2,2024-12-25 10:00:00+00:00
7274,0.29093027114868164,0.23443134129047394,0.474638432264328,2,2024-12-25 11:00:00+00:00
7275,0.35707515478134155,0.24355171620845795,0.3993730843067169,2,2024-12-25 11:00:00+00:00
7276,0.35707515478134155,0.24355171620845795,0.3993730843067169,2,2024-12-25 13:00:00+00:00
7277,0.3806522786617279,0.24466127157211304,0.3746865391731262,0,2024-12-25 13:00:00+00:00
7278,0.3806522786617279,0.24466127157211304,0.3746865391731262,0,2024-12-25 14:00:00+00:00
7279,0.2973802983760834,0.23034469783306122,0.47227492928504944,2,2024-12-25 14:00:00+00:00
7280,0.2973802983760834,0.23034469783306122,0.47227492928504944,2,2024-12-25 15:00:00+00:00
7281,0.40896010398864746,0.242388516664505,0.3486514389514923,0,2024-12-25 15:00:00+00:00
7282,0.40896010398864746,0.242388516664505,0.3486514389514923,0,2024-12-25 16:00:00+00:00
7283,0.33709806203842163,0.23419657349586487,0.4287053644657135,2,2024-12-25 16:00:00+00:00
7284,0.33709806203842163,0.23419657349586487,0.4287053644657135,2,2024-12-25 17:00:00+00:00
7285,0.3841082751750946,0.2546103298664093,0.3612813949584961,0,2024-12-25 17:00:00+00:00
7286,0.3841082751750946,0.2546103298664093,0.3612813949584961,0,2024-12-25 18:00:00+00:00
7287,0.36318323016166687,0.22639715671539307,0.4104197025299072,2,2024-12-25 18:00:00+00:00
7288,0.36318323016166687,0.22639715671539307,0.4104197025299072,2,2024-12-25 19:00:00+00:00
7289,0.38236820697784424,0.24926120042800903,0.36837056279182434,0,2024-12-25 19:00:00+00:00
7290,0.38236820697784424,0.24926120042800903,0.36837056279182434,0,2024-12-25 20:00:00+00:00
7291,0.402937650680542,0.22809471189975739,0.36896756291389465,0,2024-12-25 20:00:00+00:00
7292,0.402937650680542,0.22809471189975739,0.36896756291389465,0,2024-12-25 21:00:00+00:00
7293,0.39064821600914,0.2368514984846115,0.3725002408027649,0,2024-12-25 21:00:00+00:00
7294,0.39064821600914,0.2368514984846115,0.3725002408027649,0,2024-12-25 22:00:00+00:00
7295,0.33526942133903503,0.2407461255788803,0.4239844083786011,2,2024-12-25 22:00:00+00:00
7296,0.33526942133903503,0.2407461255788803,0.4239844083786011,2,2024-12-25 23:00:00+00:00
7297,0.3521839678287506,0.24293303489685059,0.4048829972743988,2,2024-12-25 23:00:00+00:00
7298,0.3521839678287506,0.24293303489685059,0.4048829972743988,2,2024-12-26 00:00:00+00:00
7299,0.3325849771499634,0.23289301991462708,0.43452203273773193,2,2024-12-26 00:00:00+00:00
7300,0.3325849771499634,0.23289301991462708,0.43452203273773193,2,2024-12-26 01:00:00+00:00
7301,0.3121330440044403,0.22779656946659088,0.4600703716278076,2,2024-12-26 01:00:00+00:00
7302,0.3121330440044403,0.22779656946659088,0.4600703716278076,2,2024-12-26 02:00:00+00:00
7303,0.28815969824790955,0.21351857483386993,0.4983217120170593,2,2024-12-26 02:00:00+00:00
7304,0.28815969824790955,0.21351857483386993,0.4983217120170593,2,2024-12-26 03:00:00+00:00
7305,0.2606659233570099,0.22782345116138458,0.5115106701850891,2,2024-12-26 03:00:00+00:00
7306,0.2606659233570099,0.22782345116138458,0.5115106701850891,2,2024-12-26 04:00:00+00:00
7307,0.3292703628540039,0.25859975814819336,0.41212984919548035,2,2024-12-26 04:00:00+00:00
7308,0.3292703628540039,0.25859975814819336,0.41212984919548035,2,2024-12-26 05:00:00+00:00
7309,0.33079132437705994,0.28192153573036194,0.38728711009025574,2,2024-12-26 05:00:00+00:00
7310,0.33079132437705994,0.28192153573036194,0.38728711009025574,2,2024-12-26 06:00:00+00:00
7311,0.3724411427974701,0.29977691173553467,0.32778191566467285,0,2024-12-26 06:00:00+00:00
7312,0.3724411427974701,0.29977691173553467,0.32778191566467285,0,2024-12-26 07:00:00+00:00
7313,0.391292542219162,0.2805453836917877,0.3281620144844055,0,2024-12-26 07:00:00+00:00
7314,0.391292542219162,0.2805453836917877,0.3281620144844055,0,2024-12-26 08:00:00+00:00
7315,0.4229206144809723,0.24349088966846466,0.33358845114707947,0,2024-12-26 08:00:00+00:00
7316,0.4229206144809723,0.24349088966846466,0.33358845114707947,0,2024-12-26 09:00:00+00:00
7317,0.5320809483528137,0.27132895588874817,0.19659003615379333,0,2024-12-26 09:00:00+00:00
7318,0.5320809483528137,0.27132895588874817,0.19659003615379333,0,2024-12-26 10:00:00+00:00
7319,0.5451685786247253,0.197256937623024,0.25757452845573425,0,2024-12-26 10:00:00+00:00
7320,0.5451685786247253,0.197256937623024,0.25757452845573425,0,2024-12-26 11:00:00+00:00
7321,0.48650264739990234,0.21979933977127075,0.29369789361953735,0,2024-12-26 11:00:00+00:00
7322,0.48650264739990234,0.21979933977127075,0.29369789361953735,0,2024-12-26 13:00:00+00:00
7323,0.445663183927536,0.2371109277009964,0.31722596287727356,0,2024-12-26 13:00:00+00:00
7324,0.445663183927536,0.2371109277009964,0.31722596287727356,0,2024-12-26 14:00:00+00:00
7325,0.41127118468284607,0.20481009781360626,0.38391873240470886,0,2024-12-26 14:00:00+00:00
7326,0.41127118468284607,0.20481009781360626,0.38391873240470886,0,2024-12-26 15:00:00+00:00
7327,0.43585339188575745,0.23106256127357483,0.3330840468406677,0,2024-12-26 15:00:00+00:00
7328,0.43585339188575745,0.23106256127357483,0.3330840468406677,0,2024-12-26 16:00:00+00:00
7329,0.45457354187965393,0.223119854927063,0.32230663299560547,0,2024-12-26 16:00:00+00:00
7330,0.45457354187965393,0.223119854927063,0.32230663299560547,0,2024-12-26 17:00:00+00:00
7331,0.3808281719684601,0.2090843766927719,0.41008755564689636,2,2024-12-26 17:00:00+00:00
7332,0.3808281719684601,0.2090843766927719,0.41008755564689636,2,2024-12-26 18:00:00+00:00
7333,0.46710431575775146,0.23197534680366516,0.3009204566478729,0,2024-12-26 18:00:00+00:00
7334,0.46710431575775146,0.23197534680366516,0.3009204566478729,0,2024-12-26 19:00:00+00:00
7335,0.41948196291923523,0.2065991908311844,0.373918741941452,0,2024-12-26 19:00:00+00:00
7336,0.41948196291923523,0.2065991908311844,0.373918741941452,0,2024-12-26 20:00:00+00:00
7337,0.43914517760276794,0.19431786239147186,0.3665369749069214,0,2024-12-26 20:00:00+00:00
7338,0.43914517760276794,0.19431786239147186,0.3665369749069214,0,2024-12-26 22:00:00+00:00
7339,0.4008309841156006,0.2023097276687622,0.39685940742492676,0,2024-12-26 22:00:00+00:00
7340,0.4008309841156006,0.2023097276687622,0.39685940742492676,0,2024-12-26 23:00:00+00:00
7341,0.4036809206008911,0.19213590025901794,0.40418320894241333,2,2024-12-26 23:00:00+00:00
7342,0.4036809206008911,0.19213590025901794,0.40418320894241333,2,2024-12-27 00:00:00+00:00
7343,0.43716996908187866,0.19137944281101227,0.37145060300827026,0,2024-12-27 00:00:00+00:00
7344,0.43716996908187866,0.19137944281101227,0.37145060300827026,0,2024-12-27 01:00:00+00:00
7345,0.40317073464393616,0.19352516531944275,0.4033041298389435,2,2024-12-27 01:00:00+00:00
7346,0.40317073464393616,0.19352516531944275,0.4033041298389435,2,2024-12-27 02:00:00+00:00
7347,0.4081342816352844,0.19179221987724304,0.40007343888282776,0,2024-12-27 02:00:00+00:00
7348,0.4081342816352844,0.19179221987724304,0.40007343888282776,0,2024-12-27 03:00:00+00:00
7349,0.40958186984062195,0.1956540048122406,0.39476409554481506,0,2024-12-27 03:00:00+00:00
7350,0.40958186984062195,0.1956540048122406,0.39476409554481506,0,2024-12-27 04:00:00+00:00
7351,0.3784371614456177,0.19598731398582458,0.42557549476623535,2,2024-12-27 04:00:00+00:00
7352,0.3784371614456177,0.19598731398582458,0.42557549476623535,2,2024-12-27 05:00:00+00:00
7353,0.34598371386528015,0.1938023418188095,0.4602140486240387,2,2024-12-27 05:00:00+00:00
7354,0.34598371386528015,0.1938023418188095,0.4602140486240387,2,2024-12-27 06:00:00+00:00
7355,0.36703553795814514,0.18992707133293152,0.4430374503135681,2,2024-12-27 06:00:00+00:00
7356,0.36703553795814514,0.18992707133293152,0.4430374503135681,2,2024-12-27 07:00:00+00:00
7357,0.3247041404247284,0.20886030793190002,0.46643558144569397,2,2024-12-27 07:00:00+00:00
7358,0.3247041404247284,0.20886030793190002,0.46643558144569397,2,2024-12-27 08:00:00+00:00
7359,0.6164984107017517,0.1715131402015686,0.21198835968971252,0,2024-12-27 08:00:00+00:00
7360,0.6164984107017517,0.1715131402015686,0.21198835968971252,0,2024-12-27 09:00:00+00:00
7361,0.38224729895591736,0.20308858156204224,0.4146641492843628,2,2024-12-27 09:00:00+00:00
7362,0.38224729895591736,0.20308858156204224,0.4146641492843628,2,2024-12-27 10:00:00+00:00
7363,0.3509390354156494,0.2445535659790039,0.4045073390007019,2,2024-12-27 10:00:00+00:00
7364,0.3509390354156494,0.2445535659790039,0.4045073390007019,2,2024-12-27 11:00:00+00:00
7365,0.38245725631713867,0.22189496457576752,0.395647794008255,2,2024-12-27 11:00:00+00:00
7366,0.38245725631713867,0.22189496457576752,0.395647794008255,2,2024-12-27 13:00:00+00:00
7367,0.4029335081577301,0.21695499122142792,0.38011154532432556,0,2024-12-27 13:00:00+00:00
7368,0.4029335081577301,0.21695499122142792,0.38011154532432556,0,2024-12-27 14:00:00+00:00
7369,0.3874356746673584,0.22180905938148499,0.39075520634651184,2,2024-12-27 14:00:00+00:00
7370,0.3874356746673584,0.22180905938148499,0.39075520634651184,2,2024-12-27 15:00:00+00:00
7371,0.4681922197341919,0.25538700819015503,0.2764206528663635,0,2024-12-27 15:00:00+00:00
7372,0.4681922197341919,0.25538700819015503,0.2764206528663635,0,2024-12-27 16:00:00+00:00
7373,0.5415350198745728,0.2955854833126068,0.1628796011209488,0,2024-12-27 16:00:00+00:00
7374,0.5415350198745728,0.2955854833126068,0.1628796011209488,0,2024-12-27 17:00:00+00:00
7375,0.5265597105026245,0.24721334874629974,0.22622685134410858,0,2024-12-27 17:00:00+00:00
7376,0.5265597105026245,0.24721334874629974,0.22622685134410858,0,2024-12-27 18:00:00+00:00
7377,0.4310799241065979,0.21787512302398682,0.3510448932647705,0,2024-12-27 18:00:00+00:00
7378,0.4310799241065979,0.21787512302398682,0.3510448932647705,0,2024-12-27 19:00:00+00:00
7379,0.3937891721725464,0.20575521886348724,0.40045568346977234,2,2024-12-27 19:00:00+00:00
7380,0.3937891721725464,0.20575521886348724,0.40045568346977234,2,2024-12-27 20:00:00+00:00
7381,0.44858208298683167,0.2213253378868103,0.33009257912635803,0,2024-12-27 20:00:00+00:00
7382,0.44858208298683167,0.2213253378868103,0.33009257912635803,0,2024-12-27 21:00:00+00:00
7383,0.4535790979862213,0.22517463564872742,0.32124629616737366,0,2024-12-27 21:00:00+00:00
7384,0.4535790979862213,0.22517463564872742,0.32124629616737366,0,2024-12-27 22:00:00+00:00
7385,0.4470917582511902,0.2168080061674118,0.3361002206802368,0,2024-12-27 22:00:00+00:00
7386,0.4470917582511902,0.2168080061674118,0.3361002206802368,0,2024-12-28 00:00:00+00:00
7387,0.46149957180023193,0.21973459422588348,0.31876593828201294,0,2024-12-28 00:00:00+00:00
7388,0.46149957180023193,0.21973459422588348,0.31876593828201294,0,2024-12-28 02:00:00+00:00
7389,0.4110201597213745,0.2046874314546585,0.3842924237251282,0,2024-12-28 02:00:00+00:00
7390,0.4110201597213745,0.2046874314546585,0.3842924237251282,0,2024-12-28 03:00:00+00:00
7391,0.44211190938949585,0.1997361034154892,0.35815197229385376,0,2024-12-28 03:00:00+00:00
7392,0.44211190938949585,0.1997361034154892,0.35815197229385376,0,2024-12-28 04:00:00+00:00
7393,0.3971686065196991,0.1933681070804596,0.4094632863998413,2,2024-12-28 04:00:00+00:00
7394,0.3971686065196991,0.1933681070804596,0.4094632863998413,2,2024-12-28 05:00:00+00:00
7395,0.3917009234428406,0.18104881048202515,0.4272502064704895,2,2024-12-28 05:00:00+00:00
7396,0.3917009234428406,0.18104881048202515,0.4272502064704895,2,2024-12-28 06:00:00+00:00
7397,0.35406601428985596,0.1837301105260849,0.4622039198875427,2,2024-12-28 06:00:00+00:00
7398,0.35406601428985596,0.1837301105260849,0.4622039198875427,2,2024-12-28 07:00:00+00:00
7399,0.40384307503700256,0.18285159766674042,0.4133053123950958,2,2024-12-28 07:00:00+00:00
7400,0.40384307503700256,0.18285159766674042,0.4133053123950958,2,2024-12-28 08:00:00+00:00
7401,0.37387701869010925,0.19298329949378967,0.43313971161842346,2,2024-12-28 08:00:00+00:00
7402,0.37387701869010925,0.19298329949378967,0.43313971161842346,2,2024-12-28 09:00:00+00:00
7403,0.3619230091571808,0.18227148056030273,0.4558055102825165,2,2024-12-28 09:00:00+00:00
7404,0.3619230091571808,0.18227148056030273,0.4558055102825165,2,2024-12-28 10:00:00+00:00
7405,0.4038313925266266,0.18517351150512695,0.41099509596824646,2,2024-12-28 10:00:00+00:00
7406,0.4038313925266266,0.18517351150512695,0.41099509596824646,2,2024-12-28 13:00:00+00:00
7407,0.3440273106098175,0.20949383080005646,0.44647884368896484,2,2024-12-28 13:00:00+00:00
7408,0.3440273106098175,0.20949383080005646,0.44647884368896484,2,2024-12-28 16:00:00+00:00
7409,0.48011329770088196,0.2595995366573334,0.26028719544410706,0,2024-12-28 16:00:00+00:00
7410,0.48011329770088196,0.2595995366573334,0.26028719544410706,0,2024-12-28 18:00:00+00:00
7411,0.4429815113544464,0.26659637689590454,0.2904220521450043,0,2024-12-28 18:00:00+00:00
7412,0.4429815113544464,0.26659637689590454,0.2904220521450043,0,2024-12-28 19:00:00+00:00
7413,0.45336902141571045,0.26245954632759094,0.2841714918613434,0,2024-12-28 19:00:00+00:00
7414,0.45336902141571045,0.26245954632759094,0.2841714918613434,0,2024-12-28 20:00:00+00:00
7415,0.47578465938568115,0.2471276819705963,0.27708759903907776,0,2024-12-28 20:00:00+00:00
7416,0.47578465938568115,0.2471276819705963,0.27708759903907776,0,2024-12-28 21:00:00+00:00
7417,0.48160412907600403,0.22937487065792084,0.28902095556259155,0,2024-12-28 21:00:00+00:00
7418,0.48160412907600403,0.22937487065792084,0.28902095556259155,0,2024-12-28 22:00:00+00:00
7419,0.5058038830757141,0.23791885375976562,0.25627726316452026,0,2024-12-28 22:00:00+00:00
7420,0.5058038830757141,0.23791885375976562,0.25627726316452026,0,2024-12-28 23:00:00+00:00
7421,0.5010785460472107,0.24264992773532867,0.25627148151397705,0,2024-12-28 23:00:00+00:00
7422,0.5010785460472107,0.24264992773532867,0.25627148151397705,0,2024-12-29 00:00:00+00:00
7423,0.5089243650436401,0.2432011216878891,0.24787449836730957,0,2024-12-29 00:00:00+00:00
7424,0.5089243650436401,0.2432011216878891,0.24787449836730957,0,2024-12-29 01:00:00+00:00
7425,0.5097437500953674,0.23930105566978455,0.2509552538394928,0,2024-12-29 01:00:00+00:00
7426,0.5097437500953674,0.23930105566978455,0.2509552538394928,0,2024-12-29 02:00:00+00:00
7427,0.48917660117149353,0.23730114102363586,0.2735222578048706,0,2024-12-29 02:00:00+00:00
7428,0.48917660117149353,0.23730114102363586,0.2735222578048706,0,2024-12-29 03:00:00+00:00
7429,0.5073580145835876,0.23622407019138336,0.256417840719223,0,2024-12-29 03:00:00+00:00
7430,0.5073580145835876,0.23622407019138336,0.256417840719223,0,2024-12-29 05:00:00+00:00
7431,0.4999249279499054,0.23736472427845,0.2627103626728058,0,2024-12-29 05:00:00+00:00
7432,0.4999249279499054,0.23736472427845,0.2627103626728058,0,2024-12-29 07:00:00+00:00
7433,0.4969775080680847,0.24360616505146027,0.25941628217697144,0,2024-12-29 07:00:00+00:00
7434,0.4969775080680847,0.24360616505146027,0.25941628217697144,0,2024-12-29 08:00:00+00:00
7435,0.4680838882923126,0.2431609332561493,0.2887552082538605,0,2024-12-29 08:00:00+00:00
7436,0.4680838882923126,0.2431609332561493,0.2887552082538605,0,2024-12-29 09:00:00+00:00
7437,0.3732943534851074,0.26370948553085327,0.36299607157707214,0,2024-12-29 09:00:00+00:00
7438,0.3732943534851074,0.26370948553085327,0.36299607157707214,0,2024-12-29 11:00:00+00:00
7439,0.4077640175819397,0.25908324122428894,0.333152711391449,0,2024-12-29 11:00:00+00:00
7440,0.4077640175819397,0.25908324122428894,0.333152711391449,0,2024-12-29 12:00:00+00:00
7441,0.4820592701435089,0.2365235984325409,0.28141722083091736,0,2024-12-29 12:00:00+00:00
7442,0.4820592701435089,0.2365235984325409,0.28141722083091736,0,2024-12-29 13:00:00+00:00
7443,0.49224910140037537,0.24422475695610046,0.2635260820388794,0,2024-12-29 13:00:00+00:00
7444,0.49224910140037537,0.24422475695610046,0.2635260820388794,0,2024-12-29 14:00:00+00:00
7445,0.47547802329063416,0.23901572823524475,0.28550630807876587,0,2024-12-29 14:00:00+00:00
7446,0.47547802329063416,0.23901572823524475,0.28550630807876587,0,2024-12-29 15:00:00+00:00
7447,0.4076506495475769,0.2510455846786499,0.34130367636680603,0,2024-12-29 15:00:00+00:00
7448,0.4076506495475769,0.2510455846786499,0.34130367636680603,0,2024-12-29 18:00:00+00:00
7449,0.39575478434562683,0.2779634892940521,0.32628172636032104,0,2024-12-29 18:00:00+00:00
7450,0.39575478434562683,0.2779634892940521,0.32628172636032104,0,2024-12-29 19:00:00+00:00
7451,0.3661626875400543,0.25899404287338257,0.3748433291912079,2,2024-12-29 19:00:00+00:00
7452,0.3661626875400543,0.25899404287338257,0.3748433291912079,2,2024-12-29 20:00:00+00:00
7453,0.36177679896354675,0.2588207721710205,0.37940242886543274,2,2024-12-29 20:00:00+00:00
7454,0.36177679896354675,0.2588207721710205,0.37940242886543274,2,2024-12-29 21:00:00+00:00
7455,0.37563633918762207,0.26503726840019226,0.35932639241218567,0,2024-12-29 21:00:00+00:00
7456,0.37563633918762207,0.26503726840019226,0.35932639241218567,0,2024-12-29 22:00:00+00:00
7457,0.3735668361186981,0.3600020706653595,0.2664310932159424,0,2024-12-29 22:00:00+00:00
7458,0.3735668361186981,0.3600020706653595,0.2664310932159424,0,2024-12-30 00:00:00+00:00
7459,0.3709995150566101,0.23767034709453583,0.3913300633430481,2,2024-12-30 00:00:00+00:00
7460,0.3709995150566101,0.23767034709453583,0.3913300633430481,2,2024-12-30 01:00:00+00:00
7461,0.3344493806362152,0.2380731701850891,0.42747747898101807,2,2024-12-30 01:00:00+00:00
7462,0.3344493806362152,0.2380731701850891,0.42747747898101807,2,2024-12-30 02:00:00+00:00
7463,0.3697357475757599,0.24296043813228607,0.38730379939079285,2,2024-12-30 02:00:00+00:00
7464,0.3697357475757599,0.24296043813228607,0.38730379939079285,2,2024-12-30 03:00:00+00:00
7465,0.3303728997707367,0.23682639002799988,0.43280062079429626,2,2024-12-30 03:00:00+00:00
7466,0.3303728997707367,0.23682639002799988,0.43280062079429626,2,2024-12-30 04:00:00+00:00
7467,0.3193776607513428,0.24330869317054749,0.43731364607810974,2,2024-12-30 04:00:00+00:00
7468,0.3193776607513428,0.24330869317054749,0.43731364607810974,2,2024-12-30 05:00:00+00:00
7469,0.3393363058567047,0.21758268773555756,0.443080872297287,2,2024-12-30 05:00:00+00:00
7470,0.3393363058567047,0.21758268773555756,0.443080872297287,2,2024-12-30 06:00:00+00:00
7471,0.3511909246444702,0.21209748089313507,0.4367115795612335,2,2024-12-30 06:00:00+00:00
7472,0.3511909246444702,0.21209748089313507,0.4367115795612335,2,2024-12-30 07:00:00+00:00
7473,0.31168484687805176,0.2103796750307083,0.47793546319007874,2,2024-12-30 07:00:00+00:00
7474,0.31168484687805176,0.2103796750307083,0.47793546319007874,2,2024-12-30 08:00:00+00:00
7475,0.3490504324436188,0.20867875218391418,0.44227075576782227,2,2024-12-30 08:00:00+00:00
7476,0.3490504324436188,0.20867875218391418,0.44227075576782227,2,2024-12-30 09:00:00+00:00
7477,0.32634156942367554,0.20866209268569946,0.46499642729759216,2,2024-12-30 09:00:00+00:00
7478,0.32634156942367554,0.20866209268569946,0.46499642729759216,2,2024-12-30 10:00:00+00:00
7479,0.3171466886997223,0.20838452875614166,0.47446876764297485,2,2024-12-30 10:00:00+00:00
7480,0.3171466886997223,0.20838452875614166,0.47446876764297485,2,2024-12-30 11:00:00+00:00
7481,0.31893283128738403,0.20773844420909882,0.4733288586139679,2,2024-12-30 11:00:00+00:00
7482,0.31893283128738403,0.20773844420909882,0.4733288586139679,2,2024-12-30 12:00:00+00:00
7483,0.3191881775856018,0.21317382156848907,0.4676381051540375,2,2024-12-30 12:00:00+00:00
7484,0.3191881775856018,0.21317382156848907,0.4676381051540375,2,2024-12-30 13:00:00+00:00
7485,0.3207596242427826,0.21866917610168457,0.4605713188648224,2,2024-12-30 13:00:00+00:00
7486,0.3207596242427826,0.21866917610168457,0.4605713188648224,2,2024-12-30 16:00:00+00:00
7487,0.459011971950531,0.2074495553970337,0.3335384428501129,0,2024-12-30 16:00:00+00:00
7488,0.459011971950531,0.2074495553970337,0.3335384428501129,0,2024-12-30 17:00:00+00:00
7489,0.4275800287723541,0.2396620362997055,0.3327579200267792,0,2024-12-30 17:00:00+00:00
7490,0.4275800287723541,0.2396620362997055,0.3327579200267792,0,2024-12-30 18:00:00+00:00
7491,0.3376994729042053,0.22130952775478363,0.44099095463752747,2,2024-12-30 18:00:00+00:00
7492,0.3376994729042053,0.22130952775478363,0.44099095463752747,2,2024-12-30 19:00:00+00:00
7493,0.3791971504688263,0.27543801069259644,0.3453647792339325,0,2024-12-30 19:00:00+00:00
7494,0.3791971504688263,0.27543801069259644,0.3453647792339325,0,2024-12-30 21:00:00+00:00
7495,0.3773508369922638,0.2186400145292282,0.4040091037750244,2,2024-12-30 21:00:00+00:00
7496,0.3773508369922638,0.2186400145292282,0.4040091037750244,2,2024-12-30 22:00:00+00:00
7497,0.3618980646133423,0.24527108669281006,0.39283081889152527,2,2024-12-30 22:00:00+00:00
7498,0.3618980646133423,0.24527108669281006,0.39283081889152527,2,2024-12-30 23:00:00+00:00
7499,0.3848288059234619,0.23735645413398743,0.37781471014022827,0,2024-12-30 23:00:00+00:00
7500,0.3848288059234619,0.23735645413398743,0.37781471014022827,0,2024-12-31 00:00:00+00:00
7501,0.3844080865383148,0.23766669631004333,0.37792524695396423,0,2024-12-31 00:00:00+00:00
7502,0.3844080865383148,0.23766669631004333,0.37792524695396423,0,2024-12-31 01:00:00+00:00
7503,0.3654438555240631,0.24271871149539948,0.39183735847473145,2,2024-12-31 01:00:00+00:00
7504,0.3654438555240631,0.24271871149539948,0.39183735847473145,2,2024-12-31 03:00:00+00:00
7505,0.34412670135498047,0.2276635617017746,0.4282098412513733,2,2024-12-31 03:00:00+00:00
7506,0.34412670135498047,0.2276635617017746,0.4282098412513733,2,2024-12-31 04:00:00+00:00
7507,0.33583754301071167,0.21434958279132843,0.44981294870376587,2,2024-12-31 04:00:00+00:00
7508,0.33583754301071167,0.21434958279132843,0.44981294870376587,2,2024-12-31 05:00:00+00:00
7509,0.35792720317840576,0.22658783197402954,0.4154849350452423,2,2024-12-31 05:00:00+00:00
7510,0.35792720317840576,0.22658783197402954,0.4154849350452423,2,2024-12-31 06:00:00+00:00
7511,0.329522043466568,0.20757170021533966,0.46290627121925354,2,2024-12-31 06:00:00+00:00
7512,0.329522043466568,0.20757170021533966,0.46290627121925354,2,2024-12-31 07:00:00+00:00
7513,0.3534473776817322,0.22926180064678192,0.4172907769680023,2,2024-12-31 07:00:00+00:00
7514,0.3534473776817322,0.22926180064678192,0.4172907769680023,2,2024-12-31 08:00:00+00:00
7515,0.3293726444244385,0.23185881972312927,0.43876853585243225,2,2024-12-31 08:00:00+00:00
7516,0.3293726444244385,0.23185881972312927,0.43876853585243225,2,2024-12-31 09:00:00+00:00
7517,0.31076109409332275,0.24250410497188568,0.44673478603363037,2,2024-12-31 09:00:00+00:00
7518,0.31076109409332275,0.24250410497188568,0.44673478603363037,2,2024-12-31 10:00:00+00:00
7519,0.3451651930809021,0.22956044971942902,0.4252743422985077,2,2024-12-31 10:00:00+00:00
7520,0.3451651930809021,0.22956044971942902,0.4252743422985077,2,2024-12-31 11:00:00+00:00
7521,0.34062838554382324,0.23139725625514984,0.42797428369522095,2,2024-12-31 11:00:00+00:00
7522,0.34062838554382324,0.23139725625514984,0.42797428369522095,2,2024-12-31 12:00:00+00:00
7523,0.33394530415534973,0.222734734416008,0.44332003593444824,2,2024-12-31 12:00:00+00:00
7524,0.33394530415534973,0.222734734416008,0.44332003593444824,2,2024-12-31 13:00:00+00:00
7525,0.340818852186203,0.20959261059761047,0.4495886564254761,2,2024-12-31 13:00:00+00:00
7526,0.340818852186203,0.20959261059761047,0.4495886564254761,2,2024-12-31 14:00:00+00:00
7527,0.4057350754737854,0.23885256052017212,0.3554123342037201,0,2024-12-31 14:00:00+00:00
7528,0.4057350754737854,0.23885256052017212,0.3554123342037201,0,2024-12-31 15:00:00+00:00
7529,0.41943442821502686,0.2602320909500122,0.32033348083496094,0,2024-12-31 15:00:00+00:00
7530,0.41943442821502686,0.2602320909500122,0.32033348083496094,0,2024-12-31 16:00:00+00:00
7531,0.42704325914382935,0.25293344259262085,0.3200232982635498,0,2024-12-31 16:00:00+00:00
7532,0.42704325914382935,0.25293344259262085,0.3200232982635498,0,2024-12-31 18:00:00+00:00
7533,0.39063751697540283,0.22460494935512543,0.38475745916366577,0,2024-12-31 18:00:00+00:00
7534,0.39063751697540283,0.22460494935512543,0.38475745916366577,0,2024-12-31 19:00:00+00:00
7535,0.3283492922782898,0.2153283953666687,0.45632225275039673,2,2024-12-31 19:00:00+00:00
7536,0.3283492922782898,0.2153283953666687,0.45632225275039673,2,2024-12-31 20:00:00+00:00
7537,0.3115938901901245,0.212971493601799,0.4754346013069153,2,2024-12-31 20:00:00+00:00
7538,0.3115938901901245,0.212971493601799,0.4754346013069153,2,2024-12-31 22:00:00+00:00
7539,0.3714447021484375,0.22754007577896118,0.40101516246795654,2,2024-12-31 22:00:00+00:00
7540,0.3714447021484375,0.22754007577896118,0.40101516246795654,2,2024-12-31 23:00:00+00:00
7541,0.3534895181655884,0.23148420453071594,0.4150262176990509,2,2024-12-31 23:00:00+00:00
7542,0.3534895181655884,0.23148420453071594,0.4150262176990509,2,2025-01-01 00:00:00+00:00
7543,0.3084794878959656,0.21927577257156372,0.4722446799278259,2,2025-01-01 00:00:00+00:00
7544,0.3084794878959656,0.21927577257156372,0.4722446799278259,2,2025-01-01 01:00:00+00:00
7545,0.39245015382766724,0.23048125207424164,0.37706857919692993,0,2025-01-01 01:00:00+00:00
7546,0.39245015382766724,0.23048125207424164,0.37706857919692993,0,2025-01-01 02:00:00+00:00
7547,0.3743150234222412,0.23281607031822205,0.39286890625953674,2,2025-01-01 02:00:00+00:00
7548,0.3743150234222412,0.23281607031822205,0.39286890625953674,2,2025-01-01 03:00:00+00:00
7549,0.3629724979400635,0.22096338868141174,0.4160641133785248,2,2025-01-01 03:00:00+00:00
7550,0.3629724979400635,0.22096338868141174,0.4160641133785248,2,2025-01-01 04:00:00+00:00
7551,0.3606396019458771,0.22649796307086945,0.4128623902797699,2,2025-01-01 04:00:00+00:00
7552,0.3606396019458771,0.22649796307086945,0.4128623902797699,2,2025-01-01 05:00:00+00:00
7553,0.37694689631462097,0.2070285677909851,0.41602447628974915,2,2025-01-01 05:00:00+00:00
7554,0.37694689631462097,0.2070285677909851,0.41602447628974915,2,2025-01-01 06:00:00+00:00
7555,0.3725101053714752,0.21039609611034393,0.41709375381469727,2,2025-01-01 06:00:00+00:00
7556,0.3725101053714752,0.21039609611034393,0.41709375381469727,2,2025-01-01 07:00:00+00:00
7557,0.3669927716255188,0.20488476753234863,0.4281223714351654,2,2025-01-01 07:00:00+00:00
7558,0.3669927716255188,0.20488476753234863,0.4281223714351654,2,2025-01-01 08:00:00+00:00
7559,0.3809628486633301,0.1984788179397583,0.42055827379226685,2,2025-01-01 08:00:00+00:00
7560,0.3809628486633301,0.1984788179397583,0.42055827379226685,2,2025-01-01 09:00:00+00:00
7561,0.43999865651130676,0.1838592290878296,0.37614205479621887,0,2025-01-01 09:00:00+00:00
7562,0.43999865651130676,0.1838592290878296,0.37614205479621887,0,2025-01-01 10:00:00+00:00
7563,0.4075251519680023,0.1994873285293579,0.3929874897003174,0,2025-01-01 10:00:00+00:00
7564,0.4075251519680023,0.1994873285293579,0.3929874897003174,0,2025-01-01 11:00:00+00:00
7565,0.3848475515842438,0.20301765203475952,0.4121347665786743,2,2025-01-01 11:00:00+00:00
7566,0.3848475515842438,0.20301765203475952,0.4121347665786743,2,2025-01-01 12:00:00+00:00
7567,0.36109256744384766,0.20916292071342468,0.4297444224357605,2,2025-01-01 12:00:00+00:00
7568,0.36109256744384766,0.20916292071342468,0.4297444224357605,2,2025-01-01 13:00:00+00:00
7569,0.3426021933555603,0.2058524489402771,0.4515453577041626,2,2025-01-01 13:00:00+00:00
7570,0.3426021933555603,0.2058524489402771,0.4515453577041626,2,2025-01-01 14:00:00+00:00
7571,0.3619365394115448,0.20571237802505493,0.43235108256340027,2,2025-01-01 14:00:00+00:00
7572,0.3619365394115448,0.20571237802505493,0.43235108256340027,2,2025-01-01 15:00:00+00:00
7573,0.32623255252838135,0.21136660873889923,0.4624008536338806,2,2025-01-01 15:00:00+00:00
7574,0.32623255252838135,0.21136660873889923,0.4624008536338806,2,2025-01-01 16:00:00+00:00
7575,0.2903064489364624,0.22524619102478027,0.4844473600387573,2,2025-01-01 16:00:00+00:00
7576,0.2903064489364624,0.22524619102478027,0.4844473600387573,2,2025-01-01 19:00:00+00:00
7577,0.3149637281894684,0.22344279289245605,0.4615934491157532,2,2025-01-01 19:00:00+00:00
7578,0.3149637281894684,0.22344279289245605,0.4615934491157532,2,2025-01-01 22:00:00+00:00
7579,0.35019737482070923,0.2610485255718231,0.38875412940979004,2,2025-01-01 22:00:00+00:00
7580,0.35019737482070923,0.2610485255718231,0.38875412940979004,2,2025-01-02 00:00:00+00:00
7581,0.43140438199043274,0.23741531372070312,0.3311803638935089,0,2025-01-02 00:00:00+00:00
7582,0.43140438199043274,0.23741531372070312,0.3311803638935089,0,2025-01-02 02:00:00+00:00
7583,0.417631059885025,0.31844937801361084,0.2639195919036865,0,2025-01-02 02:00:00+00:00
7584,0.417631059885025,0.31844937801361084,0.2639195919036865,0,2025-01-02 03:00:00+00:00
7585,0.4102933704853058,0.306425005197525,0.28328168392181396,0,2025-01-02 03:00:00+00:00
7586,0.4102933704853058,0.306425005197525,0.28328168392181396,0,2025-01-02 04:00:00+00:00
7587,0.4414682388305664,0.2424766719341278,0.31605514883995056,0,2025-01-02 04:00:00+00:00
7588,0.4414682388305664,0.2424766719341278,0.31605514883995056,0,2025-01-02 05:00:00+00:00
7589,0.45508602261543274,0.24522796273231506,0.2996860146522522,0,2025-01-02 05:00:00+00:00
7590,0.45508602261543274,0.24522796273231506,0.2996860146522522,0,2025-01-02 06:00:00+00:00
7591,0.4666203558444977,0.24988003075122833,0.2834995687007904,0,2025-01-02 06:00:00+00:00
7592,0.4666203558444977,0.24988003075122833,0.2834995687007904,0,2025-01-02 08:00:00+00:00
7593,0.4795532822608948,0.23970915377140045,0.2807374894618988,0,2025-01-02 08:00:00+00:00
7594,0.4795532822608948,0.23970915377140045,0.2807374894618988,0,2025-01-02 09:00:00+00:00
7595,0.49419277906417847,0.2424662709236145,0.26334089040756226,0,2025-01-02 09:00:00+00:00
7596,0.49419277906417847,0.2424662709236145,0.26334089040756226,0,2025-01-02 10:00:00+00:00
7597,0.5133041143417358,0.2413443773984909,0.24535156786441803,0,2025-01-02 10:00:00+00:00
7598,0.5133041143417358,0.2413443773984909,0.24535156786441803,0,2025-01-02 12:00:00+00:00
7599,0.4847142994403839,0.24094171822071075,0.2743440270423889,0,2025-01-02 12:00:00+00:00
7600,0.4847142994403839,0.24094171822071075,0.2743440270423889,0,2025-01-02 13:00:00+00:00
7601,0.5036920309066772,0.24486036598682404,0.2514476478099823,0,2025-01-02 13:00:00+00:00
7602,0.5036920309066772,0.24486036598682404,0.2514476478099823,0,2025-01-02 14:00:00+00:00
7603,0.5174162983894348,0.2350630760192871,0.24752064049243927,0,2025-01-02 14:00:00+00:00
7604,0.5174162983894348,0.2350630760192871,0.24752064049243927,0,2025-01-02 16:00:00+00:00
7605,0.4973834156990051,0.25985023379325867,0.242766335606575,0,2025-01-02 16:00:00+00:00
7606,0.4973834156990051,0.25985023379325867,0.242766335606575,0,2025-01-02 18:00:00+00:00
7607,0.5279883742332458,0.25965961813926697,0.21235209703445435,0,2025-01-02 18:00:00+00:00
7608,0.5279883742332458,0.25965961813926697,0.21235209703445435,0,2025-01-02 22:00:00+00:00
7609,0.5104241967201233,0.2541763484477997,0.23539938032627106,0,2025-01-02 22:00:00+00:00
7610,0.5104241967201233,0.2541763484477997,0.23539938032627106,0,2025-01-02 23:00:00+00:00
7611,0.5136505961418152,0.25419870018959045,0.23215067386627197,0,2025-01-02 23:00:00+00:00
7612,0.5136505961418152,0.25419870018959045,0.23215067386627197,0,2025-01-03 00:00:00+00:00
7613,0.5351188778877258,0.2570820748806,0.20779910683631897,0,2025-01-03 00:00:00+00:00
7614,0.5351188778877258,0.2570820748806,0.20779910683631897,0,2025-01-03 01:00:00+00:00
7615,0.5094854235649109,0.2606958746910095,0.22981873154640198,0,2025-01-03 01:00:00+00:00
7616,0.5094854235649109,0.2606958746910095,0.22981873154640198,0,2025-01-03 04:00:00+00:00
7617,0.45740169286727905,0.2682367265224457,0.2743615210056305,0,2025-01-03 04:00:00+00:00
7618,0.45740169286727905,0.2682367265224457,0.2743615210056305,0,2025-01-03 06:00:00+00:00
7619,0.33979639410972595,0.2531765401363373,0.40702706575393677,2,2025-01-03 06:00:00+00:00
7620,0.33979639410972595,0.2531765401363373,0.40702706575393677,2,2025-01-03 07:00:00+00:00
7621,0.34540998935699463,0.2556447982788086,0.39894524216651917,2,2025-01-03 07:00:00+00:00
7622,0.34540998935699463,0.2556447982788086,0.39894524216651917,2,2025-01-03 08:00:00+00:00
7623,0.3419467508792877,0.2555885910987854,0.40246471762657166,2,2025-01-03 08:00:00+00:00
7624,0.3419467508792877,0.2555885910987854,0.40246471762657166,2,2025-01-03 10:00:00+00:00
7625,0.2674398422241211,0.2332894504070282,0.4992706775665283,2,2025-01-03 10:00:00+00:00
7626,0.2674398422241211,0.2332894504070282,0.4992706775665283,2,2025-01-03 11:00:00+00:00
7627,0.3037579357624054,0.23822088539600372,0.4580211341381073,2,2025-01-03 11:00:00+00:00
7628,0.3037579357624054,0.23822088539600372,0.4580211341381073,2,2025-01-03 12:00:00+00:00
7629,0.26814988255500793,0.21934060752391815,0.5125095844268799,2,2025-01-03 12:00:00+00:00
7630,0.26814988255500793,0.21934060752391815,0.5125095844268799,2,2025-01-03 13:00:00+00:00
7631,0.3058803975582123,0.23804818093776703,0.4560714364051819,2,2025-01-03 13:00:00+00:00
7632,0.3058803975582123,0.23804818093776703,0.4560714364051819,2,2025-01-03 14:00:00+00:00
7633,0.3270127475261688,0.2578749656677246,0.41511234641075134,2,2025-01-03 14:00:00+00:00
7634,0.3270127475261688,0.2578749656677246,0.41511234641075134,2,2025-01-03 16:00:00+00:00
7635,0.3751947283744812,0.28389111161231995,0.34091418981552124,0,2025-01-03 16:00:00+00:00
7636,0.3751947283744812,0.28389111161231995,0.34091418981552124,0,2025-01-03 17:00:00+00:00
7637,0.3905884325504303,0.28726446628570557,0.32214704155921936,0,2025-01-03 17:00:00+00:00
7638,0.3905884325504303,0.28726446628570557,0.32214704155921936,0,2025-01-03 18:00:00+00:00
7639,0.4103388488292694,0.2691001892089844,0.320561021566391,0,2025-01-03 18:00:00+00:00
7640,0.4103388488292694,0.2691001892089844,0.320561021566391,0,2025-01-03 19:00:00+00:00
7641,0.424387127161026,0.2745366096496582,0.30107632279396057,0,2025-01-03 19:00:00+00:00
7642,0.424387127161026,0.2745366096496582,0.30107632279396057,0,2025-01-03 22:00:00+00:00
7643,0.4043777585029602,0.2664996087551117,0.3291225731372833,0,2025-01-03 22:00:00+00:00
7644,0.4043777585029602,0.2664996087551117,0.3291225731372833,0,2025-01-03 23:00:00+00:00
7645,0.4034627377986908,0.2670854926109314,0.3294518291950226,0,2025-01-03 23:00:00+00:00
7646,0.4034627377986908,0.2670854926109314,0.3294518291950226,0,2025-01-04 00:00:00+00:00
7647,0.3871261775493622,0.26211756467819214,0.3507562279701233,0,2025-01-04 00:00:00+00:00
7648,0.3871261775493622,0.26211756467819214,0.3507562279701233,0,2025-01-04 01:00:00+00:00
7649,0.4019451141357422,0.2598970830440521,0.3381578028202057,0,2025-01-04 01:00:00+00:00
7650,0.4019451141357422,0.2598970830440521,0.3381578028202057,0,2025-01-04 02:00:00+00:00
7651,0.43751397728919983,0.27272769808769226,0.28975826501846313,0,2025-01-04 02:00:00+00:00
7652,0.43751397728919983,0.27272769808769226,0.28975826501846313,0,2025-01-04 03:00:00+00:00
7653,0.43809816241264343,0.27087974548339844,0.2910221517086029,0,2025-01-04 03:00:00+00:00
7654,0.43809816241264343,0.27087974548339844,0.2910221517086029,0,2025-01-04 04:00:00+00:00
7655,0.40269744396209717,0.2591845393180847,0.33811792731285095,0,2025-01-04 04:00:00+00:00
7656,0.40269744396209717,0.2591845393180847,0.33811792731285095,0,2025-01-04 05:00:00+00:00
7657,0.39589208364486694,0.2541058659553528,0.3500020503997803,0,2025-01-04 05:00:00+00:00
7658,0.39589208364486694,0.2541058659553528,0.3500020503997803,0,2025-01-04 06:00:00+00:00
7659,0.40093034505844116,0.25615188479423523,0.3429177701473236,0,2025-01-04 06:00:00+00:00
7660,0.40093034505844116,0.25615188479423523,0.3429177701473236,0,2025-01-04 08:00:00+00:00
7661,0.3952428102493286,0.2600940465927124,0.344663143157959,0,2025-01-04 08:00:00+00:00
7662,0.3952428102493286,0.2600940465927124,0.344663143157959,0,2025-01-04 11:00:00+00:00
7663,0.3144747018814087,0.2610458433628082,0.4244793951511383,2,2025-01-04 11:00:00+00:00
7664,0.3144747018814087,0.2610458433628082,0.4244793951511383,2,2025-01-04 13:00:00+00:00
7665,0.3746623396873474,0.2514658272266388,0.3738718628883362,0,2025-01-04 13:00:00+00:00
7666,0.3746623396873474,0.2514658272266388,0.3738718628883362,0,2025-01-04 14:00:00+00:00
7667,0.3900168538093567,0.25767233967781067,0.35231080651283264,0,2025-01-04 14:00:00+00:00
7668,0.3900168538093567,0.25767233967781067,0.35231080651283264,0,2025-01-04 15:00:00+00:00
7669,0.24171733856201172,0.24405723810195923,0.5142253637313843,2,2025-01-04 15:00:00+00:00
7670,0.24171733856201172,0.24405723810195923,0.5142253637313843,2,2025-01-04 16:00:00+00:00
7671,0.3242078721523285,0.30924975872039795,0.36654242873191833,2,2025-01-04 16:00:00+00:00
7672,0.3242078721523285,0.30924975872039795,0.36654242873191833,2,2025-01-04 17:00:00+00:00
7673,0.2736470401287079,0.28105124831199646,0.44530171155929565,2,2025-01-04 17:00:00+00:00
7674,0.2736470401287079,0.28105124831199646,0.44530171155929565,2,2025-01-04 18:00:00+00:00
7675,0.28756943345069885,0.25892576575279236,0.453504741191864,2,2025-01-04 18:00:00+00:00
7676,0.28756943345069885,0.25892576575279236,0.453504741191864,2,2025-01-04 19:00:00+00:00
7677,0.269300252199173,0.2542736828327179,0.47642600536346436,2,2025-01-04 19:00:00+00:00
7678,0.269300252199173,0.2542736828327179,0.47642600536346436,2,2025-01-04 20:00:00+00:00
7679,0.29252684116363525,0.2638687789440155,0.44360435009002686,2,2025-01-04 20:00:00+00:00
7680,0.29252684116363525,0.2638687789440155,0.44360435009002686,2,2025-01-04 21:00:00+00:00
7681,0.3388817012310028,0.27126020193099976,0.3898581564426422,2,2025-01-04 21:00:00+00:00
7682,0.3388817012310028,0.27126020193099976,0.3898581564426422,2,2025-01-04 22:00:00+00:00
7683,0.3157021999359131,0.2673054337501526,0.41699233651161194,2,2025-01-04 22:00:00+00:00
7684,0.3157021999359131,0.2673054337501526,0.41699233651161194,2,2025-01-04 23:00:00+00:00
7685,0.325859397649765,0.26219600439071655,0.41194453835487366,2,2025-01-04 23:00:00+00:00
7686,0.325859397649765,0.26219600439071655,0.41194453835487366,2,2025-01-05 00:00:00+00:00
7687,0.2926473021507263,0.2604653537273407,0.44688737392425537,2,2025-01-05 00:00:00+00:00
7688,0.2926473021507263,0.2604653537273407,0.44688737392425537,2,2025-01-05 02:00:00+00:00
7689,0.2726495563983917,0.24278154969215393,0.48456883430480957,2,2025-01-05 02:00:00+00:00
7690,0.2726495563983917,0.24278154969215393,0.48456883430480957,2,2025-01-05 03:00:00+00:00
7691,0.3094850480556488,0.2480764389038086,0.44243842363357544,2,2025-01-05 03:00:00+00:00
7692,0.3094850480556488,0.2480764389038086,0.44243842363357544,2,2025-01-05 04:00:00+00:00
7693,0.35332903265953064,0.270028293132782,0.3766426742076874,2,2025-01-05 04:00:00+00:00
7694,0.35332903265953064,0.270028293132782,0.3766426742076874,2,2025-01-05 05:00:00+00:00
7695,0.368486225605011,0.28192993998527527,0.34958386421203613,0,2025-01-05 05:00:00+00:00
7696,0.368486225605011,0.28192993998527527,0.34958386421203613,0,2025-01-05 06:00:00+00:00
7697,0.2995700240135193,0.25378289818763733,0.446647047996521,2,2025-01-05 06:00:00+00:00
7698,0.2995700240135193,0.25378289818763733,0.446647047996521,2,2025-01-05 07:00:00+00:00
7699,0.29327669739723206,0.2465064972639084,0.46021679043769836,2,2025-01-05 07:00:00+00:00
7700,0.29327669739723206,0.2465064972639084,0.46021679043769836,2,2025-01-05 08:00:00+00:00
7701,0.32251113653182983,0.2501741051673889,0.42731472849845886,2,2025-01-05 08:00:00+00:00
7702,0.32251113653182983,0.2501741051673889,0.42731472849845886,2,2025-01-05 09:00:00+00:00
7703,0.3360491991043091,0.27953383326530457,0.38441699743270874,2,2025-01-05 09:00:00+00:00
7704,0.3360491991043091,0.27953383326530457,0.38441699743270874,2,2025-01-05 10:00:00+00:00
7705,0.3791522979736328,0.30826544761657715,0.31258225440979004,0,2025-01-05 10:00:00+00:00
7706,0.3791522979736328,0.30826544761657715,0.31258225440979004,0,2025-01-05 11:00:00+00:00
7707,0.29176172614097595,0.2431681901216507,0.46507006883621216,2,2025-01-05 11:00:00+00:00
7708,0.29176172614097595,0.2431681901216507,0.46507006883621216,2,2025-01-05 12:00:00+00:00
7709,0.2995181381702423,0.24576205015182495,0.45471978187561035,2,2025-01-05 12:00:00+00:00
7710,0.2995181381702423,0.24576205015182495,0.45471978187561035,2,2025-01-05 13:00:00+00:00
7711,0.30049556493759155,0.24458898603916168,0.45491543412208557,2,2025-01-05 13:00:00+00:00
7712,0.30049556493759155,0.24458898603916168,0.45491543412208557,2,2025-01-05 14:00:00+00:00
7713,0.39950087666511536,0.24273470044136047,0.357764333486557,0,2025-01-05 14:00:00+00:00
7714,0.39950087666511536,0.24273470044136047,0.357764333486557,0,2025-01-05 15:00:00+00:00
7715,0.29538050293922424,0.24519474804401398,0.45942482352256775,2,2025-01-05 15:00:00+00:00
7716,0.29538050293922424,0.24519474804401398,0.45942482352256775,2,2025-01-05 16:00:00+00:00
7717,0.3369365334510803,0.27219507098197937,0.3908683955669403,2,2025-01-05 16:00:00+00:00
7718,0.3369365334510803,0.27219507098197937,0.3908683955669403,2,2025-01-05 17:00:00+00:00
7719,0.3560360074043274,0.31537193059921265,0.32859209179878235,0,2025-01-05 17:00:00+00:00
7720,0.3560360074043274,0.31537193059921265,0.32859209179878235,0,2025-01-05 18:00:00+00:00
7721,0.34819522500038147,0.2743503451347351,0.37745440006256104,2,2025-01-05 18:00:00+00:00
7722,0.34819522500038147,0.2743503451347351,0.37745440006256104,2,2025-01-05 19:00:00+00:00
7723,0.32468801736831665,0.2948036789894104,0.38050830364227295,2,2025-01-05 19:00:00+00:00
7724,0.32468801736831665,0.2948036789894104,0.38050830364227295,2,2025-01-05 20:00:00+00:00
7725,0.33330580592155457,0.3102816343307495,0.35641252994537354,2,2025-01-05 20:00:00+00:00
7726,0.33330580592155457,0.3102816343307495,0.35641252994537354,2,2025-01-05 21:00:00+00:00
7727,0.3136173188686371,0.25425490736961365,0.43212780356407166,2,2025-01-05 21:00:00+00:00
7728,0.3136173188686371,0.25425490736961365,0.43212780356407166,2,2025-01-05 22:00:00+00:00
7729,0.3090380132198334,0.2538493275642395,0.4371126592159271,2,2025-01-05 22:00:00+00:00
7730,0.3090380132198334,0.2538493275642395,0.4371126592159271,2,2025-01-05 23:00:00+00:00
7731,0.29742565751075745,0.22786982357501984,0.47470465302467346,2,2025-01-05 23:00:00+00:00
7732,0.29742565751075745,0.22786982357501984,0.47470465302467346,2,2025-01-06 00:00:00+00:00
7733,0.28672903776168823,0.23746830224990845,0.4758026599884033,2,2025-01-06 00:00:00+00:00
7734,0.28672903776168823,0.23746830224990845,0.4758026599884033,2,2025-01-06 02:00:00+00:00
7735,0.3058242201805115,0.23589256405830383,0.45828330516815186,2,2025-01-06 02:00:00+00:00
7736,0.3058242201805115,0.23589256405830383,0.45828330516815186,2,2025-01-06 03:00:00+00:00
7737,0.2948964238166809,0.26579293608665466,0.4393106698989868,2,2025-01-06 03:00:00+00:00
7738,0.2948964238166809,0.26579293608665466,0.4393106698989868,2,2025-01-06 04:00:00+00:00
7739,0.30604562163352966,0.24364878237247467,0.45030561089515686,2,2025-01-06 04:00:00+00:00
7740,0.30604562163352966,0.24364878237247467,0.45030561089515686,2,2025-01-06 05:00:00+00:00
7741,0.3006114661693573,0.24913156032562256,0.45025691390037537,2,2025-01-06 05:00:00+00:00
7742,0.3006114661693573,0.24913156032562256,0.45025691390037537,2,2025-01-06 07:00:00+00:00
7743,0.3091127574443817,0.2244272530078888,0.4664600193500519,2,2025-01-06 07:00:00+00:00
7744,0.3091127574443817,0.2244272530078888,0.4664600193500519,2,2025-01-06 09:00:00+00:00
7745,0.3272627592086792,0.2179761826992035,0.4547611176967621,2,2025-01-06 09:00:00+00:00
7746,0.3272627592086792,0.2179761826992035,0.4547611176967621,2,2025-01-06 10:00:00+00:00
7747,0.36154866218566895,0.22055134177207947,0.4178999662399292,2,2025-01-06 10:00:00+00:00
7748,0.36154866218566895,0.22055134177207947,0.4178999662399292,2,2025-01-06 11:00:00+00:00
7749,0.3698478639125824,0.22751912474632263,0.40263304114341736,2,2025-01-06 11:00:00+00:00
7750,0.3698478639125824,0.22751912474632263,0.40263304114341736,2,2025-01-06 12:00:00+00:00
7751,0.38359540700912476,0.2250673770904541,0.39133724570274353,2,2025-01-06 12:00:00+00:00
7752,0.38359540700912476,0.2250673770904541,0.39133724570274353,2,2025-01-06 13:00:00+00:00
7753,0.4145209789276123,0.24445360898971558,0.3410254418849945,0,2025-01-06 13:00:00+00:00
7754,0.4145209789276123,0.24445360898971558,0.3410254418849945,0,2025-01-06 17:00:00+00:00
7755,0.4358314871788025,0.3309905529022217,0.23317795991897583,0,2025-01-06 17:00:00+00:00
7756,0.4358314871788025,0.3309905529022217,0.23317795991897583,0,2025-01-06 18:00:00+00:00
7757,0.4246251881122589,0.32605287432670593,0.24932198226451874,0,2025-01-06 18:00:00+00:00
7758,0.4246251881122589,0.32605287432670593,0.24932198226451874,0,2025-01-06 19:00:00+00:00
7759,0.4560595750808716,0.26371070742607117,0.2802296280860901,0,2025-01-06 19:00:00+00:00
7760,0.4560595750808716,0.26371070742607117,0.2802296280860901,0,2025-01-06 20:00:00+00:00
7761,0.4577421247959137,0.28577721118927,0.25648054480552673,0,2025-01-06 20:00:00+00:00
7762,0.4577421247959137,0.28577721118927,0.25648054480552673,0,2025-01-06 22:00:00+00:00
7763,0.417939156293869,0.27298688888549805,0.3090739846229553,0,2025-01-06 22:00:00+00:00
7764,0.417939156293869,0.27298688888549805,0.3090739846229553,0,2025-01-06 23:00:00+00:00
7765,0.41050827503204346,0.25830015540122986,0.3311915695667267,0,2025-01-06 23:00:00+00:00
7766,0.41050827503204346,0.25830015540122986,0.3311915695667267,0,2025-01-07 00:00:00+00:00
7767,0.4230060577392578,0.26498010754585266,0.31201380491256714,0,2025-01-07 00:00:00+00:00
7768,0.4230060577392578,0.26498010754585266,0.31201380491256714,0,2025-01-07 01:00:00+00:00
7769,0.44273656606674194,0.26953360438346863,0.2877298593521118,0,2025-01-07 01:00:00+00:00
7770,0.44273656606674194,0.26953360438346863,0.2877298593521118,0,2025-01-07 02:00:00+00:00
7771,0.4125426709651947,0.27315035462379456,0.3143070340156555,0,2025-01-07 02:00:00+00:00
7772,0.4125426709651947,0.27315035462379456,0.3143070340156555,0,2025-01-07 03:00:00+00:00
7773,0.3826102018356323,0.3010244369506836,0.3163653016090393,0,2025-01-07 03:00:00+00:00
7774,0.3826102018356323,0.3010244369506836,0.3163653016090393,0,2025-01-07 06:00:00+00:00
7775,0.3385910987854004,0.23643702268600464,0.42497190833091736,2,2025-01-07 06:00:00+00:00
7776,0.3385910987854004,0.23643702268600464,0.42497190833091736,2,2025-01-07 07:00:00+00:00
7777,0.36523541808128357,0.24955041706562042,0.38521409034729004,2,2025-01-07 07:00:00+00:00
7778,0.36523541808128357,0.24955041706562042,0.38521409034729004,2,2025-01-07 08:00:00+00:00
7779,0.3656826615333557,0.2614528238773346,0.3728644847869873,2,2025-01-07 08:00:00+00:00
7780,0.3656826615333557,0.2614528238773346,0.3728644847869873,2,2025-01-07 10:00:00+00:00
7781,0.35632196068763733,0.25406843423843384,0.3896096348762512,2,2025-01-07 10:00:00+00:00
7782,0.35632196068763733,0.25406843423843384,0.3896096348762512,2,2025-01-07 11:00:00+00:00
7783,0.3719828426837921,0.2577057182788849,0.370311439037323,0,2025-01-07 11:00:00+00:00
7784,0.3719828426837921,0.2577057182788849,0.370311439037323,0,2025-01-07 12:00:00+00:00
7785,0.3847620189189911,0.25511765480041504,0.36012035608291626,0,2025-01-07 12:00:00+00:00
7786,0.3847620189189911,0.25511765480041504,0.36012035608291626,0,2025-01-07 13:00:00+00:00
7787,0.3923051059246063,0.25858834385871887,0.3491066098213196,0,2025-01-07 13:00:00+00:00
7788,0.3923051059246063,0.25858834385871887,0.3491066098213196,0,2025-01-07 14:00:00+00:00
7789,0.35370945930480957,0.24228720366954803,0.4040033519268036,2,2025-01-07 14:00:00+00:00
7790,0.35370945930480957,0.24228720366954803,0.4040033519268036,2,2025-01-07 15:00:00+00:00
7791,0.42119160294532776,0.2776425778865814,0.3011658191680908,0,2025-01-07 15:00:00+00:00
7792,0.42119160294532776,0.2776425778865814,0.3011658191680908,0,2025-01-07 18:00:00+00:00
7793,0.5060303211212158,0.2731723189353943,0.2207973301410675,0,2025-01-07 18:00:00+00:00
7794,0.5060303211212158,0.2731723189353943,0.2207973301410675,0,2025-01-07 19:00:00+00:00
7795,0.5242733955383301,0.24162083864212036,0.23410576581954956,0,2025-01-07 19:00:00+00:00
7796,0.5242733955383301,0.24162083864212036,0.23410576581954956,0,2025-01-07 20:00:00+00:00
7797,0.5521332621574402,0.2223258763551712,0.2255409210920334,0,2025-01-07 20:00:00+00:00
7798,0.5521332621574402,0.2223258763551712,0.2255409210920334,0,2025-01-07 22:00:00+00:00
7799,0.5607248544692993,0.21163561940193176,0.22763945162296295,0,2025-01-07 22:00:00+00:00
7800,0.5607248544692993,0.21163561940193176,0.22763945162296295,0,2025-01-07 23:00:00+00:00
7801,0.5574595332145691,0.1890144795179367,0.25352591276168823,0,2025-01-07 23:00:00+00:00
7802,0.5574595332145691,0.1890144795179367,0.25352591276168823,0,2025-01-08 00:00:00+00:00
7803,0.5869566202163696,0.17753678560256958,0.23550666868686676,0,2025-01-08 00:00:00+00:00
7804,0.5869566202163696,0.17753678560256958,0.23550666868686676,0,2025-01-08 01:00:00+00:00
7805,0.5517504811286926,0.1857745498418808,0.2624749541282654,0,2025-01-08 01:00:00+00:00
7806,0.5517504811286926,0.1857745498418808,0.2624749541282654,0,2025-01-08 03:00:00+00:00
7807,0.6080899238586426,0.15875913202762604,0.233150914311409,0,2025-01-08 03:00:00+00:00
7808,0.6080899238586426,0.15875913202762604,0.233150914311409,0,2025-01-08 04:00:00+00:00
7809,0.5867807269096375,0.17107267677783966,0.24214664101600647,0,2025-01-08 04:00:00+00:00
7810,0.5867807269096375,0.17107267677783966,0.24214664101600647,0,2025-01-08 05:00:00+00:00
7811,0.6580291390419006,0.1322980374097824,0.20967279374599457,0,2025-01-08 05:00:00+00:00
7812,0.6580291390419006,0.1322980374097824,0.20967279374599457,0,2025-01-08 08:00:00+00:00
7813,0.6429252624511719,0.14049334824085236,0.21658146381378174,0,2025-01-08 08:00:00+00:00
7814,0.6429252624511719,0.14049334824085236,0.21658146381378174,0,2025-01-08 09:00:00+00:00
7815,0.6210862398147583,0.14125853776931763,0.23765522241592407,0,2025-01-08 09:00:00+00:00
7816,0.6210862398147583,0.14125853776931763,0.23765522241592407,0,2025-01-08 10:00:00+00:00
7817,0.626911461353302,0.13893930613994598,0.23414915800094604,0,2025-01-08 10:00:00+00:00
7818,0.626911461353302,0.13893930613994598,0.23414915800094604,0,2025-01-08 12:00:00+00:00
7819,0.5865016579627991,0.14865903556346893,0.2648392915725708,0,2025-01-08 12:00:00+00:00
7820,0.5865016579627991,0.14865903556346893,0.2648392915725708,0,2025-01-08 13:00:00+00:00
7821,0.6199751496315002,0.16180367767810822,0.21822123229503632,0,2025-01-08 13:00:00+00:00
7822,0.6199751496315002,0.16180367767810822,0.21822123229503632,0,2025-01-08 14:00:00+00:00
7823,0.549728274345398,0.15983323752880096,0.2904385030269623,0,2025-01-08 14:00:00+00:00
7824,0.549728274345398,0.15983323752880096,0.2904385030269623,0,2025-01-08 16:00:00+00:00
7825,0.5063109993934631,0.20678825676441193,0.2869008183479309,0,2025-01-08 16:00:00+00:00
7826,0.5063109993934631,0.20678825676441193,0.2869008183479309,0,2025-01-08 17:00:00+00:00
7827,0.5892147421836853,0.17649435997009277,0.23429088294506073,0,2025-01-08 17:00:00+00:00
7828,0.5892147421836853,0.17649435997009277,0.23429088294506073,0,2025-01-08 18:00:00+00:00
7829,0.5804544687271118,0.20729579031467438,0.21224962174892426,0,2025-01-08 18:00:00+00:00
7830,0.5804544687271118,0.20729579031467438,0.21224962174892426,0,2025-01-08 19:00:00+00:00
7831,0.5796564221382141,0.16375817358493805,0.25658541917800903,0,2025-01-08 19:00:00+00:00
7832,0.5796564221382141,0.16375817358493805,0.25658541917800903,0,2025-01-08 20:00:00+00:00
7833,0.564687967300415,0.16438359022140503,0.2709284722805023,0,2025-01-08 20:00:00+00:00
7834,0.564687967300415,0.16438359022140503,0.2709284722805023,0,2025-01-08 22:00:00+00:00
7835,0.4927157759666443,0.16479265689849854,0.34249165654182434,0,2025-01-08 22:00:00+00:00
7836,0.4927157759666443,0.16479265689849854,0.34249165654182434,0,2025-01-08 23:00:00+00:00
7837,0.4041762948036194,0.1667468249797821,0.4290768504142761,2,2025-01-08 23:00:00+00:00
7838,0.4041762948036194,0.1667468249797821,0.4290768504142761,2,2025-01-09 00:00:00+00:00
7839,0.40033262968063354,0.17299093306064606,0.4266764521598816,2,2025-01-09 00:00:00+00:00
7840,0.40033262968063354,0.17299093306064606,0.4266764521598816,2,2025-01-09 01:00:00+00:00
7841,0.40081605315208435,0.1871645450592041,0.41201940178871155,2,2025-01-09 01:00:00+00:00
7842,0.40081605315208435,0.1871645450592041,0.41201940178871155,2,2025-01-09 02:00:00+00:00
7843,0.4126863181591034,0.19151394069194794,0.39579975605010986,0,2025-01-09 02:00:00+00:00
7844,0.4126863181591034,0.19151394069194794,0.39579975605010986,0,2025-01-09 03:00:00+00:00
7845,0.4031484127044678,0.18502894043922424,0.41182273626327515,2,2025-01-09 03:00:00+00:00
7846,0.4031484127044678,0.18502894043922424,0.41182273626327515,2,2025-01-09 05:00:00+00:00
7847,0.4369613528251648,0.18789304792881012,0.37514567375183105,0,2025-01-09 05:00:00+00:00
7848,0.4369613528251648,0.18789304792881012,0.37514567375183105,0,2025-01-09 06:00:00+00:00
7849,0.4621508717536926,0.17705278098583221,0.36079639196395874,0,2025-01-09 06:00:00+00:00
7850,0.4621508717536926,0.17705278098583221,0.36079639196395874,0,2025-01-09 07:00:00+00:00
7851,0.5335814952850342,0.17777006328105927,0.288648396730423,0,2025-01-09 07:00:00+00:00
7852,0.5335814952850342,0.17777006328105927,0.288648396730423,0,2025-01-09 08:00:00+00:00
7853,0.6859263181686401,0.15620291233062744,0.15787076950073242,0,2025-01-09 08:00:00+00:00
7854,0.6859263181686401,0.15620291233062744,0.15787076950073242,0,2025-01-09 09:00:00+00:00
7855,0.5924485325813293,0.17457745969295502,0.23297402262687683,0,2025-01-09 09:00:00+00:00
7856,0.5924485325813293,0.17457745969295502,0.23297402262687683,0,2025-01-09 10:00:00+00:00
7857,0.522812008857727,0.1676228791475296,0.30956515669822693,0,2025-01-09 10:00:00+00:00
7858,0.522812008857727,0.1676228791475296,0.30956515669822693,0,2025-01-09 11:00:00+00:00
7859,0.5111117362976074,0.1604224294424057,0.32846584916114807,0,2025-01-09 11:00:00+00:00
7860,0.5111117362976074,0.1604224294424057,0.32846584916114807,0,2025-01-09 12:00:00+00:00
7861,0.5359814763069153,0.17945003509521484,0.2845683693885803,0,2025-01-09 12:00:00+00:00
7862,0.5359814763069153,0.17945003509521484,0.2845683693885803,0,2025-01-09 13:00:00+00:00
7863,0.5289040803909302,0.17324760556221008,0.29784825444221497,0,2025-01-09 13:00:00+00:00
7864,0.5289040803909302,0.17324760556221008,0.29784825444221497,0,2025-01-09 14:00:00+00:00
7865,0.7072466015815735,0.13671287894248962,0.15604054927825928,0,2025-01-09 14:00:00+00:00
7866,0.7072466015815735,0.13671287894248962,0.15604054927825928,0,2025-01-09 16:00:00+00:00
7867,0.44722962379455566,0.18396957218647003,0.3688008487224579,0,2025-01-09 16:00:00+00:00
7868,0.44722962379455566,0.18396957218647003,0.3688008487224579,0,2025-01-09 17:00:00+00:00
7869,0.44571369886398315,0.18241237103939056,0.3718738853931427,0,2025-01-09 17:00:00+00:00
7870,0.44571369886398315,0.18241237103939056,0.3718738853931427,0,2025-01-09 19:00:00+00:00
7871,0.5345520973205566,0.18781529366970062,0.27763259410858154,0,2025-01-09 19:00:00+00:00
7872,0.5345520973205566,0.18781529366970062,0.27763259410858154,0,2025-01-09 20:00:00+00:00
7873,0.5674204230308533,0.17611588537693024,0.2564637064933777,0,2025-01-09 20:00:00+00:00
7874,0.5674204230308533,0.17611588537693024,0.2564637064933777,0,2025-01-09 22:00:00+00:00
7875,0.5688676834106445,0.16934800148010254,0.2617843747138977,0,2025-01-09 22:00:00+00:00
7876,0.5688676834106445,0.16934800148010254,0.2617843747138977,0,2025-01-09 23:00:00+00:00
7877,0.5289017558097839,0.15842822194099426,0.3126699924468994,0,2025-01-09 23:00:00+00:00
7878,0.5289017558097839,0.15842822194099426,0.3126699924468994,0,2025-01-10 00:00:00+00:00
7879,0.5408015847206116,0.15306684374809265,0.30613163113594055,0,2025-01-10 00:00:00+00:00
7880,0.5408015847206116,0.15306684374809265,0.30613163113594055,0,2025-01-10 01:00:00+00:00
7881,0.5022318959236145,0.15949444472789764,0.3382736146450043,0,2025-01-10 01:00:00+00:00
7882,0.5022318959236145,0.15949444472789764,0.3382736146450043,0,2025-01-10 02:00:00+00:00
7883,0.4641532599925995,0.1655481606721878,0.37029850482940674,0,2025-01-10 02:00:00+00:00
7884,0.4641532599925995,0.1655481606721878,0.37029850482940674,0,2025-01-10 03:00:00+00:00
7885,0.4394432008266449,0.16368970274925232,0.3968670964241028,0,2025-01-10 03:00:00+00:00
7886,0.4394432008266449,0.16368970274925232,0.3968670964241028,0,2025-01-10 05:00:00+00:00
7887,0.4240679144859314,0.16586755216121674,0.4100644886493683,0,2025-01-10 05:00:00+00:00
7888,0.4240679144859314,0.16586755216121674,0.4100644886493683,0,2025-01-10 07:00:00+00:00
7889,0.38295620679855347,0.1830223798751831,0.43402132391929626,2,2025-01-10 07:00:00+00:00
7890,0.38295620679855347,0.1830223798751831,0.43402132391929626,2,2025-01-10 08:00:00+00:00
7891,0.42275893688201904,0.19690485298633575,0.380336195230484,0,2025-01-10 08:00:00+00:00
7892,0.42275893688201904,0.19690485298633575,0.380336195230484,0,2025-01-10 09:00:00+00:00
7893,0.3854583501815796,0.19779138267040253,0.4167502224445343,2,2025-01-10 09:00:00+00:00
7894,0.3854583501815796,0.19779138267040253,0.4167502224445343,2,2025-01-10 10:00:00+00:00
7895,0.3920615017414093,0.20575973391532898,0.40217873454093933,2,2025-01-10 10:00:00+00:00
7896,0.3920615017414093,0.20575973391532898,0.40217873454093933,2,2025-01-10 11:00:00+00:00
7897,0.3764382600784302,0.21210770308971405,0.41145408153533936,2,2025-01-10 11:00:00+00:00
7898,0.3764382600784302,0.21210770308971405,0.41145408153533936,2,2025-01-10 12:00:00+00:00
7899,0.40697187185287476,0.2192392349243164,0.37378883361816406,0,2025-01-10 12:00:00+00:00
7900,0.40697187185287476,0.2192392349243164,0.37378883361816406,0,2025-01-10 13:00:00+00:00
7901,0.413754940032959,0.2225290834903717,0.36371588706970215,0,2025-01-10 13:00:00+00:00
7902,0.413754940032959,0.2225290834903717,0.36371588706970215,0,2025-01-10 14:00:00+00:00
7903,0.3911210596561432,0.20583538711071014,0.4030434787273407,2,2025-01-10 14:00:00+00:00
7904,0.3911210596561432,0.20583538711071014,0.4030434787273407,2,2025-01-10 15:00:00+00:00
7905,0.3792873024940491,0.1966991424560547,0.42401355504989624,2,2025-01-10 15:00:00+00:00
7906,0.3792873024940491,0.1966991424560547,0.42401355504989624,2,2025-01-10 16:00:00+00:00
7907,0.3659873604774475,0.20823036134243011,0.4257822036743164,2,2025-01-10 16:00:00+00:00
7908,0.3659873604774475,0.20823036134243011,0.4257822036743164,2,2025-01-10 19:00:00+00:00
7909,0.4268329441547394,0.2112160474061966,0.36195093393325806,0,2025-01-10 19:00:00+00:00
7910,0.4268329441547394,0.2112160474061966,0.36195093393325806,0,2025-01-10 20:00:00+00:00
7911,0.4489334225654602,0.21259059011936188,0.3384760916233063,0,2025-01-10 20:00:00+00:00
7912,0.4489334225654602,0.21259059011936188,0.3384760916233063,0,2025-01-10 21:00:00+00:00
7913,0.43951091170310974,0.21126239001750946,0.349226713180542,0,2025-01-10 21:00:00+00:00
7914,0.43951091170310974,0.21126239001750946,0.349226713180542,0,2025-01-10 22:00:00+00:00
7915,0.4431268274784088,0.2134668380022049,0.3434062898159027,0,2025-01-10 22:00:00+00:00
7916,0.4431268274784088,0.2134668380022049,0.3434062898159027,0,2025-01-10 23:00:00+00:00
7917,0.4404553174972534,0.21445678174495697,0.3450879156589508,0,2025-01-10 23:00:00+00:00
7918,0.4404553174972534,0.21445678174495697,0.3450879156589508,0,2025-01-11 00:00:00+00:00
7919,0.43575790524482727,0.21093867719173431,0.35330334305763245,0,2025-01-11 00:00:00+00:00
7920,0.43575790524482727,0.21093867719173431,0.35330334305763245,0,2025-01-11 02:00:00+00:00
7921,0.41380730271339417,0.23766405880451202,0.34852853417396545,0,2025-01-11 02:00:00+00:00
7922,0.41380730271339417,0.23766405880451202,0.34852853417396545,0,2025-01-11 03:00:00+00:00
7923,0.4186134934425354,0.20531360805034637,0.37607282400131226,0,2025-01-11 03:00:00+00:00
7924,0.4186134934425354,0.20531360805034637,0.37607282400131226,0,2025-01-11 04:00:00+00:00
7925,0.4160771071910858,0.1926909238100052,0.3912319242954254,0,2025-01-11 04:00:00+00:00
7926,0.4160771071910858,0.1926909238100052,0.3912319242954254,0,2025-01-11 05:00:00+00:00
7927,0.4231526553630829,0.2208930104970932,0.3559543192386627,0,2025-01-11 05:00:00+00:00
7928,0.4231526553630829,0.2208930104970932,0.3559543192386627,0,2025-01-11 06:00:00+00:00
7929,0.4127846658229828,0.18855491280555725,0.3986603319644928,0,2025-01-11 06:00:00+00:00
7930,0.4127846658229828,0.18855491280555725,0.3986603319644928,0,2025-01-11 07:00:00+00:00
7931,0.41035011410713196,0.19294767081737518,0.3967021703720093,0,2025-01-11 07:00:00+00:00
7932,0.41035011410713196,0.19294767081737518,0.3967021703720093,0,2025-01-11 08:00:00+00:00
7933,0.43818041682243347,0.18967266380786896,0.37214699387550354,0,2025-01-11 08:00:00+00:00
7934,0.43818041682243347,0.18967266380786896,0.37214699387550354,0,2025-01-11 09:00:00+00:00
7935,0.4637150168418884,0.18525880575180054,0.35102617740631104,0,2025-01-11 09:00:00+00:00
7936,0.4637150168418884,0.18525880575180054,0.35102617740631104,0,2025-01-11 10:00:00+00:00
7937,0.4588727056980133,0.1873617023229599,0.3537655770778656,0,2025-01-11 10:00:00+00:00
7938,0.4588727056980133,0.1873617023229599,0.3537655770778656,0,2025-01-11 12:00:00+00:00
7939,0.42135462164878845,0.19649022817611694,0.382155179977417,0,2025-01-11 12:00:00+00:00
7940,0.42135462164878845,0.19649022817611694,0.382155179977417,0,2025-01-11 13:00:00+00:00
7941,0.36846330761909485,0.2118188738822937,0.41971781849861145,2,2025-01-11 13:00:00+00:00
7942,0.36846330761909485,0.2118188738822937,0.41971781849861145,2,2025-01-11 14:00:00+00:00
7943,0.40487873554229736,0.2184314727783203,0.3766898214817047,0,2025-01-11 14:00:00+00:00
7944,0.40487873554229736,0.2184314727783203,0.3766898214817047,0,2025-01-11 15:00:00+00:00
7945,0.41031840443611145,0.21982386708259583,0.3698577284812927,0,2025-01-11 15:00:00+00:00
7946,0.41031840443611145,0.21982386708259583,0.3698577284812927,0,2025-01-11 17:00:00+00:00
7947,0.4431340992450714,0.23574453592300415,0.3211213946342468,0,2025-01-11 17:00:00+00:00
7948,0.4431340992450714,0.23574453592300415,0.3211213946342468,0,2025-01-11 19:00:00+00:00
7949,0.3317974805831909,0.21527045965194702,0.4529321491718292,2,2025-01-11 19:00:00+00:00
7950,0.3317974805831909,0.21527045965194702,0.4529321491718292,2,2025-01-11 20:00:00+00:00
7951,0.3264162838459015,0.22188521921634674,0.4516984820365906,2,2025-01-11 20:00:00+00:00
7952,0.3264162838459015,0.22188521921634674,0.4516984820365906,2,2025-01-11 22:00:00+00:00
7953,0.41176313161849976,0.2862088680267334,0.3020280599594116,0,2025-01-11 22:00:00+00:00
7954,0.41176313161849976,0.2862088680267334,0.3020280599594116,0,2025-01-11 23:00:00+00:00
7955,0.3727700114250183,0.252169132232666,0.3750607967376709,2,2025-01-11 23:00:00+00:00
7956,0.3727700114250183,0.252169132232666,0.3750607967376709,2,2025-01-12 00:00:00+00:00
7957,0.3879178762435913,0.23495253920555115,0.37712961435317993,0,2025-01-12 00:00:00+00:00
7958,0.3879178762435913,0.23495253920555115,0.37712961435317993,0,2025-01-12 01:00:00+00:00
7959,0.37000226974487305,0.2432938665151596,0.38670384883880615,2,2025-01-12 01:00:00+00:00
7960,0.37000226974487305,0.2432938665151596,0.38670384883880615,2,2025-01-12 02:00:00+00:00
7961,0.41349682211875916,0.24426759779453278,0.3422354757785797,0,2025-01-12 02:00:00+00:00
7962,0.41349682211875916,0.24426759779453278,0.3422354757785797,0,2025-01-12 03:00:00+00:00
7963,0.4102473258972168,0.2435312122106552,0.3462215065956116,0,2025-01-12 03:00:00+00:00
7964,0.4102473258972168,0.2435312122106552,0.3462215065956116,0,2025-01-12 04:00:00+00:00
7965,0.3996608555316925,0.23450006544589996,0.36583906412124634,0,2025-01-12 04:00:00+00:00
7966,0.3996608555316925,0.23450006544589996,0.36583906412124634,0,2025-01-12 05:00:00+00:00
7967,0.37751492857933044,0.2239850014448166,0.39850014448165894,2,2025-01-12 05:00:00+00:00
7968,0.37751492857933044,0.2239850014448166,0.39850014448165894,2,2025-01-12 06:00:00+00:00
7969,0.36861950159072876,0.2187243103981018,0.41265615820884705,2,2025-01-12 06:00:00+00:00
7970,0.36861950159072876,0.2187243103981018,0.41265615820884705,2,2025-01-12 07:00:00+00:00
7971,0.40797707438468933,0.20444443821907043,0.38757839798927307,0,2025-01-12 07:00:00+00:00
7972,0.40797707438468933,0.20444443821907043,0.38757839798927307,0,2025-01-12 08:00:00+00:00
7973,0.3836019039154053,0.22498680651187897,0.3914112150669098,2,2025-01-12 08:00:00+00:00
7974,0.3836019039154053,0.22498680651187897,0.3914112150669098,2,2025-01-12 09:00:00+00:00
7975,0.4152548611164093,0.21686725318431854,0.3678778409957886,0,2025-01-12 09:00:00+00:00
7976,0.4152548611164093,0.21686725318431854,0.3678778409957886,0,2025-01-12 10:00:00+00:00
7977,0.4391545355319977,0.20792151987552643,0.3529239296913147,0,2025-01-12 10:00:00+00:00
7978,0.4391545355319977,0.20792151987552643,0.3529239296913147,0,2025-01-12 11:00:00+00:00
7979,0.4303255081176758,0.20337186753749847,0.36630260944366455,0,2025-01-12 11:00:00+00:00
7980,0.4303255081176758,0.20337186753749847,0.36630260944366455,0,2025-01-12 12:00:00+00:00
7981,0.3763258457183838,0.217207670211792,0.40646645426750183,2,2025-01-12 12:00:00+00:00
7982,0.3763258457183838,0.217207670211792,0.40646645426750183,2,2025-01-12 13:00:00+00:00
7983,0.3738102912902832,0.2207070291042328,0.40548262000083923,2,2025-01-12 13:00:00+00:00
7984,0.3738102912902832,0.2207070291042328,0.40548262000083923,2,2025-01-12 14:00:00+00:00
7985,0.40085041522979736,0.2470373958349228,0.35211217403411865,0,2025-01-12 14:00:00+00:00
7986,0.40085041522979736,0.2470373958349228,0.35211217403411865,0,2025-01-12 19:00:00+00:00
7987,0.38094016909599304,0.27494919300079346,0.34411075711250305,0,2025-01-12 19:00:00+00:00
7988,0.38094016909599304,0.27494919300079346,0.34411075711250305,0,2025-01-12 20:00:00+00:00
7989,0.36895033717155457,0.25591933727264404,0.3751303255558014,2,2025-01-12 20:00:00+00:00
7990,0.36895033717155457,0.25591933727264404,0.3751303255558014,2,2025-01-12 21:00:00+00:00
7991,0.3220062255859375,0.22446835041046143,0.4535253345966339,2,2025-01-12 21:00:00+00:00
7992,0.3220062255859375,0.22446835041046143,0.4535253345966339,2,2025-01-13 00:00:00+00:00
7993,0.3484855592250824,0.2575661838054657,0.3939482271671295,2,2025-01-13 00:00:00+00:00
7994,0.3484855592250824,0.2575661838054657,0.3939482271671295,2,2025-01-13 01:00:00+00:00
7995,0.39065155386924744,0.2938978374004364,0.31545060873031616,0,2025-01-13 01:00:00+00:00
7996,0.39065155386924744,0.2938978374004364,0.31545060873031616,0,2025-01-13 02:00:00+00:00
7997,0.34088224172592163,0.24200871586799622,0.41710901260375977,2,2025-01-13 02:00:00+00:00
7998,0.34088224172592163,0.24200871586799622,0.41710901260375977,2,2025-01-13 03:00:00+00:00
7999,0.33634039759635925,0.2393203228712082,0.424339234828949,2,2025-01-13 03:00:00+00:00
8000,0.33634039759635925,0.2393203228712082,0.424339234828949,2,2025-01-13 04:00:00+00:00
8001,0.39492812752723694,0.2204715758562088,0.38460037112236023,0,2025-01-13 04:00:00+00:00
8002,0.39492812752723694,0.2204715758562088,0.38460037112236023,0,2025-01-13 05:00:00+00:00
8003,0.3770100176334381,0.21393224596977234,0.40905776619911194,2,2025-01-13 05:00:00+00:00
8004,0.3770100176334381,0.21393224596977234,0.40905776619911194,2,2025-01-13 07:00:00+00:00
8005,0.5477906465530396,0.18494385480880737,0.2672654688358307,0,2025-01-13 07:00:00+00:00
8006,0.5477906465530396,0.18494385480880737,0.2672654688358307,0,2025-01-13 08:00:00+00:00
8007,0.5253189206123352,0.17866262793540955,0.29601845145225525,0,2025-01-13 08:00:00+00:00
8008,0.5253189206123352,0.17866262793540955,0.29601845145225525,0,2025-01-13 09:00:00+00:00
8009,0.5557467937469482,0.18187887966632843,0.26237431168556213,0,2025-01-13 09:00:00+00:00
8010,0.5557467937469482,0.18187887966632843,0.26237431168556213,0,2025-01-13 10:00:00+00:00
8011,0.5253109931945801,0.18964503705501556,0.2850438952445984,0,2025-01-13 10:00:00+00:00
8012,0.5253109931945801,0.18964503705501556,0.2850438952445984,0,2025-01-13 14:00:00+00:00
8013,0.5224037766456604,0.19833946228027344,0.2792567014694214,0,2025-01-13 14:00:00+00:00
8014,0.5224037766456604,0.19833946228027344,0.2792567014694214,0,2025-01-13 16:00:00+00:00
8015,0.44311273097991943,0.19703295826911926,0.3598543405532837,0,2025-01-13 16:00:00+00:00
8016,0.44311273097991943,0.19703295826911926,0.3598543405532837,0,2025-01-13 17:00:00+00:00
8017,0.5369417071342468,0.17254813015460968,0.2905101180076599,0,2025-01-13 17:00:00+00:00
8018,0.5369417071342468,0.17254813015460968,0.2905101180076599,0,2025-01-13 18:00:00+00:00
8019,0.512795090675354,0.1765069216489792,0.3106979727745056,0,2025-01-13 18:00:00+00:00
8020,0.512795090675354,0.1765069216489792,0.3106979727745056,0,2025-01-13 19:00:00+00:00
8021,0.4804514944553375,0.18356777727603912,0.33598071336746216,0,2025-01-13 19:00:00+00:00
8022,0.4804514944553375,0.18356777727603912,0.33598071336746216,0,2025-01-13 20:00:00+00:00
8023,0.43924152851104736,0.19197674095630646,0.368781715631485,0,2025-01-13 20:00:00+00:00
8024,0.43924152851104736,0.19197674095630646,0.368781715631485,0,2025-01-13 21:00:00+00:00
8025,0.38228973746299744,0.20286890864372253,0.4148413836956024,2,2025-01-13 21:00:00+00:00
8026,0.38228973746299744,0.20286890864372253,0.4148413836956024,2,2025-01-13 22:00:00+00:00
8027,0.36447077989578247,0.20404057204723358,0.43148866295814514,2,2025-01-13 22:00:00+00:00
8028,0.36447077989578247,0.20404057204723358,0.43148866295814514,2,2025-01-13 23:00:00+00:00
8029,0.3700268566608429,0.21210435032844543,0.41786885261535645,2,2025-01-13 23:00:00+00:00
8030,0.3700268566608429,0.21210435032844543,0.41786885261535645,2,2025-01-14 00:00:00+00:00
8031,0.3702855110168457,0.19886106252670288,0.4308534264564514,2,2025-01-14 00:00:00+00:00
8032,0.3702855110168457,0.19886106252670288,0.4308534264564514,2,2025-01-14 01:00:00+00:00
8033,0.3405397832393646,0.20815370976924896,0.4513064920902252,2,2025-01-14 01:00:00+00:00
8034,0.3405397832393646,0.20815370976924896,0.4513064920902252,2,2025-01-14 03:00:00+00:00
8035,0.33831217885017395,0.25512295961380005,0.406564861536026,2,2025-01-14 03:00:00+00:00
8036,0.33831217885017395,0.25512295961380005,0.406564861536026,2,2025-01-14 04:00:00+00:00
8037,0.3455706834793091,0.2684798836708069,0.38594943284988403,2,2025-01-14 04:00:00+00:00
8038,0.3455706834793091,0.2684798836708069,0.38594943284988403,2,2025-01-14 05:00:00+00:00
8039,0.34748342633247375,0.2657783031463623,0.3867383301258087,2,2025-01-14 05:00:00+00:00
8040,0.34748342633247375,0.2657783031463623,0.3867383301258087,2,2025-01-14 06:00:00+00:00
8041,0.36227256059646606,0.2524680495262146,0.38525938987731934,2,2025-01-14 06:00:00+00:00
8042,0.36227256059646606,0.2524680495262146,0.38525938987731934,2,2025-01-14 07:00:00+00:00
8043,0.39312824606895447,0.24278895556926727,0.36408281326293945,0,2025-01-14 07:00:00+00:00
8044,0.39312824606895447,0.24278895556926727,0.36408281326293945,0,2025-01-14 08:00:00+00:00
8045,0.367091566324234,0.23403337597846985,0.39887499809265137,2,2025-01-14 08:00:00+00:00
8046,0.367091566324234,0.23403337597846985,0.39887499809265137,2,2025-01-14 09:00:00+00:00
8047,0.4362396001815796,0.25616922974586487,0.30759111046791077,0,2025-01-14 09:00:00+00:00
8048,0.4362396001815796,0.25616922974586487,0.30759111046791077,0,2025-01-14 10:00:00+00:00
8049,0.4513438940048218,0.2965213656425476,0.252134770154953,0,2025-01-14 10:00:00+00:00
8050,0.4513438940048218,0.2965213656425476,0.252134770154953,0,2025-01-14 11:00:00+00:00
8051,0.4645632803440094,0.2722150981426239,0.2632216215133667,0,2025-01-14 11:00:00+00:00
8052,0.4645632803440094,0.2722150981426239,0.2632216215133667,0,2025-01-14 13:00:00+00:00
8053,0.5142536759376526,0.24185606837272644,0.24389024078845978,0,2025-01-14 13:00:00+00:00
8054,0.5142536759376526,0.24185606837272644,0.24389024078845978,0,2025-01-14 17:00:00+00:00
8055,0.5108370184898376,0.24665567278862,0.24250733852386475,0,2025-01-14 17:00:00+00:00
8056,0.5108370184898376,0.24665567278862,0.24250733852386475,0,2025-01-14 18:00:00+00:00
8057,0.5074291229248047,0.24237102270126343,0.25019991397857666,0,2025-01-14 18:00:00+00:00
8058,0.5074291229248047,0.24237102270126343,0.25019991397857666,0,2025-01-14 20:00:00+00:00
8059,0.5123966336250305,0.24574591219425201,0.24185743927955627,0,2025-01-14 20:00:00+00:00
8060,0.5123966336250305,0.24574591219425201,0.24185743927955627,0,2025-01-14 21:00:00+00:00
8061,0.4593554437160492,0.24467889964580536,0.2959657311439514,0,2025-01-14 21:00:00+00:00
8062,0.4593554437160492,0.24467889964580536,0.2959657311439514,0,2025-01-14 23:00:00+00:00
8063,0.4358113408088684,0.24012397229671478,0.32406455278396606,0,2025-01-14 23:00:00+00:00
8064,0.4358113408088684,0.24012397229671478,0.32406455278396606,0,2025-01-15 00:00:00+00:00
8065,0.4266034662723541,0.23942086100578308,0.3339757025241852,0,2025-01-15 00:00:00+00:00
8066,0.4266034662723541,0.23942086100578308,0.3339757025241852,0,2025-01-15 01:00:00+00:00
8067,0.43929681181907654,0.25250041484832764,0.3082028031349182,0,2025-01-15 01:00:00+00:00
8068,0.43929681181907654,0.25250041484832764,0.3082028031349182,0,2025-01-15 02:00:00+00:00
8069,0.44022077322006226,0.24906419217586517,0.31071510910987854,0,2025-01-15 02:00:00+00:00
8070,0.44022077322006226,0.24906419217586517,0.31071510910987854,0,2025-01-15 03:00:00+00:00
8071,0.40482255816459656,0.2480969876050949,0.3470805287361145,0,2025-01-15 03:00:00+00:00
8072,0.40482255816459656,0.2480969876050949,0.3470805287361145,0,2025-01-15 04:00:00+00:00
8073,0.3731214106082916,0.23571334779262543,0.391165167093277,2,2025-01-15 04:00:00+00:00
8074,0.3731214106082916,0.23571334779262543,0.391165167093277,2,2025-01-15 07:00:00+00:00
8075,0.3592052161693573,0.23115098476409912,0.4096437692642212,2,2025-01-15 07:00:00+00:00
8076,0.3592052161693573,0.23115098476409912,0.4096437692642212,2,2025-01-15 10:00:00+00:00
8077,0.2931061089038849,0.23527449369430542,0.47161930799484253,2,2025-01-15 10:00:00+00:00
8078,0.2931061089038849,0.23527449369430542,0.47161930799484253,2,2025-01-15 11:00:00+00:00
8079,0.3187389373779297,0.22554810345172882,0.4557129144668579,2,2025-01-15 11:00:00+00:00
8080,0.3187389373779297,0.22554810345172882,0.4557129144668579,2,2025-01-15 12:00:00+00:00
8081,0.3206796944141388,0.2318587750196457,0.4474616050720215,2,2025-01-15 12:00:00+00:00
8082,0.3206796944141388,0.2318587750196457,0.4474616050720215,2,2025-01-15 13:00:00+00:00
8083,0.34793850779533386,0.23698952794075012,0.415071964263916,2,2025-01-15 13:00:00+00:00
8084,0.34793850779533386,0.23698952794075012,0.415071964263916,2,2025-01-15 14:00:00+00:00
8085,0.31919175386428833,0.2869948446750641,0.39381343126296997,2,2025-01-15 14:00:00+00:00
8086,0.31919175386428833,0.2869948446750641,0.39381343126296997,2,2025-01-15 17:00:00+00:00
8087,0.43355587124824524,0.3041299283504486,0.26231420040130615,0,2025-01-15 17:00:00+00:00
8088,0.43355587124824524,0.3041299283504486,0.26231420040130615,0,2025-01-15 18:00:00+00:00
8089,0.4368145763874054,0.2820141613483429,0.2811712920665741,0,2025-01-15 18:00:00+00:00
8090,0.4368145763874054,0.2820141613483429,0.2811712920665741,0,2025-01-15 20:00:00+00:00
8091,0.47097399830818176,0.2802307605743408,0.248795285820961,0,2025-01-15 20:00:00+00:00
8092,0.47097399830818176,0.2802307605743408,0.248795285820961,0,2025-01-15 23:00:00+00:00
8093,0.44729435443878174,0.2740086019039154,0.2786969840526581,0,2025-01-15 23:00:00+00:00
8094,0.44729435443878174,0.2740086019039154,0.2786969840526581,0,2025-01-16 00:00:00+00:00
8095,0.44789865612983704,0.2711433470249176,0.2809579372406006,0,2025-01-16 00:00:00+00:00
8096,0.44789865612983704,0.2711433470249176,0.2809579372406006,0,2025-01-16 01:00:00+00:00
8097,0.4302399456501007,0.2678866386413574,0.30187341570854187,0,2025-01-16 01:00:00+00:00
8098,0.4302399456501007,0.2678866386413574,0.30187341570854187,0,2025-01-16 02:00:00+00:00
8099,0.41749802231788635,0.2580435276031494,0.3244584798812866,0,2025-01-16 02:00:00+00:00
8100,0.41749802231788635,0.2580435276031494,0.3244584798812866,0,2025-01-16 03:00:00+00:00
8101,0.4301433861255646,0.24796460568904877,0.3218919634819031,0,2025-01-16 03:00:00+00:00
8102,0.4301433861255646,0.24796460568904877,0.3218919634819031,0,2025-01-16 05:00:00+00:00
8103,0.3451874554157257,0.24601471424102783,0.4087978005409241,2,2025-01-16 05:00:00+00:00
8104,0.3451874554157257,0.24601471424102783,0.4087978005409241,2,2025-01-16 06:00:00+00:00
8105,0.33935049176216125,0.24838945269584656,0.4122599959373474,2,2025-01-16 06:00:00+00:00
8106,0.33935049176216125,0.24838945269584656,0.4122599959373474,2,2025-01-16 07:00:00+00:00
8107,0.38217827677726746,0.24319639801979065,0.3746252954006195,0,2025-01-16 07:00:00+00:00
8108,0.38217827677726746,0.24319639801979065,0.3746252954006195,0,2025-01-16 08:00:00+00:00
8109,0.4086845815181732,0.24720333516597748,0.3441121578216553,0,2025-01-16 08:00:00+00:00
8110,0.4086845815181732,0.24720333516597748,0.3441121578216553,0,2025-01-16 09:00:00+00:00
8111,0.3867036998271942,0.2534414827823639,0.3598547875881195,0,2025-01-16 09:00:00+00:00
8112,0.3867036998271942,0.2534414827823639,0.3598547875881195,0,2025-01-16 10:00:00+00:00
8113,0.4495096802711487,0.2520556151866913,0.29843461513519287,0,2025-01-16 10:00:00+00:00
8114,0.4495096802711487,0.2520556151866913,0.29843461513519287,0,2025-01-16 11:00:00+00:00
8115,0.4364478290081024,0.2517811357975006,0.3117709457874298,0,2025-01-16 11:00:00+00:00
8116,0.4364478290081024,0.2517811357975006,0.3117709457874298,0,2025-01-16 13:00:00+00:00
8117,0.4235038459300995,0.28086286783218384,0.29563337564468384,0,2025-01-16 13:00:00+00:00
8118,0.4235038459300995,0.28086286783218384,0.29563337564468384,0,2025-01-16 18:00:00+00:00
8119,0.3157747983932495,0.26999810338020325,0.41422706842422485,2,2025-01-16 18:00:00+00:00
8120,0.3157747983932495,0.26999810338020325,0.41422706842422485,2,2025-01-16 19:00:00+00:00
8121,0.3110111355781555,0.277456670999527,0.41153213381767273,2,2025-01-16 19:00:00+00:00
8122,0.3110111355781555,0.277456670999527,0.41153213381767273,2,2025-01-16 21:00:00+00:00
8123,0.29455330967903137,0.26704299449920654,0.4384036660194397,2,2025-01-16 21:00:00+00:00
8124,0.29455330967903137,0.26704299449920654,0.4384036660194397,2,2025-01-16 22:00:00+00:00
8125,0.28811702132225037,0.25923141837120056,0.4526515603065491,2,2025-01-16 22:00:00+00:00
8126,0.28811702132225037,0.25923141837120056,0.4526515603065491,2,2025-01-16 23:00:00+00:00
8127,0.27567312121391296,0.25343164801597595,0.4708951711654663,2,2025-01-16 23:00:00+00:00
8128,0.27567312121391296,0.25343164801597595,0.4708951711654663,2,2025-01-17 00:00:00+00:00
8129,0.2807459533214569,0.2578985095024109,0.4613555371761322,2,2025-01-17 00:00:00+00:00
8130,0.2807459533214569,0.2578985095024109,0.4613555371761322,2,2025-01-17 01:00:00+00:00
8131,0.30122655630111694,0.26511791348457336,0.4336555004119873,2,2025-01-17 01:00:00+00:00
8132,0.30122655630111694,0.26511791348457336,0.4336555004119873,2,2025-01-17 03:00:00+00:00
8133,0.3039545714855194,0.2677523195743561,0.4282930791378021,2,2025-01-17 03:00:00+00:00
8134,0.3039545714855194,0.2677523195743561,0.4282930791378021,2,2025-01-17 04:00:00+00:00
8135,0.3134307265281677,0.2923649251461029,0.39420437812805176,2,2025-01-17 04:00:00+00:00
8136,0.3134307265281677,0.2923649251461029,0.39420437812805176,2,2025-01-17 05:00:00+00:00
8137,0.3015555441379547,0.25557997822761536,0.4428645670413971,2,2025-01-17 05:00:00+00:00
8138,0.3015555441379547,0.25557997822761536,0.4428645670413971,2,2025-01-17 07:00:00+00:00
8139,0.3184335231781006,0.261149525642395,0.4204169511795044,2,2025-01-17 07:00:00+00:00
8140,0.3184335231781006,0.261149525642395,0.4204169511795044,2,2025-01-17 08:00:00+00:00
8141,0.31852078437805176,0.256886750459671,0.4245924949645996,2,2025-01-17 08:00:00+00:00
8142,0.31852078437805176,0.256886750459671,0.4245924949645996,2,2025-01-17 09:00:00+00:00
8143,0.333810955286026,0.26108768582344055,0.40510138869285583,2,2025-01-17 09:00:00+00:00
8144,0.333810955286026,0.26108768582344055,0.40510138869285583,2,2025-01-17 11:00:00+00:00
8145,0.30928289890289307,0.269959032535553,0.4207580089569092,2,2025-01-17 11:00:00+00:00
8146,0.30928289890289307,0.269959032535553,0.4207580089569092,2,2025-01-17 14:00:00+00:00
8147,0.2978525161743164,0.27499526739120483,0.42715224623680115,2,2025-01-17 14:00:00+00:00
8148,0.2978525161743164,0.27499526739120483,0.42715224623680115,2,2025-01-17 15:00:00+00:00
8149,0.33339130878448486,0.27864810824394226,0.3879605233669281,2,2025-01-17 15:00:00+00:00
8150,0.33339130878448486,0.27864810824394226,0.3879605233669281,2,2025-01-17 16:00:00+00:00
8151,0.34312400221824646,0.29736724495887756,0.35950878262519836,2,2025-01-17 16:00:00+00:00
8152,0.34312400221824646,0.29736724495887756,0.35950878262519836,2,2025-01-17 17:00:00+00:00
8153,0.30274590849876404,0.28638124465942383,0.41087281703948975,2,2025-01-17 17:00:00+00:00
8154,0.30274590849876404,0.28638124465942383,0.41087281703948975,2,2025-01-17 18:00:00+00:00
8155,0.27773451805114746,0.2945871353149414,0.42767828702926636,2,2025-01-17 18:00:00+00:00
8156,0.27773451805114746,0.2945871353149414,0.42767828702926636,2,2025-01-17 20:00:00+00:00
8157,0.29613229632377625,0.2668113708496094,0.43705639243125916,2,2025-01-17 20:00:00+00:00
8158,0.29613229632377625,0.2668113708496094,0.43705639243125916,2,2025-01-17 22:00:00+00:00
8159,0.3708030581474304,0.2581338882446289,0.3710630238056183,2,2025-01-17 22:00:00+00:00
8160,0.3708030581474304,0.2581338882446289,0.3710630238056183,2,2025-01-17 23:00:00+00:00
8161,0.3812839984893799,0.24672983586788177,0.3719860911369324,0,2025-01-17 23:00:00+00:00
8162,0.3812839984893799,0.24672983586788177,0.3719860911369324,0,2025-01-18 00:00:00+00:00
8163,0.28253641724586487,0.23754142224788666,0.47992217540740967,2,2025-01-18 00:00:00+00:00
8164,0.28253641724586487,0.23754142224788666,0.47992217540740967,2,2025-01-18 01:00:00+00:00
8165,0.35727378726005554,0.2295541763305664,0.41317206621170044,2,2025-01-18 01:00:00+00:00
8166,0.35727378726005554,0.2295541763305664,0.41317206621170044,2,2025-01-18 02:00:00+00:00
8167,0.3270786702632904,0.23920123279094696,0.43372008204460144,2,2025-01-18 02:00:00+00:00
8168,0.3270786702632904,0.23920123279094696,0.43372008204460144,2,2025-01-18 03:00:00+00:00
8169,0.3429773151874542,0.30546072125434875,0.351561963558197,2,2025-01-18 03:00:00+00:00
8170,0.3429773151874542,0.30546072125434875,0.351561963558197,2,2025-01-18 05:00:00+00:00
8171,0.2897859513759613,0.41734009981155396,0.29287394881248474,1,2025-01-18 05:00:00+00:00
8172,0.2897859513759613,0.41734009981155396,0.29287394881248474,1,2025-01-18 08:00:00+00:00
8173,0.29155200719833374,0.2918427586555481,0.41660523414611816,2,2025-01-18 08:00:00+00:00
8174,0.29155200719833374,0.2918427586555481,0.41660523414611816,2,2025-01-18 10:00:00+00:00
8175,0.2531783878803253,0.31854745745658875,0.42827412486076355,2,2025-01-18 10:00:00+00:00
8176,0.2531783878803253,0.31854745745658875,0.42827412486076355,2,2025-01-18 12:00:00+00:00
8177,0.22179105877876282,0.32651445269584656,0.4516945481300354,2,2025-01-18 12:00:00+00:00
8178,0.22179105877876282,0.32651445269584656,0.4516945481300354,2,2025-01-18 13:00:00+00:00
8179,0.21617431938648224,0.3100529611110687,0.47377267479896545,2,2025-01-18 13:00:00+00:00
8180,0.21617431938648224,0.3100529611110687,0.47377267479896545,2,2025-01-18 14:00:00+00:00
8181,0.20936189591884613,0.327535480260849,0.46310263872146606,2,2025-01-18 14:00:00+00:00
8182,0.20936189591884613,0.327535480260849,0.46310263872146606,2,2025-01-18 16:00:00+00:00
8183,0.21595266461372375,0.33877360820770264,0.4452737271785736,2,2025-01-18 16:00:00+00:00
8184,0.21595266461372375,0.33877360820770264,0.4452737271785736,2,2025-01-18 17:00:00+00:00
8185,0.18372133374214172,0.4076504707336426,0.4086281359195709,2,2025-01-18 17:00:00+00:00
8186,0.18372133374214172,0.4076504707336426,0.4086281359195709,2,2025-01-18 18:00:00+00:00
8187,0.22063952684402466,0.3611595630645752,0.41820093989372253,2,2025-01-18 18:00:00+00:00
8188,0.22063952684402466,0.3611595630645752,0.41820093989372253,2,2025-01-18 22:00:00+00:00
8189,0.19868792593479156,0.2988053262233734,0.5025067925453186,2,2025-01-18 22:00:00+00:00
8190,0.19868792593479156,0.2988053262233734,0.5025067925453186,2,2025-01-18 23:00:00+00:00
8191,0.2251674383878708,0.2865452766418457,0.48828718066215515,2,2025-01-18 23:00:00+00:00
8192,0.2251674383878708,0.2865452766418457,0.48828718066215515,2,2025-01-19 03:00:00+00:00
8193,0.1911889910697937,0.2830105125904083,0.5258004665374756,2,2025-01-19 03:00:00+00:00
8194,0.1911889910697937,0.2830105125904083,0.5258004665374756,2,2025-01-19 07:00:00+00:00
8195,0.1364585906267166,0.33756253123283386,0.5259789228439331,2,2025-01-19 07:00:00+00:00
8196,0.1364585906267166,0.33756253123283386,0.5259789228439331,2,2025-01-19 21:00:00+00:00
8197,0.2743419408798218,0.18465708196163177,0.54100102186203,2,2025-01-19 21:00:00+00:00
8198,0.2743419408798218,0.18465708196163177,0.54100102186203,2,2025-01-20 01:00:00+00:00
8199,0.19049206376075745,0.288906067609787,0.5206019282341003,2,2025-01-20 01:00:00+00:00
8200,0.19049206376075745,0.288906067609787,0.5206019282341003,2,2025-01-20 02:00:00+00:00
8201,0.19797179102897644,0.31001248955726624,0.49201568961143494,2,2025-01-20 02:00:00+00:00
8202,0.19797179102897644,0.31001248955726624,0.49201568961143494,2,2025-01-20 04:00:00+00:00
8203,0.2980221211910248,0.2482937127351761,0.4536841809749603,2,2025-01-20 04:00:00+00:00
8204,0.2980221211910248,0.2482937127351761,0.4536841809749603,2,2025-01-20 08:00:00+00:00
8205,0.320309579372406,0.2739439904689789,0.4057464003562927,2,2025-01-20 08:00:00+00:00
8206,0.320309579372406,0.2739439904689789,0.4057464003562927,2,2025-01-20 12:00:00+00:00
8207,0.29432249069213867,0.21905484795570374,0.4866226017475128,2,2025-01-20 12:00:00+00:00
8208,0.29432249069213867,0.21905484795570374,0.4866226017475128,2,2025-01-20 14:00:00+00:00
8209,0.573043167591095,0.16599132120609283,0.2609655261039734,0,2025-01-20 14:00:00+00:00
8210,0.573043167591095,0.16599132120609283,0.2609655261039734,0,2025-01-20 16:00:00+00:00
8211,0.6332283020019531,0.1562676727771759,0.21050408482551575,0,2025-01-20 16:00:00+00:00
8212,0.6332283020019531,0.1562676727771759,0.21050408482551575,0,2025-01-20 17:00:00+00:00
8213,0.6099998950958252,0.16545408964157104,0.22454603016376495,0,2025-01-20 17:00:00+00:00
8214,0.6099998950958252,0.16545408964157104,0.22454603016376495,0,2025-01-20 18:00:00+00:00
8215,0.6004759073257446,0.18981806933879852,0.20970594882965088,0,2025-01-20 18:00:00+00:00
8216,0.6004759073257446,0.18981806933879852,0.20970594882965088,0,2025-01-20 19:00:00+00:00
8217,0.6283751726150513,0.16393184661865234,0.20769299566745758,0,2025-01-20 19:00:00+00:00
8218,0.6283751726150513,0.16393184661865234,0.20769299566745758,0,2025-01-20 20:00:00+00:00
8219,0.6400002837181091,0.1576593667268753,0.20234030485153198,0,2025-01-20 20:00:00+00:00
8220,0.6400002837181091,0.1576593667268753,0.20234030485153198,0,2025-01-20 21:00:00+00:00
8221,0.6167032718658447,0.15195129811763763,0.23134548962116241,0,2025-01-20 21:00:00+00:00
8222,0.6167032718658447,0.15195129811763763,0.23134548962116241,0,2025-01-21 00:00:00+00:00
8223,0.6401644349098206,0.14616908133029938,0.21366649866104126,0,2025-01-21 00:00:00+00:00
8224,0.6401644349098206,0.14616908133029938,0.21366649866104126,0,2025-01-21 01:00:00+00:00
8225,0.6806679964065552,0.14175103604793549,0.1775810420513153,0,2025-01-21 01:00:00+00:00
8226,0.6806679964065552,0.14175103604793549,0.1775810420513153,0,2025-01-21 03:00:00+00:00
8227,0.6709863543510437,0.14775750041007996,0.18125613033771515,0,2025-01-21 03:00:00+00:00
8228,0.6709863543510437,0.14775750041007996,0.18125613033771515,0,2025-01-21 04:00:00+00:00
8229,0.6310052275657654,0.1413598656654358,0.22763486206531525,0,2025-01-21 04:00:00+00:00
8230,0.6310052275657654,0.1413598656654358,0.22763486206531525,0,2025-01-21 08:00:00+00:00
8231,0.6007760167121887,0.12705352902412415,0.27217042446136475,0,2025-01-21 08:00:00+00:00
8232,0.6007760167121887,0.12705352902412415,0.27217042446136475,0,2025-01-21 12:00:00+00:00
8233,0.539066731929779,0.1395779550075531,0.3213553726673126,0,2025-01-21 12:00:00+00:00
8234,0.539066731929779,0.1395779550075531,0.3213553726673126,0,2025-01-21 13:00:00+00:00
8235,0.5502052903175354,0.14508852362632751,0.3047062158584595,0,2025-01-21 13:00:00+00:00
8236,0.5502052903175354,0.14508852362632751,0.3047062158584595,0,2025-01-21 14:00:00+00:00
8237,0.5489518642425537,0.14662745594978333,0.30442073941230774,0,2025-01-21 14:00:00+00:00
8238,0.5489518642425537,0.14662745594978333,0.30442073941230774,0,2025-01-21 15:00:00+00:00
8239,0.5942686796188354,0.14635694026947021,0.25937438011169434,0,2025-01-21 15:00:00+00:00
8240,0.5942686796188354,0.14635694026947021,0.25937438011169434,0,2025-01-21 16:00:00+00:00
8241,0.5606136918067932,0.15176935493946075,0.28761693835258484,0,2025-01-21 16:00:00+00:00
8242,0.5606136918067932,0.15176935493946075,0.28761693835258484,0,2025-01-21 18:00:00+00:00
8243,0.45517534017562866,0.16377843916416168,0.3810461759567261,0,2025-01-21 18:00:00+00:00
8244,0.45517534017562866,0.16377843916416168,0.3810461759567261,0,2025-01-21 19:00:00+00:00
8245,0.4301498234272003,0.18913428485393524,0.38071590662002563,0,2025-01-21 19:00:00+00:00
8246,0.4301498234272003,0.18913428485393524,0.38071590662002563,0,2025-01-21 20:00:00+00:00
8247,0.4949217438697815,0.17457298934459686,0.33050522208213806,0,2025-01-21 20:00:00+00:00
8248,0.4949217438697815,0.17457298934459686,0.33050522208213806,0,2025-01-22 00:00:00+00:00
8249,0.5465967059135437,0.18677373230457306,0.2666296362876892,0,2025-01-22 00:00:00+00:00
8250,0.5465967059135437,0.18677373230457306,0.2666296362876892,0,2025-01-22 01:00:00+00:00
8251,0.49961385130882263,0.1760769933462143,0.32430917024612427,0,2025-01-22 01:00:00+00:00
8252,0.49961385130882263,0.1760769933462143,0.32430917024612427,0,2025-01-22 02:00:00+00:00
8253,0.48048707842826843,0.1790175884962082,0.3404952883720398,0,2025-01-22 02:00:00+00:00
8254,0.48048707842826843,0.1790175884962082,0.3404952883720398,0,2025-01-22 04:00:00+00:00
8255,0.4425961971282959,0.17974117398262024,0.37766265869140625,0,2025-01-22 04:00:00+00:00
8256,0.4425961971282959,0.17974117398262024,0.37766265869140625,0,2025-01-22 05:00:00+00:00
8257,0.4246019721031189,0.19719944894313812,0.3781985938549042,0,2025-01-22 05:00:00+00:00
8258,0.4246019721031189,0.19719944894313812,0.3781985938549042,0,2025-01-22 06:00:00+00:00
8259,0.39230814576148987,0.2195127159357071,0.3881791830062866,0,2025-01-22 06:00:00+00:00
8260,0.39230814576148987,0.2195127159357071,0.3881791830062866,0,2025-01-22 09:00:00+00:00
8261,0.44267717003822327,0.1927700787782669,0.3645528554916382,0,2025-01-22 09:00:00+00:00
8262,0.44267717003822327,0.1927700787782669,0.3645528554916382,0,2025-01-22 11:00:00+00:00
8263,0.4880024790763855,0.1742691844701767,0.33772823214530945,0,2025-01-22 11:00:00+00:00
8264,0.4880024790763855,0.1742691844701767,0.33772823214530945,0,2025-01-22 12:00:00+00:00
8265,0.39996692538261414,0.20025219023227692,0.39978086948394775,0,2025-01-22 12:00:00+00:00
8266,0.39996692538261414,0.20025219023227692,0.39978086948394775,0,2025-01-22 20:00:00+00:00
8267,0.38744401931762695,0.19268028438091278,0.41987571120262146,2,2025-01-22 20:00:00+00:00
8268,0.38744401931762695,0.19268028438091278,0.41987571120262146,2,2025-01-22 22:00:00+00:00
8269,0.4731825292110443,0.17802269756793976,0.3487948477268219,0,2025-01-22 22:00:00+00:00
8270,0.4731825292110443,0.17802269756793976,0.3487948477268219,0,2025-01-23 00:00:00+00:00
8271,0.5638673901557922,0.16113004088401794,0.27500250935554504,0,2025-01-23 00:00:00+00:00
8272,0.5638673901557922,0.16113004088401794,0.27500250935554504,0,2025-01-23 01:00:00+00:00
8273,0.5442987680435181,0.14739426970481873,0.3083069622516632,0,2025-01-23 01:00:00+00:00
8274,0.5442987680435181,0.14739426970481873,0.3083069622516632,0,2025-01-23 02:00:00+00:00
8275,0.4985441565513611,0.15653036534786224,0.3449254333972931,0,2025-01-23 02:00:00+00:00
8276,0.4985441565513611,0.15653036534786224,0.3449254333972931,0,2025-01-23 03:00:00+00:00
8277,0.5028080940246582,0.17991474270820618,0.31727713346481323,0,2025-01-23 03:00:00+00:00
8278,0.5028080940246582,0.17991474270820618,0.31727713346481323,0,2025-01-23 04:00:00+00:00
8279,0.5244475603103638,0.1799928843975067,0.2955596148967743,0,2025-01-23 04:00:00+00:00
8280,0.5244475603103638,0.1799928843975067,0.2955596148967743,0,2025-01-23 05:00:00+00:00
8281,0.5397272109985352,0.16786931455135345,0.2924033999443054,0,2025-01-23 05:00:00+00:00
8282,0.5397272109985352,0.16786931455135345,0.2924033999443054,0,2025-01-23 06:00:00+00:00
8283,0.6053562164306641,0.16030040383338928,0.23434339463710785,0,2025-01-23 06:00:00+00:00
8284,0.6053562164306641,0.16030040383338928,0.23434339463710785,0,2025-01-23 07:00:00+00:00
8285,0.6454079747200012,0.14637765288352966,0.2082144021987915,0,2025-01-23 07:00:00+00:00
8286,0.6454079747200012,0.14637765288352966,0.2082144021987915,0,2025-01-23 08:00:00+00:00
8287,0.6332075595855713,0.14946988224983215,0.21732260286808014,0,2025-01-23 08:00:00+00:00
8288,0.6332075595855713,0.14946988224983215,0.21732260286808014,0,2025-01-23 09:00:00+00:00
8289,0.592269241809845,0.14695581793785095,0.26077499985694885,0,2025-01-23 09:00:00+00:00
8290,0.592269241809845,0.14695581793785095,0.26077499985694885,0,2025-01-23 10:00:00+00:00
8291,0.6318832039833069,0.1477118581533432,0.22040487825870514,0,2025-01-23 10:00:00+00:00
8292,0.6318832039833069,0.1477118581533432,0.22040487825870514,0,2025-01-23 11:00:00+00:00
8293,0.6026701927185059,0.14236906170845032,0.25496068596839905,0,2025-01-23 11:00:00+00:00
8294,0.6026701927185059,0.14236906170845032,0.25496068596839905,0,2025-01-23 12:00:00+00:00
8295,0.5508970618247986,0.14231301844120026,0.3067898154258728,0,2025-01-23 12:00:00+00:00
8296,0.5508970618247986,0.14231301844120026,0.3067898154258728,0,2025-01-23 16:00:00+00:00
8297,0.6761161684989929,0.148931622505188,0.17495232820510864,0,2025-01-23 16:00:00+00:00
8298,0.6761161684989929,0.148931622505188,0.17495232820510864,0,2025-01-23 19:00:00+00:00
8299,0.6424790024757385,0.15847574174404144,0.19904525578022003,0,2025-01-23 19:00:00+00:00
8300,0.6424790024757385,0.15847574174404144,0.19904525578022003,0,2025-01-23 20:00:00+00:00
8301,0.6437017321586609,0.14220474660396576,0.21409358084201813,0,2025-01-23 20:00:00+00:00
8302,0.6437017321586609,0.14220474660396576,0.21409358084201813,0,2025-01-23 21:00:00+00:00
8303,0.6088441610336304,0.1566922962665558,0.23446351289749146,0,2025-01-23 21:00:00+00:00
8304,0.6088441610336304,0.1566922962665558,0.23446351289749146,0,2025-01-23 22:00:00+00:00
8305,0.6413288712501526,0.14212140440940857,0.21654969453811646,0,2025-01-23 22:00:00+00:00
8306,0.6413288712501526,0.14212140440940857,0.21654969453811646,0,2025-01-23 23:00:00+00:00
8307,0.5316442251205444,0.16122132539749146,0.3071344494819641,0,2025-01-23 23:00:00+00:00
8308,0.5316442251205444,0.16122132539749146,0.3071344494819641,0,2025-01-24 00:00:00+00:00
8309,0.5548686981201172,0.17327435314655304,0.2718569338321686,0,2025-01-24 00:00:00+00:00
8310,0.5548686981201172,0.17327435314655304,0.2718569338321686,0,2025-01-24 01:00:00+00:00
8311,0.5273467302322388,0.1748776137828827,0.29777562618255615,0,2025-01-24 01:00:00+00:00
8312,0.5273467302322388,0.1748776137828827,0.29777562618255615,0,2025-01-24 03:00:00+00:00
8313,0.5848160982131958,0.16118721663951874,0.2539966404438019,0,2025-01-24 03:00:00+00:00
8314,0.5848160982131958,0.16118721663951874,0.2539966404438019,0,2025-01-24 04:00:00+00:00
8315,0.5019441843032837,0.17024031281471252,0.3278154134750366,0,2025-01-24 04:00:00+00:00
8316,0.5019441843032837,0.17024031281471252,0.3278154134750366,0,2025-01-24 05:00:00+00:00
8317,0.44351905584335327,0.17136156558990479,0.38511940836906433,0,2025-01-24 05:00:00+00:00
8318,0.44351905584335327,0.17136156558990479,0.38511940836906433,0,2025-01-24 06:00:00+00:00
8319,0.346004456281662,0.19700083136558533,0.4569947421550751,2,2025-01-24 06:00:00+00:00
8320,0.346004456281662,0.19700083136558533,0.4569947421550751,2,2025-01-24 07:00:00+00:00
8321,0.2869654595851898,0.20020322501659393,0.5128312706947327,2,2025-01-24 07:00:00+00:00
8322,0.2869654595851898,0.20020322501659393,0.5128312706947327,2,2025-01-24 10:00:00+00:00
8323,0.3372008502483368,0.19022178649902344,0.4725772738456726,2,2025-01-24 10:00:00+00:00
8324,0.3372008502483368,0.19022178649902344,0.4725772738456726,2,2025-01-24 11:00:00+00:00
8325,0.31635618209838867,0.19920586049556732,0.4844380021095276,2,2025-01-24 11:00:00+00:00
8326,0.31635618209838867,0.19920586049556732,0.4844380021095276,2,2025-01-24 12:00:00+00:00
8327,0.262114942073822,0.2040434628725052,0.533841609954834,2,2025-01-24 12:00:00+00:00
8328,0.262114942073822,0.2040434628725052,0.533841609954834,2,2025-01-24 13:00:00+00:00
8329,0.31649041175842285,0.19548387825489044,0.48802560567855835,2,2025-01-24 13:00:00+00:00
8330,0.31649041175842285,0.19548387825489044,0.48802560567855835,2,2025-01-24 14:00:00+00:00
8331,0.4100501239299774,0.18997223675251007,0.3999776244163513,0,2025-01-24 14:00:00+00:00
8332,0.4100501239299774,0.18997223675251007,0.3999776244163513,0,2025-01-24 16:00:00+00:00
8333,0.5346713066101074,0.1683998703956604,0.29692894220352173,0,2025-01-24 16:00:00+00:00
8334,0.5346713066101074,0.1683998703956604,0.29692894220352173,0,2025-01-24 17:00:00+00:00
8335,0.5438439249992371,0.16581250727176666,0.2903435528278351,0,2025-01-24 17:00:00+00:00
8336,0.5438439249992371,0.16581250727176666,0.2903435528278351,0,2025-01-24 18:00:00+00:00
8337,0.5294714570045471,0.16779087483882904,0.30273768305778503,0,2025-01-24 18:00:00+00:00
8338,0.5294714570045471,0.16779087483882904,0.30273768305778503,0,2025-01-24 19:00:00+00:00
8339,0.525246798992157,0.16412052512168884,0.31063270568847656,0,2025-01-24 19:00:00+00:00
8340,0.525246798992157,0.16412052512168884,0.31063270568847656,0,2025-01-24 21:00:00+00:00
8341,0.5895149111747742,0.16099615395069122,0.24948884546756744,0,2025-01-24 21:00:00+00:00
8342,0.5895149111747742,0.16099615395069122,0.24948884546756744,0,2025-01-24 22:00:00+00:00
8343,0.5654410719871521,0.16555611789226532,0.2690027952194214,0,2025-01-24 22:00:00+00:00
8344,0.5654410719871521,0.16555611789226532,0.2690027952194214,0,2025-01-24 23:00:00+00:00
8345,0.5389822125434875,0.16414843499660492,0.29686933755874634,0,2025-01-24 23:00:00+00:00
8346,0.5389822125434875,0.16414843499660492,0.29686933755874634,0,2025-01-25 00:00:00+00:00
8347,0.5511658191680908,0.16427908837795258,0.28455519676208496,0,2025-01-25 00:00:00+00:00
8348,0.5511658191680908,0.16427908837795258,0.28455519676208496,0,2025-01-25 03:00:00+00:00
8349,0.5276848673820496,0.17600704729557037,0.2963080108165741,0,2025-01-25 03:00:00+00:00
8350,0.5276848673820496,0.17600704729557037,0.2963080108165741,0,2025-01-25 04:00:00+00:00
8351,0.5257502198219299,0.16664890944957733,0.30760088562965393,0,2025-01-25 04:00:00+00:00
8352,0.5257502198219299,0.16664890944957733,0.30760088562965393,0,2025-01-25 05:00:00+00:00
8353,0.5230637192726135,0.15946230292320251,0.3174739181995392,0,2025-01-25 05:00:00+00:00
8354,0.5230637192726135,0.15946230292320251,0.3174739181995392,0,2025-01-25 06:00:00+00:00
8355,0.5484682321548462,0.1489245742559433,0.30260714888572693,0,2025-01-25 06:00:00+00:00
8356,0.5484682321548462,0.1489245742559433,0.30260714888572693,0,2025-01-25 07:00:00+00:00
8357,0.562351405620575,0.14307311177253723,0.2945754826068878,0,2025-01-25 07:00:00+00:00
8358,0.562351405620575,0.14307311177253723,0.2945754826068878,0,2025-01-25 08:00:00+00:00
8359,0.5524821281433105,0.14409196376800537,0.30342593789100647,0,2025-01-25 08:00:00+00:00
8360,0.5524821281433105,0.14409196376800537,0.30342593789100647,0,2025-01-25 09:00:00+00:00
8361,0.569592297077179,0.1371149867773056,0.29329273104667664,0,2025-01-25 09:00:00+00:00
8362,0.569592297077179,0.1371149867773056,0.29329273104667664,0,2025-01-25 11:00:00+00:00
8363,0.573062539100647,0.13590259850025177,0.29103490710258484,0,2025-01-25 11:00:00+00:00
8364,0.573062539100647,0.13590259850025177,0.29103490710258484,0,2025-01-25 13:00:00+00:00
8365,0.5696050524711609,0.1358640044927597,0.2945309579372406,0,2025-01-25 13:00:00+00:00
8366,0.5696050524711609,0.1358640044927597,0.2945309579372406,0,2025-01-25 14:00:00+00:00
8367,0.5612483620643616,0.1395120769739151,0.2992396056652069,0,2025-01-25 14:00:00+00:00
8368,0.5612483620643616,0.1395120769739151,0.2992396056652069,0,2025-01-25 16:00:00+00:00
8369,0.5561648607254028,0.15411944687366486,0.2897157669067383,0,2025-01-25 16:00:00+00:00
8370,0.5561648607254028,0.15411944687366486,0.2897157669067383,0,2025-01-25 17:00:00+00:00
8371,0.5506970286369324,0.15982145071029663,0.2894814908504486,0,2025-01-25 17:00:00+00:00
8372,0.5506970286369324,0.15982145071029663,0.2894814908504486,0,2025-01-25 18:00:00+00:00
8373,0.5337552428245544,0.16981258988380432,0.29643213748931885,0,2025-01-25 18:00:00+00:00
8374,0.5337552428245544,0.16981258988380432,0.29643213748931885,0,2025-01-25 20:00:00+00:00
8375,0.46095654368400574,0.1707741618156433,0.36826932430267334,0,2025-01-25 20:00:00+00:00
8376,0.46095654368400574,0.1707741618156433,0.36826932430267334,0,2025-01-25 22:00:00+00:00
8377,0.48534318804740906,0.1702391654253006,0.34441760182380676,0,2025-01-25 22:00:00+00:00
8378,0.48534318804740906,0.1702391654253006,0.34441760182380676,0,2025-01-25 23:00:00+00:00
8379,0.48334452509880066,0.16870750486850739,0.34794795513153076,0,2025-01-25 23:00:00+00:00
8380,0.48334452509880066,0.16870750486850739,0.34794795513153076,0,2025-01-26 00:00:00+00:00
8381,0.527148962020874,0.16535834968090057,0.3074926733970642,0,2025-01-26 00:00:00+00:00
8382,0.527148962020874,0.16535834968090057,0.3074926733970642,0,2025-01-26 01:00:00+00:00
8383,0.5863341689109802,0.16435742378234863,0.24930843710899353,0,2025-01-26 01:00:00+00:00
8384,0.5863341689109802,0.16435742378234863,0.24930843710899353,0,2025-01-26 03:00:00+00:00
8385,0.5569468140602112,0.16260072588920593,0.2804524004459381,0,2025-01-26 03:00:00+00:00
8386,0.5569468140602112,0.16260072588920593,0.2804524004459381,0,2025-01-26 05:00:00+00:00
8387,0.5260312557220459,0.1642746776342392,0.3096941411495209,0,2025-01-26 05:00:00+00:00
8388,0.5260312557220459,0.1642746776342392,0.3096941411495209,0,2025-01-26 07:00:00+00:00
8389,0.48522117733955383,0.1775500625371933,0.3372287452220917,0,2025-01-26 07:00:00+00:00
8390,0.48522117733955383,0.1775500625371933,0.3372287452220917,0,2025-01-26 08:00:00+00:00
8391,0.49091559648513794,0.18344222009181976,0.3256421387195587,0,2025-01-26 08:00:00+00:00
8392,0.49091559648513794,0.18344222009181976,0.3256421387195587,0,2025-01-26 09:00:00+00:00
8393,0.5369008183479309,0.16378964483737946,0.29930946230888367,0,2025-01-26 09:00:00+00:00
8394,0.5369008183479309,0.16378964483737946,0.29930946230888367,0,2025-01-26 10:00:00+00:00
8395,0.5161929130554199,0.17786861956119537,0.3059384524822235,0,2025-01-26 10:00:00+00:00
8396,0.5161929130554199,0.17786861956119537,0.3059384524822235,0,2025-01-26 11:00:00+00:00
8397,0.5022318363189697,0.18073415756225586,0.317033976316452,0,2025-01-26 11:00:00+00:00
8398,0.5022318363189697,0.18073415756225586,0.317033976316452,0,2025-01-26 12:00:00+00:00
8399,0.5061519742012024,0.1732797473669052,0.3205682337284088,0,2025-01-26 12:00:00+00:00
8400,0.5061519742012024,0.1732797473669052,0.3205682337284088,0,2025-01-26 13:00:00+00:00
8401,0.5346109867095947,0.16994155943393707,0.2954474985599518,0,2025-01-26 13:00:00+00:00
8402,0.5346109867095947,0.16994155943393707,0.2954474985599518,0,2025-01-26 14:00:00+00:00
8403,0.5422069430351257,0.18065255880355835,0.27714037895202637,0,2025-01-26 14:00:00+00:00
8404,0.5422069430351257,0.18065255880355835,0.27714037895202637,0,2025-01-26 17:00:00+00:00
8405,0.5711427330970764,0.15635347366333008,0.2725038528442383,0,2025-01-26 17:00:00+00:00
8406,0.5711427330970764,0.15635347366333008,0.2725038528442383,0,2025-01-26 18:00:00+00:00
8407,0.5693561434745789,0.15679162740707397,0.27385228872299194,0,2025-01-26 18:00:00+00:00
8408,0.5693561434745789,0.15679162740707397,0.27385228872299194,0,2025-01-26 19:00:00+00:00
8409,0.5437844395637512,0.16149111092090607,0.2947244346141815,0,2025-01-26 19:00:00+00:00
8410,0.5437844395637512,0.16149111092090607,0.2947244346141815,0,2025-01-26 20:00:00+00:00
8411,0.5385956168174744,0.1569719910621643,0.30443236231803894,0,2025-01-26 20:00:00+00:00
8412,0.5385956168174744,0.1569719910621643,0.30443236231803894,0,2025-01-26 21:00:00+00:00
8413,0.5880689024925232,0.1494559943675995,0.2624751627445221,0,2025-01-26 21:00:00+00:00
8414,0.5880689024925232,0.1494559943675995,0.2624751627445221,0,2025-01-26 23:00:00+00:00
8415,0.6042354702949524,0.1200670525431633,0.27569761872291565,0,2025-01-26 23:00:00+00:00
8416,0.6042354702949524,0.1200670525431633,0.27569761872291565,0,2025-01-27 00:00:00+00:00
8417,0.6835760474205017,0.11403292417526245,0.20239105820655823,0,2025-01-27 00:00:00+00:00
8418,0.6835760474205017,0.11403292417526245,0.20239105820655823,0,2025-01-27 01:00:00+00:00
8419,0.7024415731430054,0.09810540825128555,0.1994529515504837,0,2025-01-27 01:00:00+00:00
8420,0.7024415731430054,0.09810540825128555,0.1994529515504837,0,2025-01-27 02:00:00+00:00
8421,0.6916965246200562,0.09526120871305466,0.21304230391979218,0,2025-01-27 02:00:00+00:00
8422,0.6916965246200562,0.09526120871305466,0.21304230391979218,0,2025-01-27 03:00:00+00:00
8423,0.6482321619987488,0.10420189797878265,0.24756595492362976,0,2025-01-27 03:00:00+00:00
8424,0.6482321619987488,0.10420189797878265,0.24756595492362976,0,2025-01-27 09:00:00+00:00
8425,0.6941822171211243,0.08311938494443893,0.2226984202861786,0,2025-01-27 09:00:00+00:00
8426,0.6941822171211243,0.08311938494443893,0.2226984202861786,0,2025-01-27 10:00:00+00:00
8427,0.6809051632881165,0.08555198460817337,0.23354291915893555,0,2025-01-27 10:00:00+00:00
8428,0.6809051632881165,0.08555198460817337,0.23354291915893555,0,2025-01-27 11:00:00+00:00
8429,0.7062538266181946,0.07831709831953049,0.21542902290821075,0,2025-01-27 11:00:00+00:00
8430,0.7062538266181946,0.07831709831953049,0.21542902290821075,0,2025-01-27 12:00:00+00:00
8431,0.6532321572303772,0.08966825902462006,0.25709959864616394,0,2025-01-27 12:00:00+00:00
8432,0.6532321572303772,0.08966825902462006,0.25709959864616394,0,2025-01-27 14:00:00+00:00
8433,0.599193811416626,0.10956212878227234,0.2912440598011017,0,2025-01-27 14:00:00+00:00
8434,0.599193811416626,0.10956212878227234,0.2912440598011017,0,2025-01-27 15:00:00+00:00
8435,0.5738574266433716,0.1314993053674698,0.2946431636810303,0,2025-01-27 15:00:00+00:00
8436,0.5738574266433716,0.1314993053674698,0.2946431636810303,0,2025-01-27 16:00:00+00:00
8437,0.5778542757034302,0.12463182955980301,0.29751384258270264,0,2025-01-27 16:00:00+00:00
8438,0.5778542757034302,0.12463182955980301,0.29751384258270264,0,2025-01-27 17:00:00+00:00
8439,0.5939844250679016,0.11286626756191254,0.29314932227134705,0,2025-01-27 17:00:00+00:00
8440,0.5939844250679016,0.11286626756191254,0.29314932227134705,0,2025-01-27 19:00:00+00:00
8441,0.599061906337738,0.10499990731477737,0.295938104391098,0,2025-01-27 19:00:00+00:00
8442,0.599061906337738,0.10499990731477737,0.295938104391098,0,2025-01-27 20:00:00+00:00
8443,0.5936859250068665,0.11051031947135925,0.29580381512641907,0,2025-01-27 20:00:00+00:00
8444,0.5936859250068665,0.11051031947135925,0.29580381512641907,0,2025-01-27 22:00:00+00:00
8445,0.5797827839851379,0.13950295746326447,0.2807141840457916,0,2025-01-27 22:00:00+00:00
8446,0.5797827839851379,0.13950295746326447,0.2807141840457916,0,2025-01-27 23:00:00+00:00
8447,0.48196953535079956,0.1389186531305313,0.37911173701286316,0,2025-01-27 23:00:00+00:00
8448,0.48196953535079956,0.1389186531305313,0.37911173701286316,0,2025-01-28 00:00:00+00:00
8449,0.48013436794281006,0.1431923657655716,0.37667331099510193,0,2025-01-28 00:00:00+00:00
8450,0.48013436794281006,0.1431923657655716,0.37667331099510193,0,2025-01-28 01:00:00+00:00
8451,0.49645182490348816,0.1468738168478012,0.35667434334754944,0,2025-01-28 01:00:00+00:00
8452,0.49645182490348816,0.1468738168478012,0.35667434334754944,0,2025-01-28 03:00:00+00:00
8453,0.4683372378349304,0.1489211469888687,0.3827415704727173,0,2025-01-28 03:00:00+00:00
8454,0.4683372378349304,0.1489211469888687,0.3827415704727173,0,2025-01-28 04:00:00+00:00
8455,0.46931713819503784,0.14868803322315216,0.38199490308761597,0,2025-01-28 04:00:00+00:00
8456,0.46931713819503784,0.14868803322315216,0.38199490308761597,0,2025-01-28 05:00:00+00:00
8457,0.45635396242141724,0.1560651808977127,0.3875807821750641,0,2025-01-28 05:00:00+00:00
8458,0.45635396242141724,0.1560651808977127,0.3875807821750641,0,2025-01-28 07:00:00+00:00
8459,0.4706721901893616,0.15499266982078552,0.3743351399898529,0,2025-01-28 07:00:00+00:00
8460,0.4706721901893616,0.15499266982078552,0.3743351399898529,0,2025-01-28 08:00:00+00:00
8461,0.49299466609954834,0.1511765867471695,0.3558287024497986,0,2025-01-28 08:00:00+00:00
8462,0.49299466609954834,0.1511765867471695,0.3558287024497986,0,2025-01-28 10:00:00+00:00
8463,0.5088267922401428,0.15208539366722107,0.3390878140926361,0,2025-01-28 10:00:00+00:00
8464,0.5088267922401428,0.15208539366722107,0.3390878140926361,0,2025-01-28 11:00:00+00:00
8465,0.4962230324745178,0.15873375535011292,0.34504327178001404,0,2025-01-28 11:00:00+00:00
8466,0.4962230324745178,0.15873375535011292,0.34504327178001404,0,2025-01-28 12:00:00+00:00
8467,0.4952477514743805,0.15809689462184906,0.34665536880493164,0,2025-01-28 12:00:00+00:00
8468,0.4952477514743805,0.15809689462184906,0.34665536880493164,0,2025-01-28 15:00:00+00:00
8469,0.5472138524055481,0.1532195508480072,0.2995665371417999,0,2025-01-28 15:00:00+00:00
8470,0.5472138524055481,0.1532195508480072,0.2995665371417999,0,2025-01-28 16:00:00+00:00
8471,0.5928221940994263,0.16021037101745605,0.24696746468544006,0,2025-01-28 16:00:00+00:00
8472,0.5928221940994263,0.16021037101745605,0.24696746468544006,0,2025-01-28 18:00:00+00:00
8473,0.5498412847518921,0.16094259917736053,0.28921598196029663,0,2025-01-28 18:00:00+00:00
8474,0.5498412847518921,0.16094259917736053,0.28921598196029663,0,2025-01-28 20:00:00+00:00
8475,0.5880448222160339,0.17323975265026093,0.23871539533138275,0,2025-01-28 20:00:00+00:00
8476,0.5880448222160339,0.17323975265026093,0.23871539533138275,0,2025-01-28 21:00:00+00:00
8477,0.5710625052452087,0.13308194279670715,0.2958555519580841,0,2025-01-28 21:00:00+00:00
8478,0.5710625052452087,0.13308194279670715,0.2958555519580841,0,2025-01-28 22:00:00+00:00
8479,0.6072388887405396,0.12433043867349625,0.2684306204319,0,2025-01-28 22:00:00+00:00
8480,0.6072388887405396,0.12433043867349625,0.2684306204319,0,2025-01-28 23:00:00+00:00
8481,0.589207112789154,0.13511735200881958,0.27567556500434875,0,2025-01-28 23:00:00+00:00
8482,0.589207112789154,0.13511735200881958,0.27567556500434875,0,2025-01-29 00:00:00+00:00
8483,0.5580410361289978,0.13304971158504486,0.30890926718711853,0,2025-01-29 00:00:00+00:00
8484,0.5580410361289978,0.13304971158504486,0.30890926718711853,0,2025-01-29 01:00:00+00:00
8485,0.5576749444007874,0.1320822685956955,0.31024277210235596,0,2025-01-29 01:00:00+00:00
8486,0.5576749444007874,0.1320822685956955,0.31024277210235596,0,2025-01-29 02:00:00+00:00
8487,0.5382499694824219,0.1390676647424698,0.32268229126930237,0,2025-01-29 02:00:00+00:00
8488,0.5382499694824219,0.1390676647424698,0.32268229126930237,0,2025-01-29 04:00:00+00:00
8489,0.5673841834068298,0.13111291825771332,0.3015027642250061,0,2025-01-29 04:00:00+00:00
8490,0.5673841834068298,0.13111291825771332,0.3015027642250061,0,2025-01-29 06:00:00+00:00
8491,0.4244305491447449,0.153041273355484,0.4225282073020935,0,2025-01-29 06:00:00+00:00
8492,0.4244305491447449,0.153041273355484,0.4225282073020935,0,2025-01-29 07:00:00+00:00
8493,0.3882506489753723,0.1554138958454132,0.4563354253768921,2,2025-01-29 07:00:00+00:00
8494,0.3882506489753723,0.1554138958454132,0.4563354253768921,2,2025-01-29 08:00:00+00:00
8495,0.3717775046825409,0.15839821100234985,0.46982425451278687,2,2025-01-29 08:00:00+00:00
8496,0.3717775046825409,0.15839821100234985,0.46982425451278687,2,2025-01-29 09:00:00+00:00
8497,0.35784912109375,0.1584707498550415,0.4836801290512085,2,2025-01-29 09:00:00+00:00
8498,0.35784912109375,0.1584707498550415,0.4836801290512085,2,2025-01-29 10:00:00+00:00
8499,0.37298130989074707,0.15486833453178406,0.47215038537979126,2,2025-01-29 10:00:00+00:00
8500,0.37298130989074707,0.15486833453178406,0.47215038537979126,2,2025-01-29 11:00:00+00:00
8501,0.33647873997688293,0.15136481821537018,0.5121564269065857,2,2025-01-29 11:00:00+00:00
8502,0.33647873997688293,0.15136481821537018,0.5121564269065857,2,2025-01-29 12:00:00+00:00
8503,0.36164548993110657,0.15561610460281372,0.48273834586143494,2,2025-01-29 12:00:00+00:00
8504,0.36164548993110657,0.15561610460281372,0.48273834586143494,2,2025-01-29 16:00:00+00:00
8505,0.4253721833229065,0.15109530091285706,0.4235325753688812,0,2025-01-29 16:00:00+00:00
8506,0.4253721833229065,0.15109530091285706,0.4235325753688812,0,2025-01-29 17:00:00+00:00
8507,0.5166829824447632,0.15134361386299133,0.33197349309921265,0,2025-01-29 17:00:00+00:00
8508,0.5166829824447632,0.15134361386299133,0.33197349309921265,0,2025-01-29 18:00:00+00:00
8509,0.4705926775932312,0.15648604929447174,0.37292125821113586,0,2025-01-29 18:00:00+00:00
8510,0.4705926775932312,0.15648604929447174,0.37292125821113586,0,2025-01-29 20:00:00+00:00
8511,0.45964616537094116,0.18092118203639984,0.3594326376914978,0,2025-01-29 20:00:00+00:00
8512,0.45964616537094116,0.18092118203639984,0.3594326376914978,0,2025-01-29 21:00:00+00:00
8513,0.4949679672718048,0.18895751237869263,0.31607457995414734,0,2025-01-29 21:00:00+00:00
8514,0.4949679672718048,0.18895751237869263,0.31607457995414734,0,2025-01-29 22:00:00+00:00
8515,0.5078845024108887,0.19063851237297058,0.3014768958091736,0,2025-01-29 22:00:00+00:00
8516,0.5078845024108887,0.19063851237297058,0.3014768958091736,0,2025-01-29 23:00:00+00:00
8517,0.4724305272102356,0.18605820834636688,0.34151124954223633,0,2025-01-29 23:00:00+00:00
8518,0.4724305272102356,0.18605820834636688,0.34151124954223633,0,2025-01-30 00:00:00+00:00
8519,0.5351384282112122,0.1673891246318817,0.2974724769592285,0,2025-01-30 00:00:00+00:00
8520,0.5351384282112122,0.1673891246318817,0.2974724769592285,0,2025-01-30 01:00:00+00:00
8521,0.5236896276473999,0.17008990049362183,0.30622050166130066,0,2025-01-30 01:00:00+00:00
8522,0.5236896276473999,0.17008990049362183,0.30622050166130066,0,2025-01-30 02:00:00+00:00
8523,0.4671226143836975,0.18724197149276733,0.3456353545188904,0,2025-01-30 02:00:00+00:00
8524,0.4671226143836975,0.18724197149276733,0.3456353545188904,0,2025-01-30 03:00:00+00:00
8525,0.4340830445289612,0.18776588141918182,0.378150999546051,0,2025-01-30 03:00:00+00:00
8526,0.4340830445289612,0.18776588141918182,0.378150999546051,0,2025-01-30 05:00:00+00:00
8527,0.3655959367752075,0.19198466837406158,0.4424194097518921,2,2025-01-30 05:00:00+00:00
8528,0.3655959367752075,0.19198466837406158,0.4424194097518921,2,2025-01-30 06:00:00+00:00
8529,0.3568033277988434,0.19463615119457245,0.448560506105423,2,2025-01-30 06:00:00+00:00
8530,0.3568033277988434,0.19463615119457245,0.448560506105423,2,2025-01-30 07:00:00+00:00
8531,0.3166543245315552,0.19480320811271667,0.48854246735572815,2,2025-01-30 07:00:00+00:00
8532,0.3166543245315552,0.19480320811271667,0.48854246735572815,2,2025-01-30 08:00:00+00:00
8533,0.3241335153579712,0.1854398399591446,0.4904266595840454,2,2025-01-30 08:00:00+00:00
8534,0.3241335153579712,0.1854398399591446,0.4904266595840454,2,2025-01-30 09:00:00+00:00
8535,0.32988855242729187,0.18762022256851196,0.48249122500419617,2,2025-01-30 09:00:00+00:00
8536,0.32988855242729187,0.18762022256851196,0.48249122500419617,2,2025-01-30 10:00:00+00:00
8537,0.35878637433052063,0.21262581646442413,0.4285878539085388,2,2025-01-30 10:00:00+00:00
8538,0.35878637433052063,0.21262581646442413,0.4285878539085388,2,2025-01-30 11:00:00+00:00
8539,0.3110515773296356,0.2093926966190338,0.4795556962490082,2,2025-01-30 11:00:00+00:00
8540,0.3110515773296356,0.2093926966190338,0.4795556962490082,2,2025-01-30 12:00:00+00:00
8541,0.3276161253452301,0.20707502961158752,0.4653089642524719,2,2025-01-30 12:00:00+00:00
8542,0.3276161253452301,0.20707502961158752,0.4653089642524719,2,2025-01-30 13:00:00+00:00
8543,0.38600262999534607,0.21470089256763458,0.39929649233818054,2,2025-01-30 13:00:00+00:00
8544,0.38600262999534607,0.21470089256763458,0.39929649233818054,2,2025-01-30 14:00:00+00:00
8545,0.4921586811542511,0.1983155608177185,0.3095257580280304,0,2025-01-30 14:00:00+00:00
8546,0.4921586811542511,0.1983155608177185,0.3095257580280304,0,2025-01-30 15:00:00+00:00
8547,0.5087210536003113,0.19613288342952728,0.29514607787132263,0,2025-01-30 15:00:00+00:00
8548,0.5087210536003113,0.19613288342952728,0.29514607787132263,0,2025-01-30 17:00:00+00:00
8549,0.5370543003082275,0.193490669131279,0.26945504546165466,0,2025-01-30 17:00:00+00:00
8550,0.5370543003082275,0.193490669131279,0.26945504546165466,0,2025-01-30 18:00:00+00:00
8551,0.555618941783905,0.18693749606609344,0.25744345784187317,0,2025-01-30 18:00:00+00:00
8552,0.555618941783905,0.18693749606609344,0.25744345784187317,0,2025-01-30 19:00:00+00:00
8553,0.5407798886299133,0.18818573653697968,0.2710343897342682,0,2025-01-30 19:00:00+00:00
8554,0.5407798886299133,0.18818573653697968,0.2710343897342682,0,2025-01-30 20:00:00+00:00
8555,0.5150036811828613,0.19030262529850006,0.2946936786174774,0,2025-01-30 20:00:00+00:00
8556,0.5150036811828613,0.19030262529850006,0.2946936786174774,0,2025-01-30 22:00:00+00:00
8557,0.5005590915679932,0.18917469680309296,0.3102661669254303,0,2025-01-30 22:00:00+00:00
8558,0.5005590915679932,0.18917469680309296,0.3102661669254303,0,2025-01-30 23:00:00+00:00
8559,0.5124270915985107,0.18729498982429504,0.30027779936790466,0,2025-01-30 23:00:00+00:00
8560,0.5124270915985107,0.18729498982429504,0.30027779936790466,0,2025-01-31 00:00:00+00:00
8561,0.5516217350959778,0.18110856413841248,0.26726970076560974,0,2025-01-31 00:00:00+00:00
8562,0.5516217350959778,0.18110856413841248,0.26726970076560974,0,2025-01-31 01:00:00+00:00
8563,0.5542089343070984,0.17932946979999542,0.2664615511894226,0,2025-01-31 01:00:00+00:00
8564,0.5542089343070984,0.17932946979999542,0.2664615511894226,0,2025-01-31 02:00:00+00:00
8565,0.5258497595787048,0.18905925750732422,0.28509098291397095,0,2025-01-31 02:00:00+00:00
8566,0.5258497595787048,0.18905925750732422,0.28509098291397095,0,2025-01-31 04:00:00+00:00
8567,0.4622834026813507,0.18026724457740784,0.3574492931365967,0,2025-01-31 04:00:00+00:00
8568,0.4622834026813507,0.18026724457740784,0.3574492931365967,0,2025-01-31 05:00:00+00:00
8569,0.41957923769950867,0.1801326870918274,0.40028810501098633,0,2025-01-31 05:00:00+00:00
8570,0.41957923769950867,0.1801326870918274,0.40028810501098633,0,2025-01-31 06:00:00+00:00
8571,0.3597446382045746,0.1919802874326706,0.44827505946159363,2,2025-01-31 06:00:00+00:00
8572,0.3597446382045746,0.1919802874326706,0.44827505946159363,2,2025-01-31 07:00:00+00:00
8573,0.35172325372695923,0.20054590702056885,0.4477308392524719,2,2025-01-31 07:00:00+00:00
8574,0.35172325372695923,0.20054590702056885,0.4477308392524719,2,2025-01-31 08:00:00+00:00
8575,0.39426618814468384,0.174713596701622,0.43102017045021057,2,2025-01-31 08:00:00+00:00
8576,0.39426618814468384,0.174713596701622,0.43102017045021057,2,2025-01-31 09:00:00+00:00
8577,0.402354896068573,0.17507991194725037,0.42256519198417664,2,2025-01-31 09:00:00+00:00
8578,0.402354896068573,0.17507991194725037,0.42256519198417664,2,2025-01-31 10:00:00+00:00
8579,0.37835192680358887,0.18767863512039185,0.4339694678783417,2,2025-01-31 10:00:00+00:00
8580,0.37835192680358887,0.18767863512039185,0.4339694678783417,2,2025-01-31 11:00:00+00:00
8581,0.3433261215686798,0.18144014477729797,0.47523367404937744,2,2025-01-31 11:00:00+00:00
8582,0.3433261215686798,0.18144014477729797,0.47523367404937744,2,2025-01-31 13:00:00+00:00
8583,0.3571847379207611,0.18868866562843323,0.45412662625312805,2,2025-01-31 13:00:00+00:00
8584,0.3571847379207611,0.18868866562843323,0.45412662625312805,2,2025-01-31 14:00:00+00:00
8585,0.3367125689983368,0.17880064249038696,0.4844866693019867,2,2025-01-31 14:00:00+00:00
8586,0.3367125689983368,0.17880064249038696,0.4844866693019867,2,2025-01-31 17:00:00+00:00
8587,0.36502984166145325,0.18330276012420654,0.4516674280166626,2,2025-01-31 17:00:00+00:00
8588,0.36502984166145325,0.18330276012420654,0.4516674280166626,2,2025-01-31 18:00:00+00:00
8589,0.41333669424057007,0.1920889914035797,0.3945743441581726,0,2025-01-31 18:00:00+00:00
8590,0.41333669424057007,0.1920889914035797,0.3945743441581726,0,2025-01-31 19:00:00+00:00
8591,0.5582837462425232,0.17090696096420288,0.27080923318862915,0,2025-01-31 19:00:00+00:00
8592,0.5582837462425232,0.17090696096420288,0.27080923318862915,0,2025-01-31 20:00:00+00:00
8593,0.5241023302078247,0.1746000498533249,0.30129769444465637,0,2025-01-31 20:00:00+00:00
8594,0.5241023302078247,0.1746000498533249,0.30129769444465637,0,2025-01-31 22:00:00+00:00
8595,0.5037269592285156,0.1714680790901184,0.32480499148368835,0,2025-01-31 22:00:00+00:00
8596,0.5037269592285156,0.1714680790901184,0.32480499148368835,0,2025-01-31 23:00:00+00:00
8597,0.4892611801624298,0.17449845373630524,0.33624032139778137,0,2025-01-31 23:00:00+00:00
8598,0.4892611801624298,0.17449845373630524,0.33624032139778137,0,2025-02-01 00:00:00+00:00
8599,0.45054754614830017,0.17263782024383545,0.37681466341018677,0,2025-02-01 00:00:00+00:00
8600,0.45054754614830017,0.17263782024383545,0.37681466341018677,0,2025-02-01 01:00:00+00:00
8601,0.42714160680770874,0.17228266596794128,0.4005756676197052,0,2025-02-01 01:00:00+00:00
8602,0.42714160680770874,0.17228266596794128,0.4005756676197052,0,2025-02-01 02:00:00+00:00
8603,0.4058903455734253,0.16945883631706238,0.4246509075164795,2,2025-02-01 02:00:00+00:00
8604,0.4058903455734253,0.16945883631706238,0.4246509075164795,2,2025-02-01 03:00:00+00:00
8605,0.3872336745262146,0.16762681305408478,0.4451395571231842,2,2025-02-01 03:00:00+00:00
8606,0.3872336745262146,0.16762681305408478,0.4451395571231842,2,2025-02-01 04:00:00+00:00
8607,0.40092357993125916,0.16860780119895935,0.4304686486721039,2,2025-02-01 04:00:00+00:00
8608,0.40092357993125916,0.16860780119895935,0.4304686486721039,2,2025-02-01 07:00:00+00:00
8609,0.41579148173332214,0.16598759591579437,0.41822096705436707,2,2025-02-01 07:00:00+00:00
8610,0.41579148173332214,0.16598759591579437,0.41822096705436707,2,2025-02-01 08:00:00+00:00
8611,0.42490601539611816,0.1723107099533081,0.4027833640575409,0,2025-02-01 08:00:00+00:00
8612,0.42490601539611816,0.1723107099533081,0.4027833640575409,0,2025-02-01 09:00:00+00:00
8613,0.44626283645629883,0.16998432576656342,0.3837527334690094,0,2025-02-01 09:00:00+00:00
8614,0.44626283645629883,0.16998432576656342,0.3837527334690094,0,2025-02-01 10:00:00+00:00
8615,0.5013779997825623,0.1603487730026245,0.338273286819458,0,2025-02-01 10:00:00+00:00
8616,0.5013779997825623,0.1603487730026245,0.338273286819458,0,2025-02-01 11:00:00+00:00
8617,0.5016592144966125,0.15716387331485748,0.3411768972873688,0,2025-02-01 11:00:00+00:00
8618,0.5016592144966125,0.15716387331485748,0.3411768972873688,0,2025-02-01 12:00:00+00:00
8619,0.46529802680015564,0.16057543456554413,0.3741265535354614,0,2025-02-01 12:00:00+00:00
8620,0.46529802680015564,0.16057543456554413,0.3741265535354614,0,2025-02-01 13:00:00+00:00
8621,0.4534156024456024,0.1633123755455017,0.3832719326019287,0,2025-02-01 13:00:00+00:00
8622,0.4534156024456024,0.1633123755455017,0.3832719326019287,0,2025-02-01 14:00:00+00:00
8623,0.4980901777744293,0.1530933529138565,0.34881648421287537,0,2025-02-01 14:00:00+00:00
8624,0.4980901777744293,0.1530933529138565,0.34881648421287537,0,2025-02-01 18:00:00+00:00
8625,0.467745304107666,0.15038226544857025,0.38187235593795776,0,2025-02-01 18:00:00+00:00
8626,0.467745304107666,0.15038226544857025,0.38187235593795776,0,2025-02-01 20:00:00+00:00
8627,0.5885334014892578,0.13412193953990936,0.27734458446502686,0,2025-02-01 20:00:00+00:00
8628,0.5885334014892578,0.13412193953990936,0.27734458446502686,0,2025-02-01 22:00:00+00:00
8629,0.6338947415351868,0.12430155277252197,0.24180373549461365,0,2025-02-01 22:00:00+00:00
8630,0.6338947415351868,0.12430155277252197,0.24180373549461365,0,2025-02-01 23:00:00+00:00
8631,0.616676390171051,0.12613368034362793,0.25718992948532104,0,2025-02-01 23:00:00+00:00
8632,0.616676390171051,0.12613368034362793,0.25718992948532104,0,2025-02-02 00:00:00+00:00
8633,0.6105016469955444,0.11985141038894653,0.26964688301086426,0,2025-02-02 00:00:00+00:00
8634,0.6105016469955444,0.11985141038894653,0.26964688301086426,0,2025-02-02 01:00:00+00:00
8635,0.5685741305351257,0.12607476115226746,0.30535101890563965,0,2025-02-02 01:00:00+00:00
8636,0.5685741305351257,0.12607476115226746,0.30535101890563965,0,2025-02-02 02:00:00+00:00
8637,0.578759491443634,0.12790310382843018,0.29333746433258057,0,2025-02-02 02:00:00+00:00
8638,0.578759491443634,0.12790310382843018,0.29333746433258057,0,2025-02-02 03:00:00+00:00
8639,0.6063356399536133,0.12142335623502731,0.2722410261631012,0,2025-02-02 03:00:00+00:00
8640,0.6063356399536133,0.12142335623502731,0.2722410261631012,0,2025-02-02 05:00:00+00:00
8641,0.6012726426124573,0.1157594695687294,0.28296786546707153,0,2025-02-02 05:00:00+00:00
8642,0.6012726426124573,0.1157594695687294,0.28296786546707153,0,2025-02-02 06:00:00+00:00
8643,0.587386965751648,0.11662561446428299,0.29598739743232727,0,2025-02-02 06:00:00+00:00
8644,0.587386965751648,0.11662561446428299,0.29598739743232727,0,2025-02-02 08:00:00+00:00
8645,0.5307648181915283,0.11431067436933517,0.35492444038391113,0,2025-02-02 08:00:00+00:00
8646,0.5307648181915283,0.11431067436933517,0.35492444038391113,0,2025-02-02 09:00:00+00:00
8647,0.529936671257019,0.12327516824007034,0.3467881381511688,0,2025-02-02 09:00:00+00:00
8648,0.529936671257019,0.12327516824007034,0.3467881381511688,0,2025-02-02 10:00:00+00:00
8649,0.48772406578063965,0.1189887598156929,0.3932872414588928,0,2025-02-02 10:00:00+00:00
8650,0.48772406578063965,0.1189887598156929,0.3932872414588928,0,2025-02-02 11:00:00+00:00
8651,0.4880184531211853,0.11729422211647034,0.3946872651576996,0,2025-02-02 11:00:00+00:00
8652,0.4880184531211853,0.11729422211647034,0.3946872651576996,0,2025-02-02 14:00:00+00:00
8653,0.48288583755493164,0.11711123585700989,0.4000028967857361,0,2025-02-02 14:00:00+00:00
8654,0.48288583755493164,0.11711123585700989,0.4000028967857361,0,2025-02-02 16:00:00+00:00
8655,0.4896126091480255,0.12013249099254608,0.390254944562912,0,2025-02-02 16:00:00+00:00
8656,0.4896126091480255,0.12013249099254608,0.390254944562912,0,2025-02-02 21:00:00+00:00
8657,0.5723780989646912,0.11852315068244934,0.3090987503528595,0,2025-02-02 21:00:00+00:00
8658,0.5723780989646912,0.11852315068244934,0.3090987503528595,0,2025-02-02 22:00:00+00:00
8659,0.5895658731460571,0.1200459748506546,0.2903880476951599,0,2025-02-02 22:00:00+00:00
8660,0.5895658731460571,0.1200459748506546,0.2903880476951599,0,2025-02-03 00:00:00+00:00
8661,0.5332158803939819,0.11823064088821411,0.34855347871780396,0,2025-02-03 00:00:00+00:00
8662,0.5332158803939819,0.11823064088821411,0.34855347871780396,0,2025-02-03 01:00:00+00:00
8663,0.5689616799354553,0.11163585633039474,0.31940239667892456,0,2025-02-03 01:00:00+00:00
8664,0.5689616799354553,0.11163585633039474,0.31940239667892456,0,2025-02-03 04:00:00+00:00
8665,0.503839373588562,0.1064261719584465,0.3897344768047333,0,2025-02-03 04:00:00+00:00
8666,0.503839373588562,0.1064261719584465,0.3897344768047333,0,2025-02-03 05:00:00+00:00
8667,0.6035029292106628,0.10211149603128433,0.29438549280166626,0,2025-02-03 05:00:00+00:00
8668,0.6035029292106628,0.10211149603128433,0.29438549280166626,0,2025-02-03 06:00:00+00:00
8669,0.5476277470588684,0.10833531618118286,0.34403693675994873,0,2025-02-03 06:00:00+00:00
8670,0.5476277470588684,0.10833531618118286,0.34403693675994873,0,2025-02-03 07:00:00+00:00
8671,0.5515110492706299,0.10573821514844894,0.34275078773498535,0,2025-02-03 07:00:00+00:00
8672,0.5515110492706299,0.10573821514844894,0.34275078773498535,0,2025-02-03 09:00:00+00:00
8673,0.5392119288444519,0.10835494846105576,0.35243311524391174,0,2025-02-03 09:00:00+00:00
8674,0.5392119288444519,0.10835494846105576,0.35243311524391174,0,2025-02-03 10:00:00+00:00
8675,0.5520241260528564,0.10706327110528946,0.3409125804901123,0,2025-02-03 10:00:00+00:00
8676,0.5520241260528564,0.10706327110528946,0.3409125804901123,0,2025-02-03 11:00:00+00:00
8677,0.4480005204677582,0.11507449299097061,0.4369250237941742,0,2025-02-03 11:00:00+00:00
8678,0.4480005204677582,0.11507449299097061,0.4369250237941742,0,2025-02-03 13:00:00+00:00
8679,0.4660714864730835,0.1092914268374443,0.4246370792388916,0,2025-02-03 13:00:00+00:00
8680,0.4660714864730835,0.1092914268374443,0.4246370792388916,0,2025-02-03 15:00:00+00:00
8681,0.4676370620727539,0.11587291210889816,0.4164901077747345,0,2025-02-03 15:00:00+00:00
8682,0.4676370620727539,0.11587291210889816,0.4164901077747345,0,2025-02-03 16:00:00+00:00
8683,0.42274904251098633,0.13670575618743896,0.44054532051086426,2,2025-02-03 16:00:00+00:00
8684,0.42274904251098633,0.13670575618743896,0.44054532051086426,2,2025-02-03 17:00:00+00:00
8685,0.42575803399086,0.14217610657215118,0.43206581473350525,2,2025-02-03 17:00:00+00:00
8686,0.42575803399086,0.14217610657215118,0.43206581473350525,2,2025-02-03 18:00:00+00:00
8687,0.4297514855861664,0.14386805891990662,0.426380455493927,0,2025-02-03 18:00:00+00:00
8688,0.4297514855861664,0.14386805891990662,0.426380455493927,0,2025-02-03 19:00:00+00:00
8689,0.4130711257457733,0.1622309535741806,0.42469799518585205,2,2025-02-03 19:00:00+00:00
8690,0.4130711257457733,0.1622309535741806,0.42469799518585205,2,2025-02-03 20:00:00+00:00
8691,0.42173317074775696,0.16914118826389313,0.4091256260871887,0,2025-02-03 20:00:00+00:00
8692,0.42173317074775696,0.16914118826389313,0.4091256260871887,0,2025-02-03 21:00:00+00:00
8693,0.421945184469223,0.165884867310524,0.4121699035167694,0,2025-02-03 21:00:00+00:00
8694,0.421945184469223,0.165884867310524,0.4121699035167694,0,2025-02-04 00:00:00+00:00
8695,0.3453631103038788,0.19255439937114716,0.46208250522613525,2,2025-02-04 00:00:00+00:00
8696,0.3453631103038788,0.19255439937114716,0.46208250522613525,2,2025-02-04 02:00:00+00:00
8697,0.4295772910118103,0.21104933321475983,0.35937345027923584,0,2025-02-04 02:00:00+00:00
8698,0.4295772910118103,0.21104933321475983,0.35937345027923584,0,2025-02-04 04:00:00+00:00
8699,0.40615972876548767,0.20383407175540924,0.3900061845779419,0,2025-02-04 04:00:00+00:00
8700,0.40615972876548767,0.20383407175540924,0.3900061845779419,0,2025-02-04 05:00:00+00:00
8701,0.478273868560791,0.19911257922649384,0.32261350750923157,0,2025-02-04 05:00:00+00:00
8702,0.478273868560791,0.19911257922649384,0.32261350750923157,0,2025-02-04 09:00:00+00:00
8703,0.41694211959838867,0.19018033146858215,0.3928775191307068,0,2025-02-04 09:00:00+00:00
8704,0.41694211959838867,0.19018033146858215,0.3928775191307068,0,2025-02-04 10:00:00+00:00
8705,0.4382149279117584,0.1792556494474411,0.38252946734428406,0,2025-02-04 10:00:00+00:00
8706,0.4382149279117584,0.1792556494474411,0.38252946734428406,0,2025-02-04 12:00:00+00:00
8707,0.40161633491516113,0.18004269897937775,0.41834092140197754,2,2025-02-04 12:00:00+00:00
8708,0.40161633491516113,0.18004269897937775,0.41834092140197754,2,2025-02-04 14:00:00+00:00
8709,0.5127092003822327,0.18789012730121613,0.29940065741539,0,2025-02-04 14:00:00+00:00
8710,0.5127092003822327,0.18789012730121613,0.29940065741539,0,2025-02-04 15:00:00+00:00
8711,0.5480000972747803,0.18519611656665802,0.2668038010597229,0,2025-02-04 15:00:00+00:00
8712,0.5480000972747803,0.18519611656665802,0.2668038010597229,0,2025-02-04 16:00:00+00:00
8713,0.5438876748085022,0.186626136302948,0.2694861888885498,0,2025-02-04 16:00:00+00:00
8714,0.5438876748085022,0.186626136302948,0.2694861888885498,0,2025-02-04 17:00:00+00:00
8715,0.5562203526496887,0.18981538712978363,0.25396430492401123,0,2025-02-04 17:00:00+00:00
8716,0.5562203526496887,0.18981538712978363,0.25396430492401123,0,2025-02-04 19:00:00+00:00
8717,0.4599347710609436,0.19108685851097107,0.3489783704280853,0,2025-02-04 19:00:00+00:00
8718,0.4599347710609436,0.19108685851097107,0.3489783704280853,0,2025-02-04 23:00:00+00:00
8719,0.43870648741722107,0.19281567633152008,0.36847779154777527,0,2025-02-04 23:00:00+00:00
8720,0.43870648741722107,0.19281567633152008,0.36847779154777527,0,2025-02-05 00:00:00+00:00
8721,0.38890162110328674,0.18836233019828796,0.4227360486984253,2,2025-02-05 00:00:00+00:00
8722,0.38890162110328674,0.18836233019828796,0.4227360486984253,2,2025-02-05 02:00:00+00:00
8723,0.3908296227455139,0.1843552142381668,0.42481517791748047,2,2025-02-05 02:00:00+00:00
8724,0.3908296227455139,0.1843552142381668,0.42481517791748047,2,2025-02-05 03:00:00+00:00
8725,0.38441869616508484,0.1859663873910904,0.42961493134498596,2,2025-02-05 03:00:00+00:00
8726,0.38441869616508484,0.1859663873910904,0.42961493134498596,2,2025-02-05 04:00:00+00:00
8727,0.35754552483558655,0.18457280099391937,0.45788177847862244,2,2025-02-05 04:00:00+00:00
8728,0.35754552483558655,0.18457280099391937,0.45788177847862244,2,2025-02-05 05:00:00+00:00
8729,0.39416563510894775,0.18149316310882568,0.4243411123752594,2,2025-02-05 05:00:00+00:00
8730,0.39416563510894775,0.18149316310882568,0.4243411123752594,2,2025-02-05 09:00:00+00:00
8731,0.4051770269870758,0.1954706609249115,0.39935237169265747,0,2025-02-05 09:00:00+00:00
8732,0.4051770269870758,0.1954706609249115,0.39935237169265747,0,2025-02-05 10:00:00+00:00
8733,0.4376157820224762,0.1788841336965561,0.38350000977516174,0,2025-02-05 10:00:00+00:00
8734,0.4376157820224762,0.1788841336965561,0.38350000977516174,0,2025-02-05 11:00:00+00:00
8735,0.3966209292411804,0.17713336646556854,0.42624571919441223,2,2025-02-05 11:00:00+00:00
8736,0.3966209292411804,0.17713336646556854,0.42624571919441223,2,2025-02-05 12:00:00+00:00
8737,0.42809197306632996,0.1779092699289322,0.3939987123012543,0,2025-02-05 12:00:00+00:00
8738,0.42809197306632996,0.1779092699289322,0.3939987123012543,0,2025-02-05 13:00:00+00:00
8739,0.41209691762924194,0.17551861703395844,0.4123845398426056,2,2025-02-05 13:00:00+00:00
8740,0.41209691762924194,0.17551861703395844,0.4123845398426056,2,2025-02-05 15:00:00+00:00
8741,0.40713953971862793,0.17432157695293427,0.41853880882263184,2,2025-02-05 15:00:00+00:00
8742,0.40713953971862793,0.17432157695293427,0.41853880882263184,2,2025-02-05 18:00:00+00:00
8743,0.5731918811798096,0.15317551791667938,0.27363261580467224,0,2025-02-05 18:00:00+00:00
8744,0.5731918811798096,0.15317551791667938,0.27363261580467224,0,2025-02-05 19:00:00+00:00
8745,0.5801973938941956,0.15030306577682495,0.2694995403289795,0,2025-02-05 19:00:00+00:00
8746,0.5801973938941956,0.15030306577682495,0.2694995403289795,0,2025-02-05 20:00:00+00:00
8747,0.5461532473564148,0.15792492032051086,0.29592183232307434,0,2025-02-05 20:00:00+00:00
8748,0.5461532473564148,0.15792492032051086,0.29592183232307434,0,2025-02-05 21:00:00+00:00
8749,0.5535401701927185,0.15539491176605225,0.29106491804122925,0,2025-02-05 21:00:00+00:00
8750,0.5535401701927185,0.15539491176605225,0.29106491804122925,0,2025-02-05 22:00:00+00:00
8751,0.5770531892776489,0.15761533379554749,0.2653314769268036,0,2025-02-05 22:00:00+00:00
8752,0.5770531892776489,0.15761533379554749,0.2653314769268036,0,2025-02-05 23:00:00+00:00
8753,0.5683261752128601,0.1506308764219284,0.2810429036617279,0,2025-02-05 23:00:00+00:00
8754,0.5683261752128601,0.1506308764219284,0.2810429036617279,0,2025-02-06 00:00:00+00:00
8755,0.5340989828109741,0.15047407150268555,0.3154270052909851,0,2025-02-06 00:00:00+00:00
8756,0.5340989828109741,0.15047407150268555,0.3154270052909851,0,2025-02-06 01:00:00+00:00
8757,0.503833532333374,0.15283499658107758,0.3433314859867096,0,2025-02-06 01:00:00+00:00
8758,0.503833532333374,0.15283499658107758,0.3433314859867096,0,2025-02-06 02:00:00+00:00
8759,0.44573265314102173,0.16003425419330597,0.3942330479621887,0,2025-02-06 02:00:00+00:00
8760,0.44573265314102173,0.16003425419330597,0.3942330479621887,0,2025-02-06 03:00:00+00:00
8761,0.42531195282936096,0.15872304141521454,0.4159649908542633,0,2025-02-06 03:00:00+00:00
8762,0.42531195282936096,0.15872304141521454,0.4159649908542633,0,2025-02-06 04:00:00+00:00
8763,0.4098758399486542,0.1656251847743988,0.4244990050792694,2,2025-02-06 04:00:00+00:00
8764,0.4098758399486542,0.1656251847743988,0.4244990050792694,2,2025-02-06 05:00:00+00:00
8765,0.39282143115997314,0.16745039820671082,0.4397280514240265,2,2025-02-06 05:00:00+00:00
8766,0.39282143115997314,0.16745039820671082,0.4397280514240265,2,2025-02-06 06:00:00+00:00
8767,0.38206034898757935,0.16892670094966888,0.44901299476623535,2,2025-02-06 06:00:00+00:00
8768,0.38206034898757935,0.16892670094966888,0.44901299476623535,2,2025-02-06 10:00:00+00:00
8769,0.38593244552612305,0.17711536586284637,0.43695229291915894,2,2025-02-06 10:00:00+00:00
8770,0.38593244552612305,0.17711536586284637,0.43695229291915894,2,2025-02-06 11:00:00+00:00
8771,0.37221595644950867,0.17661774158477783,0.4511662721633911,2,2025-02-06 11:00:00+00:00
8772,0.37221595644950867,0.17661774158477783,0.4511662721633911,2,2025-02-06 13:00:00+00:00
8773,0.4136442542076111,0.16613584756851196,0.42021986842155457,2,2025-02-06 13:00:00+00:00
8774,0.4136442542076111,0.16613584756851196,0.42021986842155457,2,2025-02-06 15:00:00+00:00
8775,0.5071128606796265,0.1569082885980606,0.33597883582115173,0,2025-02-06 15:00:00+00:00
8776,0.5071128606796265,0.1569082885980606,0.33597883582115173,0,2025-02-06 19:00:00+00:00
8777,0.5996749401092529,0.1396876722574234,0.2606373131275177,0,2025-02-06 19:00:00+00:00
8778,0.5996749401092529,0.1396876722574234,0.2606373131275177,0,2025-02-06 20:00:00+00:00
8779,0.5178090929985046,0.1375749260187149,0.34461599588394165,0,2025-02-06 20:00:00+00:00
8780,0.5178090929985046,0.1375749260187149,0.34461599588394165,0,2025-02-06 22:00:00+00:00
8781,0.43749362230300903,0.14350657165050507,0.4189997911453247,0,2025-02-06 22:00:00+00:00
8782,0.43749362230300903,0.14350657165050507,0.4189997911453247,0,2025-02-06 23:00:00+00:00
8783,0.5365420579910278,0.14888975024223328,0.3145682215690613,0,2025-02-06 23:00:00+00:00
8784,0.5365420579910278,0.14888975024223328,0.3145682215690613,0,2025-02-07 02:00:00+00:00
8785,0.43774837255477905,0.1408105343580246,0.42144110798835754,0,2025-02-07 02:00:00+00:00
8786,0.43774837255477905,0.1408105343580246,0.42144110798835754,0,2025-02-07 03:00:00+00:00
8787,0.3938957452774048,0.14064159989356995,0.4654625952243805,2,2025-02-07 03:00:00+00:00
8788,0.3938957452774048,0.14064159989356995,0.4654625952243805,2,2025-02-07 04:00:00+00:00
8789,0.45255810022354126,0.15557028353214264,0.3918716311454773,0,2025-02-07 04:00:00+00:00
8790,0.45255810022354126,0.15557028353214264,0.3918716311454773,0,2025-02-07 05:00:00+00:00
8791,0.3916154205799103,0.14349374175071716,0.4648907482624054,2,2025-02-07 05:00:00+00:00
8792,0.3916154205799103,0.14349374175071716,0.4648907482624054,2,2025-02-07 06:00:00+00:00
8793,0.4422368109226227,0.15430283546447754,0.40346038341522217,0,2025-02-07 06:00:00+00:00
8794,0.4422368109226227,0.15430283546447754,0.40346038341522217,0,2025-02-07 07:00:00+00:00
8795,0.42327895760536194,0.14650064706802368,0.4302203953266144,2,2025-02-07 07:00:00+00:00
8796,0.42327895760536194,0.14650064706802368,0.4302203953266144,2,2025-02-07 08:00:00+00:00
8797,0.4206862449645996,0.14897802472114563,0.4303358197212219,2,2025-02-07 08:00:00+00:00
8798,0.4206862449645996,0.14897802472114563,0.4303358197212219,2,2025-02-07 10:00:00+00:00
8799,0.3634288012981415,0.15306062996387482,0.4835105240345001,2,2025-02-07 10:00:00+00:00
8800,0.3634288012981415,0.15306062996387482,0.4835105240345001,2,2025-02-07 11:00:00+00:00
8801,0.362613320350647,0.15703073143959045,0.4803559482097626,2,2025-02-07 11:00:00+00:00
8802,0.362613320350647,0.15703073143959045,0.4803559482097626,2,2025-02-07 12:00:00+00:00
8803,0.3512933850288391,0.1689702421426773,0.4797363877296448,2,2025-02-07 12:00:00+00:00
8804,0.3512933850288391,0.1689702421426773,0.4797363877296448,2,2025-02-07 13:00:00+00:00
8805,0.33961400389671326,0.1728694587945938,0.4875165522098541,2,2025-02-07 13:00:00+00:00
8806,0.33961400389671326,0.1728694587945938,0.4875165522098541,2,2025-02-07 15:00:00+00:00
8807,0.35113298892974854,0.17843011021614075,0.4704369306564331,2,2025-02-07 15:00:00+00:00
8808,0.35113298892974854,0.17843011021614075,0.4704369306564331,2,2025-02-07 22:00:00+00:00
8809,0.46530240774154663,0.1683591604232788,0.3663385510444641,0,2025-02-07 22:00:00+00:00
8810,0.46530240774154663,0.1683591604232788,0.3663385510444641,0,2025-02-08 00:00:00+00:00
8811,0.47222134470939636,0.1673586070537567,0.3604200482368469,0,2025-02-08 00:00:00+00:00
8812,0.47222134470939636,0.1673586070537567,0.3604200482368469,0,2025-02-08 01:00:00+00:00
8813,0.4829590618610382,0.1706494241952896,0.3463914692401886,0,2025-02-08 01:00:00+00:00
8814,0.4829590618610382,0.1706494241952896,0.3463914692401886,0,2025-02-08 02:00:00+00:00
8815,0.43217217922210693,0.16317683458328247,0.4046509563922882,0,2025-02-08 02:00:00+00:00
8816,0.43217217922210693,0.16317683458328247,0.4046509563922882,0,2025-02-08 03:00:00+00:00
8817,0.3859679400920868,0.16392633318901062,0.45010581612586975,2,2025-02-08 03:00:00+00:00
8818,0.3859679400920868,0.16392633318901062,0.45010581612586975,2,2025-02-08 04:00:00+00:00
8819,0.39401668310165405,0.16186131536960602,0.44412198662757874,2,2025-02-08 04:00:00+00:00
8820,0.39401668310165405,0.16186131536960602,0.44412198662757874,2,2025-02-08 05:00:00+00:00
8821,0.4161987602710724,0.16142073273658752,0.4223805069923401,2,2025-02-08 05:00:00+00:00
8822,0.4161987602710724,0.16142073273658752,0.4223805069923401,2,2025-02-08 06:00:00+00:00
8823,0.4192297160625458,0.15915700793266296,0.42161324620246887,2,2025-02-08 06:00:00+00:00
8824,0.4192297160625458,0.15915700793266296,0.42161324620246887,2,2025-02-08 08:00:00+00:00
8825,0.33643612265586853,0.15239939093589783,0.5111644268035889,2,2025-02-08 08:00:00+00:00
8826,0.33643612265586853,0.15239939093589783,0.5111644268035889,2,2025-02-08 09:00:00+00:00
8827,0.30031394958496094,0.16367129981517792,0.5360147356987,2,2025-02-08 09:00:00+00:00
8828,0.30031394958496094,0.16367129981517792,0.5360147356987,2,2025-02-08 10:00:00+00:00
8829,0.27988141775131226,0.17170916497707367,0.5484093427658081,2,2025-02-08 10:00:00+00:00
8830,0.27988141775131226,0.17170916497707367,0.5484093427658081,2,2025-02-08 11:00:00+00:00
8831,0.2860211730003357,0.1647939234972,0.5491849184036255,2,2025-02-08 11:00:00+00:00
8832,0.2860211730003357,0.1647939234972,0.5491849184036255,2,2025-02-08 12:00:00+00:00
8833,0.29715707898139954,0.17638862133026123,0.5264543890953064,2,2025-02-08 12:00:00+00:00
8834,0.29715707898139954,0.17638862133026123,0.5264543890953064,2,2025-02-08 13:00:00+00:00
8835,0.30925238132476807,0.15757088363170624,0.5331767201423645,2,2025-02-08 13:00:00+00:00
8836,0.30925238132476807,0.15757088363170624,0.5331767201423645,2,2025-02-08 18:00:00+00:00
8837,0.3884808123111725,0.1886855661869049,0.4228336215019226,2,2025-02-08 18:00:00+00:00
8838,0.3884808123111725,0.1886855661869049,0.4228336215019226,2,2025-02-08 19:00:00+00:00
8839,0.3369905948638916,0.18359319865703583,0.4794161915779114,2,2025-02-08 19:00:00+00:00
8840,0.3369905948638916,0.18359319865703583,0.4794161915779114,2,2025-02-08 20:00:00+00:00
8841,0.3331056535243988,0.17618151009082794,0.49071282148361206,2,2025-02-08 20:00:00+00:00
8842,0.3331056535243988,0.17618151009082794,0.49071282148361206,2,2025-02-08 22:00:00+00:00
8843,0.4337778389453888,0.19702468812465668,0.36919742822647095,0,2025-02-08 22:00:00+00:00
8844,0.4337778389453888,0.19702468812465668,0.36919742822647095,0,2025-02-08 23:00:00+00:00
8845,0.4394396245479584,0.1955500692129135,0.3650102913379669,0,2025-02-08 23:00:00+00:00
8846,0.4394396245479584,0.1955500692129135,0.3650102913379669,0,2025-02-09 00:00:00+00:00
8847,0.4464775621891022,0.19152900576591492,0.3619934618473053,0,2025-02-09 00:00:00+00:00
8848,0.4464775621891022,0.19152900576591492,0.3619934618473053,0,2025-02-09 01:00:00+00:00
8849,0.41201773285865784,0.19150637090206146,0.3964759111404419,0,2025-02-09 01:00:00+00:00
8850,0.41201773285865784,0.19150637090206146,0.3964759111404419,0,2025-02-09 02:00:00+00:00
8851,0.39790108799934387,0.20657500624656677,0.39552393555641174,0,2025-02-09 02:00:00+00:00
8852,0.39790108799934387,0.20657500624656677,0.39552393555641174,0,2025-02-09 03:00:00+00:00
8853,0.41224345564842224,0.2007511854171753,0.38700544834136963,0,2025-02-09 03:00:00+00:00
8854,0.41224345564842224,0.2007511854171753,0.38700544834136963,0,2025-02-09 04:00:00+00:00
8855,0.4578811824321747,0.2115790992975235,0.330539733171463,0,2025-02-09 04:00:00+00:00
8856,0.4578811824321747,0.2115790992975235,0.330539733171463,0,2025-02-09 06:00:00+00:00
8857,0.38691607117652893,0.24318212270736694,0.3699018657207489,0,2025-02-09 06:00:00+00:00
8858,0.38691607117652893,0.24318212270736694,0.3699018657207489,0,2025-02-09 07:00:00+00:00
8859,0.3536207377910614,0.23903945088386536,0.4073399305343628,2,2025-02-09 07:00:00+00:00
8860,0.3536207377910614,0.23903945088386536,0.4073399305343628,2,2025-02-09 09:00:00+00:00
8861,0.31937405467033386,0.23397858440876007,0.4466472864151001,2,2025-02-09 09:00:00+00:00
8862,0.31937405467033386,0.23397858440876007,0.4466472864151001,2,2025-02-09 10:00:00+00:00
8863,0.29993700981140137,0.22228677570819855,0.4777762293815613,2,2025-02-09 10:00:00+00:00
8864,0.29993700981140137,0.22228677570819855,0.4777762293815613,2,2025-02-09 11:00:00+00:00
8865,0.30376583337783813,0.2263379842042923,0.4698961079120636,2,2025-02-09 11:00:00+00:00
8866,0.30376583337783813,0.2263379842042923,0.4698961079120636,2,2025-02-09 13:00:00+00:00
8867,0.36229491233825684,0.22110705077648163,0.41659802198410034,2,2025-02-09 13:00:00+00:00
8868,0.36229491233825684,0.22110705077648163,0.41659802198410034,2,2025-02-09 14:00:00+00:00
8869,0.4390701353549957,0.1952403336763382,0.3656894862651825,0,2025-02-09 14:00:00+00:00
8870,0.4390701353549957,0.1952403336763382,0.3656894862651825,0,2025-02-09 16:00:00+00:00
8871,0.4949932098388672,0.18348948657512665,0.3215172588825226,0,2025-02-09 16:00:00+00:00
8872,0.4949932098388672,0.18348948657512665,0.3215172588825226,0,2025-02-09 20:00:00+00:00
8873,0.46908941864967346,0.18925818800926208,0.34165236353874207,0,2025-02-09 20:00:00+00:00
8874,0.46908941864967346,0.18925818800926208,0.34165236353874207,0,2025-02-09 22:00:00+00:00
8875,0.45301491022109985,0.201731339097023,0.3452536463737488,0,2025-02-09 22:00:00+00:00
8876,0.45301491022109985,0.201731339097023,0.3452536463737488,0,2025-02-09 23:00:00+00:00
8877,0.4581587314605713,0.19388429820537567,0.34795698523521423,0,2025-02-09 23:00:00+00:00
8878,0.4581587314605713,0.19388429820537567,0.34795698523521423,0,2025-02-10 01:00:00+00:00
8879,0.48256805539131165,0.19104914367198944,0.3263828456401825,0,2025-02-10 01:00:00+00:00
8880,0.48256805539131165,0.19104914367198944,0.3263828456401825,0,2025-02-10 02:00:00+00:00
8881,0.4217987060546875,0.18876194953918457,0.3894393742084503,0,2025-02-10 02:00:00+00:00
8882,0.4217987060546875,0.18876194953918457,0.3894393742084503,0,2025-02-10 03:00:00+00:00
8883,0.3914393186569214,0.18529672920703888,0.4232640564441681,2,2025-02-10 03:00:00+00:00
8884,0.3914393186569214,0.18529672920703888,0.4232640564441681,2,2025-02-10 04:00:00+00:00
8885,0.3176002502441406,0.17387114465236664,0.5085285902023315,2,2025-02-10 04:00:00+00:00
8886,0.3176002502441406,0.17387114465236664,0.5085285902023315,2,2025-02-10 05:00:00+00:00
8887,0.32719844579696655,0.18096552789211273,0.4918360412120819,2,2025-02-10 05:00:00+00:00
8888,0.32719844579696655,0.18096552789211273,0.4918360412120819,2,2025-02-10 07:00:00+00:00
8889,0.3023536205291748,0.18082481622695923,0.516821563243866,2,2025-02-10 07:00:00+00:00
8890,0.3023536205291748,0.18082481622695923,0.516821563243866,2,2025-02-10 09:00:00+00:00
8891,0.3047963082790375,0.18299613893032074,0.512207567691803,2,2025-02-10 09:00:00+00:00
8892,0.3047963082790375,0.18299613893032074,0.512207567691803,2,2025-02-10 11:00:00+00:00
8893,0.29748469591140747,0.18069422245025635,0.5218210220336914,2,2025-02-10 11:00:00+00:00
8894,0.29748469591140747,0.18069422245025635,0.5218210220336914,2,2025-02-10 12:00:00+00:00
8895,0.3184773623943329,0.18606720864772797,0.4954553246498108,2,2025-02-10 12:00:00+00:00
8896,0.3184773623943329,0.18606720864772797,0.4954553246498108,2,2025-02-10 13:00:00+00:00
8897,0.30972495675086975,0.1788518726825714,0.5114231705665588,2,2025-02-10 13:00:00+00:00
8898,0.30972495675086975,0.1788518726825714,0.5114231705665588,2,2025-02-10 14:00:00+00:00
8899,0.33574989438056946,0.19460426270961761,0.46964582800865173,2,2025-02-10 14:00:00+00:00
8900,0.33574989438056946,0.19460426270961761,0.46964582800865173,2,2025-02-10 15:00:00+00:00
8901,0.3727196753025055,0.18314817547798157,0.44413211941719055,2,2025-02-10 15:00:00+00:00
8902,0.3727196753025055,0.18314817547798157,0.44413211941719055,2,2025-02-10 16:00:00+00:00
8903,0.42378953099250793,0.19069546461105347,0.3855150640010834,0,2025-02-10 16:00:00+00:00
8904,0.42378953099250793,0.19069546461105347,0.3855150640010834,0,2025-02-10 18:00:00+00:00
8905,0.44838666915893555,0.18873834609985352,0.3628750145435333,0,2025-02-10 18:00:00+00:00
8906,0.44838666915893555,0.18873834609985352,0.3628750145435333,0,2025-02-10 19:00:00+00:00
8907,0.43228408694267273,0.18817605078220367,0.3795398473739624,0,2025-02-10 19:00:00+00:00
8908,0.43228408694267273,0.18817605078220367,0.3795398473739624,0,2025-02-10 20:00:00+00:00
8909,0.512212336063385,0.19007746875286102,0.2977101504802704,0,2025-02-10 20:00:00+00:00
8910,0.512212336063385,0.19007746875286102,0.2977101504802704,0,2025-02-10 21:00:00+00:00
8911,0.4410246014595032,0.1878030151128769,0.37117239832878113,0,2025-02-10 21:00:00+00:00
8912,0.4410246014595032,0.1878030151128769,0.37117239832878113,0,2025-02-10 23:00:00+00:00
8913,0.47465208172798157,0.19611528515815735,0.3292325735092163,0,2025-02-10 23:00:00+00:00
8914,0.47465208172798157,0.19611528515815735,0.3292325735092163,0,2025-02-11 00:00:00+00:00
8915,0.41812771558761597,0.19064946472644806,0.3912227749824524,0,2025-02-11 00:00:00+00:00
8916,0.41812771558761597,0.19064946472644806,0.3912227749824524,0,2025-02-11 01:00:00+00:00
8917,0.3748510181903839,0.18533316254615784,0.43981581926345825,2,2025-02-11 01:00:00+00:00
8918,0.3748510181903839,0.18533316254615784,0.43981581926345825,2,2025-02-11 03:00:00+00:00
8919,0.44167429208755493,0.19032013416290283,0.3680056035518646,0,2025-02-11 03:00:00+00:00
8920,0.44167429208755493,0.19032013416290283,0.3680056035518646,0,2025-02-11 04:00:00+00:00
8921,0.40377360582351685,0.1967485398054123,0.39947786927223206,0,2025-02-11 04:00:00+00:00
8922,0.40377360582351685,0.1967485398054123,0.39947786927223206,0,2025-02-11 06:00:00+00:00
8923,0.35348185896873474,0.18014290928840637,0.4663752019405365,2,2025-02-11 06:00:00+00:00
8924,0.35348185896873474,0.18014290928840637,0.4663752019405365,2,2025-02-11 08:00:00+00:00
8925,0.34712058305740356,0.17492491006851196,0.4779545068740845,2,2025-02-11 08:00:00+00:00
8926,0.34712058305740356,0.17492491006851196,0.4779545068740845,2,2025-02-11 10:00:00+00:00
8927,0.30620595812797546,0.17157068848609924,0.5222233533859253,2,2025-02-11 10:00:00+00:00
8928,0.30620595812797546,0.17157068848609924,0.5222233533859253,2,2025-02-11 11:00:00+00:00
8929,0.3851587474346161,0.18740634620189667,0.4274349808692932,2,2025-02-11 11:00:00+00:00
8930,0.3851587474346161,0.18740634620189667,0.4274349808692932,2,2025-02-11 12:00:00+00:00
8931,0.3463829755783081,0.18148626387119293,0.47213074564933777,2,2025-02-11 12:00:00+00:00
8932,0.3463829755783081,0.18148626387119293,0.47213074564933777,2,2025-02-11 13:00:00+00:00
8933,0.3808554708957672,0.1824183613061905,0.4367261528968811,2,2025-02-11 13:00:00+00:00
8934,0.3808554708957672,0.1824183613061905,0.4367261528968811,2,2025-02-11 15:00:00+00:00
8935,0.38564902544021606,0.19162102043628693,0.4227299988269806,2,2025-02-11 15:00:00+00:00
8936,0.38564902544021606,0.19162102043628693,0.4227299988269806,2,2025-02-11 17:00:00+00:00
8937,0.43982550501823425,0.1879114955663681,0.37226295471191406,0,2025-02-11 17:00:00+00:00
8938,0.43982550501823425,0.1879114955663681,0.37226295471191406,0,2025-02-11 18:00:00+00:00
8939,0.45010316371917725,0.1862063705921173,0.36369046568870544,0,2025-02-11 18:00:00+00:00
8940,0.45010316371917725,0.1862063705921173,0.36369046568870544,0,2025-02-11 19:00:00+00:00
8941,0.4582480490207672,0.17944054305553436,0.362311452627182,0,2025-02-11 19:00:00+00:00
8942,0.4582480490207672,0.17944054305553436,0.362311452627182,0,2025-02-11 20:00:00+00:00
8943,0.47949421405792236,0.17854881286621094,0.34195685386657715,0,2025-02-11 20:00:00+00:00
8944,0.47949421405792236,0.17854881286621094,0.34195685386657715,0,2025-02-11 22:00:00+00:00
8945,0.47133868932724,0.18018199503421783,0.34847933053970337,0,2025-02-11 22:00:00+00:00
8946,0.47133868932724,0.18018199503421783,0.34847933053970337,0,2025-02-11 23:00:00+00:00
8947,0.49541324377059937,0.1783318668603897,0.3262549638748169,0,2025-02-11 23:00:00+00:00
8948,0.49541324377059937,0.1783318668603897,0.3262549638748169,0,2025-02-12 00:00:00+00:00
8949,0.4641539752483368,0.17995072901248932,0.3558952808380127,0,2025-02-12 00:00:00+00:00
8950,0.4641539752483368,0.17995072901248932,0.3558952808380127,0,2025-02-12 01:00:00+00:00
8951,0.41451188921928406,0.17923566699028015,0.4062524139881134,0,2025-02-12 01:00:00+00:00
8952,0.41451188921928406,0.17923566699028015,0.4062524139881134,0,2025-02-12 02:00:00+00:00
8953,0.3993736207485199,0.17727336287498474,0.4233529567718506,2,2025-02-12 02:00:00+00:00
8954,0.3993736207485199,0.17727336287498474,0.4233529567718506,2,2025-02-12 03:00:00+00:00
8955,0.42306074500083923,0.17106151580810547,0.4058776795864105,0,2025-02-12 03:00:00+00:00
8956,0.42306074500083923,0.17106151580810547,0.4058776795864105,0,2025-02-12 04:00:00+00:00
8957,0.435696542263031,0.16718733310699463,0.39711618423461914,0,2025-02-12 04:00:00+00:00
8958,0.435696542263031,0.16718733310699463,0.39711618423461914,0,2025-02-12 05:00:00+00:00
8959,0.43349647521972656,0.16756491363048553,0.3989386558532715,0,2025-02-12 05:00:00+00:00
8960,0.43349647521972656,0.16756491363048553,0.3989386558532715,0,2025-02-12 06:00:00+00:00
8961,0.4191136062145233,0.1713317632675171,0.40955471992492676,0,2025-02-12 06:00:00+00:00
8962,0.4191136062145233,0.1713317632675171,0.40955471992492676,0,2025-02-12 09:00:00+00:00
8963,0.36587321758270264,0.1647614687681198,0.46936526894569397,2,2025-02-12 09:00:00+00:00
8964,0.36587321758270264,0.1647614687681198,0.46936526894569397,2,2025-02-12 10:00:00+00:00
8965,0.3534887135028839,0.16518370807170868,0.481327623128891,2,2025-02-12 10:00:00+00:00
8966,0.3534887135028839,0.16518370807170868,0.481327623128891,2,2025-02-12 11:00:00+00:00
8967,0.2982824444770813,0.15327253937721252,0.548444926738739,2,2025-02-12 11:00:00+00:00
8968,0.2982824444770813,0.15327253937721252,0.548444926738739,2,2025-02-12 12:00:00+00:00
8969,0.3045397102832794,0.15854036808013916,0.536919891834259,2,2025-02-12 12:00:00+00:00
8970,0.3045397102832794,0.15854036808013916,0.536919891834259,2,2025-02-12 13:00:00+00:00
8971,0.34748464822769165,0.16488777101039886,0.48762768507003784,2,2025-02-12 13:00:00+00:00
8972,0.34748464822769165,0.16488777101039886,0.48762768507003784,2,2025-02-12 16:00:00+00:00
8973,0.5238441824913025,0.16158588230609894,0.31456997990608215,0,2025-02-12 16:00:00+00:00
8974,0.5238441824913025,0.16158588230609894,0.31456997990608215,0,2025-02-12 17:00:00+00:00
8975,0.4626268148422241,0.16522909700870514,0.37214410305023193,0,2025-02-12 17:00:00+00:00
8976,0.4626268148422241,0.16522909700870514,0.37214410305023193,0,2025-02-12 19:00:00+00:00
8977,0.47836580872535706,0.16228531301021576,0.35934892296791077,0,2025-02-12 19:00:00+00:00
8978,0.47836580872535706,0.16228531301021576,0.35934892296791077,0,2025-02-12 20:00:00+00:00
8979,0.4790322780609131,0.1628556251525879,0.3581121861934662,0,2025-02-12 20:00:00+00:00
8980,0.4790322780609131,0.1628556251525879,0.3581121861934662,0,2025-02-12 21:00:00+00:00
8981,0.4660588800907135,0.1676468700170517,0.3662942051887512,0,2025-02-12 21:00:00+00:00
8982,0.4660588800907135,0.1676468700170517,0.3662942051887512,0,2025-02-12 22:00:00+00:00
8983,0.4025065004825592,0.1780387908220291,0.4194546341896057,2,2025-02-12 22:00:00+00:00
8984,0.4025065004825592,0.1780387908220291,0.4194546341896057,2,2025-02-13 00:00:00+00:00
8985,0.37706586718559265,0.1868962049484253,0.43603795766830444,2,2025-02-13 00:00:00+00:00
8986,0.37706586718559265,0.1868962049484253,0.43603795766830444,2,2025-02-13 01:00:00+00:00
8987,0.238194540143013,0.13985653221607208,0.6219488978385925,2,2025-02-13 01:00:00+00:00
8988,0.238194540143013,0.13985653221607208,0.6219488978385925,2,2025-02-13 02:00:00+00:00
8989,0.2429264634847641,0.16308827698230743,0.5939851999282837,2,2025-02-13 02:00:00+00:00
8990,0.2429264634847641,0.16308827698230743,0.5939851999282837,2,2025-02-13 04:00:00+00:00
8991,0.2028476893901825,0.17253731191158295,0.6246150135993958,2,2025-02-13 04:00:00+00:00
8992,0.2028476893901825,0.17253731191158295,0.6246150135993958,2,2025-02-13 06:00:00+00:00
8993,0.18549345433712006,0.1557527333498001,0.6587538123130798,2,2025-02-13 06:00:00+00:00
8994,0.18549345433712006,0.1557527333498001,0.6587538123130798,2,2025-02-13 08:00:00+00:00
8995,0.22140763700008392,0.15199126303195953,0.6266011595726013,2,2025-02-13 08:00:00+00:00
8996,0.22140763700008392,0.15199126303195953,0.6266011595726013,2,2025-02-13 09:00:00+00:00
8997,0.2750813663005829,0.14793291687965393,0.5769857168197632,2,2025-02-13 09:00:00+00:00
8998,0.2750813663005829,0.14793291687965393,0.5769857168197632,2,2025-02-13 10:00:00+00:00
8999,0.2338029146194458,0.1552816778421402,0.6109154224395752,2,2025-02-13 10:00:00+00:00
9000,0.2338029146194458,0.1552816778421402,0.6109154224395752,2,2025-02-13 11:00:00+00:00
9001,0.23455335199832916,0.16314657032489777,0.6023000478744507,2,2025-02-13 11:00:00+00:00
9002,0.23455335199832916,0.16314657032489777,0.6023000478744507,2,2025-02-13 13:00:00+00:00
9003,0.31968367099761963,0.1518392115831375,0.5284771919250488,2,2025-02-13 13:00:00+00:00
9004,0.31968367099761963,0.1518392115831375,0.5284771919250488,2,2025-02-13 14:00:00+00:00
9005,0.331236869096756,0.14301873743534088,0.5257443189620972,2,2025-02-13 14:00:00+00:00
9006,0.331236869096756,0.14301873743534088,0.5257443189620972,2,2025-02-13 17:00:00+00:00
9007,0.47635704278945923,0.12582018971443176,0.3978227972984314,0,2025-02-13 17:00:00+00:00
9008,0.47635704278945923,0.12582018971443176,0.3978227972984314,0,2025-02-13 18:00:00+00:00
9009,0.41980451345443726,0.12291092425584793,0.457284539937973,2,2025-02-13 18:00:00+00:00
9010,0.41980451345443726,0.12291092425584793,0.457284539937973,2,2025-02-13 19:00:00+00:00
9011,0.21469202637672424,0.12496671825647354,0.6603412628173828,2,2025-02-13 19:00:00+00:00
9012,0.21469202637672424,0.12496671825647354,0.6603412628173828,2,2025-02-13 20:00:00+00:00
9013,0.28668686747550964,0.14233805239200592,0.570975124835968,2,2025-02-13 20:00:00+00:00
9014,0.28668686747550964,0.14233805239200592,0.570975124835968,2,2025-02-13 21:00:00+00:00
9015,0.22158090770244598,0.1447199583053589,0.6336991190910339,2,2025-02-13 21:00:00+00:00
9016,0.22158090770244598,0.1447199583053589,0.6336991190910339,2,2025-02-13 22:00:00+00:00
9017,0.2284686267375946,0.1429625302553177,0.6285688281059265,2,2025-02-13 22:00:00+00:00
9018,0.2284686267375946,0.1429625302553177,0.6285688281059265,2,2025-02-13 23:00:00+00:00
9019,0.23996500670909882,0.14865243434906006,0.6113826036453247,2,2025-02-13 23:00:00+00:00
9020,0.23996500670909882,0.14865243434906006,0.6113826036453247,2,2025-02-14 00:00:00+00:00
9021,0.2267833650112152,0.1505833864212036,0.6226332187652588,2,2025-02-14 00:00:00+00:00
9022,0.2267833650112152,0.1505833864212036,0.6226332187652588,2,2025-02-14 01:00:00+00:00
9023,0.2141246497631073,0.1621343195438385,0.6237410306930542,2,2025-02-14 01:00:00+00:00
9024,0.2141246497631073,0.1621343195438385,0.6237410306930542,2,2025-02-14 02:00:00+00:00
9025,0.20601524412631989,0.1695735901594162,0.6244111657142639,2,2025-02-14 02:00:00+00:00
9026,0.20601524412631989,0.1695735901594162,0.6244111657142639,2,2025-02-14 03:00:00+00:00
9027,0.20871281623840332,0.16592498123645782,0.6253621578216553,2,2025-02-14 03:00:00+00:00
9028,0.20871281623840332,0.16592498123645782,0.6253621578216553,2,2025-02-14 04:00:00+00:00
9029,0.22944164276123047,0.17777365446090698,0.5927847027778625,2,2025-02-14 04:00:00+00:00
9030,0.22944164276123047,0.17777365446090698,0.5927847027778625,2,2025-02-14 05:00:00+00:00
9031,0.19916991889476776,0.1672847867012024,0.6335452795028687,2,2025-02-14 05:00:00+00:00
9032,0.19916991889476776,0.1672847867012024,0.6335452795028687,2,2025-02-14 06:00:00+00:00
9033,0.19416725635528564,0.15975233912467957,0.6460804343223572,2,2025-02-14 06:00:00+00:00
9034,0.19416725635528564,0.15975233912467957,0.6460804343223572,2,2025-02-14 07:00:00+00:00
9035,0.1834675669670105,0.1575375199317932,0.6589949131011963,2,2025-02-14 07:00:00+00:00
9036,0.1834675669670105,0.1575375199317932,0.6589949131011963,2,2025-02-14 08:00:00+00:00
9037,0.15902666747570038,0.17426636815071106,0.6667069792747498,2,2025-02-14 08:00:00+00:00
9038,0.15902666747570038,0.17426636815071106,0.6667069792747498,2,2025-02-14 09:00:00+00:00
9039,0.1830686330795288,0.1821095198392868,0.6348218321800232,2,2025-02-14 09:00:00+00:00
9040,0.1830686330795288,0.1821095198392868,0.6348218321800232,2,2025-02-14 10:00:00+00:00
9041,0.1837954819202423,0.17649951577186584,0.6397050023078918,2,2025-02-14 10:00:00+00:00
9042,0.1837954819202423,0.17649951577186584,0.6397050023078918,2,2025-02-14 11:00:00+00:00
9043,0.20324239134788513,0.19394537806510925,0.6028121709823608,2,2025-02-14 11:00:00+00:00
9044,0.20324239134788513,0.19394537806510925,0.6028121709823608,2,2025-02-14 12:00:00+00:00
9045,0.24082721769809723,0.2138800323009491,0.5452926754951477,2,2025-02-14 12:00:00+00:00
9046,0.24082721769809723,0.2138800323009491,0.5452926754951477,2,2025-02-14 13:00:00+00:00
9047,0.27844420075416565,0.22874164581298828,0.4928141236305237,2,2025-02-14 13:00:00+00:00
9048,0.27844420075416565,0.22874164581298828,0.4928141236305237,2,2025-02-14 14:00:00+00:00
9049,0.2746621072292328,0.21919088065624237,0.506147027015686,2,2025-02-14 14:00:00+00:00
9050,0.2746621072292328,0.21919088065624237,0.506147027015686,2,2025-02-14 17:00:00+00:00
9051,0.24119682610034943,0.18318691849708557,0.5756162405014038,2,2025-02-14 17:00:00+00:00
9052,0.24119682610034943,0.18318691849708557,0.5756162405014038,2,2025-02-14 19:00:00+00:00
9053,0.18544524908065796,0.1779758781194687,0.6365787982940674,2,2025-02-14 19:00:00+00:00
9054,0.18544524908065796,0.1779758781194687,0.6365787982940674,2,2025-02-14 20:00:00+00:00
9055,0.19433805346488953,0.1826276183128357,0.6230342984199524,2,2025-02-14 20:00:00+00:00
9056,0.19433805346488953,0.1826276183128357,0.6230342984199524,2,2025-02-14 22:00:00+00:00
9057,0.1612243503332138,0.1684132218360901,0.6703623533248901,2,2025-02-14 22:00:00+00:00
9058,0.1612243503332138,0.1684132218360901,0.6703623533248901,2,2025-02-15 00:00:00+00:00
9059,0.22650519013404846,0.20047976076602936,0.573015034198761,2,2025-02-15 00:00:00+00:00
9060,0.22650519013404846,0.20047976076602936,0.573015034198761,2,2025-02-15 01:00:00+00:00
9061,0.15327073633670807,0.1618291586637497,0.6849000453948975,2,2025-02-15 01:00:00+00:00
9062,0.15327073633670807,0.1618291586637497,0.6849000453948975,2,2025-02-15 02:00:00+00:00
9063,0.12513883411884308,0.15592342615127563,0.7189378142356873,2,2025-02-15 02:00:00+00:00
9064,0.12513883411884308,0.15592342615127563,0.7189378142356873,2,2025-02-15 03:00:00+00:00
9065,0.128805011510849,0.1563277244567871,0.7148672342300415,2,2025-02-15 03:00:00+00:00
9066,0.128805011510849,0.1563277244567871,0.7148672342300415,2,2025-02-15 04:00:00+00:00
9067,0.1349744200706482,0.15459266304969788,0.7104329466819763,2,2025-02-15 04:00:00+00:00
9068,0.1349744200706482,0.15459266304969788,0.7104329466819763,2,2025-02-15 05:00:00+00:00
9069,0.12510554492473602,0.16332240402698517,0.7115720510482788,2,2025-02-15 05:00:00+00:00
9070,0.12510554492473602,0.16332240402698517,0.7115720510482788,2,2025-02-15 06:00:00+00:00
9071,0.16766217350959778,0.16804981231689453,0.6642879843711853,2,2025-02-15 06:00:00+00:00
9072,0.16766217350959778,0.16804981231689453,0.6642879843711853,2,2025-02-15 08:00:00+00:00
9073,0.19576644897460938,0.1801317185163498,0.6241018176078796,2,2025-02-15 08:00:00+00:00
9074,0.19576644897460938,0.1801317185163498,0.6241018176078796,2,2025-02-15 09:00:00+00:00
9075,0.18498171865940094,0.18744869530200958,0.6275696158409119,2,2025-02-15 09:00:00+00:00
9076,0.18498171865940094,0.18744869530200958,0.6275696158409119,2,2025-02-15 11:00:00+00:00
9077,0.2101249098777771,0.18362605571746826,0.6062490940093994,2,2025-02-15 11:00:00+00:00
9078,0.2101249098777771,0.18362605571746826,0.6062490940093994,2,2025-02-15 12:00:00+00:00
9079,0.2069091945886612,0.17690080404281616,0.6161900162696838,2,2025-02-15 12:00:00+00:00
9080,0.2069091945886612,0.17690080404281616,0.6161900162696838,2,2025-02-15 13:00:00+00:00
9081,0.18564286828041077,0.15912503004074097,0.6552321910858154,2,2025-02-15 13:00:00+00:00
9082,0.18564286828041077,0.15912503004074097,0.6552321910858154,2,2025-02-15 14:00:00+00:00
9083,0.2109418511390686,0.16387687623500824,0.625181257724762,2,2025-02-15 14:00:00+00:00
9084,0.2109418511390686,0.16387687623500824,0.625181257724762,2,2025-02-15 16:00:00+00:00
9085,0.2907324433326721,0.1592068076133728,0.5500606298446655,2,2025-02-15 16:00:00+00:00
9086,0.2907324433326721,0.1592068076133728,0.5500606298446655,2,2025-02-15 17:00:00+00:00
9087,0.3488708436489105,0.1486974060535431,0.5024317502975464,2,2025-02-15 17:00:00+00:00
9088,0.3488708436489105,0.1486974060535431,0.5024317502975464,2,2025-02-15 18:00:00+00:00
9089,0.47461095452308655,0.1578666865825653,0.36752232909202576,0,2025-02-15 18:00:00+00:00
9090,0.47461095452308655,0.1578666865825653,0.36752232909202576,0,2025-02-15 20:00:00+00:00
9091,0.3967396318912506,0.15417473018169403,0.4490855932235718,2,2025-02-15 20:00:00+00:00
9092,0.3967396318912506,0.15417473018169403,0.4490855932235718,2,2025-02-15 21:00:00+00:00
9093,0.43716028332710266,0.1508966088294983,0.41194313764572144,0,2025-02-15 21:00:00+00:00
9094,0.43716028332710266,0.1508966088294983,0.41194313764572144,0,2025-02-15 22:00:00+00:00
9095,0.37621212005615234,0.1539941281080246,0.4697937071323395,2,2025-02-15 22:00:00+00:00
9096,0.37621212005615234,0.1539941281080246,0.4697937071323395,2,2025-02-15 23:00:00+00:00
9097,0.3064876198768616,0.17020274698734283,0.5233096480369568,2,2025-02-15 23:00:00+00:00
9098,0.3064876198768616,0.17020274698734283,0.5233096480369568,2,2025-02-16 00:00:00+00:00
9099,0.3050491511821747,0.15291915833950043,0.5420316457748413,2,2025-02-16 00:00:00+00:00
9100,0.3050491511821747,0.15291915833950043,0.5420316457748413,2,2025-02-16 01:00:00+00:00
9101,0.21171057224273682,0.15677490830421448,0.6315145492553711,2,2025-02-16 01:00:00+00:00
9102,0.21171057224273682,0.15677490830421448,0.6315145492553711,2,2025-02-16 03:00:00+00:00
9103,0.36409395933151245,0.15331782400608063,0.4825882613658905,2,2025-02-16 03:00:00+00:00
9104,0.36409395933151245,0.15331782400608063,0.4825882613658905,2,2025-02-16 04:00:00+00:00
9105,0.2349124401807785,0.16504822671413422,0.6000393629074097,2,2025-02-16 04:00:00+00:00
9106,0.2349124401807785,0.16504822671413422,0.6000393629074097,2,2025-02-16 05:00:00+00:00
9107,0.20838552713394165,0.16075383126735687,0.6308606266975403,2,2025-02-16 05:00:00+00:00
9108,0.20838552713394165,0.16075383126735687,0.6308606266975403,2,2025-02-16 06:00:00+00:00
9109,0.17634928226470947,0.17008765041828156,0.6535630226135254,2,2025-02-16 06:00:00+00:00
9110,0.17634928226470947,0.17008765041828156,0.6535630226135254,2,2025-02-16 07:00:00+00:00
9111,0.17021241784095764,0.17017003893852234,0.6596174836158752,2,2025-02-16 07:00:00+00:00
9112,0.17021241784095764,0.17017003893852234,0.6596174836158752,2,2025-02-16 08:00:00+00:00
9113,0.2710576355457306,0.1544654220342636,0.574476957321167,2,2025-02-16 08:00:00+00:00
9114,0.2710576355457306,0.1544654220342636,0.574476957321167,2,2025-02-16 09:00:00+00:00
9115,0.22355510294437408,0.16551794111728668,0.6109269857406616,2,2025-02-16 09:00:00+00:00
9116,0.22355510294437408,0.16551794111728668,0.6109269857406616,2,2025-02-16 10:00:00+00:00
9117,0.16854031383991241,0.16620425879955292,0.6652554869651794,2,2025-02-16 10:00:00+00:00
9118,0.16854031383991241,0.16620425879955292,0.6652554869651794,2,2025-02-16 11:00:00+00:00
9119,0.2728157639503479,0.17010465264320374,0.5570796728134155,2,2025-02-16 11:00:00+00:00
9120,0.2728157639503479,0.17010465264320374,0.5570796728134155,2,2025-02-16 12:00:00+00:00
9121,0.21058471500873566,0.17467784881591797,0.6147373914718628,2,2025-02-16 12:00:00+00:00
9122,0.21058471500873566,0.17467784881591797,0.6147373914718628,2,2025-02-16 13:00:00+00:00
9123,0.26811110973358154,0.15474644303321838,0.5771424770355225,2,2025-02-16 13:00:00+00:00
9124,0.26811110973358154,0.15474644303321838,0.5771424770355225,2,2025-02-16 14:00:00+00:00
9125,0.42041900753974915,0.14048519730567932,0.43909573554992676,2,2025-02-16 14:00:00+00:00
9126,0.42041900753974915,0.14048519730567932,0.43909573554992676,2,2025-02-16 15:00:00+00:00
9127,0.4197322726249695,0.13252000510692596,0.44774770736694336,2,2025-02-16 15:00:00+00:00
9128,0.4197322726249695,0.13252000510692596,0.44774770736694336,2,2025-02-16 16:00:00+00:00
9129,0.362587034702301,0.14252085983753204,0.4948921203613281,2,2025-02-16 16:00:00+00:00
9130,0.362587034702301,0.14252085983753204,0.4948921203613281,2,2025-02-16 17:00:00+00:00
9131,0.43163514137268066,0.1288389265537262,0.4395259916782379,2,2025-02-16 17:00:00+00:00
9132,0.43163514137268066,0.1288389265537262,0.4395259916782379,2,2025-02-16 19:00:00+00:00
9133,0.446454793214798,0.12058452516794205,0.43296071887016296,0,2025-02-16 19:00:00+00:00
9134,0.446454793214798,0.12058452516794205,0.43296071887016296,0,2025-02-16 21:00:00+00:00
9135,0.4254116714000702,0.12597842514514923,0.4486098885536194,2,2025-02-16 21:00:00+00:00
9136,0.4254116714000702,0.12597842514514923,0.4486098885536194,2,2025-02-16 22:00:00+00:00
9137,0.429367333650589,0.12769831717014313,0.4429342746734619,2,2025-02-16 22:00:00+00:00
9138,0.429367333650589,0.12769831717014313,0.4429342746734619,2,2025-02-16 23:00:00+00:00
9139,0.3878106474876404,0.14587907493114471,0.46631038188934326,2,2025-02-16 23:00:00+00:00
9140,0.3878106474876404,0.14587907493114471,0.46631038188934326,2,2025-02-17 00:00:00+00:00
9141,0.4385952949523926,0.12320680171251297,0.43819791078567505,0,2025-02-17 00:00:00+00:00
9142,0.4385952949523926,0.12320680171251297,0.43819791078567505,0,2025-02-17 01:00:00+00:00
9143,0.3946520984172821,0.14061248302459717,0.46473538875579834,2,2025-02-17 01:00:00+00:00
9144,0.3946520984172821,0.14061248302459717,0.46473538875579834,2,2025-02-17 02:00:00+00:00
9145,0.39676398038864136,0.14360983669757843,0.4596261978149414,2,2025-02-17 02:00:00+00:00
9146,0.39676398038864136,0.14360983669757843,0.4596261978149414,2,2025-02-17 03:00:00+00:00
9147,0.4524136781692505,0.12775826454162598,0.4198280870914459,0,2025-02-17 03:00:00+00:00
9148,0.4524136781692505,0.12775826454162598,0.4198280870914459,0,2025-02-17 04:00:00+00:00
9149,0.4386298656463623,0.145828515291214,0.4155416488647461,0,2025-02-17 04:00:00+00:00
9150,0.4386298656463623,0.145828515291214,0.4155416488647461,0,2025-02-17 05:00:00+00:00
9151,0.5525527000427246,0.1256367415189743,0.3218105137348175,0,2025-02-17 05:00:00+00:00
9152,0.5525527000427246,0.1256367415189743,0.3218105137348175,0,2025-02-17 06:00:00+00:00
9153,0.5423387885093689,0.11730796843767166,0.34035325050354004,0,2025-02-17 06:00:00+00:00
9154,0.5423387885093689,0.11730796843767166,0.34035325050354004,0,2025-02-17 07:00:00+00:00
9155,0.5163852572441101,0.13840091228485107,0.34521371126174927,0,2025-02-17 07:00:00+00:00
9156,0.5163852572441101,0.13840091228485107,0.34521371126174927,0,2025-02-17 09:00:00+00:00
9157,0.437138170003891,0.13886770606040955,0.42399412393569946,0,2025-02-17 09:00:00+00:00
9158,0.437138170003891,0.13886770606040955,0.42399412393569946,0,2025-02-17 10:00:00+00:00
9159,0.41228440403938293,0.15641425549983978,0.4313013255596161,2,2025-02-17 10:00:00+00:00
9160,0.41228440403938293,0.15641425549983978,0.4313013255596161,2,2025-02-17 12:00:00+00:00
9161,0.46082571148872375,0.13380026817321777,0.40537410974502563,0,2025-02-17 12:00:00+00:00
9162,0.46082571148872375,0.13380026817321777,0.40537410974502563,0,2025-02-17 13:00:00+00:00
9163,0.3931524157524109,0.12896373867988586,0.47788384556770325,2,2025-02-17 13:00:00+00:00
9164,0.3931524157524109,0.12896373867988586,0.47788384556770325,2,2025-02-17 14:00:00+00:00
9165,0.36645814776420593,0.14303985238075256,0.49050194025039673,2,2025-02-17 14:00:00+00:00
9166,0.36645814776420593,0.14303985238075256,0.49050194025039673,2,2025-02-17 15:00:00+00:00
9167,0.42038482427597046,0.11675677448511124,0.4628584682941437,2,2025-02-17 15:00:00+00:00
9168,0.42038482427597046,0.11675677448511124,0.4628584682941437,2,2025-02-17 16:00:00+00:00
9169,0.5302237868309021,0.10755881667137146,0.36221739649772644,0,2025-02-17 16:00:00+00:00
9170,0.5302237868309021,0.10755881667137146,0.36221739649772644,0,2025-02-17 17:00:00+00:00
9171,0.5779568552970886,0.10046686977148056,0.3215762972831726,0,2025-02-17 17:00:00+00:00
9172,0.5779568552970886,0.10046686977148056,0.3215762972831726,0,2025-02-17 18:00:00+00:00
9173,0.5948677659034729,0.09621381759643555,0.30891847610473633,0,2025-02-17 18:00:00+00:00
9174,0.5948677659034729,0.09621381759643555,0.30891847610473633,0,2025-02-17 19:00:00+00:00
9175,0.622010350227356,0.09196344763040543,0.286026269197464,0,2025-02-17 19:00:00+00:00
9176,0.622010350227356,0.09196344763040543,0.286026269197464,0,2025-02-17 20:00:00+00:00
9177,0.5534672141075134,0.1040583923459053,0.3424743413925171,0,2025-02-17 20:00:00+00:00
9178,0.5534672141075134,0.1040583923459053,0.3424743413925171,0,2025-02-17 21:00:00+00:00
9179,0.49069806933403015,0.11594259738922119,0.39335939288139343,0,2025-02-17 21:00:00+00:00
9180,0.49069806933403015,0.11594259738922119,0.39335939288139343,0,2025-02-17 22:00:00+00:00
9181,0.4155319035053253,0.1262814849615097,0.4581865668296814,2,2025-02-17 22:00:00+00:00
9182,0.4155319035053253,0.1262814849615097,0.4581865668296814,2,2025-02-17 23:00:00+00:00
9183,0.4733441174030304,0.12781859934329987,0.3988373279571533,0,2025-02-17 23:00:00+00:00
9184,0.4733441174030304,0.12781859934329987,0.3988373279571533,0,2025-02-18 00:00:00+00:00
9185,0.4894890785217285,0.12397085875272751,0.3865400552749634,0,2025-02-18 00:00:00+00:00
9186,0.4894890785217285,0.12397085875272751,0.3865400552749634,0,2025-02-18 01:00:00+00:00
9187,0.5178993344306946,0.1176132783293724,0.3644874095916748,0,2025-02-18 01:00:00+00:00
9188,0.5178993344306946,0.1176132783293724,0.3644874095916748,0,2025-02-18 02:00:00+00:00
9189,0.48433277010917664,0.11709139496088028,0.3985758423805237,0,2025-02-18 02:00:00+00:00
9190,0.48433277010917664,0.11709139496088028,0.3985758423805237,0,2025-02-18 03:00:00+00:00
9191,0.42344287037849426,0.1384320855140686,0.43812501430511475,2,2025-02-18 03:00:00+00:00
9192,0.42344287037849426,0.1384320855140686,0.43812501430511475,2,2025-02-18 04:00:00+00:00
9193,0.4028814733028412,0.1448240429162979,0.4522944986820221,2,2025-02-18 04:00:00+00:00
9194,0.4028814733028412,0.1448240429162979,0.4522944986820221,2,2025-02-18 05:00:00+00:00
9195,0.4729958772659302,0.12446138262748718,0.4025426506996155,0,2025-02-18 05:00:00+00:00
9196,0.4729958772659302,0.12446138262748718,0.4025426506996155,0,2025-02-18 06:00:00+00:00
9197,0.5835331678390503,0.09641793370246887,0.32004886865615845,0,2025-02-18 06:00:00+00:00
9198,0.5835331678390503,0.09641793370246887,0.32004886865615845,0,2025-02-18 09:00:00+00:00
9199,0.7068221569061279,0.07504461705684662,0.21813322603702545,0,2025-02-18 09:00:00+00:00
9200,0.7068221569061279,0.07504461705684662,0.21813322603702545,0,2025-02-18 10:00:00+00:00
9201,0.5650516748428345,0.09192469716072083,0.34302353858947754,0,2025-02-18 10:00:00+00:00
9202,0.5650516748428345,0.09192469716072083,0.34302353858947754,0,2025-02-18 12:00:00+00:00
9203,0.4666910767555237,0.14273981750011444,0.39056912064552307,0,2025-02-18 12:00:00+00:00
9204,0.4666910767555237,0.14273981750011444,0.39056912064552307,0,2025-02-18 14:00:00+00:00
9205,0.47748538851737976,0.12765659391880035,0.3948579728603363,0,2025-02-18 14:00:00+00:00
9206,0.47748538851737976,0.12765659391880035,0.3948579728603363,0,2025-02-18 16:00:00+00:00
9207,0.5769427418708801,0.08695518225431442,0.3361020088195801,0,2025-02-18 16:00:00+00:00
9208,0.5769427418708801,0.08695518225431442,0.3361020088195801,0,2025-02-18 19:00:00+00:00
9209,0.5703424215316772,0.08487977087497711,0.34477779269218445,0,2025-02-18 19:00:00+00:00
9210,0.5703424215316772,0.08487977087497711,0.34477779269218445,0,2025-02-18 20:00:00+00:00
9211,0.5390718579292297,0.09000817686319351,0.37091997265815735,0,2025-02-18 20:00:00+00:00
9212,0.5390718579292297,0.09000817686319351,0.37091997265815735,0,2025-02-18 21:00:00+00:00
9213,0.5841888785362244,0.07699412107467651,0.33881697058677673,0,2025-02-18 21:00:00+00:00
9214,0.5841888785362244,0.07699412107467651,0.33881697058677673,0,2025-02-19 00:00:00+00:00
9215,0.427695095539093,0.08874674886465073,0.48355814814567566,2,2025-02-19 00:00:00+00:00
9216,0.427695095539093,0.08874674886465073,0.48355814814567566,2,2025-02-19 01:00:00+00:00
9217,0.43430593609809875,0.09009461104869843,0.4755993187427521,2,2025-02-19 01:00:00+00:00
9218,0.43430593609809875,0.09009461104869843,0.4755993187427521,2,2025-02-19 03:00:00+00:00
9219,0.39121386408805847,0.11197369545698166,0.49681246280670166,2,2025-02-19 03:00:00+00:00
9220,0.39121386408805847,0.11197369545698166,0.49681246280670166,2,2025-02-19 04:00:00+00:00
9221,0.40268674492836,0.12182032316923141,0.4754928946495056,2,2025-02-19 04:00:00+00:00
9222,0.40268674492836,0.12182032316923141,0.4754928946495056,2,2025-02-19 05:00:00+00:00
9223,0.5220558047294617,0.10637013614177704,0.3715740740299225,0,2025-02-19 05:00:00+00:00
9224,0.5220558047294617,0.10637013614177704,0.3715740740299225,0,2025-02-19 06:00:00+00:00
9225,0.35374748706817627,0.13633114099502563,0.5099213719367981,2,2025-02-19 06:00:00+00:00
9226,0.35374748706817627,0.13633114099502563,0.5099213719367981,2,2025-02-19 07:00:00+00:00
9227,0.34740498661994934,0.1545065939426422,0.49808841943740845,2,2025-02-19 07:00:00+00:00
9228,0.34740498661994934,0.1545065939426422,0.49808841943740845,2,2025-02-19 08:00:00+00:00
9229,0.38141319155693054,0.17753103375434875,0.44105568528175354,2,2025-02-19 08:00:00+00:00
9230,0.38141319155693054,0.17753103375434875,0.44105568528175354,2,2025-02-19 09:00:00+00:00
9231,0.40086492896080017,0.17166773974895477,0.4274672865867615,2,2025-02-19 09:00:00+00:00
9232,0.40086492896080017,0.17166773974895477,0.4274672865867615,2,2025-02-19 11:00:00+00:00
9233,0.4054996371269226,0.20337535440921783,0.39112505316734314,0,2025-02-19 11:00:00+00:00
9234,0.4054996371269226,0.20337535440921783,0.39112505316734314,0,2025-02-19 12:00:00+00:00
9235,0.43022626638412476,0.24395528435707092,0.3258184492588043,0,2025-02-19 12:00:00+00:00
9236,0.43022626638412476,0.24395528435707092,0.3258184492588043,0,2025-02-19 13:00:00+00:00
9237,0.36503374576568604,0.19895121455192566,0.4360150694847107,2,2025-02-19 13:00:00+00:00
9238,0.36503374576568604,0.19895121455192566,0.4360150694847107,2,2025-02-19 16:00:00+00:00
9239,0.30331727862358093,0.1353130042552948,0.5613697171211243,2,2025-02-19 16:00:00+00:00
9240,0.30331727862358093,0.1353130042552948,0.5613697171211243,2,2025-02-19 17:00:00+00:00
9241,0.3729260265827179,0.15559738874435425,0.47147658467292786,2,2025-02-19 17:00:00+00:00
9242,0.3729260265827179,0.15559738874435425,0.47147658467292786,2,2025-02-19 19:00:00+00:00
9243,0.25431856513023376,0.13301123678684235,0.6126701831817627,2,2025-02-19 19:00:00+00:00
9244,0.25431856513023376,0.13301123678684235,0.6126701831817627,2,2025-02-19 20:00:00+00:00
9245,0.24126757681369781,0.1296066790819168,0.6291256546974182,2,2025-02-19 20:00:00+00:00
9246,0.24126757681369781,0.1296066790819168,0.6291256546974182,2,2025-02-19 21:00:00+00:00
9247,0.3305535912513733,0.13455767929553986,0.5348886847496033,2,2025-02-19 21:00:00+00:00
9248,0.3305535912513733,0.13455767929553986,0.5348886847496033,2,2025-02-19 23:00:00+00:00
9249,0.2834080755710602,0.14878764748573303,0.567804217338562,2,2025-02-19 23:00:00+00:00
9250,0.2834080755710602,0.14878764748573303,0.567804217338562,2,2025-02-20 00:00:00+00:00
9251,0.2768722176551819,0.16551436483860016,0.5576134324073792,2,2025-02-20 00:00:00+00:00
9252,0.2768722176551819,0.16551436483860016,0.5576134324073792,2,2025-02-20 01:00:00+00:00
9253,0.26762619614601135,0.16361132264137268,0.5687625408172607,2,2025-02-20 01:00:00+00:00
9254,0.26762619614601135,0.16361132264137268,0.5687625408172607,2,2025-02-20 02:00:00+00:00
9255,0.23738716542720795,0.14724266529083252,0.6153701543807983,2,2025-02-20 02:00:00+00:00
9256,0.23738716542720795,0.14724266529083252,0.6153701543807983,2,2025-02-20 03:00:00+00:00
9257,0.31932324171066284,0.19482696056365967,0.4858497977256775,2,2025-02-20 03:00:00+00:00
9258,0.31932324171066284,0.19482696056365967,0.4858497977256775,2,2025-02-20 04:00:00+00:00
9259,0.21060246229171753,0.15518398582935333,0.6342136263847351,2,2025-02-20 04:00:00+00:00
9260,0.21060246229171753,0.15518398582935333,0.6342136263847351,2,2025-02-20 05:00:00+00:00
9261,0.23010575771331787,0.16327296197414398,0.6066212058067322,2,2025-02-20 05:00:00+00:00
9262,0.23010575771331787,0.16327296197414398,0.6066212058067322,2,2025-02-20 06:00:00+00:00
9263,0.25876885652542114,0.18179404735565186,0.559437096118927,2,2025-02-20 06:00:00+00:00
9264,0.25876885652542114,0.18179404735565186,0.559437096118927,2,2025-02-20 07:00:00+00:00
9265,0.2982800006866455,0.22037732601165771,0.48134270310401917,2,2025-02-20 07:00:00+00:00
9266,0.2982800006866455,0.22037732601165771,0.48134270310401917,2,2025-02-20 08:00:00+00:00
9267,0.30949169397354126,0.2382848560810089,0.45222344994544983,2,2025-02-20 08:00:00+00:00
9268,0.30949169397354126,0.2382848560810089,0.45222344994544983,2,2025-02-20 10:00:00+00:00
9269,0.3052726089954376,0.21395666897296906,0.4807708263397217,2,2025-02-20 10:00:00+00:00
9270,0.3052726089954376,0.21395666897296906,0.4807708263397217,2,2025-02-20 11:00:00+00:00
9271,0.35391032695770264,0.2708679437637329,0.37522178888320923,2,2025-02-20 11:00:00+00:00
9272,0.35391032695770264,0.2708679437637329,0.37522178888320923,2,2025-02-20 12:00:00+00:00
9273,0.3311234414577484,0.329727441072464,0.3391490578651428,2,2025-02-20 12:00:00+00:00
9274,0.3311234414577484,0.329727441072464,0.3391490578651428,2,2025-02-20 15:00:00+00:00
9275,0.30588898062705994,0.17554984986782074,0.5185611844062805,2,2025-02-20 15:00:00+00:00
9276,0.30588898062705994,0.17554984986782074,0.5185611844062805,2,2025-02-20 16:00:00+00:00
9277,0.26057136058807373,0.1681402623653412,0.5712882876396179,2,2025-02-20 16:00:00+00:00
9278,0.26057136058807373,0.1681402623653412,0.5712882876396179,2,2025-02-20 17:00:00+00:00
9279,0.21728841960430145,0.15721751749515533,0.6254940032958984,2,2025-02-20 17:00:00+00:00
9280,0.21728841960430145,0.15721751749515533,0.6254940032958984,2,2025-02-20 18:00:00+00:00
9281,0.28736141324043274,0.1783667951822281,0.534271776676178,2,2025-02-20 18:00:00+00:00
9282,0.28736141324043274,0.1783667951822281,0.534271776676178,2,2025-02-20 19:00:00+00:00
9283,0.31811079382896423,0.17821474373340607,0.5036744475364685,2,2025-02-20 19:00:00+00:00
9284,0.31811079382896423,0.17821474373340607,0.5036744475364685,2,2025-02-20 20:00:00+00:00
9285,0.325520783662796,0.1841886043548584,0.4902905821800232,2,2025-02-20 20:00:00+00:00
9286,0.325520783662796,0.1841886043548584,0.4902905821800232,2,2025-02-20 21:00:00+00:00
9287,0.3645109534263611,0.18749083578586578,0.44799816608428955,2,2025-02-20 21:00:00+00:00
9288,0.3645109534263611,0.18749083578586578,0.44799816608428955,2,2025-02-20 23:00:00+00:00
9289,0.30824267864227295,0.18893460929393768,0.5028226971626282,2,2025-02-20 23:00:00+00:00
9290,0.30824267864227295,0.18893460929393768,0.5028226971626282,2,2025-02-21 00:00:00+00:00
9291,0.3076295852661133,0.17723050713539124,0.5151398777961731,2,2025-02-21 00:00:00+00:00
9292,0.3076295852661133,0.17723050713539124,0.5151398777961731,2,2025-02-21 02:00:00+00:00
9293,0.3425256609916687,0.19803740084171295,0.45943698287010193,2,2025-02-21 02:00:00+00:00
9294,0.3425256609916687,0.19803740084171295,0.45943698287010193,2,2025-02-21 04:00:00+00:00
9295,0.26769936084747314,0.26980093121528625,0.4624996781349182,2,2025-02-21 04:00:00+00:00
9296,0.26769936084747314,0.26980093121528625,0.4624996781349182,2,2025-02-21 05:00:00+00:00
9297,0.3145467936992645,0.2963498532772064,0.38910332322120667,2,2025-02-21 05:00:00+00:00
9298,0.3145467936992645,0.2963498532772064,0.38910332322120667,2,2025-02-21 06:00:00+00:00
9299,0.3600456416606903,0.25658246874809265,0.38337185978889465,2,2025-02-21 06:00:00+00:00
9300,0.3600456416606903,0.25658246874809265,0.38337185978889465,2,2025-02-21 07:00:00+00:00
9301,0.37413153052330017,0.3127623498439789,0.31310608983039856,0,2025-02-21 07:00:00+00:00
9302,0.37413153052330017,0.3127623498439789,0.31310608983039856,0,2025-02-21 08:00:00+00:00
9303,0.35876309871673584,0.1979479193687439,0.4432889521121979,2,2025-02-21 08:00:00+00:00
9304,0.35876309871673584,0.1979479193687439,0.4432889521121979,2,2025-02-21 09:00:00+00:00
9305,0.3814046084880829,0.2975596785545349,0.3210357427597046,0,2025-02-21 09:00:00+00:00
9306,0.3814046084880829,0.2975596785545349,0.3210357427597046,0,2025-02-21 11:00:00+00:00
9307,0.3871760666370392,0.36504536867141724,0.2477784901857376,0,2025-02-21 11:00:00+00:00
9308,0.3871760666370392,0.36504536867141724,0.2477784901857376,0,2025-02-21 12:00:00+00:00
9309,0.328090101480484,0.35558587312698364,0.3163241446018219,1,2025-02-21 12:00:00+00:00
9310,0.328090101480484,0.35558587312698364,0.3163241446018219,1,2025-02-21 13:00:00+00:00
9311,0.3678375482559204,0.31033098697662354,0.32183143496513367,0,2025-02-21 13:00:00+00:00
9312,0.3678375482559204,0.31033098697662354,0.32183143496513367,0,2025-02-21 15:00:00+00:00
9313,0.3146935701370239,0.18530967831611633,0.49999678134918213,2,2025-02-21 15:00:00+00:00
9314,0.3146935701370239,0.18530967831611633,0.49999678134918213,2,2025-02-21 18:00:00+00:00
9315,0.2911814749240875,0.18798497319221497,0.5208335518836975,2,2025-02-21 18:00:00+00:00
9316,0.2911814749240875,0.18798497319221497,0.5208335518836975,2,2025-02-21 19:00:00+00:00
9317,0.2840408980846405,0.18224509060382843,0.5337140560150146,2,2025-02-21 19:00:00+00:00
9318,0.2840408980846405,0.18224509060382843,0.5337140560150146,2,2025-02-21 21:00:00+00:00
9319,0.3584049344062805,0.17441608011722565,0.46717900037765503,2,2025-02-21 21:00:00+00:00
9320,0.3584049344062805,0.17441608011722565,0.46717900037765503,2,2025-02-21 22:00:00+00:00
9321,0.371603786945343,0.16846081614494324,0.45993539690971375,2,2025-02-21 22:00:00+00:00
9322,0.371603786945343,0.16846081614494324,0.45993539690971375,2,2025-02-21 23:00:00+00:00
9323,0.36892077326774597,0.17843495309352875,0.45264437794685364,2,2025-02-21 23:00:00+00:00
9324,0.36892077326774597,0.17843495309352875,0.45264437794685364,2,2025-02-22 00:00:00+00:00
9325,0.3833445906639099,0.18773818016052246,0.4289172887802124,2,2025-02-22 00:00:00+00:00
9326,0.3833445906639099,0.18773818016052246,0.4289172887802124,2,2025-02-22 01:00:00+00:00
9327,0.334171324968338,0.16059260070323944,0.5052360892295837,2,2025-02-22 01:00:00+00:00
9328,0.334171324968338,0.16059260070323944,0.5052360892295837,2,2025-02-22 03:00:00+00:00
9329,0.3204086422920227,0.1733238697052002,0.5062674880027771,2,2025-02-22 03:00:00+00:00
9330,0.3204086422920227,0.1733238697052002,0.5062674880027771,2,2025-02-22 04:00:00+00:00
9331,0.33749982714653015,0.17978467047214508,0.4827154576778412,2,2025-02-22 04:00:00+00:00
9332,0.33749982714653015,0.17978467047214508,0.4827154576778412,2,2025-02-22 05:00:00+00:00
9333,0.32145142555236816,0.19414521753787994,0.4844033420085907,2,2025-02-22 05:00:00+00:00
9334,0.32145142555236816,0.19414521753787994,0.4844033420085907,2,2025-02-22 06:00:00+00:00
9335,0.29687055945396423,0.36368218064308167,0.3394472897052765,1,2025-02-22 06:00:00+00:00
9336,0.29687055945396423,0.36368218064308167,0.3394472897052765,1,2025-02-22 07:00:00+00:00
9337,0.27865004539489746,0.37007689476013184,0.3512730300426483,1,2025-02-22 07:00:00+00:00
9338,0.27865004539489746,0.37007689476013184,0.3512730300426483,1,2025-02-22 08:00:00+00:00
9339,0.2787191867828369,0.3401874005794525,0.38109347224235535,2,2025-02-22 08:00:00+00:00
9340,0.2787191867828369,0.3401874005794525,0.38109347224235535,2,2025-02-22 10:00:00+00:00
9341,0.272887647151947,0.43143826723098755,0.2956741154193878,1,2025-02-22 10:00:00+00:00
9342,0.272887647151947,0.43143826723098755,0.2956741154193878,1,2025-02-22 11:00:00+00:00
9343,0.2705826461315155,0.4480299651622772,0.28138744831085205,1,2025-02-22 11:00:00+00:00
9344,0.2705826461315155,0.4480299651622772,0.28138744831085205,1,2025-02-22 12:00:00+00:00
9345,0.2766944169998169,0.46544569730758667,0.25785988569259644,1,2025-02-22 12:00:00+00:00
9346,0.2766944169998169,0.46544569730758667,0.25785988569259644,1,2025-02-22 13:00:00+00:00
9347,0.25865694880485535,0.516059160232544,0.2252839058637619,1,2025-02-22 13:00:00+00:00
9348,0.25865694880485535,0.516059160232544,0.2252839058637619,1,2025-02-22 14:00:00+00:00
9349,0.25790151953697205,0.4211899936199188,0.32090848684310913,1,2025-02-22 14:00:00+00:00
9350,0.25790151953697205,0.4211899936199188,0.32090848684310913,1,2025-02-22 16:00:00+00:00
9351,0.3474344313144684,0.31984028220176697,0.33272525668144226,0,2025-02-22 16:00:00+00:00
9352,0.3474344313144684,0.31984028220176697,0.33272525668144226,0,2025-02-22 17:00:00+00:00
9353,0.30149534344673157,0.2585543990135193,0.43995019793510437,2,2025-02-22 17:00:00+00:00
9354,0.30149534344673157,0.2585543990135193,0.43995019793510437,2,2025-02-22 18:00:00+00:00
9355,0.3472524881362915,0.22142381966114044,0.4313236176967621,2,2025-02-22 18:00:00+00:00
9356,0.3472524881362915,0.22142381966114044,0.4313236176967621,2,2025-02-22 19:00:00+00:00
9357,0.33722612261772156,0.21906982362270355,0.4437040388584137,2,2025-02-22 19:00:00+00:00
9358,0.33722612261772156,0.21906982362270355,0.4437040388584137,2,2025-02-22 21:00:00+00:00
9359,0.298014760017395,0.20931455492973328,0.49267059564590454,2,2025-02-22 21:00:00+00:00
9360,0.298014760017395,0.20931455492973328,0.49267059564590454,2,2025-02-22 22:00:00+00:00
9361,0.3333812355995178,0.22118115425109863,0.44543761014938354,2,2025-02-22 22:00:00+00:00
9362,0.3333812355995178,0.22118115425109863,0.44543761014938354,2,2025-02-22 23:00:00+00:00
9363,0.30879610776901245,0.22052806615829468,0.47067591547966003,2,2025-02-22 23:00:00+00:00
9364,0.30879610776901245,0.22052806615829468,0.47067591547966003,2,2025-02-23 00:00:00+00:00
9365,0.21344782412052155,0.1822926551103592,0.6042596101760864,2,2025-02-23 00:00:00+00:00
9366,0.21344782412052155,0.1822926551103592,0.6042596101760864,2,2025-02-23 01:00:00+00:00
9367,0.23356066644191742,0.17573107779026031,0.5907081961631775,2,2025-02-23 01:00:00+00:00
9368,0.23356066644191742,0.17573107779026031,0.5907081961631775,2,2025-02-23 02:00:00+00:00
9369,0.2824351489543915,0.18112069368362427,0.5364442467689514,2,2025-02-23 02:00:00+00:00
9370,0.2824351489543915,0.18112069368362427,0.5364442467689514,2,2025-02-23 03:00:00+00:00
9371,0.3331447243690491,0.18530097603797913,0.48155438899993896,2,2025-02-23 03:00:00+00:00
9372,0.3331447243690491,0.18530097603797913,0.48155438899993896,2,2025-02-23 04:00:00+00:00
9373,0.3248331546783447,0.18995589017868042,0.485211044549942,2,2025-02-23 04:00:00+00:00
9374,0.3248331546783447,0.18995589017868042,0.485211044549942,2,2025-02-23 05:00:00+00:00
9375,0.30725181102752686,0.2014508694410324,0.4912973642349243,2,2025-02-23 05:00:00+00:00
9376,0.30725181102752686,0.2014508694410324,0.4912973642349243,2,2025-02-23 06:00:00+00:00
9377,0.30583274364471436,0.2754991352558136,0.4186681807041168,2,2025-02-23 06:00:00+00:00
9378,0.30583274364471436,0.2754991352558136,0.4186681807041168,2,2025-02-23 07:00:00+00:00
9379,0.29721012711524963,0.2844751179218292,0.41831475496292114,2,2025-02-23 07:00:00+00:00
9380,0.29721012711524963,0.2844751179218292,0.41831475496292114,2,2025-02-23 08:00:00+00:00
9381,0.3321352005004883,0.35790085792541504,0.3099639415740967,1,2025-02-23 08:00:00+00:00
9382,0.3321352005004883,0.35790085792541504,0.3099639415740967,1,2025-02-23 09:00:00+00:00
9383,0.31792160868644714,0.4190247654914856,0.2630535066127777,1,2025-02-23 09:00:00+00:00
9384,0.31792160868644714,0.4190247654914856,0.2630535066127777,1,2025-02-23 10:00:00+00:00
9385,0.259335458278656,0.36969447135925293,0.37097010016441345,2,2025-02-23 10:00:00+00:00
9386,0.259335458278656,0.36969447135925293,0.37097010016441345,2,2025-02-23 11:00:00+00:00
9387,0.3348747789859772,0.16237366199493408,0.5027516484260559,2,2025-02-23 11:00:00+00:00
9388,0.3348747789859772,0.16237366199493408,0.5027516484260559,2,2025-02-23 12:00:00+00:00
9389,0.4426880478858948,0.16214482486248016,0.39516711235046387,0,2025-02-23 12:00:00+00:00
9390,0.4426880478858948,0.16214482486248016,0.39516711235046387,0,2025-02-23 13:00:00+00:00
9391,0.46225133538246155,0.17599204182624817,0.3617566227912903,0,2025-02-23 13:00:00+00:00
9392,0.46225133538246155,0.17599204182624817,0.3617566227912903,0,2025-02-23 14:00:00+00:00
9393,0.3602808713912964,0.1725892573595047,0.4671298861503601,2,2025-02-23 14:00:00+00:00
9394,0.3602808713912964,0.1725892573595047,0.4671298861503601,2,2025-02-23 15:00:00+00:00
9395,0.4674433171749115,0.16290102899074554,0.369655579328537,0,2025-02-23 15:00:00+00:00
9396,0.4674433171749115,0.16290102899074554,0.369655579328537,0,2025-02-23 16:00:00+00:00
9397,0.6061819791793823,0.1424141526222229,0.2514040172100067,0,2025-02-23 16:00:00+00:00
9398,0.6061819791793823,0.1424141526222229,0.2514040172100067,0,2025-02-23 17:00:00+00:00
9399,0.5567340850830078,0.14278355240821838,0.30048224329948425,0,2025-02-23 17:00:00+00:00
9400,0.5567340850830078,0.14278355240821838,0.30048224329948425,0,2025-02-23 18:00:00+00:00
9401,0.4961313307285309,0.14973467588424683,0.3541340231895447,0,2025-02-23 18:00:00+00:00
9402,0.4961313307285309,0.14973467588424683,0.3541340231895447,0,2025-02-23 19:00:00+00:00
9403,0.5049563050270081,0.1469990611076355,0.34804463386535645,0,2025-02-23 19:00:00+00:00
9404,0.5049563050270081,0.1469990611076355,0.34804463386535645,0,2025-02-23 20:00:00+00:00
9405,0.49674952030181885,0.15068034827709198,0.35257014632225037,0,2025-02-23 20:00:00+00:00
9406,0.49674952030181885,0.15068034827709198,0.35257014632225037,0,2025-02-23 21:00:00+00:00
9407,0.47472429275512695,0.15292486548423767,0.37235090136528015,0,2025-02-23 21:00:00+00:00
9408,0.47472429275512695,0.15292485058307648,0.37235087156295776,0,2025-02-23 22:00:00+00:00
9409,0.43471041321754456,0.16153009235858917,0.40375956892967224,0,2025-02-23 22:00:00+00:00
9410,0.43471041321754456,0.16153009235858917,0.40375956892967224,0,2025-02-23 23:00:00+00:00
9411,0.44766438007354736,0.15951618552207947,0.39281946420669556,0,2025-02-23 23:00:00+00:00
